REG;DEP;INSEE_COM;type_annonceur;categorie_annonceur;typedebien;typedetransaction;nb_pieces;dpeL;surface_median;prix_bien_median;balcon_moy;eau_moy;bain_moy;nb_log
76;66;66002;pa;a;m;l;3;0;40.0;558.0;0.0;1.0;0.0;1
76;66;66002;pr;a;a;l;2;0;36.0;508.5;0.17;0.33;0.5;6
76;66;66002;pr;a;a;l;2;A;42.0;520.0;1.0;1.0;0.0;1
76;66;66002;pr;a;a;l;2;D;47.0;510.0;0.0;0.33;0.67;3
76;66;66002;pr;a;a;l;2;E;34.0;443.0;0.0;0.0;0.0;1
76;66;66002;pr;a;a;l;3;C;58.0;590.0;0.0;1.0;0.0;1
76;66;66002;pr;a;a;l;3;D;59.0;642.0;1.0;0.0;1.0;1
76;66;66002;pr;a;a;l;3;VI;61.0;675.0;0.0;0.0;1.0;2
76;66;66002;pr;a;m;l;3;NS;52.0;520.0;0.0;1.0;0.0;1
76;66;66002;pr;a;m;l;4;B;111.0;960.0;0.0;1.0;0.0;2
76;66;66002;pr;a;m;l;5;0;150.0;1400.0;0.0;0.0;0.0;1
76;66;66002;pr;a;m;l;6;A;123.0;1225.0;0.0;1.0;1.0;1
76;66;66002;pr;network;a;l;2;0;40.0;535.0;1.0;0.0;1.0;1
76;66;66003;pa;a;m;l;6;0;58.0;780.0;0.0;0.0;0.0;1
76;66;66003;pr;a;a;l;1;0;26.0;400.0;0.2;0.2;0.4;5
76;66;66003;pr;a;a;l;1;C;27.5;355.0;0.5;0.5;0.0;2
76;66;66003;pr;a;a;l;1;D;27.0;350.0;0.0;0.6;0.4;5
76;66;66003;pr;a;a;l;1;E;20.0;300.0;0.0;0.67;0.0;3
76;66;66003;pr;a;a;l;1;F;31.5;385.0;0.0;0.5;0.0;2
76;66;66003;pr;a;a;l;1;G;17.0;320.0;0.0;1.0;0.0;1
76;66;66003;pr;a;a;l;1;NS;20.0;350.0;0.0;0.0;0.0;1
76;66;66003;pr;a;a;l;1;VI;28.0;500.0;0.14;0.43;0.14;7
76;66;66003;pr;a;a;l;2;0;36.0;467.5;0.17;0.75;0.25;12
76;66;66003;pr;a;a;l;2;C;39.0;460.0;0.0;1.0;0.0;2
76;66;66003;pr;a;a;l;2;D;40.0;487.5;0.38;0.62;0.25;8
76;66;66003;pr;a;a;l;2;E;53.0;500.0;0.0;1.0;0.0;1
76;66;66003;pr;a;a;l;2;F;33.0;420.0;0.0;1.0;0.0;1
76;66;66003;pr;a;a;l;2;G;26.0;400.0;1.0;0.0;1.0;1
76;66;66003;pr;a;a;l;2;NS;30.5;410.0;0.5;0.5;0.0;2
76;66;66003;pr;a;a;l;3;0;53.0;505.0;0.25;0.75;0.0;4
76;66;66003;pr;a;a;l;3;B;60.0;500.0;0.0;0.0;0.0;1
76;66;66003;pr;a;a;l;3;C;60.0;490.0;0.14;0.57;0.14;7
76;66;66003;pr;a;a;l;3;D;58.0;600.0;0.33;1.0;0.33;3
76;66;66003;pr;a;a;l;3;E;61.0;557.5;0.0;0.5;0.25;4
76;66;66003;pr;a;a;l;4;C;81.0;795.0;0.5;1.0;0.5;2
76;66;66003;pr;a;a;l;5;C;85.0;650.0;1.0;1.0;1.0;1
76;66;66003;pr;a;a;l;5;D;86.5;700.0;0.0;1.0;1.0;2
76;66;66003;pr;a;l;l;2;0;65.0;400.0;0.0;0.0;0.0;1
76;66;66003;pr;a;m;l;3;C;72.0;550.0;0.0;1.0;0.0;1
76;66;66003;pr;a;m;l;4;C;81.0;890.0;0.0;2.0;0.0;1
76;66;66003;pr;m;a;l;2;E;38.0;490.0;0.0;0.0;0.0;1
76;66;66004;pa;a;a;l;2;0;45.0;500.0;0.0;0.0;0.0;1
76;66;66004;pr;a;a;l;3;0;50.0;600.0;0.0;0.0;0.0;1
76;66;66007;pr;a;m;l;5;F;190.0;800.0;0.0;0.0;0.0;1
76;66;66008;pa;a;a;l;3;0;60.0;740.0;0.0;0.0;1.0;1
76;66;66008;pr;a;a;l;1;0;26.0;410.0;0.0;0.5;0.0;2
76;66;66008;pr;a;a;l;1;B;35.0;445.0;0.4;1.0;0.2;5
76;66;66008;pr;a;a;l;1;C;28.5;405.0;0.25;1.0;0.25;4
76;66;66008;pr;a;a;l;1;D;30.0;415.0;0.0;1.0;0.0;2
76;66;66008;pr;a;a;l;1;E;22.0;410.0;0.33;0.67;0.33;3
76;66;66008;pr;a;a;l;1;F;19.0;385.0;0.0;1.0;0.0;2
76;66;66008;pr;a;a;l;1;NS;21.0;390.0;0.33;0.67;0.33;3
76;66;66008;pr;a;a;l;1;VI;20.5;420.0;0.0;1.0;0.0;2
76;66;66008;pr;a;a;l;2;0;39.0;500.0;0.13;0.3;0.23;30
76;66;66008;pr;a;a;l;2;A;39.0;500.0;0.38;0.88;0.36;42
76;66;66008;pr;a;a;l;2;B;41.0;542.5;0.25;0.62;0.5;8
76;66;66008;pr;a;a;l;2;C;43.5;547.5;0.21;0.43;0.57;14
76;66;66008;pr;a;a;l;2;D;42.0;540.0;0.15;0.85;0.0;13
76;66;66008;pr;a;a;l;2;E;40.0;530.0;0.0;0.86;0.14;7
76;66;66008;pr;a;a;l;2;F;27.5;470.0;1.0;1.0;0.0;2
76;66;66008;pr;a;a;l;2;G;26.0;405.0;0.0;1.0;0.0;1
76;66;66008;pr;a;a;l;2;NS;41.0;500.0;0.11;0.21;0.32;19
76;66;66008;pr;a;a;l;2;VI;39.0;530.0;0.5;1.0;0.0;4
76;66;66008;pr;a;a;l;3;0;59.0;680.0;0.26;0.52;0.44;27
76;66;66008;pr;a;a;l;3;A;59.0;675.0;0.24;0.69;0.31;42
76;66;66008;pr;a;a;l;3;B;56.0;636.0;0.2;0.8;0.2;5
76;66;66008;pr;a;a;l;3;C;62.5;720.0;0.21;0.36;0.64;14
76;66;66008;pr;a;a;l;3;D;59.0;600.0;0.08;0.62;0.38;13
76;66;66008;pr;a;a;l;3;E;46.0;540.0;0.14;0.86;0.14;7
76;66;66008;pr;a;a;l;3;F;45.0;550.0;0.0;1.0;0.0;2
76;66;66008;pr;a;a;l;3;NS;60.0;676.0;0.0;0.36;0.0;14
76;66;66008;pr;a;a;l;3;VI;46.0;600.0;0.0;0.67;0.0;3
76;66;66008;pr;a;a;l;4;0;77.0;792.5;0.0;0.5;0.0;2
76;66;66008;pr;a;a;l;4;A;79.0;775.0;0.33;1.0;1.33;3
76;66;66008;pr;a;a;l;4;C;94.0;900.0;0.0;1.0;0.2;5
76;66;66008;pr;a;a;l;4;D;74.0;730.0;0.0;1.0;0.0;1
76;66;66008;pr;a;a;l;4;E;84.0;750.0;0.0;1.0;0.0;1
76;66;66008;pr;a;a;l;4;NS;87.5;950.0;0.0;0.0;0.0;2
76;66;66008;pr;a;a;l;4;VI;70.0;750.0;0.0;2.0;0.0;1
76;66;66008;pr;a;a;l;5;0;50.0;500.0;0.0;0.0;0.0;2
76;66;66008;pr;a;a;l;5;E;85.0;695.0;0.0;1.0;0.0;1
76;66;66008;pr;a;a;l;6;A;92.0;1090.0;0.0;2.0;1.0;1
76;66;66008;pr;a;a;l;6;G;140.0;1100.0;0.0;1.0;1.0;1
76;66;66008;pr;a;m;l;3;B;38.0;550.0;0.0;0.0;1.0;1
76;66;66008;pr;a;m;l;3;C;83.0;695.0;0.0;1.0;0.33;3
76;66;66008;pr;a;m;l;3;D;22.0;560.0;0.0;1.0;0.0;1
76;66;66008;pr;a;m;l;3;E;48.0;780.0;0.0;1.0;0.0;1
76;66;66008;pr;a;m;l;3;NS;45.0;850.0;0.0;1.0;0.0;1
76;66;66008;pr;a;m;l;4;0;96.0;987.5;0.0;1.0;0.5;2
76;66;66008;pr;a;m;l;4;A;95.0;900.0;0.0;0.0;0.0;1
76;66;66008;pr;a;m;l;4;C;78.0;970.0;0.0;0.67;0.33;3
76;66;66008;pr;a;m;l;4;D;67.0;670.0;0.0;1.0;0.0;2
76;66;66008;pr;a;m;l;5;C;117.0;984.0;0.0;1.0;1.0;1
76;66;66008;pr;a;m;l;5;D;105.0;850.0;0.0;1.0;0.0;1
76;66;66008;pr;a;m;l;6;D;110.0;1100.0;0.0;0.0;0.0;1
76;66;66008;pr;network;a;l;1;0;30.0;435.0;0.0;0.0;1.0;1
76;66;66009;pa;a;a;l;2;0;45.0;450.0;0.0;0.0;1.0;1
76;66;66009;pa;a;a;l;3;0;55.0;520.0;1.0;0.0;1.0;1
76;66;66009;pr;a;a;l;1;VI;32.0;350.0;0.0;1.0;0.0;1
76;66;66009;pr;a;a;l;2;0;36.5;337.5;0.0;0.5;0.0;2
76;66;66009;pr;a;a;l;2;D;40.5;382.5;0.0;0.5;0.5;2
76;66;66009;pr;a;a;l;2;E;42.0;380.0;0.0;1.0;0.0;1
76;66;66009;pr;a;a;l;3;NS;70.0;800.0;0.0;0.0;1.0;1
76;66;66009;pr;a;a;l;3;VI;54.0;520.0;0.33;1.0;0.0;3
76;66;66009;pr;a;a;l;5;C;94.0;675.0;0.0;3.0;0.0;1
76;66;66009;pr;a;m;l;2;D;74.0;390.0;0.0;1.0;0.0;1
76;66;66009;pr;a;m;l;3;0;75.0;445.0;0.0;1.0;0.0;1
76;66;66011;pa;a;a;l;2;0;50.0;500.0;0.0;0.0;1.0;1
76;66;66011;pr;a;a;l;2;0;41.0;485.0;0.0;0.25;0.75;4
76;66;66011;pr;a;a;l;2;C;30.0;400.0;0.0;0.0;0.0;1
76;66;66011;pr;a;a;l;2;D;31.0;406.0;0.0;1.0;0.0;1
76;66;66011;pr;a;a;l;2;VI;33.0;385.0;0.0;2.0;0.0;1
76;66;66011;pr;a;a;l;3;0;65.0;610.0;0.0;0.0;0.67;3
76;66;66011;pr;a;a;l;3;D;48.0;585.0;0.0;0.0;0.0;1
76;66;66011;pr;a;a;l;3;E;52.5;562.5;0.0;0.0;1.0;2
76;66;66011;pr;a;a;l;3;VI;54.0;530.0;0.0;1.0;0.0;1
76;66;66011;pr;a;a;l;4;0;85.0;695.0;0.0;0.0;1.0;1
76;66;66011;pr;a;a;l;4;C;100.0;700.0;0.0;0.0;0.0;1
76;66;66011;pr;a;a;l;5;0;130.0;720.0;0.0;0.0;1.0;1
76;66;66011;pr;a;m;l;2;0;42.0;450.0;0.0;1.0;0.0;1
76;66;66011;pr;a;m;l;2;C;58.0;615.0;0.0;1.0;0.0;1
76;66;66011;pr;a;m;l;2;NS;42.0;450.0;0.0;1.0;0.0;1
76;66;66011;pr;a;m;l;3;0;83.0;800.0;0.0;0.0;0.0;1
76;66;66011;pr;a;m;l;3;D;72.0;613.0;0.0;0.75;0.0;4
76;66;66011;pr;a;m;l;3;E;66.0;600.0;0.0;0.5;0.5;2
76;66;66011;pr;a;m;l;3;F;67.0;450.0;0.0;1.0;0.0;2
76;66;66011;pr;a;m;l;3;NS;90.0;615.0;0.0;1.0;0.0;1
76;66;66011;pr;a;m;l;3;VI;50.0;515.0;0.0;0.0;0.5;2
76;66;66011;pr;a;m;l;4;0;131.0;900.0;0.0;0.67;0.0;3
76;66;66011;pr;a;m;l;4;A;86.0;950.0;0.0;0.0;1.0;1
76;66;66011;pr;a;m;l;4;C;115.0;1050.0;0.0;0.0;2.0;1
76;66;66011;pr;a;m;l;5;C;100.0;940.0;0.0;0.0;1.0;1
76;66;66012;pr;a;a;l;2;C;42.0;462.0;0.33;0.0;0.67;3
76;66;66012;pr;a;a;l;2;D;40.0;500.0;0.0;0.29;0.57;7
76;66;66012;pr;a;a;l;2;VI;40.0;520.0;0.0;0.0;1.0;1
76;66;66012;pr;a;a;l;3;0;72.0;728.0;0.0;0.0;0.67;3
76;66;66012;pr;a;a;l;3;D;74.0;755.0;0.0;0.0;1.0;1
76;66;66012;pr;a;a;l;3;E;59.5;560.0;0.0;0.0;1.0;2
76;66;66012;pr;a;m;l;2;0;80.0;475.0;0.0;0.0;1.0;1
76;66;66012;pr;a;m;l;2;VI;65.0;505.0;0.0;1.0;0.0;1
76;66;66012;pr;a;m;l;3;0;76.0;590.0;0.0;0.0;0.33;3
76;66;66012;pr;a;m;l;3;C;73.0;828.0;0.0;0.33;0.67;3
76;66;66012;pr;a;m;l;3;E;74.0;660.0;0.0;1.0;0.0;1
76;66;66012;pr;a;m;l;3;NS;59.0;900.0;0.0;0.0;0.0;1
76;66;66012;pr;a;m;l;3;VI;62.0;510.0;0.0;1.0;0.0;1
76;66;66012;pr;a;m;l;4;C;103.0;871.5;0.5;2.5;2.5;2
76;66;66012;pr;a;m;l;4;D;77.5;858.0;0.0;0.25;0.75;4
76;66;66012;pr;a;m;l;6;VI;109.0;660.0;0.0;0.0;2.0;1
76;66;66014;pr;a;a;l;1;D;25.0;345.0;0.0;0.5;0.0;2
76;66;66014;pr;a;a;l;1;E;30.0;363.0;0.0;1.0;0.0;1
76;66;66014;pr;a;a;l;1;VI;23.0;360.0;0.0;1.0;0.0;3
76;66;66014;pr;a;a;l;2;C;45.0;435.0;0.0;1.0;0.0;1
76;66;66014;pr;a;a;l;2;D;30.0;470.0;0.0;1.0;0.0;1
76;66;66014;pr;a;a;l;2;E;50.0;460.0;0.0;0.33;0.33;3
76;66;66014;pr;a;a;l;2;VI;43.0;520.0;0.25;0.75;0.0;4
76;66;66014;pr;a;a;l;3;B;72.0;635.0;0.0;0.0;0.5;2
76;66;66014;pr;a;a;l;3;C;67.0;660.0;0.0;0.0;1.0;1
76;66;66014;pr;a;a;l;3;D;60.0;530.0;0.0;1.0;0.0;2
76;66;66014;pr;a;a;l;3;NS;38.0;540.0;0.0;1.0;0.0;1
76;66;66014;pr;a;a;l;3;VI;57.5;577.5;0.25;1.0;0.0;4
76;66;66014;pr;a;m;l;1;VI;51.0;645.0;0.0;1.0;0.0;1
76;66;66014;pr;a;m;l;2;C;45.0;400.0;0.0;0.0;0.0;1
76;66;66014;pr;a;m;l;3;C;103.0;725.0;0.0;0.0;1.0;1
76;66;66014;pr;a;m;l;3;D;80.0;495.0;0.0;0.0;0.0;1
76;66;66014;pr;a;m;l;3;E;78.0;585.0;0.0;1.0;0.0;1
76;66;66014;pr;a;m;l;3;F;78.0;690.0;0.0;0.0;0.0;1
76;66;66014;pr;a;m;l;3;G;67.0;574.0;0.0;0.5;1.0;2
76;66;66014;pr;a;m;l;4;A;80.0;1150.0;0.0;0.0;1.0;1
76;66;66014;pr;a;m;l;4;C;164.0;700.0;0.0;2.0;0.0;1
76;66;66014;pr;a;m;l;5;C;94.0;975.0;0.0;0.0;1.0;1
76;66;66014;pr;a;m;l;5;NS;117.0;820.0;0.0;1.0;1.0;1
76;66;66014;pr;a;m;l;5;VI;102.5;725.0;0.0;1.5;0.0;2
76;66;66015;pr;a;a;l;3;VI;90.0;705.0;0.0;1.0;0.0;1
76;66;66015;pr;a;a;l;4;E;88.0;737.5;1.0;0.0;1.0;2
76;66;66015;pr;a;m;l;3;0;49.0;490.0;0.0;1.0;0.0;1
76;66;66015;pr;a;m;l;4;E;65.0;595.0;0.0;1.0;0.0;1
76;66;66015;pr;a;m;l;5;0;120.0;815.0;0.0;1.0;0.0;1
76;66;66016;pa;a;a;l;1;0;20.0;425.0;0.0;0.0;0.0;1
76;66;66016;pr;a;a;l;1;VI;35.0;450.0;0.0;1.0;0.0;1
76;66;66016;pr;a;a;l;2;B;41.0;600.0;0.0;0.2;0.0;5
76;66;66016;pr;a;a;l;2;C;58.0;503.5;0.0;0.0;1.0;2
76;66;66016;pr;a;a;l;2;E;47.0;500.0;0.33;1.0;0.33;3
76;66;66016;pr;a;a;l;2;VI;47.0;595.0;0.0;0.67;0.33;3
76;66;66016;pr;a;a;l;3;C;64.5;775.0;0.0;0.0;1.0;2
76;66;66016;pr;a;a;l;3;D;60.0;635.0;1.0;0.0;1.0;1
76;66;66016;pr;a;a;l;3;VI;57.0;650.0;0.0;0.33;0.0;3
76;66;66016;pr;a;a;l;4;0;56.0;500.0;0.0;0.0;0.0;1
76;66;66016;pr;a;a;l;4;VI;56.0;560.0;0.0;1.0;0.0;1
76;66;66016;pr;a;a;l;7;E;112.0;800.0;0.0;0.0;0.0;1
76;66;66016;pr;a;m;l;3;VI;65.5;560.0;0.5;1.0;0.0;2
76;66;66016;pr;a;m;l;4;D;73.0;855.0;1.0;0.0;1.0;1
76;66;66017;pr;a;a;l;1;0;24.0;420.0;0.0;0.4;0.0;5
76;66;66017;pr;a;a;l;1;C;30.0;400.0;0.0;0.33;0.0;3
76;66;66017;pr;a;a;l;1;D;26.0;425.0;0.0;0.83;0.0;6
76;66;66017;pr;a;a;l;1;E;27.0;430.0;0.12;0.75;0.0;8
76;66;66017;pr;a;a;l;1;NS;17.0;375.0;0.0;1.0;0.0;1
76;66;66017;pr;a;a;l;1;VI;26.0;370.0;0.0;0.89;0.11;9
76;66;66017;pr;a;a;l;2;0;30.0;525.0;0.0;0.5;0.0;6
76;66;66017;pr;a;a;l;2;B;35.0;560.0;0.5;0.0;0.5;2
76;66;66017;pr;a;a;l;2;C;42.0;554.0;0.17;1.0;0.0;6
76;66;66017;pr;a;a;l;2;D;30.0;500.0;0.31;0.69;0.08;13
76;66;66017;pr;a;a;l;2;E;30.0;472.5;0.2;0.8;0.0;10
76;66;66017;pr;a;a;l;2;NS;27.0;490.0;0.17;1.0;0.0;6
76;66;66017;pr;a;a;l;2;VI;37.0;470.0;0.0;0.6;0.0;5
76;66;66017;pr;a;a;l;3;0;45.0;650.0;0.0;0.0;0.0;3
76;66;66017;pr;a;a;l;3;C;68.0;705.0;0.67;0.0;0.67;3
76;66;66017;pr;a;a;l;3;E;38.0;595.0;0.0;0.67;0.33;3
76;66;66017;pr;a;a;l;4;0;82.0;790.0;0.0;1.0;0.0;1
76;66;66017;pr;a;a;l;4;NS;68.0;740.0;0.0;1.0;0.0;1
76;66;66017;pr;a;m;l;2;D;36.0;550.0;0.0;1.0;0.0;1
76;66;66017;pr;a;m;l;2;E;32.0;500.0;0.0;1.0;0.0;1
76;66;66017;pr;a;m;l;2;F;38.0;480.0;0.0;1.0;0.0;1
76;66;66017;pr;a;m;l;3;0;45.0;606.0;0.0;0.0;0.5;2
76;66;66017;pr;a;m;l;3;D;31.0;590.0;0.0;0.5;0.5;2
76;66;66017;pr;a;m;l;3;E;40.0;715.0;0.0;0.5;0.5;2
76;66;66017;pr;a;m;l;3;VI;59.0;754.0;0.0;1.0;0.0;1
76;66;66017;pr;a;m;l;4;D;81.0;1000.0;0.0;2.0;0.0;1
76;66;66017;pr;a;m;l;5;0;100.0;800.0;0.0;0.0;0.0;1
76;66;66017;pr;a;m;l;5;C;127.0;1300.0;0.0;2.0;1.0;1
76;66;66019;pa;a;m;l;7;0;160.0;850.0;0.0;0.0;1.0;1
76;66;66020;pr;a;a;l;1;0;13.0;350.0;0.0;0.0;0.0;1
76;66;66020;pr;a;a;l;1;VI;20.0;270.0;0.0;0.0;1.0;1
76;66;66020;pr;a;a;l;2;E;29.0;420.0;0.0;0.0;1.0;1
76;66;66021;pr;a;a;l;1;A;23.0;268.5;0.5;0.83;0.0;6
76;66;66021;pr;a;a;l;1;B;23.0;292.5;1.0;1.0;0.0;2
76;66;66021;pr;a;a;l;1;D;34.0;400.0;1.0;1.0;0.0;1
76;66;66021;pr;a;a;l;1;VI;43.0;400.0;0.0;0.0;0.0;1
76;66;66021;pr;a;a;l;2;A;33.0;375.0;0.42;0.67;0.0;12
76;66;66021;pr;a;a;l;2;B;32.0;395.0;1.0;1.0;0.0;1
76;66;66021;pr;a;a;l;2;C;30.0;500.0;0.0;1.0;0.0;3
76;66;66021;pr;a;a;l;2;D;30.0;465.0;0.0;0.0;1.0;1
76;66;66021;pr;a;a;l;2;E;42.0;495.0;0.0;1.0;0.0;2
76;66;66021;pr;a;a;l;2;VI;38.0;465.0;0.0;0.33;0.33;3
76;66;66021;pr;a;a;l;3;0;65.0;630.0;0.0;1.0;0.0;1
76;66;66021;pr;a;a;l;3;A;54.0;571.0;0.0;1.0;0.0;2
76;66;66021;pr;a;a;l;3;B;58.0;610.0;0.0;1.0;0.0;1
76;66;66021;pr;a;a;l;3;D;55.5;685.0;0.0;0.5;0.5;2
76;66;66021;pr;a;a;l;3;E;46.0;630.0;0.0;1.0;0.0;1
76;66;66021;pr;a;a;l;3;VI;51.0;700.0;0.0;1.0;0.0;1
76;66;66021;pr;a;a;l;4;C;74.0;730.0;0.0;1.0;0.0;1
76;66;66021;pr;a;a;l;4;VI;150.0;750.0;1.0;1.0;1.0;1
76;66;66021;pr;a;m;l;3;VI;69.5;605.0;0.0;0.75;0.0;4
76;66;66021;pr;a;m;l;4;A;84.0;920.0;0.0;0.0;0.0;1
76;66;66021;pr;a;m;l;4;B;220.0;1260.0;0.0;1.0;1.0;1
76;66;66021;pr;a;m;l;4;C;90.0;1041.0;0.0;0.0;1.0;1
76;66;66021;pr;a;m;l;4;D;110.0;818.0;0.0;0.0;0.0;1
76;66;66021;pr;a;m;l;5;D;105.0;850.0;0.0;1.0;1.0;1
76;66;66021;pr;a;m;l;5;NS;113.0;850.0;0.0;1.0;1.0;1
76;66;66021;pr;a;m;l;6;VI;180.0;1550.0;0.0;2.0;1.0;1
76;66;66023;pr;a;a;l;3;G;60.0;498.0;0.0;0.0;2.0;1
76;66;66023;pr;a;a;l;3;VI;64.0;495.0;0.0;1.0;0.0;1
76;66;66023;pr;a;a;l;5;VI;99.0;600.0;0.0;0.0;0.0;1
76;66;66023;pr;a;m;l;2;0;60.0;400.0;0.0;0.0;0.0;1
76;66;66023;pr;a;m;l;2;E;47.0;420.0;0.0;0.0;1.0;1
76;66;66023;pr;m;m;l;4;VI;65.0;500.0;0.0;0.0;0.0;1
76;66;66024;pa;a;a;l;1;0;35.0;400.0;0.0;0.0;0.0;1
76;66;66024;pa;a;a;l;2;D;44.0;480.0;0.0;1.0;0.0;1
76;66;66024;pr;a;a;l;1;0;37.0;364.0;0.0;0.5;0.0;2
76;66;66024;pr;a;a;l;1;C;25.0;295.0;0.0;1.0;0.0;1
76;66;66024;pr;a;a;l;1;D;25.0;400.0;0.0;0.0;0.33;3
76;66;66024;pr;a;a;l;1;NS;41.0;500.0;0.0;0.5;0.0;2
76;66;66024;pr;a;a;l;1;VI;40.0;380.0;0.0;1.0;0.0;1
76;66;66024;pr;a;a;l;2;0;33.5;447.5;0.0;0.67;0.17;6
76;66;66024;pr;a;a;l;2;B;45.0;610.0;0.0;0.0;1.0;1
76;66;66024;pr;a;a;l;2;C;50.5;567.0;0.0;0.5;0.25;4
76;66;66024;pr;a;a;l;2;D;41.0;450.0;0.12;0.38;0.12;16
76;66;66024;pr;a;a;l;2;E;44.0;485.0;0.0;1.0;0.0;3
76;66;66024;pr;a;a;l;2;VI;39.0;490.0;0.0;0.22;0.11;9
76;66;66024;pr;a;a;l;3;0;68.5;645.0;0.5;0.5;0.0;2
76;66;66024;pr;a;a;l;3;C;63.0;577.0;0.44;0.33;0.56;9
76;66;66024;pr;a;a;l;3;D;61.0;622.5;0.25;0.5;0.25;4
76;66;66024;pr;a;a;l;3;E;57.5;590.0;0.0;0.25;0.0;4
76;66;66024;pr;a;a;l;3;F;72.0;540.0;2.0;0.0;1.0;1
76;66;66024;pr;a;a;l;3;VI;55.0;670.0;0.0;0.0;0.0;3
76;66;66024;pr;a;a;l;4;0;85.5;900.0;0.0;0.0;0.0;2
76;66;66024;pr;a;a;l;4;C;78.0;650.0;0.33;0.33;0.0;3
76;66;66024;pr;a;a;l;4;E;81.5;687.5;0.5;1.0;0.0;2
76;66;66024;pr;a;a;l;5;C;114.0;650.0;0.0;0.0;1.0;1
76;66;66024;pr;a;a;l;5;NS;90.0;600.0;0.0;0.0;0.0;1
76;66;66024;pr;a;m;l;2;D;43.0;480.0;0.0;0.0;1.0;1
76;66;66024;pr;a;m;l;2;VI;43.0;457.0;0.0;0.0;0.0;1
76;66;66024;pr;a;m;l;3;0;65.0;730.0;0.0;0.0;1.0;1
76;66;66024;pr;a;m;l;3;C;104.0;822.0;0.0;0.0;1.0;1
76;66;66024;pr;a;m;l;3;D;61.0;645.0;0.75;0.5;0.25;4
76;66;66024;pr;a;m;l;3;VI;68.0;560.0;0.0;0.0;0.0;1
76;66;66024;pr;a;m;l;4;0;82.5;1000.0;0.0;0.0;0.5;2
76;66;66024;pr;a;m;l;4;C;81.5;610.0;0.0;1.25;0.75;4
76;66;66024;pr;a;m;l;4;D;99.5;882.5;0.0;0.5;0.5;2
76;66;66024;pr;a;m;l;4;E;74.0;590.0;0.0;0.0;1.0;1
76;66;66024;pr;a;m;l;4;NS;75.0;920.0;0.0;1.0;0.0;1
76;66;66024;pr;a;m;l;4;VI;103.0;990.0;0.0;0.0;0.0;1
76;66;66024;pr;a;m;l;6;A;118.0;1015.0;0.0;2.0;0.0;1
76;66;66025;pr;a;a;l;2;VI;30.0;403.0;0.0;1.0;0.0;1
76;66;66025;pr;a;a;l;3;E;73.0;518.0;0.0;0.0;0.0;1
76;66;66025;pr;a;a;l;3;VI;73.0;518.0;0.0;1.0;0.0;1
76;66;66025;pr;a;a;l;4;F;87.0;608.0;0.0;0.0;1.0;1
76;66;66025;pr;a;a;l;4;VI;60.0;693.0;0.0;1.0;1.0;1
76;66;66026;pr;a;a;l;2;0;37.0;450.0;0.5;1.0;0.0;2
76;66;66026;pr;a;a;l;2;VI;38.0;380.0;0.0;1.0;0.0;1
76;66;66026;pr;a;a;l;3;0;79.0;585.0;0.0;0.0;0.0;1
76;66;66026;pr;a;a;l;4;VI;89.0;600.0;1.0;1.0;0.0;1
76;66;66026;pr;a;m;l;3;E;101.0;652.0;0.0;0.0;1.0;1
76;66;66026;pr;a;m;l;4;C;101.0;1120.0;0.0;1.0;0.0;1
76;66;66026;pr;a;m;l;6;C;160.0;1250.0;0.0;1.0;0.0;1
76;66;66028;pa;a;a;l;2;C;57.0;600.0;2.0;0.0;1.0;1
76;66;66028;pr;a;a;l;1;VI;27.0;520.0;0.0;1.0;0.0;1
76;66;66028;pr;a;a;l;2;0;25.0;450.0;0.33;1.0;0.0;3
76;66;66028;pr;a;a;l;2;A;42.0;590.0;0.0;0.0;1.0;1
76;66;66028;pr;a;a;l;2;C;45.0;550.0;0.0;0.33;0.33;3
76;66;66028;pr;a;a;l;2;D;44.0;502.0;0.5;1.0;0.0;2
76;66;66028;pr;a;a;l;2;E;25.0;430.0;0.0;1.0;0.0;1
76;66;66028;pr;a;a;l;2;G;25.0;300.0;0.0;0.0;0.0;1
76;66;66028;pr;a;a;l;2;NS;40.0;515.0;0.5;1.0;0.0;2
76;66;66028;pr;a;a;l;2;VI;37.5;460.0;0.5;0.5;0.0;2
76;66;66028;pr;a;a;l;3;0;77.0;750.0;0.33;1.0;0.33;3
76;66;66028;pr;a;a;l;3;A;71.5;770.0;0.0;0.5;0.0;2
76;66;66028;pr;a;a;l;3;B;94.0;870.0;1.0;1.0;0.0;1
76;66;66028;pr;a;a;l;3;C;60.0;620.0;0.5;0.0;0.67;6
76;66;66028;pr;a;a;l;3;D;60.0;651.0;0.33;0.33;0.33;3
76;66;66028;pr;a;a;l;3;NS;58.0;601.0;0.2;0.4;0.6;5
76;66;66028;pr;a;a;l;3;VI;49.0;600.0;0.0;0.0;0.0;1
76;66;66028;pr;a;a;l;4;0;86.0;827.5;0.0;0.0;1.0;2
76;66;66028;pr;a;a;l;4;A;74.0;750.0;0.0;1.0;0.0;1
76;66;66028;pr;a;a;l;4;C;95.0;770.0;2.0;0.0;0.0;1
76;66;66028;pr;a;a;l;4;NS;119.0;1323.0;0.0;1.0;1.0;1
76;66;66028;pr;a;m;l;2;0;40.0;532.5;0.0;0.0;1.0;2
76;66;66028;pr;a;m;l;3;0;64.5;650.0;0.0;1.25;0.0;4
76;66;66028;pr;a;m;l;3;D;72.5;907.5;0.0;0.5;0.5;2
76;66;66028;pr;a;m;l;3;E;72.0;699.0;1.0;0.0;1.0;1
76;66;66028;pr;a;m;l;3;VI;60.0;570.0;0.0;1.0;0.0;3
76;66;66028;pr;a;m;l;4;0;99.5;977.5;0.0;0.25;0.25;4
76;66;66028;pr;a;m;l;4;B;127.0;1317.5;0.0;1.0;1.0;2
76;66;66028;pr;a;m;l;4;C;110.0;1095.0;0.0;0.67;0.67;3
76;66;66028;pr;a;m;l;4;D;80.0;885.0;0.0;0.0;0.5;2
76;66;66028;pr;a;m;l;4;NS;150.0;1230.0;0.0;1.0;0.0;1
76;66;66028;pr;a;m;l;5;B;132.0;1350.0;0.0;0.33;1.0;3
76;66;66028;pr;a;m;l;5;C;114.5;1135.0;0.0;1.0;0.0;2
76;66;66028;pr;a;m;l;5;D;147.0;1175.0;0.0;0.5;1.0;2
76;66;66028;pr;a;m;l;6;0;130.0;1050.0;0.0;1.0;0.0;2
76;66;66033;pr;a;a;l;4;VI;90.0;700.0;0.0;1.0;0.0;1
76;66;66033;pr;a;m;l;4;C;87.0;923.0;0.0;0.0;1.0;1
76;66;66037;pa;a;a;l;1;0;28.0;450.0;0.0;0.0;0.0;1
76;66;66037;pa;a;a;l;2;0;37.0;560.0;0.5;0.75;0.25;4
76;66;66037;pa;a;a;l;2;A;45.0;613.0;0.0;0.0;1.0;1
76;66;66037;pa;a;a;l;2;C;37.0;400.0;1.0;1.0;0.0;1
76;66;66037;pa;a;a;l;2;D;31.0;554.0;1.0;0.0;0.0;1
76;66;66037;pa;a;m;l;3;0;90.0;700.0;0.0;0.0;1.0;1
76;66;66037;pr;a;a;l;1;0;23.0;390.0;0.29;0.52;0.24;21
76;66;66037;pr;a;a;l;1;A;32.5;390.0;0.0;0.0;0.0;2
76;66;66037;pr;a;a;l;1;B;26.0;350.0;0.0;0.0;0.0;2
76;66;66037;pr;a;a;l;1;C;22.5;365.0;0.4;0.7;0.1;10
76;66;66037;pr;a;a;l;1;D;23.0;400.0;0.29;0.77;0.13;31
76;66;66037;pr;a;a;l;1;E;23.5;387.5;0.14;0.68;0.18;22
76;66;66037;pr;a;a;l;1;F;24.0;325.5;0.25;0.25;0.25;4
76;66;66037;pr;a;a;l;1;NS;22.0;492.5;0.33;0.83;0.17;6
76;66;66037;pr;a;a;l;1;VI;23.0;380.0;0.11;0.56;0.33;9
76;66;66037;pr;a;a;l;2;0;38.0;500.0;0.26;0.3;0.19;27
76;66;66037;pr;a;a;l;2;A;46.0;600.0;0.17;0.61;0.39;18
76;66;66037;pr;a;a;l;2;B;39.0;526.0;0.0;1.0;0.0;1
76;66;66037;pr;a;a;l;2;C;35.5;520.0;0.12;0.5;0.31;16
76;66;66037;pr;a;a;l;2;D;31.5;500.0;0.27;0.55;0.24;88
76;66;66037;pr;a;a;l;2;E;30.0;505.5;0.17;0.67;0.11;18
76;66;66037;pr;a;a;l;2;F;32.0;525.0;0.2;0.6;0.2;5
76;66;66037;pr;a;a;l;2;NS;43.0;639.0;0.0;0.89;0.11;9
76;66;66037;pr;a;a;l;2;VI;40.0;555.0;0.0;0.62;0.14;21
76;66;66037;pr;a;a;l;3;0;63.0;758.0;0.0;0.5;0.2;10
76;66;66037;pr;a;a;l;3;A;62.5;775.0;0.22;0.83;0.22;18
76;66;66037;pr;a;a;l;3;B;52.5;690.0;0.17;1.17;0.0;6
76;66;66037;pr;a;a;l;3;C;61.0;721.0;0.17;0.43;0.22;23
76;66;66037;pr;a;a;l;3;D;52.0;700.0;0.16;0.42;0.37;19
76;66;66037;pr;a;a;l;3;E;58.0;690.0;0.17;0.67;0.17;6
76;66;66037;pr;a;a;l;3;G;25.0;440.0;0.0;0.0;0.0;1
76;66;66037;pr;a;a;l;3;NS;65.0;760.0;0.0;0.88;0.06;16
76;66;66037;pr;a;a;l;3;VI;67.0;740.0;0.0;0.67;0.33;6
76;66;66037;pr;a;a;l;4;0;73.5;1095.0;0.0;0.5;0.5;2
76;66;66037;pr;a;a;l;4;B;82.0;946.0;0.0;0.33;1.0;3
76;66;66037;pr;a;a;l;4;C;83.0;1155.0;0.2;1.0;0.8;5
76;66;66037;pr;a;a;l;4;D;70.0;748.0;0.0;1.33;0.33;3
76;66;66037;pr;a;a;l;4;NS;75.0;851.0;0.0;0.33;0.67;3
76;66;66037;pr;a;a;l;4;VI;88.0;1190.0;0.0;3.0;0.0;1
76;66;66037;pr;a;a;l;5;0;68.0;500.0;0.0;0.0;0.0;1
76;66;66037;pr;a;a;l;5;D;135.0;1200.0;0.33;1.67;0.33;3
76;66;66037;pr;a;m;l;1;D;16.0;355.0;0.0;0.0;1.0;1
76;66;66037;pr;a;m;l;2;D;40.0;537.5;0.0;0.75;0.0;4
76;66;66037;pr;a;m;l;3;0;85.0;1035.0;0.0;1.0;0.5;2
76;66;66037;pr;a;m;l;3;C;55.0;850.0;0.0;0.33;0.67;3
76;66;66037;pr;a;m;l;3;D;60.0;800.0;0.11;0.67;0.33;9
76;66;66037;pr;a;m;l;3;E;50.0;633.0;0.0;0.67;0.33;3
76;66;66037;pr;a;m;l;3;VI;52.0;650.0;0.0;0.5;0.5;2
76;66;66037;pr;a;m;l;4;0;91.5;1088.0;0.0;0.5;1.0;2
76;66;66037;pr;a;m;l;4;C;100.5;1220.0;0.0;1.0;0.5;4
76;66;66037;pr;a;m;l;4;F;55.0;870.0;0.0;2.0;0.0;1
76;66;66037;pr;a;m;l;4;VI;80.0;925.0;0.0;0.0;1.0;2
76;66;66037;pr;a;m;l;5;C;119.0;1010.0;0.0;1.0;0.67;3
76;66;66037;pr;a;m;l;5;D;91.0;1320.0;0.0;0.5;0.5;4
76;66;66037;pr;a;m;l;6;C;114.0;1031.5;0.0;0.5;0.5;2
76;66;66038;pa;a;a;l;3;0;80.0;645.0;0.0;1.0;0.0;1
76;66;66038;pr;a;a;l;2;0;42.5;491.0;0.0;0.5;0.5;2
76;66;66038;pr;a;a;l;2;A;41.0;495.0;0.29;0.76;0.06;17
76;66;66038;pr;a;a;l;2;C;34.5;570.0;0.5;0.0;0.5;2
76;66;66038;pr;a;a;l;2;E;33.0;500.0;0.0;0.0;0.0;1
76;66;66038;pr;a;a;l;2;NS;56.0;700.0;0.0;1.0;0.0;1
76;66;66038;pr;a;a;l;3;0;62.0;672.0;0.0;0.0;0.5;4
76;66;66038;pr;a;a;l;3;A;58.5;632.5;0.17;0.67;0.5;12
76;66;66038;pr;a;a;l;3;D;63.5;745.0;0.0;0.0;1.0;2
76;66;66038;pr;a;a;l;4;A;77.0;730.0;0.33;1.0;0.0;6
76;66;66038;pr;a;m;l;2;0;46.0;400.0;0.0;0.0;0.0;1
76;66;66038;pr;a;m;l;3;A;72.0;668.0;0.0;1.0;0.0;1
76;66;66038;pr;a;m;l;3;D;78.0;705.0;0.0;0.5;0.5;2
76;66;66038;pr;a;m;l;3;VI;57.0;495.0;0.0;1.0;0.0;1
76;66;66038;pr;a;m;l;4;0;92.0;775.0;0.0;0.33;0.33;3
76;66;66038;pr;a;m;l;4;B;108.0;985.0;0.0;1.0;1.0;1
76;66;66038;pr;a;m;l;4;C;116.5;1297.5;0.0;1.5;0.0;2
76;66;66038;pr;a;m;l;4;D;87.0;957.0;0.0;1.0;1.0;1
76;66;66038;pr;a;m;l;4;NS;72.0;710.0;0.0;2.0;0.0;1
76;66;66038;pr;a;m;l;5;C;141.0;1162.5;0.0;1.0;0.0;2
76;66;66038;pr;a;m;l;6;C;144.0;1220.0;0.0;0.0;0.0;1
76;66;66041;pr;a;m;l;2;VI;45.0;440.0;0.0;0.0;0.0;1
76;66;66041;pr;a;m;l;3;VI;63.0;508.0;0.0;0.0;1.0;1
76;66;66041;pr;a;m;l;4;C;110.0;950.0;0.0;1.0;0.0;1
76;66;66041;pr;a;m;l;4;D;93.0;642.0;0.0;0.0;1.0;1
76;66;66042;pr;a;m;l;4;B;100.0;920.0;0.0;1.0;1.0;1
76;66;66045;pr;a;a;l;3;E;145.0;735.0;0.0;0.0;2.0;1
76;66;66045;pr;a;m;l;4;E;79.0;620.0;0.0;1.0;0.0;1
76;66;66046;pr;a;a;l;3;VI;65.0;520.0;0.0;0.0;1.0;1
76;66;66049;pa;a;a;l;2;0;90.0;800.0;0.0;0.0;0.0;1
76;66;66049;pa;a;a;l;5;C;110.0;810.0;0.0;0.0;1.0;1
76;66;66049;pr;a;a;l;1;0;27.0;390.0;0.0;1.0;0.0;3
76;66;66049;pr;a;a;l;2;0;37.0;480.0;0.0;0.43;0.29;7
76;66;66049;pr;a;a;l;2;C;47.5;488.0;0.25;0.75;0.25;4
76;66;66049;pr;a;a;l;2;D;36.5;480.0;0.0;0.88;0.0;8
76;66;66049;pr;a;a;l;2;E;41.0;475.0;1.0;1.0;0.0;2
76;66;66049;pr;a;a;l;2;NS;45.5;505.0;0.5;1.0;0.0;2
76;66;66049;pr;a;a;l;2;VI;35.0;480.0;0.33;1.0;0.0;3
76;66;66049;pr;a;a;l;3;0;66.0;620.0;0.67;1.0;0.0;3
76;66;66049;pr;a;a;l;3;B;75.0;700.0;0.0;0.0;0.0;1
76;66;66049;pr;a;a;l;3;C;69.0;650.0;0.36;0.45;0.55;11
76;66;66049;pr;a;a;l;3;D;66.0;670.0;0.42;0.5;0.58;12
76;66;66049;pr;a;a;l;3;E;58.0;525.0;0.25;1.0;0.0;4
76;66;66049;pr;a;a;l;3;VI;55.0;594.5;0.1;0.8;0.2;10
76;66;66049;pr;a;a;l;4;0;104.5;772.5;0.0;1.0;0.0;2
76;66;66049;pr;a;a;l;4;C;76.0;630.0;0.0;0.67;0.33;3
76;66;66049;pr;a;a;l;4;D;73.0;640.0;0.0;0.33;0.67;3
76;66;66049;pr;a;a;l;4;VI;120.0;950.0;0.0;2.0;0.0;1
76;66;66049;pr;a;a;l;5;0;77.0;600.0;0.0;0.0;0.0;1
76;66;66049;pr;a;a;l;5;C;94.0;750.0;1.0;1.0;0.0;1
76;66;66049;pr;a;m;l;2;C;61.0;670.0;0.0;0.0;1.0;1
76;66;66049;pr;a;m;l;3;NS;55.0;870.0;0.0;1.0;0.0;1
76;66;66049;pr;a;m;l;3;VI;76.0;620.0;0.0;0.0;0.0;2
76;66;66049;pr;a;m;l;4;0;68.0;730.0;0.33;0.67;0.0;3
76;66;66049;pr;a;m;l;4;A;112.0;937.0;0.0;2.0;0.0;1
76;66;66049;pr;a;m;l;4;E;90.0;680.0;0.0;1.0;0.0;1
76;66;66049;pr;a;m;l;4;NS;88.0;650.0;0.0;1.0;0.0;1
76;66;66049;pr;a;m;l;5;B;95.0;1130.0;0.0;2.0;0.0;1
76;66;66049;pr;a;m;l;5;C;94.5;825.0;0.0;0.5;0.5;2
76;66;66049;pr;a;m;l;5;D;67.0;700.0;0.0;1.0;0.0;1
76;66;66049;pr;a;m;l;5;F;116.0;1021.0;0.0;1.0;0.0;2
76;66;66049;pr;a;m;l;5;VI;125.0;973.0;0.0;1.0;1.0;1
76;66;66049;pr;a;m;l;6;C;134.0;845.0;0.0;1.0;1.0;1
76;66;66049;pr;a;m;l;6;D;145.0;1000.0;0.0;0.0;0.0;1
76;66;66050;pa;a;m;l;5;0;180.0;895.0;0.0;1.0;1.0;1
76;66;66050;pr;a;a;l;2;0;60.0;490.0;0.0;0.0;1.0;1
76;66;66050;pr;a;a;l;2;C;48.0;494.0;0.0;0.0;0.0;1
76;66;66050;pr;a;a;l;2;D;33.0;459.0;0.6;0.2;0.8;5
76;66;66050;pr;a;a;l;2;E;32.0;500.0;0.0;0.0;0.0;1
76;66;66050;pr;a;a;l;3;C;60.5;625.0;0.0;1.0;0.5;2
76;66;66050;pr;a;a;l;3;D;56.0;598.0;1.0;0.0;1.0;2
76;66;66050;pr;a;a;l;3;NS;64.0;810.0;0.0;1.0;0.0;1
76;66;66050;pr;a;a;l;3;VI;65.5;560.0;0.0;0.0;0.5;2
76;66;66050;pr;a;a;l;4;NS;75.0;870.0;0.0;1.0;0.0;1
76;66;66050;pr;a;m;l;3;0;120.0;890.0;0.0;0.0;0.0;1
76;66;66050;pr;a;m;l;3;D;64.0;650.0;0.0;0.0;1.0;1
76;66;66050;pr;a;m;l;3;VI;83.0;591.0;0.0;0.0;0.0;1
76;66;66050;pr;a;m;l;4;B;90.0;850.0;0.0;1.0;1.0;1
76;66;66050;pr;a;m;l;4;C;90.0;1225.0;0.0;0.0;1.0;2
76;66;66050;pr;a;m;l;4;D;84.5;687.5;0.0;0.0;0.5;2
76;66;66050;pr;a;m;l;4;NS;95.0;820.0;0.0;1.0;1.0;1
76;66;66050;pr;a;m;l;4;VI;85.0;925.0;0.0;1.0;0.0;1
76;66;66050;pr;a;m;l;5;A;134.0;1500.0;0.0;1.0;1.0;1
76;66;66050;pr;a;m;l;6;VI;165.0;1840.0;0.0;2.0;0.0;1
76;66;66050;pr;a;m;l;7;C;170.0;1360.0;0.0;1.0;1.0;1
76;66;66051;pr;a;m;l;3;E;90.0;600.0;0.0;1.0;0.0;1
76;66;66051;pr;a;m;l;4;E;78.0;605.0;0.0;0.0;0.0;1
76;66;66052;pr;a;a;l;3;E;58.0;495.0;0.0;0.0;1.0;1
76;66;66053;pr;a;a;l;3;C;101.0;1040.0;0.0;1.0;0.0;1
76;66;66053;pr;a;a;l;3;D;46.0;610.0;0.0;1.0;0.0;1
76;66;66053;pr;a;a;l;3;G;64.0;700.0;0.0;0.0;0.0;1
76;66;66053;pr;a;a;l;3;NS;60.0;750.0;0.0;1.0;0.0;1
76;66;66053;pr;a;m;l;5;C;126.0;1225.0;0.0;2.0;0.0;1
76;66;66055;pa;a;m;l;5;0;115.0;995.0;0.0;0.0;1.0;1
76;66;66055;pr;a;a;l;3;D;71.0;675.0;0.0;0.0;1.0;1
76;66;66055;pr;a;a;l;3;E;71.0;521.0;0.0;0.0;1.0;1
76;66;66055;pr;a;a;l;4;D;100.0;500.0;0.0;0.0;0.0;1
76;66;66055;pr;a;m;l;5;D;100.0;600.0;0.0;0.0;0.0;1
76;66;66056;pr;a;m;l;3;A;91.0;850.0;0.0;2.0;0.0;1
76;66;66056;pr;a;m;l;3;D;42.0;640.0;0.0;1.0;0.0;1
76;66;66056;pr;a;m;l;4;C;91.0;890.0;0.0;1.0;0.0;3
76;66;66056;pr;a;m;l;4;VI;64.0;650.0;0.0;2.0;0.0;1
76;66;66057;pr;a;a;l;2;C;30.0;460.0;0.0;1.0;0.0;1
76;66;66057;pr;a;a;l;3;E;49.0;560.0;0.0;1.0;0.0;1
76;66;66057;pr;a;m;l;2;NS;50.0;500.0;0.0;1.0;0.0;1
76;66;66057;pr;a;m;l;3;E;64.0;550.0;0.0;0.0;1.0;1
76;66;66058;pr;a;a;l;2;D;35.0;440.0;0.0;0.0;0.0;1
76;66;66058;pr;a;a;l;3;C;73.0;600.0;0.0;0.0;0.0;1
76;66;66058;pr;a;a;l;3;VI;57.0;680.0;0.0;1.0;0.0;1
76;66;66058;pr;a;a;l;4;NS;82.0;820.0;1.0;0.0;1.0;1
76;66;66058;pr;a;m;l;4;C;120.0;890.0;0.0;0.0;2.0;1
76;66;66058;pr;a;m;l;4;D;77.5;707.5;0.0;0.5;0.5;2
76;66;66058;pr;a;m;l;4;NS;82.0;820.0;1.0;0.0;1.0;1
76;66;66058;pr;m;m;l;5;VI;153.0;730.0;0.0;0.0;0.0;1
76;66;66059;pr;a;a;l;1;D;28.0;353.0;0.0;0.0;0.0;1
76;66;66059;pr;a;a;l;2;D;40.0;476.0;0.0;0.5;0.07;14
76;66;66059;pr;a;a;l;3;0;63.5;577.5;0.0;0.5;0.5;2
76;66;66059;pr;a;a;l;3;D;63.5;638.5;0.1;0.0;0.3;10
76;66;66059;pr;a;a;l;4;C;81.0;640.0;0.0;1.0;0.67;3
76;66;66059;pr;a;m;l;2;VI;51.0;435.0;0.0;1.0;0.0;1
76;66;66059;pr;a;m;l;3;0;75.0;995.0;0.0;0.0;1.0;1
76;66;66059;pr;a;m;l;3;C;71.0;586.0;0.0;0.0;0.67;3
76;66;66059;pr;a;m;l;3;D;72.0;659.0;0.0;0.67;0.67;3
76;66;66059;pr;a;m;l;4;A;90.0;1000.0;0.0;2.0;0.0;1
76;66;66059;pr;a;m;l;4;C;85.5;688.0;0.0;0.5;0.0;2
76;66;66059;pr;a;m;l;4;D;83.0;692.0;0.0;1.0;0.0;1
76;66;66059;pr;a;m;l;4;VI;107.0;1630.0;0.0;2.0;0.0;1
76;66;66062;pr;a;a;l;1;VI;36.0;373.0;0.0;0.0;0.0;1
76;66;66062;pr;a;a;l;3;G;50.0;492.0;0.0;0.0;1.0;1
76;66;66063;pr;a;m;l;4;C;130.0;1150.0;0.0;0.0;1.0;1
76;66;66064;pr;a;a;l;2;0;36.0;520.0;0.0;0.0;0.0;1
76;66;66064;pr;a;a;l;2;VI;24.0;435.0;1.5;1.0;0.0;2
76;66;66064;pr;a;a;l;3;0;47.0;600.0;0.0;0.0;0.0;3
76;66;66064;pr;a;m;l;4;F;80.0;810.0;1.0;1.0;1.0;1
76;66;66064;pr;a;m;l;4;VI;80.0;800.0;0.0;1.0;1.0;1
76;66;66065;pa;a;a;l;1;0;49.0;470.0;0.0;0.0;0.0;1
76;66;66065;pa;a;a;l;2;0;38.0;480.0;0.0;1.0;0.0;1
76;66;66065;pr;a;a;l;1;0;23.0;370.0;0.0;0.0;1.0;1
76;66;66065;pr;a;a;l;1;E;23.0;402.0;0.0;1.0;0.0;1
76;66;66065;pr;a;a;l;1;F;21.0;332.0;0.0;1.0;0.0;2
76;66;66065;pr;a;a;l;1;NS;21.0;375.0;0.33;0.67;0.33;3
76;66;66065;pr;a;a;l;2;0;44.0;430.0;0.0;0.5;0.5;6
76;66;66065;pr;a;a;l;2;A;38.0;470.0;0.31;0.75;0.0;16
76;66;66065;pr;a;a;l;2;B;61.5;610.0;0.0;0.5;0.0;2
76;66;66065;pr;a;a;l;2;C;44.0;570.0;0.12;0.62;0.25;8
76;66;66065;pr;a;a;l;2;D;38.0;440.0;0.0;0.5;0.5;6
76;66;66065;pr;a;a;l;2;NS;47.0;515.0;0.0;0.5;0.25;4
76;66;66065;pr;a;a;l;2;VI;47.0;475.0;0.0;1.0;0.0;1
76;66;66065;pr;a;a;l;3;0;53.0;532.5;0.12;1.0;0.0;8
76;66;66065;pr;a;a;l;3;A;58.0;625.0;0.0;0.57;0.14;7
76;66;66065;pr;a;a;l;3;C;59.0;585.0;0.67;1.0;0.0;3
76;66;66065;pr;a;a;l;3;D;55.0;620.0;0.0;0.57;0.57;7
76;66;66065;pr;a;a;l;3;E;63.5;527.5;0.0;1.0;0.0;2
76;66;66065;pr;a;a;l;3;F;46.0;530.0;0.0;1.0;0.0;1
76;66;66065;pr;a;a;l;3;G;50.0;507.0;0.0;1.0;0.0;1
76;66;66065;pr;a;a;l;3;NS;50.0;540.0;0.0;1.0;0.0;1
76;66;66065;pr;a;a;l;3;VI;63.5;655.0;0.0;0.0;1.0;2
76;66;66065;pr;a;a;l;4;0;64.0;730.0;0.0;0.0;1.0;3
76;66;66065;pr;a;a;l;4;C;88.0;745.0;0.25;1.0;0.0;4
76;66;66065;pr;a;a;l;4;NS;85.0;775.0;0.0;0.67;0.33;3
76;66;66065;pr;a;a;l;5;D;86.0;600.0;0.0;2.0;0.0;1
76;66;66065;pr;a;m;l;2;0;40.0;450.0;0.0;1.0;0.0;6
76;66;66065;pr;a;m;l;2;C;52.0;482.5;0.0;1.0;0.0;2
76;66;66065;pr;a;m;l;2;NS;40.0;500.0;0.0;1.0;0.0;1
76;66;66065;pr;a;m;l;3;0;55.0;660.0;0.0;0.8;0.2;5
76;66;66065;pr;a;m;l;3;C;66.5;555.0;0.0;1.0;0.0;2
76;66;66065;pr;a;m;l;3;D;66.5;530.0;0.0;0.0;0.5;2
76;66;66065;pr;a;m;l;3;E;77.0;580.0;0.0;1.5;0.0;2
76;66;66065;pr;a;m;l;3;VI;61.0;550.0;0.0;1.0;0.0;1
76;66;66065;pr;a;m;l;4;0;70.0;630.0;0.0;1.0;0.0;3
76;66;66065;pr;a;m;l;4;A;103.0;1020.0;0.0;1.33;0.67;3
76;66;66065;pr;a;m;l;4;C;130.0;880.0;0.0;0.0;1.0;1
76;66;66065;pr;a;m;l;4;D;75.5;796.5;0.0;1.0;0.5;2
76;66;66065;pr;a;m;l;5;0;130.0;1163.0;0.0;1.0;1.0;1
76;66;66065;pr;a;m;l;5;A;119.0;1075.0;0.0;1.0;1.0;1
76;66;66065;pr;a;m;l;5;B;121.0;1350.0;0.0;1.0;1.0;1
76;66;66065;pr;a;m;l;5;C;127.0;900.0;0.0;1.0;1.0;1
76;66;66065;pr;a;m;l;5;NS;110.0;980.0;0.0;0.0;1.0;1
76;66;66065;pr;a;m;l;6;D;148.0;842.5;0.0;1.0;1.0;2
76;66;66065;pr;a;m;l;8;0;176.0;1100.0;0.0;2.0;0.0;1
76;66;66066;pr;a;a;l;2;VI;45.0;530.0;0.0;0.0;1.0;1
76;66;66069;pr;a;a;l;1;E;20.0;285.0;0.0;1.0;0.0;1
76;66;66069;pr;a;a;l;2;0;32.0;450.0;0.0;0.17;0.5;6
76;66;66069;pr;a;a;l;2;C;50.0;475.0;0.0;0.0;0.0;2
76;66;66069;pr;a;a;l;2;D;29.0;340.0;0.0;1.0;0.0;1
76;66;66069;pr;a;a;l;2;E;55.5;467.5;0.0;0.5;0.0;2
76;66;66069;pr;a;a;l;2;F;40.0;395.0;0.0;0.0;1.0;1
76;66;66069;pr;a;a;l;2;VI;38.0;480.0;0.0;1.0;0.0;1
76;66;66069;pr;a;a;l;3;0;69.5;665.0;0.0;0.5;0.5;2
76;66;66069;pr;a;a;l;3;C;81.0;695.0;0.0;0.0;1.0;4
76;66;66069;pr;a;a;l;3;D;65.5;591.5;0.0;0.0;1.0;2
76;66;66069;pr;a;a;l;3;E;47.0;495.0;0.0;1.0;0.0;1
76;66;66069;pr;a;a;l;3;F;52.0;440.0;0.0;0.67;0.33;3
76;66;66069;pr;a;a;l;3;VI;59.0;525.0;0.0;0.5;0.0;2
76;66;66069;pr;a;a;l;4;C;68.0;565.0;0.0;1.0;0.0;1
76;66;66069;pr;a;a;l;4;D;78.5;670.0;0.0;0.5;0.0;2
76;66;66069;pr;a;a;l;5;VI;75.0;640.0;0.0;0.6;0.2;5
76;66;66069;pr;a;m;l;2;VI;44.0;510.0;0.0;1.0;0.0;1
76;66;66069;pr;a;m;l;3;0;63.5;600.0;0.0;0.0;0.0;2
76;66;66069;pr;a;m;l;3;C;101.0;845.0;0.0;0.0;0.0;1
76;66;66069;pr;a;m;l;3;D;60.0;621.0;0.0;1.0;0.0;1
76;66;66069;pr;a;m;l;3;E;77.0;600.0;0.0;0.0;1.0;1
76;66;66069;pr;a;m;l;4;0;80.0;805.0;0.0;0.0;1.0;1
76;66;66069;pr;a;m;l;4;C;85.5;872.0;0.0;0.25;0.5;4
76;66;66069;pr;a;m;l;4;D;95.0;820.0;0.0;1.0;1.0;1
76;66;66069;pr;a;m;l;4;E;90.0;828.0;0.0;0.0;0.0;1
76;66;66069;pr;a;m;l;4;VI;108.0;800.0;0.0;1.0;1.0;1
76;66;66069;pr;a;m;l;5;C;120.0;914.5;0.0;0.0;1.0;2
76;66;66070;pr;a;a;l;2;E;50.0;390.0;0.0;1.0;0.0;1
76;66;66070;pr;a;m;l;2;F;28.0;420.0;0.0;1.0;0.0;1
76;66;66070;pr;a;m;l;3;0;60.0;500.0;0.0;0.0;1.0;1
76;66;66070;pr;a;m;l;4;VI;108.0;700.0;0.0;2.0;0.0;1
76;66;66071;pr;a;a;l;2;D;36.0;380.0;1.0;0.0;1.0;1
76;66;66071;pr;a;a;l;3;VI;57.0;480.0;0.0;1.0;0.0;1
76;66;66071;pr;a;m;l;2;VI;50.0;520.0;0.0;1.0;0.0;1
76;66;66071;pr;a;m;l;3;D;57.0;550.0;0.0;1.0;1.0;1
76;66;66071;pr;a;m;l;4;0;80.0;450.0;0.0;0.0;0.0;1
76;66;66071;pr;a;m;l;4;C;82.0;755.0;0.0;0.0;0.5;2
76;66;66073;pr;a;m;l;3;0;50.0;449.0;0.0;0.0;1.0;1
76;66;66074;pr;a;a;l;2;G;57.0;495.0;0.0;0.0;1.0;1
76;66;66074;pr;a;a;l;2;VI;38.0;382.0;0.0;1.0;0.0;1
76;66;66074;pr;a;a;l;3;D;50.0;525.0;0.0;1.0;0.0;1
76;66;66079;pr;a;m;l;3;D;101.0;590.0;0.0;1.0;1.0;1
76;66;66079;pr;a;m;l;4;D;90.0;725.0;0.0;0.0;1.0;1
76;66;66084;pr;a;a;l;4;D;61.0;522.0;2.0;1.0;0.0;1
76;66;66084;pr;a;m;l;3;C;107.0;800.0;0.0;1.0;0.0;1
76;66;66084;pr;a;m;l;3;D;55.0;590.0;0.0;0.33;0.67;3
76;66;66084;pr;a;m;l;3;E;92.0;630.0;0.0;0.0;1.0;1
76;66;66084;pr;a;m;l;4;0;95.0;1340.0;0.0;2.0;0.0;1
76;66;66084;pr;a;m;l;4;D;76.0;845.0;0.0;0.0;1.0;1
76;66;66084;pr;a;m;l;5;C;98.0;880.0;0.0;1.0;0.0;1
76;66;66084;pr;a;m;l;5;E;136.0;1050.0;0.0;0.0;1.0;2
76;66;66084;pr;a;m;l;6;C;158.0;980.0;0.0;0.0;1.0;1
76;66;66085;pr;a;a;l;2;E;55.0;450.0;0.0;1.0;0.0;2
76;66;66088;pr;a;a;l;1;A;35.0;340.0;0.0;1.0;0.0;1
76;66;66088;pr;a;a;l;1;D;24.0;339.0;0.0;1.0;0.0;1
76;66;66088;pr;a;a;l;1;VI;29.0;359.0;0.0;1.0;0.0;1
76;66;66088;pr;a;a;l;2;D;26.5;357.5;0.0;1.0;0.0;2
76;66;66088;pr;a;a;l;2;E;45.0;450.0;0.0;0.0;0.0;1
76;66;66088;pr;a;a;l;2;VI;36.0;432.0;0.0;0.67;0.0;6
76;66;66088;pr;a;a;l;3;C;71.0;621.0;0.0;0.67;0.33;3
76;66;66088;pr;a;a;l;3;D;70.0;580.5;0.0;1.0;0.5;2
76;66;66088;pr;a;a;l;3;VI;50.0;500.0;0.17;0.83;0.17;6
76;66;66088;pr;a;a;l;4;VI;79.5;740.0;0.0;0.5;0.0;2
76;66;66088;pr;a;m;l;2;C;56.0;650.0;0.0;1.0;0.0;1
76;66;66088;pr;a;m;l;2;VI;70.0;570.0;0.0;0.0;1.0;1
76;66;66088;pr;a;m;l;3;F;44.0;467.0;0.0;1.0;0.0;1
76;66;66088;pr;a;m;l;3;VI;75.0;508.0;0.0;1.0;0.0;1
76;66;66088;pr;a;m;l;4;0;90.0;734.0;0.0;0.0;1.0;2
76;66;66088;pr;a;m;l;4;A;79.0;1200.0;0.0;0.0;1.0;1
76;66;66088;pr;a;m;l;5;C;77.0;610.0;0.0;0.0;1.0;1
76;66;66088;pr;a;m;l;5;E;82.0;780.0;0.0;0.0;1.0;1
76;66;66088;pr;a;m;l;5;NS;127.0;663.0;0.0;1.0;1.0;1
76;66;66088;pr;a;m;l;6;VI;92.0;865.0;0.0;0.0;0.0;1
76;66;66089;pr;a;a;l;3;D;52.0;560.0;0.0;0.0;0.0;1
76;66;66089;pr;a;a;l;3;E;53.0;560.0;0.0;0.0;2.0;1
76;66;66093;pr;a;a;l;3;VI;68.0;650.0;0.0;0.0;1.0;1
76;66;66093;pr;a;m;l;2;NS;56.0;700.0;0.0;1.0;0.0;1
76;66;66093;pr;a;m;l;3;C;74.0;620.0;0.0;1.0;0.0;1
76;66;66093;pr;a;m;l;4;0;110.0;1120.0;0.0;0.0;1.0;1
76;66;66093;pr;a;m;l;4;D;79.0;890.0;0.0;1.0;0.0;1
76;66;66093;pr;a;m;l;5;E;139.0;850.0;0.0;1.0;0.0;1
76;66;66094;pr;a;a;l;2;0;30.0;520.0;0.0;1.0;0.0;1
76;66;66094;pr;a;a;l;2;A;36.0;495.0;0.0;1.0;0.0;9
76;66;66094;pr;a;a;l;2;C;40.0;490.0;0.6;1.0;0.0;5
76;66;66094;pr;a;a;l;2;VI;29.0;415.0;0.0;1.0;0.0;1
76;66;66094;pr;a;a;l;3;0;62.5;630.0;0.0;0.33;0.5;6
76;66;66094;pr;a;a;l;3;A;57.5;652.5;0.0;0.75;0.25;4
76;66;66094;pr;a;a;l;3;B;58.5;647.5;0.0;1.0;0.0;2
76;66;66094;pr;a;a;l;5;0;65.0;500.0;0.0;0.0;0.0;1
76;66;66094;pr;a;a;l;5;C;127.0;900.0;0.0;1.0;1.0;1
76;66;66094;pr;a;m;l;2;VI;40.0;380.0;0.0;1.0;0.0;1
76;66;66094;pr;a;m;l;3;0;64.0;842.0;0.0;0.0;0.0;1
76;66;66094;pr;a;m;l;3;C;109.0;835.0;0.0;1.0;0.0;1
76;66;66094;pr;a;m;l;3;NS;48.0;530.0;1.0;2.0;0.0;2
76;66;66094;pr;a;m;l;4;C;90.0;990.0;0.0;1.0;0.33;3
76;66;66094;pr;a;m;l;5;A;118.0;1125.0;0.0;0.0;1.0;1
76;66;66094;pr;a;m;l;5;C;185.0;890.0;0.0;1.0;0.0;1
76;66;66094;pr;network;a;l;2;0;34.0;530.0;1.0;0.0;1.0;1
76;66;66096;pa;a;a;l;3;0;67.0;590.0;0.0;1.0;0.0;1
76;66;66101;pr;a;a;l;3;C;67.0;600.0;1.0;1.0;0.0;1
76;66;66101;pr;a;a;l;4;0;81.5;600.0;0.0;0.0;0.0;2
76;66;66101;pr;a;a;l;4;C;86.0;680.0;0.5;0.0;1.0;2
76;66;66101;pr;a;m;l;4;A;80.0;825.0;0.0;1.0;0.0;1
76;66;66101;pr;a;m;l;4;D;94.0;926.0;0.0;0.0;1.0;1
76;66;66101;pr;a;m;l;4;NS;97.0;920.0;0.0;0.0;1.0;1
76;66;66101;pr;a;m;l;4;VI;125.0;1305.0;0.0;1.0;1.0;1
76;66;66101;pr;a;m;l;5;0;130.0;800.0;0.0;0.0;0.0;1
76;66;66101;pr;a;m;l;5;VI;85.0;935.0;0.0;0.0;0.0;1
76;66;66103;pr;a;a;l;3;D;51.0;460.0;0.0;0.0;0.0;1
76;66;66103;pr;a;m;l;3;E;71.0;500.0;3.0;1.0;0.0;1
76;66;66103;pr;a;m;l;4;0;120.0;660.0;0.0;0.0;1.0;1
76;66;66103;pr;a;m;l;4;F;110.0;845.0;0.0;0.0;1.0;1
76;66;66104;pr;a;m;l;4;C;104.0;825.0;0.0;0.0;2.0;1
76;66;66104;pr;a;m;l;4;D;88.5;840.0;0.0;0.5;0.0;2
76;66;66106;pa;a;a;l;1;0;25.0;350.0;0.0;0.0;0.0;1
76;66;66106;pr;a;a;l;2;D;30.0;420.0;0.0;1.0;0.0;1
76;66;66106;pr;a;a;l;2;E;39.0;447.5;0.0;0.5;0.5;2
76;66;66106;pr;a;a;l;2;VI;40.0;390.0;0.0;1.0;0.0;1
76;66;66106;pr;a;a;l;4;C;91.0;650.0;0.0;1.0;0.0;1
76;66;66106;pr;a;m;l;3;VI;60.0;600.0;0.0;0.0;0.0;1
76;66;66106;pr;a;m;l;4;D;111.0;923.5;0.0;1.0;1.0;2
76;66;66106;pr;a;m;l;4;F;77.0;600.0;0.0;1.0;0.0;1
76;66;66106;pr;a;m;l;4;VI;78.0;520.0;0.0;1.0;0.0;1
76;66;66106;pr;a;m;l;5;D;91.0;837.5;0.0;0.0;1.0;2
76;66;66107;pr;a;a;l;3;VI;75.0;590.0;0.0;1.0;0.0;1
76;66;66107;pr;a;a;l;4;C;64.0;490.0;0.0;1.0;0.0;1
76;66;66107;pr;a;a;l;4;VI;81.0;590.0;0.0;0.0;1.0;1
76;66;66108;pr;a;a;l;1;0;45.0;485.0;0.0;1.0;0.0;1
76;66;66108;pr;a;a;l;2;0;23.0;370.0;0.0;1.0;0.0;1
76;66;66108;pr;a;a;l;2;C;50.5;450.0;0.0;0.0;0.25;4
76;66;66108;pr;a;a;l;2;D;34.0;336.5;0.25;0.75;0.0;4
76;66;66108;pr;a;a;l;3;0;69.0;500.0;0.0;0.2;0.4;5
76;66;66108;pr;a;a;l;3;C;68.0;635.0;0.0;0.0;1.0;1
76;66;66108;pr;a;a;l;3;D;56.0;450.0;0.0;1.0;0.0;1
76;66;66108;pr;a;a;l;3;E;53.0;451.0;0.33;0.67;0.0;3
76;66;66108;pr;a;a;l;3;NS;75.0;660.0;0.5;1.0;0.0;2
76;66;66108;pr;a;a;l;3;VI;61.0;573.0;0.0;0.67;0.0;3
76;66;66108;pr;a;a;l;4;C;94.0;709.0;0.0;1.0;0.0;1
76;66;66108;pr;a;a;l;5;D;114.0;840.0;3.0;0.0;2.0;1
76;66;66108;pr;a;m;l;3;C;81.5;763.0;0.0;0.5;0.0;2
76;66;66108;pr;a;m;l;3;D;73.0;730.0;0.0;0.33;0.67;3
76;66;66108;pr;a;m;l;3;VI;80.0;665.0;0.0;1.0;0.0;1
76;66;66108;pr;a;m;l;4;0;115.0;695.0;0.0;1.0;1.0;1
76;66;66108;pr;a;m;l;4;C;90.0;825.0;0.0;0.0;0.0;1
76;66;66108;pr;a;m;l;4;NS;85.0;750.0;0.0;0.0;1.0;1
76;66;66108;pr;a;m;l;5;E;134.0;1235.0;0.0;1.0;1.0;1
76;66;66108;pr;a;m;l;5;VI;75.0;637.0;0.0;1.0;1.0;1
76;66;66111;pr;a;a;l;3;F;100.0;530.0;0.0;0.0;0.0;1
76;66;66111;pr;a;m;l;3;D;62.0;455.5;0.0;1.0;0.0;2
76;66;66114;pr;a;a;l;2;C;42.0;570.0;0.0;0.75;0.25;4
76;66;66114;pr;a;a;l;2;D;37.0;550.0;0.0;0.0;0.0;1
76;66;66114;pr;a;a;l;2;VI;37.0;570.0;0.0;1.0;0.0;2
76;66;66114;pr;a;m;l;4;D;96.0;1000.0;0.0;1.0;0.0;1
76;66;66114;pr;a;m;l;5;C;100.0;912.5;0.0;1.0;0.0;2
76;66;66115;pa;a;m;l;5;0;100.0;700.0;0.0;1.0;0.0;1
76;66;66115;pr;a;m;l;5;C;153.0;1200.0;0.0;2.0;0.0;1
76;66;66115;pr;a;m;l;6;C;164.0;1050.0;0.0;0.0;1.0;1
76;66;66118;pr;a;a;l;3;VI;70.0;580.0;0.0;1.0;0.0;1
76;66;66121;pa;a;a;l;5;0;120.0;805.0;0.0;1.0;0.0;1
76;66;66121;pr;a;a;l;2;E;67.0;448.0;0.0;0.0;1.0;1
76;66;66121;pr;a;a;l;3;D;56.0;563.0;0.0;1.0;0.0;1
76;66;66121;pr;a;a;l;4;E;72.0;1100.0;0.0;0.0;1.0;1
76;66;66121;pr;a;m;l;3;D;70.0;528.0;0.0;0.0;1.0;1
76;66;66121;pr;a;m;l;4;0;66.0;530.0;0.0;0.0;1.0;1
76;66;66121;pr;a;m;l;4;C;83.0;870.0;0.0;0.0;0.0;1
76;66;66121;pr;a;m;l;5;C;92.0;940.0;0.0;1.0;0.0;1
76;66;66124;pa;a;a;l;1;0;33.0;420.0;0.0;0.0;1.0;1
76;66;66124;pa;a;a;l;4;0;60.0;600.0;1.0;0.0;0.0;1
76;66;66124;pr;a;a;l;1;0;22.0;420.0;0.0;0.0;0.0;5
76;66;66124;pr;a;a;l;1;C;22.0;400.0;0.0;0.0;0.0;1
76;66;66124;pr;a;a;l;1;E;21.5;351.5;0.83;0.08;0.92;12
76;66;66124;pr;a;a;l;1;F;22.0;366.0;0.54;0.31;0.69;13
76;66;66124;pr;a;a;l;1;G;26.5;353.5;0.5;0.25;0.75;4
76;66;66124;pr;a;a;l;1;VI;23.0;342.5;0.0;1.0;0.0;2
76;66;66124;pr;a;a;l;2;0;35.0;490.0;0.0;0.0;0.2;5
76;66;66124;pr;a;a;l;2;D;60.0;470.0;1.0;0.0;1.0;1
76;66;66124;pr;a;a;l;2;E;36.5;476.5;1.0;0.5;0.5;2
76;66;66124;pr;a;a;l;2;F;34.0;445.0;0.75;0.25;0.75;4
76;66;66124;pr;a;a;l;2;G;35.0;430.0;0.33;0.0;0.67;3
76;66;66124;pr;a;a;l;2;VI;40.0;485.0;0.67;0.33;0.67;3
76;66;66124;pr;a;a;l;3;0;50.0;635.0;0.0;0.0;0.2;5
76;66;66124;pr;a;a;l;3;C;49.0;584.0;0.0;0.0;1.0;1
76;66;66124;pr;a;a;l;3;D;66.0;575.0;1.0;0.0;1.0;1
76;66;66124;pr;a;a;l;3;F;43.0;532.0;0.0;1.0;0.0;1
76;66;66124;pr;a;a;l;3;VI;64.0;630.0;0.0;0.0;0.0;1
76;66;66124;pr;a;a;l;4;0;47.0;850.0;0.0;0.0;0.0;1
76;66;66124;pr;a;a;l;4;F;94.0;850.0;1.0;1.0;0.0;1
76;66;66124;pr;a;m;l;3;F;46.0;607.0;0.0;1.0;0.0;1
76;66;66124;pr;a;m;l;7;E;130.0;1300.0;1.0;1.0;1.0;1
76;66;66125;pr;a;m;l;3;0;37.0;397.0;0.0;0.0;1.0;1
76;66;66127;pr;a;a;l;3;VI;74.0;560.0;0.0;0.0;1.0;1
76;66;66127;pr;a;a;l;4;VI;72.0;468.0;0.0;0.0;1.0;1
76;66;66127;pr;a;m;l;3;0;80.0;553.0;0.0;0.0;0.0;1
76;66;66127;pr;a;m;l;3;D;53.0;490.0;0.0;1.0;0.0;1
76;66;66127;pr;a;m;l;5;C;183.0;900.0;0.0;1.0;1.0;1
76;66;66129;pr;a;m;l;3;C;63.0;750.0;0.0;1.0;0.0;1
76;66;66129;pr;a;m;l;3;D;69.0;690.0;1.0;1.0;1.0;1
76;66;66129;pr;a;m;l;3;E;63.0;630.0;0.5;1.0;0.0;2
76;66;66129;pr;a;m;l;3;G;69.0;890.0;0.0;0.0;0.0;1
76;66;66129;pr;a;m;l;3;VI;90.0;650.0;0.0;0.0;0.0;1
76;66;66129;pr;a;m;l;4;A;79.0;1250.0;0.0;0.0;1.0;1
76;66;66129;pr;a;m;l;4;NS;74.0;690.0;0.0;0.0;1.0;1
76;66;66130;pr;a;a;l;3;E;50.0;613.0;0.0;1.0;0.0;1
76;66;66130;pr;a;a;l;4;E;56.0;776.0;0.0;2.0;0.0;1
76;66;66130;pr;a;m;l;3;VI;60.0;615.0;1.0;1.0;0.0;1
76;66;66133;pr;a;a;l;1;D;40.0;370.0;0.0;1.0;0.0;1
76;66;66133;pr;a;a;l;1;VI;32.0;350.0;0.0;0.0;1.0;1
76;66;66133;pr;a;a;l;2;0;40.0;420.0;0.0;0.0;1.0;1
76;66;66133;pr;a;a;l;3;C;80.0;800.0;1.0;1.0;0.0;1
76;66;66133;pr;a;a;l;3;VI;61.0;535.0;0.0;0.0;1.0;1
76;66;66133;pr;a;a;l;4;0;100.0;670.0;0.0;0.0;1.0;1
76;66;66133;pr;a;m;l;3;C;70.0;700.0;0.0;0.0;1.0;1
76;66;66133;pr;a;m;l;4;0;90.0;650.0;0.0;1.0;0.0;1
76;66;66133;pr;a;m;l;4;C;91.0;950.0;0.0;1.67;0.0;3
76;66;66134;pr;a;m;l;3;0;59.0;580.0;0.0;1.0;0.0;1
76;66;66134;pr;a;m;l;4;A;93.0;1300.0;0.0;0.0;2.0;1
76;66;66134;pr;a;m;l;5;D;144.0;790.0;0.0;2.0;0.0;1
76;66;66136;pa;a;a;l;1;0;23.0;387.5;0.3;0.1;0.3;10
76;66;66136;pa;a;a;l;1;C;18.0;460.0;0.0;0.0;0.0;1
76;66;66136;pa;a;a;l;1;D;24.0;398.0;1.0;0.0;0.0;1
76;66;66136;pa;a;a;l;2;0;40.0;460.0;0.23;0.23;0.31;13
76;66;66136;pa;a;a;l;2;A;30.0;550.0;0.0;0.0;1.0;1
76;66;66136;pa;a;a;l;2;C;54.0;530.0;0.8;0.0;0.6;5
76;66;66136;pa;a;a;l;2;D;44.0;552.5;1.0;0.5;0.5;2
76;66;66136;pa;a;a;l;2;F;32.0;450.0;0.0;1.0;0.0;1
76;66;66136;pa;a;a;l;3;0;70.0;670.0;0.56;0.22;0.44;9
76;66;66136;pa;a;a;l;3;B;105.0;790.0;1.0;0.0;1.0;1
76;66;66136;pa;a;a;l;3;C;70.0;750.0;1.0;1.0;0.0;1
76;66;66136;pa;a;a;l;3;D;70.0;650.0;1.0;0.33;0.67;3
76;66;66136;pa;a;a;l;4;0;82.0;655.0;0.5;0.12;0.5;8
76;66;66136;pa;a;a;l;4;B;102.0;881.0;1.0;1.0;1.0;1
76;66;66136;pa;a;a;l;4;C;74.0;290.0;0.0;0.0;1.0;1
76;66;66136;pa;a;a;l;4;D;100.0;900.0;1.0;0.0;1.0;1
76;66;66136;pa;a;a;l;4;E;95.0;699.0;0.0;0.0;1.0;1
76;66;66136;pa;a;a;l;5;0;69.0;595.0;0.0;0.0;1.0;1
76;66;66136;pa;a;a;l;6;0;100.0;1200.0;1.0;0.0;0.0;1
76;66;66136;pa;a;m;l;3;0;50.0;650.0;1.0;0.0;0.0;1
76;66;66136;pa;a;m;l;3;D;70.0;680.0;1.0;0.0;1.0;1
76;66;66136;pa;a;m;l;4;0;75.0;949.0;0.0;1.0;1.0;1
76;66;66136;pa;a;m;l;4;E;70.0;850.0;0.0;1.0;0.0;1
76;66;66136;pa;a;m;l;5;C;130.0;1230.0;0.0;1.0;1.0;1
76;66;66136;pa;a;m;l;6;C;107.0;380.0;0.0;0.0;0.0;1
76;66;66136;pr;a;a;l;1;0;25.0;392.5;0.07;0.28;0.42;96
76;66;66136;pr;a;a;l;1;A;30.0;400.0;0.15;0.69;0.23;13
76;66;66136;pr;a;a;l;1;B;28.0;378.0;0.08;0.75;0.08;12
76;66;66136;pr;a;a;l;1;C;28.0;380.0;0.14;0.56;0.15;72
76;66;66136;pr;a;a;l;1;D;25.0;390.0;0.19;0.6;0.21;183
76;66;66136;pr;a;a;l;1;E;21.0;362.5;0.21;0.61;0.23;56
76;66;66136;pr;a;a;l;1;F;26.0;380.0;0.24;0.65;0.29;17
76;66;66136;pr;a;a;l;1;G;18.5;334.5;0.5;1.0;0.0;2
76;66;66136;pr;a;a;l;1;NS;24.0;410.0;0.09;0.65;0.18;34
76;66;66136;pr;a;a;l;1;VI;25.0;392.5;0.12;0.6;0.11;82
76;66;66136;pr;a;a;l;2;0;42.0;490.0;0.12;0.33;0.3;162
76;66;66136;pr;a;a;l;2;A;41.0;506.0;0.16;0.57;0.27;183
76;66;66136;pr;a;a;l;2;B;38.0;485.0;0.29;0.66;0.13;100
76;66;66136;pr;a;a;l;2;C;43.0;485.0;0.33;0.33;0.53;306
76;66;66136;pr;a;a;l;2;D;41.0;477.0;0.29;0.39;0.43;469
76;66;66136;pr;a;a;l;2;E;40.0;450.0;0.25;0.57;0.42;102
76;66;66136;pr;a;a;l;2;F;40.0;436.0;0.05;0.5;0.41;22
76;66;66136;pr;a;a;l;2;G;39.5;447.5;0.0;0.75;0.25;4
76;66;66136;pr;a;a;l;2;NS;41.0;505.0;0.22;0.61;0.15;72
76;66;66136;pr;a;a;l;2;VI;41.0;490.0;0.18;0.62;0.15;187
76;66;66136;pr;a;a;l;3;0;64.0;630.0;0.11;0.24;0.42;219
76;66;66136;pr;a;a;l;3;A;59.0;656.0;0.25;0.46;0.32;165
76;66;66136;pr;a;a;l;3;B;58.0;640.0;0.2;0.51;0.26;87
76;66;66136;pr;a;a;l;3;C;66.0;608.0;0.38;0.28;0.52;357
76;66;66136;pr;a;a;l;3;D;63.0;600.0;0.45;0.31;0.53;318
76;66;66136;pr;a;a;l;3;E;65.0;600.0;0.3;0.38;0.43;60
76;66;66136;pr;a;a;l;3;F;67.0;575.0;0.44;0.33;0.67;9
76;66;66136;pr;a;a;l;3;G;66.0;670.0;1.0;0.0;0.5;2
76;66;66136;pr;a;a;l;3;NS;60.0;600.0;0.28;0.43;0.33;82
76;66;66136;pr;a;a;l;3;VI;64.0;640.0;0.33;0.54;0.34;131
76;66;66136;pr;a;a;l;4;0;88.0;750.0;0.31;0.25;0.66;71
76;66;66136;pr;a;a;l;4;A;74.0;733.0;0.12;0.38;0.38;8
76;66;66136;pr;a;a;l;4;B;91.5;783.5;0.19;0.19;0.81;16
76;66;66136;pr;a;a;l;4;C;85.5;747.5;0.55;0.34;0.57;128
76;66;66136;pr;a;a;l;4;D;83.0;700.0;0.42;0.25;0.65;79
76;66;66136;pr;a;a;l;4;E;72.5;610.0;0.33;0.39;0.44;18
76;66;66136;pr;a;a;l;4;F;87.0;570.0;0.0;0.0;1.0;1
76;66;66136;pr;a;a;l;4;G;99.0;905.0;0.0;0.0;0.0;1
76;66;66136;pr;a;a;l;4;NS;67.0;600.0;0.29;0.22;0.27;51
76;66;66136;pr;a;a;l;4;VI;82.0;774.5;0.38;0.74;0.31;42
76;66;66136;pr;a;a;l;5;0;123.5;850.0;0.0;0.38;0.75;8
76;66;66136;pr;a;a;l;5;B;86.0;590.0;1.0;0.0;1.0;1
76;66;66136;pr;a;a;l;5;C;110.0;900.0;0.42;0.33;1.0;12
76;66;66136;pr;a;a;l;5;D;116.0;895.0;0.17;0.17;0.67;6
76;66;66136;pr;a;a;l;5;E;120.0;810.0;1.0;0.0;1.0;1
76;66;66136;pr;a;a;l;5;F;93.0;800.0;3.0;1.0;1.0;1
76;66;66136;pr;a;a;l;5;NS;79.0;620.0;0.44;0.22;0.33;9
76;66;66136;pr;a;a;l;5;VI;132.0;800.0;0.0;0.0;1.0;1
76;66;66136;pr;a;a;l;6;0;170.0;1300.0;0.25;1.25;0.0;4
76;66;66136;pr;a;a;l;6;A;180.0;1400.0;1.0;0.0;0.0;1
76;66;66136;pr;a;a;l;6;B;186.0;1310.0;2.0;2.0;1.0;1
76;66;66136;pr;a;a;l;6;C;129.5;1035.0;0.0;1.25;0.75;4
76;66;66136;pr;a;a;l;6;D;144.0;1180.0;0.67;0.33;0.67;3
76;66;66136;pr;a;d;l;1;0;18.0;420.0;0.0;0.0;0.0;1
76;66;66136;pr;a;m;l;2;0;48.0;610.0;0.0;0.0;0.5;2
76;66;66136;pr;a;m;l;2;C;50.0;510.0;0.0;0.0;0.0;1
76;66;66136;pr;a;m;l;2;F;30.0;440.0;0.0;1.0;0.0;1
76;66;66136;pr;a;m;l;2;VI;34.0;490.0;0.0;0.33;0.67;3
76;66;66136;pr;a;m;l;3;0;90.0;680.0;0.0;1.0;0.0;1
76;66;66136;pr;a;m;l;3;A;55.0;700.0;0.0;0.33;0.67;3
76;66;66136;pr;a;m;l;3;B;61.0;740.0;0.0;1.0;0.0;1
76;66;66136;pr;a;m;l;3;C;69.0;736.0;0.0;0.33;0.58;12
76;66;66136;pr;a;m;l;3;D;59.0;630.0;0.0;0.43;0.57;7
76;66;66136;pr;a;m;l;3;E;68.0;750.0;0.0;0.0;0.0;1
76;66;66136;pr;a;m;l;3;F;59.0;717.0;0.0;0.0;0.0;1
76;66;66136;pr;a;m;l;3;NS;57.0;640.0;0.0;0.67;0.33;3
76;66;66136;pr;a;m;l;3;VI;59.0;660.0;0.0;1.0;0.0;1
76;66;66136;pr;a;m;l;4;0;90.0;870.0;0.0;0.56;0.78;9
76;66;66136;pr;a;m;l;4;A;85.0;840.0;0.0;0.31;0.81;16
76;66;66136;pr;a;m;l;4;B;81.0;825.0;0.0;0.25;0.92;12
76;66;66136;pr;a;m;l;4;C;87.0;867.5;0.17;0.22;0.72;18
76;66;66136;pr;a;m;l;4;D;87.0;915.0;0.0;0.2;0.6;15
76;66;66136;pr;a;m;l;4;E;75.0;845.0;0.0;0.75;0.5;4
76;66;66136;pr;a;m;l;4;G;81.0;840.0;0.0;0.0;1.0;1
76;66;66136;pr;a;m;l;4;NS;85.0;780.0;0.4;0.4;0.8;5
76;66;66136;pr;a;m;l;4;VI;102.0;993.0;0.0;0.5;0.0;2
76;66;66136;pr;a;m;l;5;0;101.0;1005.0;0.0;0.6;0.8;5
76;66;66136;pr;a;m;l;5;A;136.0;1800.0;0.33;0.0;0.67;3
76;66;66136;pr;a;m;l;5;B;116.0;1090.0;0.17;0.17;0.83;6
76;66;66136;pr;a;m;l;5;C;118.0;1080.0;0.12;0.38;0.62;8
76;66;66136;pr;a;m;l;5;D;109.0;950.0;0.0;0.4;0.67;15
76;66;66136;pr;a;m;l;5;VI;110.0;993.0;0.33;1.0;0.67;3
76;66;66136;pr;a;m;l;6;0;156.0;1120.0;0.0;1.0;1.0;1
76;66;66136;pr;a;m;l;6;B;145.0;950.0;0.0;0.0;2.0;2
76;66;66136;pr;a;m;l;6;C;150.0;1225.0;0.12;1.0;0.88;8
76;66;66136;pr;a;m;l;6;D;107.0;1000.0;0.0;0.0;1.0;1
76;66;66136;pr;a;m;l;6;NS;120.0;850.0;0.0;1.0;0.0;1
76;66;66136;pr;a;m;l;6;VI;102.0;1095.0;0.0;1.0;0.0;2
76;66;66136;pr;a;m;l;7;0;110.0;564.0;0.0;5.0;0.0;1
76;66;66136;pr;a;m;l;7;C;205.0;1475.0;0.2;0.2;0.2;5
76;66;66136;pr;a;m;l;7;D;185.0;1450.0;0.0;2.0;0.0;2
76;66;66136;pr;a;m;l;8;VI;280.0;1800.0;0.0;1.0;1.0;1
76;66;66136;pr;m;a;l;1;C;24.0;440.0;0.0;0.0;0.0;1
76;66;66136;pr;m;a;l;1;VI;18.0;345.0;0.0;1.0;0.0;1
76;66;66136;pr;m;a;l;2;0;18.0;350.0;0.0;0.0;0.0;1
76;66;66136;pr;m;a;l;2;E;29.0;460.0;0.0;0.0;0.0;1
76;66;66136;pr;m;a;l;3;C;61.0;617.5;0.0;0.0;0.0;2
76;66;66136;pr;m;a;l;4;D;74.0;750.0;1.0;0.0;0.0;1
76;66;66136;pr;network;a;l;3;NS;64.0;700.0;0.0;0.0;1.0;1
76;66;66138;pr;a;a;l;2;C;39.0;513.0;0.0;0.0;1.0;1
76;66;66138;pr;a;a;l;2;D;39.0;430.0;0.0;0.67;0.33;3
76;66;66140;pr;a;a;l;1;C;32.0;335.0;0.0;1.0;0.0;1
76;66;66140;pr;a;a;l;2;0;34.0;455.0;0.0;1.0;0.0;1
76;66;66140;pr;a;a;l;2;B;43.5;480.0;0.0;1.0;0.0;8
76;66;66140;pr;a;a;l;2;C;45.0;440.0;0.0;0.6;0.2;5
76;66;66140;pr;a;a;l;2;VI;38.0;402.0;0.0;1.0;0.0;2
76;66;66140;pr;a;a;l;3;B;66.0;660.0;0.0;1.0;0.0;1
76;66;66140;pr;a;a;l;3;C;60.0;600.0;0.2;0.4;0.4;5
76;66;66140;pr;a;a;l;3;D;108.0;761.0;2.0;1.0;1.0;1
76;66;66140;pr;a;a;l;3;VI;57.0;638.0;0.0;1.67;0.0;3
76;66;66140;pr;a;a;l;4;C;115.0;700.0;0.33;0.33;1.33;3
76;66;66140;pr;a;a;l;4;D;73.0;620.0;0.0;0.0;1.0;1
76;66;66140;pr;a;a;l;4;E;69.0;636.0;0.0;0.0;1.0;1
76;66;66140;pr;a;a;l;4;VI;100.0;800.0;0.0;0.0;1.0;1
76;66;66140;pr;a;m;l;2;VI;28.0;460.0;0.0;1.0;0.0;1
76;66;66140;pr;a;m;l;3;0;55.0;650.0;0.0;1.0;0.0;1
76;66;66140;pr;a;m;l;3;F;65.0;590.0;0.0;1.0;0.0;1
76;66;66140;pr;a;m;l;3;VI;66.0;613.5;0.0;0.5;1.0;2
76;66;66140;pr;a;m;l;4;0;113.0;855.0;0.0;0.0;1.0;1
76;66;66140;pr;a;m;l;4;C;90.0;961.0;0.0;0.0;0.0;1
76;66;66140;pr;a;m;l;4;D;89.5;975.0;0.0;1.5;0.0;2
76;66;66140;pr;a;m;l;4;E;84.0;595.0;0.0;0.0;1.0;1
76;66;66140;pr;a;m;l;5;A;90.0;755.0;0.0;1.0;1.0;1
76;66;66140;pr;a;m;l;6;C;101.0;1200.0;0.0;1.0;1.0;1
76;66;66141;pa;a;a;l;2;0;25.0;510.0;0.0;0.0;1.0;1
76;66;66141;pa;a;m;l;4;B;77.0;840.0;0.0;1.0;0.0;1
76;66;66141;pr;a;a;l;1;0;25.0;350.0;0.0;0.0;0.0;1
76;66;66141;pr;a;a;l;1;E;25.0;500.0;0.0;1.0;0.0;1
76;66;66141;pr;a;a;l;1;VI;27.0;400.0;0.0;1.0;0.0;4
76;66;66141;pr;a;a;l;2;0;32.0;430.0;0.0;0.0;1.0;1
76;66;66141;pr;a;a;l;2;B;51.0;520.5;0.5;0.0;1.0;2
76;66;66141;pr;a;a;l;2;C;46.5;473.5;0.25;0.25;0.75;4
76;66;66141;pr;a;a;l;2;D;38.0;485.0;0.0;0.0;1.0;1
76;66;66141;pr;a;a;l;2;E;53.0;580.0;0.0;0.0;1.0;1
76;66;66141;pr;a;a;l;2;VI;30.5;422.0;0.0;0.0;0.5;2
76;66;66141;pr;a;a;l;3;0;72.5;645.0;0.0;0.5;0.0;2
76;66;66141;pr;a;a;l;3;C;62.0;650.0;0.0;0.0;0.0;1
76;66;66141;pr;a;a;l;3;D;39.0;530.0;0.0;0.0;0.0;1
76;66;66141;pr;a;a;l;3;VI;66.5;617.0;0.0;1.0;0.25;4
76;66;66141;pr;a;a;l;4;C;98.0;790.0;0.0;1.0;0.0;1
76;66;66141;pr;a;a;l;4;D;80.0;600.0;0.0;0.0;0.0;1
76;66;66141;pr;a;a;l;4;VI;91.0;650.0;0.0;0.0;2.0;1
76;66;66141;pr;a;a;l;5;B;117.0;1080.0;0.0;0.0;1.0;1
76;66;66141;pr;a;a;l;5;D;115.0;935.0;1.0;1.0;0.0;1
76;66;66141;pr;a;m;l;2;C;57.0;645.0;0.0;0.0;1.0;1
76;66;66141;pr;a;m;l;2;VI;64.0;550.0;0.0;1.0;0.0;2
76;66;66141;pr;a;m;l;3;0;62.0;753.0;0.0;0.33;0.33;6
76;66;66141;pr;a;m;l;3;A;76.0;765.0;0.0;1.0;0.0;1
76;66;66141;pr;a;m;l;3;B;60.0;790.0;0.0;1.0;0.0;1
76;66;66141;pr;a;m;l;3;D;70.0;540.0;0.0;0.0;1.0;1
76;66;66141;pr;a;m;l;3;VI;70.0;690.0;0.0;0.67;0.67;3
76;66;66141;pr;a;m;l;4;0;93.0;820.0;0.0;0.5;0.5;2
76;66;66141;pr;a;m;l;4;A;68.0;852.0;0.0;1.0;0.0;1
76;66;66141;pr;a;m;l;4;B;80.0;1025.0;0.0;1.0;0.0;1
76;66;66141;pr;a;m;l;4;C;89.0;935.0;0.0;0.6;0.6;5
76;66;66141;pr;a;m;l;4;D;83.0;770.0;0.0;0.4;0.4;5
76;66;66141;pr;a;m;l;5;A;102.0;1001.5;0.0;0.5;0.5;2
76;66;66141;pr;a;m;l;7;C;170.0;1085.0;2.0;2.0;1.0;1
76;66;66143;pr;a;m;l;4;NS;75.0;550.0;0.0;0.0;1.0;1
76;66;66144;pr;a;a;l;1;A;26.0;306.0;0.0;1.0;0.0;1
76;66;66144;pr;a;a;l;2;0;44.5;508.0;0.0;0.5;0.5;2
76;66;66144;pr;a;a;l;2;A;39.0;456.5;0.6;1.0;0.0;10
76;66;66144;pr;a;a;l;2;B;38.0;487.0;0.33;1.0;0.0;3
76;66;66144;pr;a;a;l;2;D;66.0;605.0;0.0;1.0;0.0;1
76;66;66144;pr;a;a;l;2;NS;44.5;537.5;0.5;1.0;0.0;2
76;66;66144;pr;a;a;l;2;VI;41.5;480.5;0.0;1.0;0.0;2
76;66;66144;pr;a;a;l;3;A;59.0;615.0;0.53;0.35;0.53;17
76;66;66144;pr;a;a;l;3;B;68.0;670.0;0.0;0.5;0.5;2
76;66;66144;pr;a;a;l;3;D;90.0;770.0;0.0;0.0;0.0;1
76;66;66144;pr;a;a;l;3;E;65.0;594.0;0.0;0.0;1.0;1
76;66;66144;pr;a;a;l;3;NS;62.0;642.5;0.0;0.0;1.0;2
76;66;66144;pr;a;a;l;4;A;71.0;720.0;1.0;1.0;0.0;1
76;66;66144;pr;a;a;l;4;VI;89.0;720.0;0.0;0.0;1.0;1
76;66;66144;pr;a;m;l;2;0;40.5;570.0;0.0;1.0;0.0;2
76;66;66144;pr;a;m;l;3;C;64.0;750.0;0.0;0.0;1.0;1
76;66;66144;pr;a;m;l;4;0;100.0;1100.0;0.0;0.0;2.0;1
76;66;66144;pr;a;m;l;4;D;144.0;1000.0;0.0;1.0;1.0;1
76;66;66144;pr;a;m;l;4;VI;104.0;990.0;0.0;0.5;1.0;2
76;66;66144;pr;a;m;l;5;0;90.0;950.0;0.0;0.0;0.0;1
76;66;66144;pr;a;m;l;5;D;110.0;1170.0;0.0;0.0;0.0;1
76;66;66144;pr;a;m;l;5;E;86.0;543.0;0.0;1.0;0.0;2
76;66;66145;pr;a;a;l;3;0;50.5;415.0;0.25;0.5;0.0;4
76;66;66145;pr;a;a;l;4;D;134.0;800.0;0.0;0.0;0.0;1
76;66;66145;pr;a;m;l;2;0;50.0;560.0;0.0;1.0;0.0;1
76;66;66145;pr;a;m;l;2;D;50.0;430.0;0.0;0.5;0.0;2
76;66;66145;pr;a;m;l;2;VI;25.0;445.0;0.0;1.0;0.0;1
76;66;66145;pr;a;m;l;3;0;50.0;600.0;0.0;0.0;0.0;1
76;66;66145;pr;a;m;l;3;C;54.0;526.0;0.0;0.0;1.0;1
76;66;66145;pr;a;m;l;3;D;53.0;773.0;0.0;0.0;1.0;1
76;66;66145;pr;a;m;l;3;NS;77.5;735.0;0.0;1.0;0.0;2
76;66;66145;pr;a;m;l;4;0;78.5;770.0;0.0;1.0;1.0;2
76;66;66145;pr;a;m;l;4;D;98.0;692.5;0.0;0.0;1.0;2
76;66;66145;pr;a;m;l;5;0;85.0;800.0;0.0;0.0;0.0;1
76;66;66145;pr;a;m;l;5;C;118.0;1116.0;0.0;2.0;0.0;1
76;66;66145;pr;a;m;l;5;D;134.0;900.0;0.0;1.0;1.0;1
76;66;66148;pa;a;a;l;2;0;44.0;500.0;0.0;0.0;1.0;1
76;66;66148;pr;a;a;l;1;0;30.0;384.0;0.0;1.0;0.0;1
76;66;66148;pr;a;a;l;1;A;30.5;337.0;0.0;1.0;0.0;2
76;66;66148;pr;a;a;l;1;D;28.0;423.0;0.0;0.0;1.0;1
76;66;66148;pr;a;a;l;2;0;50.5;547.5;0.5;1.0;0.0;2
76;66;66148;pr;a;a;l;2;A;39.5;496.5;0.5;0.83;0.0;6
76;66;66148;pr;a;a;l;2;B;40.0;494.0;0.33;1.0;0.0;6
76;66;66148;pr;a;a;l;2;C;72.0;800.0;0.0;0.0;1.0;1
76;66;66148;pr;a;a;l;2;D;40.0;440.0;0.0;1.0;0.0;1
76;66;66148;pr;a;a;l;2;E;34.0;590.0;0.0;1.0;0.0;1
76;66;66148;pr;a;a;l;2;VI;41.0;485.0;0.0;0.0;0.57;7
76;66;66148;pr;a;a;l;3;0;65.0;685.0;0.0;0.0;1.0;1
76;66;66148;pr;a;a;l;3;A;78.0;790.0;0.0;0.0;0.5;2
76;66;66148;pr;a;a;l;3;C;61.0;615.0;0.0;0.0;1.0;2
76;66;66148;pr;a;a;l;3;D;48.0;670.0;0.0;0.33;0.33;3
76;66;66148;pr;a;a;l;3;E;42.0;550.0;0.0;1.0;0.0;1
76;66;66148;pr;a;a;l;3;VI;57.0;668.0;0.0;0.4;0.0;5
76;66;66148;pr;a;a;l;4;A;90.0;839.0;0.0;1.0;0.0;1
76;66;66148;pr;a;a;l;4;B;90.0;750.0;1.0;0.0;1.0;1
76;66;66148;pr;a;a;l;4;C;80.0;800.0;0.0;1.0;0.0;1
76;66;66148;pr;a;a;l;4;NS;71.0;695.0;0.0;0.0;0.0;1
76;66;66148;pr;a;a;l;4;VI;91.5;955.0;0.0;0.5;0.5;2
76;66;66148;pr;a;a;l;5;C;95.0;900.0;0.0;0.0;1.0;1
76;66;66149;pa;a;a;l;3;D;80.0;710.0;0.0;0.0;1.0;1
76;66;66149;pr;a;a;l;1;D;22.5;345.0;0.0;0.33;0.17;6
76;66;66149;pr;a;a;l;1;E;28.0;340.0;0.0;0.2;0.6;5
76;66;66149;pr;a;a;l;1;F;15.0;200.0;0.0;0.0;1.0;1
76;66;66149;pr;a;a;l;1;VI;15.0;350.0;0.33;0.67;0.0;3
76;66;66149;pr;a;a;l;2;0;45.0;510.0;0.0;0.0;1.0;1
76;66;66149;pr;a;a;l;2;C;37.5;480.0;0.0;0.5;0.25;4
76;66;66149;pr;a;a;l;2;D;51.5;430.0;0.17;0.25;0.5;12
76;66;66149;pr;a;a;l;2;E;38.5;419.5;0.17;0.67;0.33;6
76;66;66149;pr;a;a;l;2;F;42.0;440.0;0.0;0.0;1.0;1
76;66;66149;pr;a;a;l;2;VI;50.0;470.0;0.0;0.33;0.44;9
76;66;66149;pr;a;a;l;3;0;59.0;600.0;0.0;0.0;1.0;7
76;66;66149;pr;a;a;l;3;C;65.0;600.0;0.2;0.6;0.2;5
76;66;66149;pr;a;a;l;3;D;66.0;600.0;0.38;0.15;0.69;13
76;66;66149;pr;a;a;l;3;E;64.0;490.0;0.0;0.57;0.43;7
76;66;66149;pr;a;a;l;3;F;64.0;465.0;0.0;0.17;0.67;6
76;66;66149;pr;a;a;l;3;VI;61.0;565.0;0.12;0.75;0.25;8
76;66;66149;pr;a;a;l;4;C;76.0;608.0;1.0;0.5;0.75;4
76;66;66149;pr;a;a;l;4;D;80.0;664.0;0.67;0.0;1.0;3
76;66;66149;pr;a;a;l;4;F;88.0;635.0;1.0;0.0;1.0;1
76;66;66149;pr;a;m;l;2;D;61.0;560.0;2.0;1.0;0.0;1
76;66;66149;pr;a;m;l;3;0;50.0;350.0;0.0;0.0;1.0;1
76;66;66149;pr;a;m;l;3;A;68.0;930.0;0.0;0.0;1.0;1
76;66;66149;pr;a;m;l;3;E;72.0;606.0;0.33;0.67;0.33;3
76;66;66149;pr;a;m;l;3;VI;56.0;570.0;0.0;1.0;0.0;1
76;66;66149;pr;a;m;l;4;0;99.0;720.0;0.0;0.0;2.0;2
76;66;66149;pr;a;m;l;4;D;98.0;860.0;0.0;0.0;1.0;1
76;66;66149;pr;a;m;l;4;E;84.0;780.0;0.33;0.33;1.0;3
76;66;66149;pr;a;m;l;4;VI;90.0;785.0;0.0;1.0;0.0;2
76;66;66149;pr;a;m;l;5;0;75.0;665.0;0.0;0.0;1.0;1
76;66;66149;pr;a;m;l;5;C;118.0;925.0;0.0;0.0;2.0;1
76;66;66149;pr;a;m;l;5;D;97.5;807.5;0.0;0.0;2.0;2
76;66;66149;pr;a;m;l;5;NS;100.0;610.0;0.0;0.0;1.0;1
76;66;66149;pr;a;m;l;6;D;139.0;730.0;0.0;1.0;0.0;1
76;66;66149;pr;a;m;l;6;E;161.0;995.0;1.0;0.0;1.0;1
76;66;66150;pr;a;a;l;1;C;35.0;200.0;0.0;0.0;0.0;1
76;66;66150;pr;a;a;l;1;NS;31.0;310.0;0.0;1.0;0.0;1
76;66;66150;pr;a;a;l;2;NS;56.0;460.0;0.0;1.0;0.0;1
76;66;66150;pr;a;a;l;3;E;51.0;380.0;0.0;1.0;0.0;1
76;66;66150;pr;a;a;l;5;D;65.0;775.0;0.0;1.0;1.0;1
76;66;66160;pr;a;a;l;3;0;64.0;685.0;0.5;0.5;0.5;2
76;66;66160;pr;a;a;l;3;C;52.0;585.0;0.0;0.0;1.0;1
76;66;66160;pr;a;a;l;3;D;47.0;440.0;0.0;1.0;0.0;1
76;66;66161;pr;a;a;l;2;D;41.0;345.0;0.0;1.0;0.0;1
76;66;66161;pr;a;a;l;3;C;60.0;660.0;0.0;0.0;1.0;1
76;66;66161;pr;a;a;l;3;D;70.0;577.0;0.0;0.0;0.0;2
76;66;66161;pr;a;a;l;3;VI;68.0;560.0;0.0;0.67;0.33;3
76;66;66161;pr;a;a;l;4;D;80.0;630.0;1.0;0.5;0.5;2
76;66;66161;pr;a;m;l;3;0;47.0;545.0;0.0;0.0;2.0;1
76;66;66161;pr;a;m;l;3;D;87.0;550.0;0.0;1.0;0.0;1
76;66;66161;pr;a;m;l;3;E;60.0;575.0;0.0;0.0;1.0;1
76;66;66161;pr;a;m;l;3;NS;60.0;600.0;0.0;1.0;0.0;1
76;66;66161;pr;a;m;l;4;E;97.0;702.5;0.0;0.0;1.0;2
76;66;66161;pr;a;m;l;5;0;102.5;782.5;0.0;0.0;2.0;2
76;66;66161;pr;a;m;l;6;D;152.0;880.0;1.0;0.0;2.0;1
76;66;66162;pr;a;m;l;5;VI;102.0;895.0;0.0;1.0;0.0;1
76;66;66164;pa;a;a;l;3;0;63.0;570.0;0.0;0.0;1.0;1
76;66;66164;pr;a;a;l;1;C;33.0;321.0;0.0;0.0;0.0;2
76;66;66164;pr;a;a;l;1;D;30.0;400.0;0.0;0.8;0.0;5
76;66;66164;pr;a;a;l;1;VI;22.0;377.5;0.0;0.75;0.0;4
76;66;66164;pr;a;a;l;2;0;45.0;530.0;0.0;0.25;0.0;4
76;66;66164;pr;a;a;l;2;A;38.0;454.5;0.62;0.12;0.75;8
76;66;66164;pr;a;a;l;2;C;44.0;510.0;0.0;0.4;0.4;5
76;66;66164;pr;a;a;l;2;D;44.0;460.0;0.0;0.57;0.0;7
76;66;66164;pr;a;a;l;2;E;45.5;505.0;0.0;0.67;0.17;6
76;66;66164;pr;a;a;l;2;F;60.0;440.0;0.0;1.0;0.0;1
76;66;66164;pr;a;a;l;2;NS;44.5;522.5;0.0;0.5;0.5;2
76;66;66164;pr;a;a;l;2;VI;37.5;440.0;0.0;0.7;0.2;10
76;66;66164;pr;a;a;l;3;0;63.5;540.0;0.17;0.33;0.0;6
76;66;66164;pr;a;a;l;3;A;58.0;620.5;0.0;0.25;0.75;4
76;66;66164;pr;a;a;l;3;B;59.0;600.0;0.0;0.0;0.0;1
76;66;66164;pr;a;a;l;3;C;71.0;609.0;0.0;0.0;0.14;7
76;66;66164;pr;a;a;l;3;D;62.5;560.0;0.0;0.5;0.17;6
76;66;66164;pr;a;a;l;3;E;69.0;537.5;0.25;0.25;0.25;4
76;66;66164;pr;a;a;l;3;F;72.0;670.0;0.0;0.0;1.0;1
76;66;66164;pr;a;a;l;3;NS;57.0;595.0;0.0;0.0;1.0;1
76;66;66164;pr;a;a;l;3;VI;60.0;550.0;0.0;0.82;0.18;11
76;66;66164;pr;a;a;l;4;C;73.0;670.0;0.0;1.0;0.0;1
76;66;66164;pr;a;a;l;4;D;62.0;620.0;0.0;0.33;0.33;3
76;66;66164;pr;a;a;l;4;E;78.0;635.0;0.0;0.0;0.33;3
76;66;66164;pr;a;a;l;4;VI;84.5;604.0;0.0;0.67;0.5;6
76;66;66164;pr;a;a;l;5;E;95.0;690.0;1.0;1.0;0.0;1
76;66;66164;pr;a;a;l;12;A;39.0;480.0;0.0;1.0;0.0;1
76;66;66164;pr;a;m;l;2;D;60.0;620.0;0.0;1.0;0.0;1
76;66;66164;pr;a;m;l;2;E;51.0;550.0;0.0;0.75;0.25;4
76;66;66164;pr;a;m;l;3;D;66.0;575.0;0.4;0.8;0.2;5
76;66;66164;pr;a;m;l;3;F;72.0;670.0;0.0;1.0;0.0;1
76;66;66164;pr;a;m;l;3;VI;65.0;640.0;0.0;1.0;0.0;1
76;66;66164;pr;a;m;l;4;0;98.0;1000.0;0.0;0.0;0.0;1
76;66;66164;pr;a;m;l;4;C;118.0;1106.5;0.0;0.5;0.0;2
76;66;66164;pr;a;m;l;4;D;109.0;900.0;0.0;0.0;0.33;3
76;66;66164;pr;a;m;l;4;G;110.0;700.0;0.0;0.0;0.0;1
76;66;66164;pr;a;m;l;4;VI;100.0;785.0;0.0;0.86;0.43;7
76;66;66164;pr;a;m;l;5;C;125.5;1064.0;0.0;0.25;1.0;4
76;66;66164;pr;a;m;l;5;D;141.0;1531.0;0.0;0.0;0.0;1
76;66;66164;pr;a;m;l;5;VI;77.0;650.0;0.0;1.0;0.0;1
76;66;66164;pr;a;m;l;7;VI;130.0;1100.0;0.0;1.0;0.0;1
76;66;66165;pr;a;a;l;2;A;28.0;480.0;0.0;1.0;0.0;1
76;66;66167;pr;a;a;l;1;VI;30.0;373.0;1.0;0.0;0.0;1
76;66;66167;pr;a;a;l;3;F;56.0;513.0;0.0;0.0;1.0;1
76;66;66167;pr;a;a;l;3;G;60.0;448.0;0.0;0.0;0.0;1
76;66;66167;pr;a;a;l;3;VI;68.5;683.0;0.0;0.0;0.0;2
76;66;66167;pr;a;a;l;4;F;70.0;563.0;0.0;0.0;1.0;1
76;66;66167;pr;a;m;l;4;D;105.0;975.0;2.0;1.0;0.0;1
76;66;66168;pr;a;a;l;2;0;30.0;450.0;0.0;0.0;1.0;1
76;66;66168;pr;a;a;l;2;C;51.0;557.0;0.0;1.0;0.0;2
76;66;66168;pr;a;a;l;2;E;38.0;430.0;0.0;0.8;0.2;5
76;66;66168;pr;a;a;l;2;NS;51.0;555.0;0.0;1.0;0.0;1
76;66;66168;pr;a;a;l;2;VI;43.0;390.0;0.0;1.0;0.0;1
76;66;66168;pr;a;a;l;3;0;62.0;650.0;0.0;0.0;0.0;1
76;66;66168;pr;a;a;l;3;E;44.0;490.0;0.0;1.0;0.0;3
76;66;66168;pr;a;a;l;3;NS;63.0;676.0;0.0;1.0;0.0;2
76;66;66168;pr;a;a;l;3;VI;103.0;660.0;0.0;1.0;1.0;1
76;66;66168;pr;a;m;l;3;C;96.5;830.0;0.0;0.5;0.5;2
76;66;66168;pr;a;m;l;3;NS;81.0;640.0;0.0;1.0;0.0;1
76;66;66168;pr;a;m;l;3;VI;112.5;800.0;0.0;0.5;0.5;2
76;66;66168;pr;a;m;l;4;C;72.0;811.0;0.0;1.0;0.0;1
76;66;66168;pr;a;m;l;4;D;80.0;900.0;0.0;0.0;0.0;1
76;66;66168;pr;a;m;l;4;NS;97.0;719.0;0.0;0.0;1.0;1
76;66;66169;pr;a;m;l;3;VI;51.0;415.0;0.0;0.0;1.0;1
76;66;66171;pa;a;a;l;1;0;26.5;440.0;0.25;0.0;0.25;4
76;66;66171;pa;a;m;l;3;0;43.0;700.0;0.0;1.0;0.0;1
76;66;66171;pa;a;m;l;6;0;86.0;1100.0;0.0;0.0;0.0;1
76;66;66171;pr;a;a;l;1;0;24.5;455.0;0.25;0.5;0.0;4
76;66;66171;pr;a;a;l;1;A;20.0;300.0;0.0;0.0;0.0;1
76;66;66171;pr;a;a;l;1;B;33.0;390.0;0.0;1.0;0.0;1
76;66;66171;pr;a;a;l;1;C;28.0;540.0;0.0;1.0;0.0;1
76;66;66171;pr;a;a;l;1;D;20.5;375.0;0.25;0.5;0.5;4
76;66;66171;pr;a;a;l;1;E;21.0;425.0;0.0;0.67;0.0;3
76;66;66171;pr;a;a;l;1;VI;23.0;460.0;0.0;1.0;0.0;1
76;66;66171;pr;a;a;l;2;0;41.0;530.0;0.1;0.3;0.2;10
76;66;66171;pr;a;a;l;2;A;38.0;485.0;0.13;0.87;0.09;45
76;66;66171;pr;a;a;l;2;B;40.0;500.0;0.3;0.91;0.04;23
76;66;66171;pr;a;a;l;2;C;39.5;610.0;0.12;0.62;0.25;8
76;66;66171;pr;a;a;l;2;D;33.0;513.0;0.06;0.59;0.24;17
76;66;66171;pr;a;a;l;2;E;36.5;490.0;0.12;0.5;0.12;8
76;66;66171;pr;a;a;l;2;F;33.0;515.0;0.0;1.0;0.0;3
76;66;66171;pr;a;a;l;2;NS;34.0;595.0;0.0;0.75;0.25;4
76;66;66171;pr;a;a;l;2;VI;42.0;525.0;0.0;1.0;0.0;5
76;66;66171;pr;a;a;l;3;0;62.0;690.0;0.0;0.46;0.23;13
76;66;66171;pr;a;a;l;3;A;58.0;640.0;0.12;0.55;0.42;33
76;66;66171;pr;a;a;l;3;B;62.0;692.5;0.1;0.7;0.2;20
76;66;66171;pr;a;a;l;3;C;63.0;700.0;0.22;0.44;0.44;9
76;66;66171;pr;a;a;l;3;D;57.0;750.0;0.29;0.0;0.71;7
76;66;66171;pr;a;a;l;3;E;41.0;580.0;0.0;1.0;0.0;1
76;66;66171;pr;a;a;l;3;G;43.0;625.0;0.0;0.0;0.5;2
76;66;66171;pr;a;a;l;3;NS;60.0;690.0;0.0;0.71;0.0;7
76;66;66171;pr;a;a;l;3;VI;72.0;685.0;0.0;1.0;0.0;1
76;66;66171;pr;a;a;l;4;C;94.0;850.0;0.0;1.0;0.0;1
76;66;66171;pr;a;a;l;5;0;40.0;500.0;0.0;0.0;0.0;1
76;66;66171;pr;a;a;l;6;B;127.0;1125.0;0.0;1.0;1.0;1
76;66;66171;pr;a;m;l;2;E;25.0;430.0;0.0;1.0;0.0;1
76;66;66171;pr;a;m;l;2;NS;29.5;623.5;0.0;0.0;0.5;2
76;66;66171;pr;a;m;l;3;0;45.0;490.0;0.0;0.67;0.0;3
76;66;66171;pr;a;m;l;3;C;72.0;875.0;0.0;1.0;0.0;3
76;66;66171;pr;a;m;l;3;D;46.0;680.0;0.0;0.75;0.25;4
76;66;66171;pr;a;m;l;3;E;36.0;700.0;0.0;1.0;0.0;1
76;66;66171;pr;a;m;l;3;NS;34.0;580.0;0.0;1.0;1.0;1
76;66;66171;pr;a;m;l;3;VI;78.0;780.0;0.0;0.0;1.0;1
76;66;66171;pr;a;m;l;4;0;86.0;806.0;0.0;1.12;0.06;16
76;66;66171;pr;a;m;l;4;A;87.0;842.0;0.0;1.0;0.0;3
76;66;66171;pr;a;m;l;4;C;119.0;1325.0;0.5;0.5;0.5;4
76;66;66171;pr;a;m;l;4;D;97.0;1220.0;0.0;2.0;0.0;1
76;66;66171;pr;a;m;l;4;E;72.0;975.0;1.0;0.5;0.75;4
76;66;66171;pr;a;m;l;4;F;95.0;730.0;0.0;0.0;1.0;1
76;66;66171;pr;a;m;l;4;NS;87.0;819.0;0.0;2.0;0.0;1
76;66;66171;pr;a;m;l;4;VI;83.5;883.5;0.0;2.0;0.0;2
76;66;66171;pr;a;m;l;5;B;198.0;2800.0;0.0;0.0;0.0;1
76;66;66171;pr;a;m;l;6;E;132.0;1350.0;2.0;2.0;0.0;1
76;66;66171;pr;network;a;l;3;D;51.0;890.0;1.0;0.0;1.0;1
76;66;66172;pa;a;a;l;2;0;50.0;550.0;0.0;0.0;1.0;1
76;66;66172;pr;a;a;l;1;C;30.5;510.5;0.5;0.5;0.5;2
76;66;66172;pr;a;a;l;1;D;26.0;374.5;0.25;0.5;0.25;4
76;66;66172;pr;a;a;l;1;E;24.0;349.0;0.5;0.25;0.75;4
76;66;66172;pr;a;a;l;2;0;42.0;489.0;0.2;0.4;0.4;5
76;66;66172;pr;a;a;l;2;A;38.0;490.0;0.2;1.0;0.0;5
76;66;66172;pr;a;a;l;2;B;44.5;500.5;0.0;0.0;0.0;2
76;66;66172;pr;a;a;l;2;C;44.0;534.0;0.42;0.36;0.48;33
76;66;66172;pr;a;a;l;2;D;42.0;496.0;0.59;0.08;0.86;37
76;66;66172;pr;a;a;l;2;E;41.0;450.0;1.0;0.0;1.0;2
76;66;66172;pr;a;a;l;2;F;32.0;450.0;0.0;1.0;0.0;1
76;66;66172;pr;a;a;l;2;NS;40.0;489.0;0.0;1.0;0.0;1
76;66;66172;pr;a;a;l;2;VI;48.0;525.0;0.0;0.5;0.0;2
76;66;66172;pr;a;a;l;3;0;58.5;602.0;0.25;0.75;0.25;4
76;66;66172;pr;a;a;l;3;A;49.0;590.0;0.0;1.0;0.0;4
76;66;66172;pr;a;a;l;3;B;61.0;600.0;0.0;0.0;0.0;1
76;66;66172;pr;a;a;l;3;C;62.0;655.0;0.34;0.27;0.63;41
76;66;66172;pr;a;a;l;3;D;62.0;614.0;0.58;0.26;0.74;19
76;66;66172;pr;a;a;l;3;E;61.0;675.0;1.0;0.0;1.0;1
76;66;66172;pr;a;a;l;3;F;61.0;654.0;1.0;0.0;1.0;1
76;66;66172;pr;a;a;l;3;VI;59.0;600.0;0.29;0.43;0.43;7
76;66;66172;pr;a;a;l;4;0;89.0;820.0;0.0;0.0;1.0;1
76;66;66172;pr;a;a;l;4;A;80.0;812.0;0.0;2.0;0.0;1
76;66;66172;pr;a;a;l;4;C;87.0;790.0;0.67;0.33;0.67;3
76;66;66172;pr;a;a;l;4;D;87.0;700.0;0.33;0.0;0.67;3
76;66;66172;pr;a;a;l;4;NS;90.0;800.0;0.0;1.0;0.0;1
76;66;66172;pr;a;m;l;2;C;50.0;600.0;0.0;0.0;0.0;1
76;66;66172;pr;a;m;l;2;D;38.0;480.0;0.0;1.0;0.0;1
76;66;66172;pr;a;m;l;2;NS;55.0;530.0;0.0;1.0;0.0;1
76;66;66172;pr;a;m;l;2;VI;27.0;350.0;0.0;1.0;0.0;1
76;66;66172;pr;a;m;l;3;C;67.5;700.0;0.0;1.0;0.0;2
76;66;66172;pr;a;m;l;3;D;88.0;790.0;0.0;0.67;0.33;3
76;66;66172;pr;a;m;l;3;E;68.0;680.0;0.0;1.0;0.0;1
76;66;66172;pr;a;m;l;3;VI;70.0;755.0;0.0;2.0;0.0;1
76;66;66172;pr;a;m;l;4;B;94.0;1300.0;0.0;1.0;0.0;1
76;66;66172;pr;a;m;l;4;C;95.0;887.5;0.0;0.25;0.75;4
76;66;66172;pr;a;m;l;4;D;95.0;780.0;0.0;1.43;0.29;7
76;66;66172;pr;a;m;l;4;E;91.5;840.0;0.0;0.5;0.5;2
76;66;66172;pr;a;m;l;5;B;91.0;990.0;0.0;0.0;1.0;1
76;66;66172;pr;a;m;l;5;C;104.0;1000.0;0.0;0.0;1.0;1
76;66;66172;pr;a;m;l;5;D;96.0;870.0;0.0;0.0;1.33;3
76;66;66172;pr;a;m;l;5;E;109.0;910.0;0.0;0.0;0.0;1
76;66;66172;pr;a;m;l;6;C;148.0;1300.0;0.0;0.5;1.5;2
76;66;66173;pr;a;m;l;3;0;65.0;600.0;0.0;0.0;1.0;1
76;66;66173;pr;a;m;l;3;D;70.0;580.0;0.0;1.0;0.0;1
76;66;66173;pr;a;m;l;3;VI;72.5;671.0;0.0;0.5;0.0;2
76;66;66173;pr;a;m;l;4;C;94.0;645.0;0.0;0.67;0.33;3
76;66;66174;pr;a;a;l;1;NS;26.0;360.0;0.0;1.0;0.0;1
76;66;66174;pr;a;a;l;2;0;33.0;370.0;0.0;0.5;0.0;2
76;66;66174;pr;a;a;l;2;D;34.0;370.0;0.0;0.0;0.0;1
76;66;66174;pr;a;a;l;2;VI;37.0;506.5;0.0;0.5;0.0;2
76;66;66174;pr;a;a;l;3;0;65.5;577.5;0.0;0.5;0.0;2
76;66;66174;pr;a;a;l;3;C;52.0;645.0;0.0;1.0;0.0;1
76;66;66174;pr;a;a;l;3;D;57.5;527.5;0.25;0.5;0.5;4
76;66;66174;pr;a;a;l;3;NS;60.0;575.0;0.0;1.0;0.0;1
76;66;66174;pr;a;a;l;3;VI;58.5;640.0;0.0;0.0;0.5;2
76;66;66174;pr;a;a;l;4;B;116.0;855.0;0.0;1.0;1.0;1
76;66;66174;pr;a;m;l;2;NS;45.0;415.0;0.0;0.0;0.0;1
76;66;66174;pr;a;m;l;3;A;53.0;534.0;0.0;0.0;1.0;1
76;66;66174;pr;a;m;l;3;B;60.0;400.0;0.0;0.0;0.0;1
76;66;66174;pr;a;m;l;3;D;62.0;564.5;0.0;1.0;0.0;2
76;66;66174;pr;a;m;l;3;VI;40.0;450.0;0.0;1.0;0.0;1
76;66;66174;pr;a;m;l;4;0;85.0;771.0;0.0;0.0;1.0;1
76;66;66174;pr;a;m;l;4;A;92.0;988.0;0.0;0.0;1.0;1
76;66;66174;pr;a;m;l;4;B;119.0;760.0;0.0;0.0;1.0;1
76;66;66174;pr;a;m;l;4;F;75.0;560.0;0.0;1.0;0.0;1
76;66;66175;pa;a;a;l;4;D;89.0;850.0;1.0;1.0;0.0;1
76;66;66175;pr;a;a;l;1;NS;25.0;380.0;0.0;1.0;0.0;1
76;66;66175;pr;a;a;l;2;D;26.0;400.0;0.0;1.0;0.0;2
76;66;66175;pr;a;a;l;2;NS;42.0;390.0;0.0;1.0;0.0;1
76;66;66175;pr;a;a;l;3;0;60.0;570.5;0.0;0.75;0.25;4
76;66;66175;pr;a;a;l;3;C;88.0;750.0;0.0;1.0;0.0;1
76;66;66175;pr;a;a;l;3;E;77.0;661.0;0.0;1.0;0.0;2
76;66;66175;pr;a;a;l;3;NS;59.0;600.0;0.0;1.0;0.0;1
76;66;66175;pr;a;a;l;4;D;88.0;850.0;0.0;1.0;0.0;1
76;66;66175;pr;a;m;l;2;0;50.0;495.0;0.0;1.0;0.0;1
76;66;66175;pr;a;m;l;3;D;70.0;900.0;0.0;1.0;0.0;1
76;66;66175;pr;a;m;l;4;0;110.0;1150.0;0.0;2.0;0.0;1
76;66;66176;pr;a;a;l;1;D;28.0;420.0;0.0;1.0;0.0;1
76;66;66176;pr;a;a;l;2;D;51.0;453.0;0.0;1.0;0.0;1
76;66;66176;pr;a;a;l;2;VI;44.0;610.0;0.0;1.0;0.0;2
76;66;66176;pr;a;a;l;3;C;64.0;875.0;0.0;1.0;0.0;1
76;66;66176;pr;a;a;l;3;D;55.0;560.0;0.0;0.5;0.5;2
76;66;66176;pr;a;m;l;2;D;55.0;519.0;0.0;1.0;0.0;1
76;66;66176;pr;a;m;l;2;VI;46.0;719.0;0.0;0.0;1.0;1
76;66;66176;pr;a;m;l;3;0;85.0;720.0;0.0;0.0;1.0;1
76;66;66176;pr;a;m;l;3;C;68.0;720.0;0.0;0.0;0.0;1
76;66;66176;pr;a;m;l;3;D;53.0;550.0;0.0;1.0;0.0;1
76;66;66176;pr;a;m;l;3;E;54.0;548.0;0.0;1.0;0.0;1
76;66;66176;pr;a;m;l;3;NS;67.0;595.0;0.0;1.0;0.0;2
76;66;66176;pr;a;m;l;3;VI;86.0;715.0;0.0;1.0;0.0;1
76;66;66176;pr;a;m;l;4;B;132.0;775.0;0.0;1.0;1.0;1
76;66;66176;pr;a;m;l;4;C;70.0;590.0;0.0;1.33;0.67;3
76;66;66177;pr;a;a;l;2;D;37.0;435.0;0.0;1.0;0.0;2
76;66;66177;pr;a;a;l;4;C;73.5;641.5;0.0;0.5;1.0;2
76;66;66177;pr;a;m;l;3;C;88.0;900.0;0.0;1.0;0.0;1
76;66;66177;pr;a;m;l;4;B;132.0;1050.0;0.0;1.0;1.0;1
76;66;66177;pr;a;m;l;4;C;137.0;1445.0;0.0;0.0;0.0;1
76;66;66177;pr;a;m;l;4;D;75.0;790.0;0.0;1.0;0.0;1
76;66;66177;pr;a;m;l;8;D;171.0;1464.0;0.0;0.0;2.0;1
76;66;66178;pr;a;a;l;2;G;48.0;300.0;0.0;0.0;0.0;1
76;66;66178;pr;a;a;l;2;VI;48.0;450.0;0.0;1.0;0.0;1
76;66;66178;pr;a;a;l;3;0;80.0;740.0;2.0;0.0;1.0;1
76;66;66178;pr;a;a;l;3;C;60.0;590.0;0.0;0.0;1.0;1
76;66;66178;pr;a;a;l;3;D;90.0;690.0;0.0;0.0;1.0;1
76;66;66178;pr;a;a;l;4;B;105.0;895.0;0.0;2.0;0.0;1
76;66;66178;pr;a;a;l;4;C;85.0;752.0;0.0;0.0;0.0;2
76;66;66178;pr;a;a;l;4;E;70.0;513.0;0.0;0.0;1.0;1
76;66;66178;pr;a;m;l;2;D;35.0;410.0;0.0;1.0;0.0;1
76;66;66178;pr;a;m;l;3;A;68.0;770.0;0.0;1.0;0.0;2
76;66;66178;pr;a;m;l;3;D;75.0;645.0;0.0;0.0;1.0;1
76;66;66178;pr;a;m;l;4;E;78.0;680.0;0.0;2.0;0.0;1
76;66;66178;pr;a;m;l;5;C;125.0;1000.0;0.0;1.0;0.0;1
76;66;66178;pr;a;m;l;6;A;123.0;1150.0;0.0;0.0;0.0;1
76;66;66180;pr;a;a;l;1;0;30.5;372.5;0.0;0.5;0.5;2
76;66;66180;pr;a;a;l;1;A;24.0;290.0;1.0;1.0;0.0;1
76;66;66180;pr;a;a;l;1;C;26.5;388.5;0.5;0.0;0.5;2
76;66;66180;pr;a;a;l;1;D;26.0;455.0;1.0;1.0;0.0;1
76;66;66180;pr;a;a;l;1;VI;31.5;450.0;0.25;0.5;0.25;4
76;66;66180;pr;a;a;l;2;0;40.0;500.0;0.0;0.14;0.0;7
76;66;66180;pr;a;a;l;2;A;40.0;475.0;0.07;0.93;0.0;15
76;66;66180;pr;a;a;l;2;C;47.0;545.0;0.52;0.07;0.81;27
76;66;66180;pr;a;a;l;2;D;44.0;470.0;0.0;0.64;0.27;11
76;66;66180;pr;a;a;l;2;E;31.0;396.0;0.0;0.67;0.0;3
76;66;66180;pr;a;a;l;2;F;40.0;490.0;0.0;1.0;0.0;1
76;66;66180;pr;a;a;l;2;NS;43.0;495.0;0.0;0.0;0.0;1
76;66;66180;pr;a;a;l;2;VI;32.0;420.0;0.0;0.67;0.33;3
76;66;66180;pr;a;a;l;3;0;55.0;560.0;0.0;0.57;0.29;7
76;66;66180;pr;a;a;l;3;A;59.0;645.0;0.11;1.0;0.0;19
76;66;66180;pr;a;a;l;3;B;57.5;683.0;0.0;1.5;0.0;2
76;66;66180;pr;a;a;l;3;C;62.5;644.0;0.62;0.06;0.75;16
76;66;66180;pr;a;a;l;3;D;56.5;577.5;0.17;0.67;0.33;6
76;66;66180;pr;a;a;l;3;E;73.5;690.0;0.0;0.0;0.0;2
76;66;66180;pr;a;a;l;3;F;50.0;495.0;0.0;0.0;1.0;1
76;66;66180;pr;a;a;l;3;VI;60.0;580.0;0.0;1.0;0.0;1
76;66;66180;pr;a;a;l;4;C;107.5;849.0;0.0;1.0;0.0;2
76;66;66180;pr;a;a;l;4;NS;113.0;800.0;0.0;1.0;0.0;1
76;66;66180;pr;a;m;l;2;E;33.0;450.0;0.0;1.0;0.0;1
76;66;66180;pr;a;m;l;2;VI;56.0;706.0;0.0;0.5;0.5;2
76;66;66180;pr;a;m;l;3;0;67.0;590.0;0.0;0.8;0.0;5
76;66;66180;pr;a;m;l;3;C;62.5;844.5;0.0;1.5;0.0;2
76;66;66180;pr;a;m;l;3;D;62.0;750.0;0.0;1.33;0.0;3
76;66;66180;pr;a;m;l;3;E;55.0;410.0;0.0;0.0;1.0;1
76;66;66180;pr;a;m;l;3;VI;63.0;550.0;0.0;1.0;0.0;7
76;66;66180;pr;a;m;l;4;0;100.0;873.0;0.0;0.0;1.0;1
76;66;66180;pr;a;m;l;4;C;92.0;900.0;0.0;0.67;0.33;3
76;66;66180;pr;a;m;l;4;D;94.5;975.0;0.0;0.0;1.0;2
76;66;66180;pr;a;m;l;4;E;95.0;1070.0;0.0;1.0;0.0;1
76;66;66180;pr;a;m;l;5;C;102.0;1007.5;0.0;1.0;0.5;2
76;66;66180;pr;a;m;l;5;D;110.0;945.0;0.0;1.0;1.0;1
76;66;66181;pr;a;a;l;1;G;24.0;322.0;1.0;0.0;1.0;1
76;66;66181;pr;a;a;l;2;F;20.0;350.0;1.0;1.0;0.0;1
76;66;66181;pr;a;a;l;2;G;25.0;373.0;0.0;0.0;1.0;1
76;66;66182;pr;a;a;l;1;0;20.0;280.0;0.0;0.0;0.0;1
76;66;66182;pr;a;a;l;1;E;20.0;299.0;0.0;1.0;0.0;1
76;66;66182;pr;a;a;l;2;0;37.5;477.5;0.0;0.0;1.0;2
76;66;66182;pr;a;a;l;2;D;36.0;720.0;0.0;1.0;0.0;1
76;66;66182;pr;a;a;l;2;E;39.0;452.5;0.0;0.0;1.0;2
76;66;66182;pr;a;a;l;3;0;65.0;598.0;0.0;0.0;1.2;5
76;66;66182;pr;a;a;l;3;C;60.0;715.0;0.0;1.0;0.0;1
76;66;66182;pr;a;a;l;3;D;53.0;705.0;0.0;1.0;0.0;1
76;66;66182;pr;a;a;l;3;NS;61.5;760.0;0.5;1.0;0.0;2
76;66;66182;pr;a;a;l;5;0;115.0;950.0;0.0;0.0;1.0;1
76;66;66182;pr;a;a;l;5;C;110.0;970.0;0.0;0.0;0.0;1
76;66;66182;pr;a;m;l;2;0;38.0;600.0;0.0;0.0;0.0;1
76;66;66182;pr;a;m;l;3;0;55.0;950.0;0.0;1.0;0.0;1
76;66;66182;pr;a;m;l;3;D;60.0;716.0;0.0;1.0;0.0;3
76;66;66182;pr;a;m;l;3;VI;80.0;550.0;0.0;1.0;0.0;1
76;66;66182;pr;a;m;l;5;C;107.0;1100.0;0.0;1.0;1.0;1
76;66;66182;pr;a;m;l;5;D;95.0;751.0;0.0;1.0;0.0;1
76;66;66184;pr;a;a;l;2;A;50.0;600.0;0.0;0.0;0.0;1
76;66;66185;pr;a;a;l;2;VI;39.0;550.0;0.0;1.0;0.0;1
76;66;66185;pr;a;a;l;3;C;65.5;655.0;0.0;1.0;0.0;2
76;66;66185;pr;a;a;l;3;VI;62.0;620.0;0.0;1.0;0.0;2
76;66;66185;pr;a;a;l;4;D;94.0;800.0;0.0;0.0;0.0;1
76;66;66185;pr;a;m;l;3;D;86.0;820.0;0.0;0.0;0.0;1
76;66;66186;pr;a;a;l;2;D;42.0;545.0;0.0;1.0;0.0;1
76;66;66186;pr;a;a;l;2;E;35.0;400.0;0.0;0.0;0.0;1
76;66;66186;pr;a;a;l;3;0;58.5;602.5;0.0;0.5;0.5;2
76;66;66186;pr;a;a;l;3;D;57.0;622.0;0.0;0.33;0.0;3
76;66;66186;pr;a;a;l;4;D;93.0;900.0;0.0;0.0;0.0;1
76;66;66186;pr;a;m;l;3;0;73.0;650.0;0.0;1.0;0.0;1
76;66;66186;pr;a;m;l;5;D;132.0;1200.0;0.0;1.0;1.0;1
76;66;66187;pr;a;a;l;3;C;64.0;529.0;0.0;0.0;0.67;3
76;66;66187;pr;a;a;l;3;D;76.0;580.0;0.0;0.0;1.0;1
76;66;66187;pr;a;a;l;4;D;65.0;550.0;0.0;1.0;0.0;1
76;66;66187;pr;a;m;l;3;VI;75.0;468.0;0.0;1.0;0.0;1
76;66;66187;pr;a;m;l;4;F;83.0;702.0;1.0;0.0;1.0;1
76;66;66188;pr;a;a;l;3;E;50.0;400.0;1.0;1.0;0.0;1
76;66;66189;pr;a;a;l;1;0;30.0;550.0;0.0;0.0;0.0;1
76;66;66189;pr;a;a;l;1;B;30.0;427.0;0.5;0.75;0.25;4
76;66;66189;pr;a;a;l;1;C;30.0;405.0;0.0;1.0;0.0;1
76;66;66189;pr;a;a;l;2;0;52.5;875.0;0.0;0.0;0.0;2
76;66;66189;pr;a;a;l;2;B;45.0;559.0;0.33;0.33;0.67;3
76;66;66189;pr;a;a;l;2;C;41.5;478.5;0.25;0.25;0.75;4
76;66;66189;pr;a;a;l;2;D;40.0;482.0;0.2;0.0;1.2;5
76;66;66189;pr;a;a;l;2;E;37.0;486.0;0.0;0.0;1.0;2
76;66;66189;pr;a;a;l;2;NS;48.0;566.0;0.0;1.0;0.0;1
76;66;66189;pr;a;a;l;2;VI;37.0;472.0;0.0;0.0;1.0;1
76;66;66189;pr;a;a;l;3;0;60.0;990.0;0.0;0.0;0.0;1
76;66;66189;pr;a;a;l;3;B;64.0;726.0;0.33;0.0;1.0;3
76;66;66189;pr;a;a;l;3;C;62.0;746.5;0.5;1.0;0.0;2
76;66;66189;pr;a;a;l;3;D;63.0;730.0;0.0;2.0;0.0;1
76;66;66189;pr;a;a;l;3;VI;59.0;600.0;0.0;0.33;0.0;3
76;66;66189;pr;a;a;l;4;B;93.0;880.0;0.5;0.0;0.5;2
76;66;66189;pr;a;a;l;5;C;135.0;1035.0;0.0;1.0;1.0;1
76;66;66189;pr;a;m;l;2;D;45.0;580.5;0.0;1.0;0.0;2
76;66;66189;pr;a;m;l;3;0;80.0;900.0;0.0;0.0;1.0;1
76;66;66189;pr;a;m;l;3;C;103.0;650.0;0.0;0.0;1.0;1
76;66;66189;pr;a;m;l;3;D;73.0;670.0;0.0;2.0;0.0;2
76;66;66189;pr;a;m;l;4;C;98.0;1050.0;0.0;0.0;1.0;1
76;66;66189;pr;a;m;l;4;D;115.5;1225.0;0.0;1.0;0.0;2
76;66;66189;pr;a;m;l;5;0;200.0;1500.0;0.0;2.0;0.0;1
76;66;66189;pr;a;m;l;5;A;120.0;930.0;0.0;1.0;1.0;1
76;66;66189;pr;a;m;l;5;C;108.0;1023.0;0.0;0.5;2.0;2
76;66;66189;pr;a;m;l;5;D;133.0;940.0;0.0;0.33;1.33;3
76;66;66189;pr;a;m;l;6;E;131.0;1300.0;0.0;0.0;2.0;1
76;66;66190;pr;a;a;l;1;0;35.0;400.0;0.0;0.0;0.0;1
76;66;66190;pr;a;a;l;2;0;45.0;475.0;0.0;0.0;0.0;1
76;66;66190;pr;a;a;l;2;D;46.0;500.0;0.0;1.0;1.0;1
76;66;66190;pr;a;a;l;2;VI;43.0;460.0;0.0;1.0;0.0;1
76;66;66190;pr;a;a;l;3;0;72.0;385.0;0.0;0.0;1.0;1
76;66;66190;pr;a;a;l;3;C;49.0;560.0;0.0;1.0;0.0;1
76;66;66190;pr;a;a;l;3;D;67.5;469.5;0.0;0.5;0.75;4
76;66;66190;pr;a;a;l;4;0;75.0;722.0;0.0;2.0;0.0;1
76;66;66190;pr;a;m;l;2;D;58.0;560.0;0.0;1.0;0.0;1
76;66;66190;pr;a;m;l;2;VI;41.0;415.0;0.0;1.0;0.0;1
76;66;66190;pr;a;m;l;3;0;67.0;750.0;0.0;0.0;0.0;1
76;66;66190;pr;a;m;l;4;0;88.0;820.0;0.0;0.0;1.0;1
76;66;66190;pr;a;m;l;4;B;82.0;1350.0;0.0;1.0;1.0;1
76;66;66190;pr;a;m;l;4;C;84.0;595.0;0.0;0.0;0.0;1
76;66;66190;pr;a;m;l;4;NS;82.0;1350.0;0.0;10.0;1.0;1
76;66;66190;pr;a;m;l;4;VI;75.0;600.0;0.0;0.67;1.33;3
76;66;66190;pr;a;m;l;5;D;107.0;1200.0;0.0;0.0;1.0;1
76;66;66190;pr;a;m;l;5;E;115.0;1205.0;0.0;0.0;0.0;1
76;66;66190;pr;a;m;l;5;VI;100.0;1200.0;0.0;1.0;0.0;1
76;66;66190;pr;a;m;l;6;0;140.0;990.0;0.0;1.0;1.0;1
76;66;66195;pr;a;a;l;1;G;21.0;320.0;0.0;1.0;0.0;1
76;66;66195;pr;a;a;l;2;0;45.0;567.5;0.0;0.0;1.0;2
76;66;66195;pr;a;a;l;2;C;70.0;521.0;0.0;0.0;1.0;1
76;66;66195;pr;a;a;l;2;D;44.0;575.0;0.25;0.5;0.25;4
76;66;66195;pr;a;a;l;2;E;28.0;345.0;0.0;1.0;0.0;1
76;66;66195;pr;a;a;l;2;NS;40.0;550.0;0.0;0.67;0.33;6
76;66;66195;pr;a;a;l;2;VI;36.5;471.5;0.0;0.5;0.0;6
76;66;66195;pr;a;a;l;3;0;57.5;639.0;0.0;0.5;0.5;2
76;66;66195;pr;a;a;l;3;C;63.0;650.0;0.0;0.6;0.2;5
76;66;66195;pr;a;a;l;3;D;61.5;645.5;0.25;0.5;0.5;8
76;66;66195;pr;a;a;l;3;E;66.0;590.0;0.33;0.67;0.33;3
76;66;66195;pr;a;a;l;3;F;88.0;608.0;0.0;0.0;0.0;1
76;66;66195;pr;a;a;l;3;NS;57.5;657.5;0.0;0.5;0.5;2
76;66;66195;pr;a;a;l;3;VI;66.0;618.0;0.0;0.2;0.6;5
76;66;66195;pr;a;a;l;4;A;75.0;596.0;0.0;0.0;1.0;1
76;66;66195;pr;a;a;l;4;B;11.5;350.0;0.0;0.0;0.0;4
76;66;66195;pr;a;a;l;4;C;79.0;760.0;0.0;0.33;0.33;3
76;66;66195;pr;a;a;l;4;D;98.0;681.0;0.0;0.0;1.0;2
76;66;66195;pr;a;a;l;4;VI;88.0;768.0;0.0;0.0;1.0;1
76;66;66195;pr;a;a;l;5;C;139.0;902.0;0.0;0.5;0.5;2
76;66;66195;pr;a;a;l;5;VI;98.5;736.0;0.0;0.5;0.0;2
76;66;66195;pr;a;m;l;3;E;51.5;634.5;0.0;0.5;0.5;2
76;66;66195;pr;a;m;l;3;VI;55.5;602.5;0.0;1.0;0.0;2
76;66;66195;pr;a;m;l;4;0;72.0;590.0;1.0;2.0;0.0;1
76;66;66195;pr;a;m;l;4;C;96.0;825.0;0.0;0.4;0.6;5
76;66;66195;pr;a;m;l;4;D;81.5;810.0;0.0;0.0;0.83;6
76;66;66195;pr;a;m;l;4;E;67.0;820.0;0.0;1.0;0.0;1
76;66;66195;pr;a;m;l;4;NS;89.0;1150.0;0.0;0.0;1.0;1
76;66;66195;pr;a;m;l;5;C;115.0;1095.0;0.0;0.5;1.0;2
76;66;66195;pr;a;m;l;5;D;127.0;885.0;0.0;0.0;1.0;1
76;66;66195;pr;m;a;l;1;VI;31.0;530.0;0.0;0.0;0.0;1
76;66;66195;pr;m;a;l;3;VI;61.0;550.0;0.67;0.0;0.0;3
76;66;66196;pa;a;a;l;1;C;25.0;400.0;0.0;0.0;1.0;1
76;66;66196;pr;a;a;l;1;VI;17.0;335.0;0.0;1.0;0.0;1
76;66;66196;pr;a;a;l;2;0;55.0;550.0;0.0;1.0;0.0;1
76;66;66196;pr;a;a;l;2;C;33.0;455.0;0.0;1.0;0.0;2
76;66;66196;pr;a;a;l;2;E;54.0;563.0;0.0;1.0;0.0;1
76;66;66196;pr;a;a;l;3;0;65.0;750.0;0.0;1.0;0.0;1
76;66;66196;pr;a;a;l;3;E;72.0;600.0;0.0;1.0;0.0;1
76;66;66196;pr;a;a;l;3;NS;46.0;490.0;0.0;1.0;0.0;1
76;66;66196;pr;a;a;l;4;C;116.0;950.0;0.0;1.0;0.0;1
76;66;66196;pr;a;a;l;4;E;99.0;680.0;0.0;0.0;2.0;2
76;66;66196;pr;a;m;l;2;0;46.0;690.0;0.0;1.0;0.0;1
76;66;66196;pr;a;m;l;2;E;34.0;555.0;0.0;1.0;0.0;1
76;66;66196;pr;a;m;l;3;0;66.0;940.0;0.0;1.0;0.0;2
76;66;66196;pr;a;m;l;3;D;34.0;510.0;0.0;1.0;0.0;1
76;66;66198;pr;a;m;l;6;0;160.0;500.0;0.0;0.0;0.0;1
76;66;66204;pr;a;m;l;3;0;60.0;609.0;0.0;0.0;1.0;1
76;66;66204;pr;a;m;l;3;E;68.0;726.0;0.0;0.0;0.0;1
76;66;66205;pa;a;m;l;4;D;100.5;750.0;1.0;1.0;0.0;2
76;66;66205;pr;a;a;l;3;VI;47.0;502.5;0.0;1.0;0.0;2
76;66;66205;pr;a;m;l;4;E;78.0;690.0;0.0;2.0;0.0;1
76;66;66207;pr;a;a;l;2;E;40.0;400.0;0.0;1.0;0.0;1
76;66;66207;pr;a;a;l;3;NS;65.0;570.0;1.0;1.0;0.0;1
76;66;66207;pr;a;m;l;2;0;46.0;410.0;0.0;1.0;0.0;1
76;66;66207;pr;a;m;l;4;C;80.0;690.0;0.0;0.0;1.0;1
76;66;66207;pr;a;m;l;6;A;153.0;1174.0;1.0;2.0;1.0;1
76;66;66208;pr;a;a;l;2;0;43.0;520.0;0.0;0.0;0.33;3
76;66;66208;pr;a;a;l;2;A;39.0;476.0;0.0;0.93;0.0;14
76;66;66208;pr;a;a;l;2;B;38.0;445.0;0.18;0.64;0.0;11
76;66;66208;pr;a;a;l;2;E;50.0;530.0;0.0;1.0;0.0;1
76;66;66208;pr;a;a;l;3;0;44.0;505.0;0.0;1.0;0.0;2
76;66;66208;pr;a;a;l;3;A;55.0;605.0;0.0;1.0;0.0;5
76;66;66208;pr;a;a;l;3;B;62.0;635.0;0.0;1.0;0.0;2
76;66;66208;pr;a;a;l;3;C;58.0;600.0;0.0;0.67;0.33;3
76;66;66208;pr;a;m;l;5;D;138.0;980.0;1.0;2.0;0.0;1
76;66;66210;pr;a;a;l;1;0;24.0;355.0;0.0;0.75;0.0;4
76;66;66210;pr;a;a;l;1;C;18.0;258.0;0.0;1.0;0.0;1
76;66;66210;pr;a;a;l;1;D;36.5;410.0;0.0;0.5;0.0;2
76;66;66210;pr;a;a;l;1;E;17.0;207.0;0.0;1.0;0.0;1
76;66;66210;pr;a;a;l;1;NS;35.0;350.0;0.0;0.0;0.0;1
76;66;66210;pr;a;a;l;1;VI;28.0;298.0;0.0;1.0;0.0;1
76;66;66210;pr;a;a;l;2;0;38.0;400.0;0.14;0.57;0.14;7
76;66;66210;pr;a;a;l;2;A;38.0;461.5;1.0;1.0;0.0;2
76;66;66210;pr;a;a;l;2;D;44.5;461.0;0.0;0.75;0.0;4
76;66;66210;pr;a;a;l;2;E;28.0;305.0;6.0;1.0;0.0;3
76;66;66210;pr;a;a;l;2;NS;41.0;460.0;0.0;0.0;1.0;1
76;66;66210;pr;a;a;l;2;VI;37.0;482.5;0.0;0.25;0.0;4
76;66;66210;pr;a;a;l;3;0;66.0;600.0;0.0;0.28;0.17;18
76;66;66210;pr;a;a;l;3;B;53.0;485.0;0.0;1.0;0.0;1
76;66;66210;pr;a;a;l;3;C;66.0;640.0;0.0;0.5;0.5;6
76;66;66210;pr;a;a;l;3;D;66.0;549.0;0.0;0.2;0.4;5
76;66;66210;pr;a;a;l;3;E;68.0;586.0;0.25;0.25;0.75;4
76;66;66210;pr;a;a;l;3;G;47.0;500.0;0.0;0.0;0.0;1
76;66;66210;pr;a;a;l;3;VI;62.0;595.0;0.0;0.56;0.33;9
76;66;66210;pr;a;a;l;4;C;100.0;790.0;0.0;1.0;1.0;1
76;66;66210;pr;a;a;l;4;E;80.0;737.5;0.0;0.0;0.5;2
76;66;66210;pr;a;a;l;4;VI;77.0;710.0;0.0;0.5;0.0;2
76;66;66210;pr;a;m;l;2;E;47.0;490.0;0.0;0.5;0.0;2
76;66;66210;pr;a;m;l;2;VI;48.5;527.0;0.0;0.5;0.0;2
76;66;66210;pr;a;m;l;3;0;60.0;620.0;0.0;0.0;1.0;1
76;66;66210;pr;a;m;l;3;D;67.5;581.0;0.0;0.5;0.0;2
76;66;66210;pr;a;m;l;3;E;69.0;810.0;0.0;0.0;1.0;1
76;66;66210;pr;a;m;l;3;F;53.0;700.0;0.0;0.0;0.0;1
76;66;66210;pr;a;m;l;3;VI;76.0;690.0;0.0;0.33;0.0;3
76;66;66210;pr;a;m;l;4;0;85.0;665.0;0.0;0.33;0.33;3
76;66;66210;pr;a;m;l;4;C;130.0;845.0;0.0;1.0;0.0;1
76;66;66210;pr;a;m;l;4;D;95.0;780.0;0.0;1.0;0.0;2
76;66;66210;pr;a;m;l;4;NS;300.0;670.0;0.0;0.0;0.0;1
76;66;66210;pr;a;m;l;4;VI;80.5;801.0;0.0;1.0;0.5;2
76;66;66210;pr;a;m;l;5;0;109.5;1050.0;0.0;0.33;0.5;6
76;66;66210;pr;a;m;l;5;C;104.0;700.0;0.0;0.0;0.0;1
76;66;66210;pr;a;m;l;5;NS;115.0;1205.0;0.0;2.0;1.0;1
76;66;66210;pr;a;m;l;5;VI;117.0;800.0;0.0;2.0;0.0;1
76;66;66210;pr;a;m;l;6;C;189.0;1275.0;0.0;0.0;1.0;1
76;66;66210;pr;a;m;l;6;VI;119.0;750.0;0.0;0.0;0.0;1
76;66;66212;pr;a;a;l;2;0;42.0;425.5;0.0;0.5;0.0;2
76;66;66212;pr;a;a;l;2;D;41.0;530.0;0.0;0.0;1.0;3
76;66;66212;pr;a;a;l;2;E;55.0;550.0;0.0;1.0;0.0;1
76;66;66212;pr;a;a;l;2;NS;45.0;700.0;1.0;1.0;0.0;1
76;66;66212;pr;a;a;l;2;VI;38.0;525.0;0.0;1.0;0.0;1
76;66;66212;pr;a;a;l;3;0;55.0;544.5;0.0;0.25;0.5;4
76;66;66212;pr;a;a;l;3;C;65.5;667.5;0.0;0.5;0.5;2
76;66;66212;pr;a;a;l;3;D;62.0;690.0;0.0;1.0;0.0;1
76;66;66212;pr;a;a;l;3;VI;60.0;556.0;0.0;0.0;1.0;1
76;66;66212;pr;a;a;l;4;0;85.0;700.0;0.0;0.0;0.0;1
76;66;66212;pr;a;a;l;4;B;84.0;795.0;0.0;1.0;0.0;1
76;66;66212;pr;a;a;l;4;D;103.0;784.0;0.0;0.0;1.0;1
76;66;66212;pr;a;a;l;4;VI;70.0;600.0;0.0;0.0;1.0;1
76;66;66212;pr;a;a;l;5;A;250.0;1200.0;0.0;0.0;2.0;1
76;66;66212;pr;a;m;l;2;VI;31.0;490.0;0.0;1.0;0.0;1
76;66;66212;pr;a;m;l;3;0;58.0;620.0;0.0;1.0;0.0;1
76;66;66212;pr;a;m;l;3;C;75.0;700.0;0.0;1.0;0.0;2
76;66;66212;pr;a;m;l;3;D;50.0;750.0;0.0;0.0;1.0;1
76;66;66212;pr;a;m;l;3;E;53.5;572.5;0.0;1.0;0.5;2
76;66;66212;pr;a;m;l;4;C;104.0;1930.0;0.0;1.5;0.0;2
76;66;66212;pr;a;m;l;4;D;71.0;850.0;0.0;1.0;0.67;3
76;66;66212;pr;a;m;l;4;E;60.0;675.0;0.0;1.0;0.0;1
76;66;66212;pr;a;m;l;5;C;107.0;960.0;1.0;1.0;1.0;1
76;66;66212;pr;a;m;l;5;E;239.0;1650.0;0.0;0.0;2.0;1
76;66;66212;pr;a;m;l;6;E;239.0;1650.0;5.0;2.0;0.0;1
76;66;66213;pr;a;a;l;1;E;28.0;390.0;0.0;0.0;1.0;1
76;66;66213;pr;a;a;l;1;VI;32.0;360.0;0.0;1.0;0.0;1
76;66;66213;pr;a;a;l;2;D;38.0;520.0;0.0;1.0;0.0;1
76;66;66213;pr;a;a;l;2;E;43.0;565.0;0.0;1.0;0.0;1
76;66;66213;pr;a;a;l;2;VI;41.0;485.0;0.0;1.0;0.0;1
76;66;66213;pr;a;a;l;3;0;61.5;665.0;0.0;1.0;0.0;2
76;66;66213;pr;a;a;l;3;C;68.0;619.0;0.0;0.33;0.33;3
76;66;66213;pr;a;a;l;3;D;68.0;682.5;0.0;0.17;0.67;6
76;66;66213;pr;a;a;l;3;G;53.0;435.0;0.0;1.0;0.0;1
76;66;66213;pr;a;a;l;3;VI;65.5;582.0;0.0;0.5;0.5;2
76;66;66213;pr;a;a;l;4;C;68.5;622.5;0.5;0.5;0.0;2
76;66;66213;pr;a;a;l;4;D;143.0;913.0;1.0;0.0;2.0;1
76;66;66213;pr;a;a;l;4;VI;95.0;800.0;1.0;1.0;0.0;1
76;66;66213;pr;a;m;l;2;E;38.0;455.0;0.0;1.0;0.0;1
76;66;66213;pr;a;m;l;2;NS;49.0;480.0;0.0;1.0;0.0;1
76;66;66213;pr;a;m;l;3;0;60.0;617.5;0.0;0.5;0.5;2
76;66;66213;pr;a;m;l;3;B;76.0;790.0;0.0;2.0;0.0;1
76;66;66213;pr;a;m;l;3;C;99.5;750.0;0.0;0.0;1.0;2
76;66;66213;pr;a;m;l;3;E;72.0;670.0;0.0;1.0;0.0;1
76;66;66213;pr;a;m;l;3;F;60.0;690.0;0.0;1.0;0.0;1
76;66;66213;pr;a;m;l;4;0;80.0;700.0;0.0;0.0;0.0;1
76;66;66213;pr;a;m;l;4;C;92.0;818.0;0.0;0.33;0.67;3
76;66;66213;pr;a;m;l;4;D;90.0;680.0;0.0;1.0;1.0;1
76;66;66213;pr;a;m;l;5;0;130.0;1200.0;0.0;0.0;1.0;1
76;66;66213;pr;a;m;l;5;C;175.0;1260.0;0.0;1.0;1.0;2
76;66;66213;pr;a;m;l;5;D;134.5;1100.0;0.0;0.0;1.0;2
76;66;66214;pr;a;a;l;1;G;29.0;430.0;0.0;1.0;0.0;1
76;66;66214;pr;a;a;l;2;D;63.0;595.0;0.0;0.0;1.0;1
76;66;66214;pr;a;a;l;4;VI;85.0;600.0;0.0;0.0;1.0;1
76;66;66214;pr;a;m;l;3;NS;72.0;710.0;0.0;1.0;0.0;2
76;66;66214;pr;a;m;l;4;C;89.0;815.0;0.0;1.0;0.0;1
76;66;66217;pr;a;a;l;3;0;90.0;695.0;0.0;0.0;1.0;2
76;66;66217;pr;a;a;l;3;E;52.0;545.0;0.0;1.0;0.0;1
76;66;66217;pr;a;a;l;3;VI;81.0;690.0;0.0;1.0;0.0;1
76;66;66217;pr;a;a;l;4;D;100.0;700.0;0.0;0.0;0.0;1
76;66;66217;pr;a;m;l;2;D;63.0;500.0;0.0;2.0;0.0;1
76;66;66217;pr;a;m;l;2;NS;44.0;410.0;0.0;0.0;1.0;1
76;66;66217;pr;a;m;l;3;0;102.0;570.0;0.0;1.0;0.0;1
76;66;66217;pr;a;m;l;3;NS;79.0;690.0;0.0;1.0;0.0;1
76;66;66217;pr;a;m;l;4;D;76.0;715.0;0.0;1.0;0.0;1
76;66;66217;pr;a;m;l;4;E;105.0;640.0;0.0;0.0;1.0;1
76;66;66217;pr;a;m;l;4;VI;73.0;675.0;0.0;1.0;0.0;1
76;66;66217;pr;a;m;l;5;A;100.0;1100.0;0.0;0.0;1.0;1
76;66;66217;pr;a;m;l;5;E;114.0;860.0;0.0;0.0;0.5;2
76;66;66218;pr;a;a;l;3;G;57.0;583.0;1.0;1.0;0.0;1
76;66;66218;pr;a;a;l;4;F;70.0;583.0;0.0;0.0;1.0;1
76;66;66221;pr;a;a;l;3;C;46.0;400.0;0.0;0.0;0.0;1
76;66;66222;pr;a;a;l;1;D;30.0;530.0;0.0;1.0;0.0;1
76;66;66222;pr;a;a;l;1;E;26.0;390.0;0.67;0.0;1.0;3
76;66;66222;pr;a;a;l;1;F;24.0;350.0;0.0;0.0;1.0;1
76;66;66222;pr;a;a;l;2;B;40.0;400.0;1.0;1.0;0.0;1
76;66;66222;pr;a;a;l;2;D;55.0;650.0;0.0;0.0;0.0;1
76;66;66222;pr;a;a;l;2;F;40.0;390.0;0.0;0.0;1.0;3
76;66;66222;pr;a;a;l;3;0;45.0;400.0;0.0;0.0;0.0;1
76;66;66222;pr;a;a;l;3;D;54.0;470.0;2.0;0.0;1.0;1
76;66;66222;pr;a;a;l;3;E;62.5;502.0;0.5;0.0;1.0;2
76;66;66222;pr;a;a;l;3;F;58.0;500.0;0.0;0.0;1.0;3
76;66;66222;pr;a;a;l;3;VI;62.0;561.0;0.0;1.0;0.0;1
76;66;66222;pr;a;a;l;4;G;70.0;680.0;1.0;1.0;0.0;1
76;66;66222;pr;a;m;l;3;0;48.0;460.0;0.0;0.0;1.0;1
76;66;66222;pr;a;m;l;3;VI;46.0;428.0;1.0;1.0;0.0;1
76;66;66222;pr;a;m;l;4;C;180.0;1300.0;0.0;0.0;0.0;1
76;66;66222;pr;a;m;l;6;E;165.0;690.0;0.0;0.0;1.0;1
76;66;66224;pr;a;a;l;1;A;42.0;620.0;0.0;1.0;0.0;1
76;66;66224;pr;a;a;l;1;VI;18.0;320.0;0.0;1.0;0.0;1
76;66;66224;pr;a;a;l;2;0;40.0;499.0;0.0;1.0;0.0;1
76;66;66224;pr;a;a;l;2;VI;40.0;499.0;0.0;1.0;0.0;1
76;66;66224;pr;a;a;l;3;0;55.0;585.0;0.0;0.0;1.0;2
76;66;66224;pr;a;a;l;3;D;45.0;500.0;0.0;1.0;0.0;1
76;66;66224;pr;a;a;l;3;VI;45.0;550.0;0.0;1.0;0.0;1
76;66;66224;pr;a;a;l;4;C;83.0;740.0;0.0;1.0;0.0;1
76;66;66224;pr;a;a;l;4;VI;70.0;650.0;0.0;2.0;0.0;1
76;66;66224;pr;a;m;l;2;D;60.0;500.0;0.0;1.0;0.0;1
76;66;66224;pr;a;m;l;3;0;38.0;410.0;0.0;1.0;0.0;2
76;66;66224;pr;a;m;l;3;B;85.0;595.0;0.0;1.0;0.0;1
76;66;66224;pr;a;m;l;3;D;52.0;612.0;0.0;1.0;0.0;1
76;66;66224;pr;a;m;l;4;0;80.0;830.0;0.0;0.0;1.0;1
76;66;66224;pr;a;m;l;4;B;90.0;1250.0;0.0;1.0;1.0;1
76;66;66224;pr;a;m;l;4;VI;84.0;845.0;0.0;0.5;1.0;2
76;66;66224;pr;a;m;l;5;0;103.0;1600.0;0.0;0.0;0.0;1
76;66;66225;pr;a;a;l;2;D;45.0;461.0;0.0;0.0;1.0;1
76;66;66225;pr;a;a;l;3;C;62.0;720.0;0.0;1.0;0.0;1
76;66;66225;pr;a;m;l;3;C;63.0;790.0;0.0;1.0;0.0;2
76;66;66226;pr;a;a;l;2;0;43.0;445.0;0.0;1.0;0.0;1
76;66;66226;pr;a;a;l;3;VI;77.0;535.0;0.0;1.0;0.0;1
76;66;66226;pr;a;a;l;4;0;67.0;600.0;0.0;0.0;0.0;2
76;66;66226;pr;a;a;l;4;VI;65.0;635.0;0.0;1.0;0.0;1
76;66;66226;pr;a;m;l;5;E;129.0;846.0;0.0;0.0;0.0;1
76;66;66226;pr;a;m;l;5;NS;129.0;900.0;0.0;1.0;1.0;1
76;66;66227;pa;a;m;l;2;0;45.0;500.0;1.0;1.0;0.0;1
76;66;66227;pr;a;a;l;1;VI;30.0;470.0;0.0;0.67;0.0;3
76;66;66227;pr;a;a;l;2;0;47.0;540.0;0.0;0.0;1.0;1
76;66;66227;pr;a;a;l;2;A;45.0;540.0;0.0;1.0;0.0;2
76;66;66227;pr;a;a;l;2;C;52.0;630.0;0.0;1.0;0.0;1
76;66;66227;pr;a;a;l;2;D;53.0;455.0;0.0;1.0;0.0;1
76;66;66227;pr;a;a;l;2;E;43.0;484.0;1.0;1.0;0.0;1
76;66;66227;pr;a;a;l;2;VI;45.0;535.0;0.0;1.0;0.0;1
76;66;66227;pr;a;a;l;3;0;60.0;700.0;0.33;0.33;0.33;3
76;66;66227;pr;a;a;l;3;C;57.0;690.0;0.0;0.0;1.0;1
76;66;66227;pr;a;a;l;3;D;63.0;610.0;0.0;0.0;0.0;1
76;66;66227;pr;a;a;l;3;E;63.0;686.0;0.0;0.0;1.0;1
76;66;66227;pr;a;a;l;3;VI;66.0;770.0;0.0;0.8;0.0;5
76;66;66227;pr;a;a;l;4;0;91.0;1040.0;0.0;0.5;0.5;2
76;66;66227;pr;a;a;l;4;C;90.0;1180.0;0.0;0.0;1.0;1
76;66;66227;pr;a;m;l;2;C;65.0;560.0;0.0;1.0;0.0;1
76;66;66227;pr;a;m;l;3;0;70.0;830.0;0.0;0.0;1.0;1
76;66;66227;pr;a;m;l;4;0;84.0;1100.0;0.0;0.33;1.0;3
76;66;66227;pr;a;m;l;4;A;90.0;850.0;0.0;1.0;0.0;1
76;66;66227;pr;a;m;l;4;C;107.0;1200.0;0.0;1.0;1.0;1
76;66;66227;pr;a;m;l;4;D;101.0;1050.0;0.0;0.33;0.67;3
76;66;66227;pr;a;m;l;4;VI;89.0;920.0;0.0;0.0;0.0;1
76;66;66227;pr;a;m;l;5;C;120.0;1172.0;0.0;1.0;1.0;1
76;66;66227;pr;a;m;l;5;D;96.0;1220.0;0.0;0.0;1.0;1
76;66;66227;pr;a;m;l;5;E;98.0;870.0;0.0;1.0;1.0;1
76;66;66227;pr;a;m;l;6;E;108.0;1120.0;0.0;1.0;0.0;1
76;66;66227;pr;a;m;l;7;D;159.0;1700.0;0.0;0.0;2.0;1
76;66;66228;pr;a;a;l;1;VI;19.0;350.0;0.0;1.0;0.0;1
76;66;66228;pr;a;a;l;2;D;39.0;480.0;0.0;0.0;1.0;1
76;66;66228;pr;a;a;l;2;E;33.0;470.0;0.0;1.0;0.0;1
76;66;66228;pr;a;a;l;2;F;48.0;417.0;0.0;1.0;0.0;1
76;66;66228;pr;a;a;l;2;VI;47.0;456.0;0.0;0.0;1.0;1
76;66;66228;pr;a;a;l;4;VI;80.0;740.0;0.0;0.0;1.0;1
76;66;66228;pr;a;m;l;3;0;50.0;497.0;0.0;0.0;0.0;1
76;66;66228;pr;a;m;l;3;D;66.0;620.0;0.0;1.0;0.0;1
76;66;66228;pr;a;m;l;4;C;83.0;889.0;0.0;1.0;0.0;1
76;66;66228;pr;a;m;l;4;D;78.5;870.0;0.0;0.0;0.5;2
76;66;66228;pr;a;m;l;4;E;97.0;782.5;0.0;0.0;1.0;2
76;66;66230;pa;a;a;l;1;0;23.0;350.0;0.0;0.0;0.0;1
76;66;66230;pr;a;a;l;1;C;25.0;265.0;0.0;1.0;0.0;1
76;66;66230;pr;a;a;l;1;D;25.0;265.0;0.0;1.0;0.0;1
76;66;66230;pr;a;a;l;1;VI;22.0;380.0;0.0;0.0;0.0;1
76;66;66230;pr;a;a;l;2;F;37.5;388.5;0.0;0.0;1.0;2
76;66;66230;pr;a;a;l;2;VI;47.5;485.0;0.0;1.0;0.0;2
76;66;66230;pr;a;a;l;3;VI;52.0;550.0;0.0;1.0;0.0;1
76;66;66230;pr;a;m;l;3;0;63.0;493.0;0.0;0.0;0.0;1
76;66;66230;pr;a;m;l;3;A;72.0;715.0;0.0;0.5;0.0;2
76;66;66230;pr;a;m;l;3;D;85.0;630.0;0.0;1.0;0.0;1
76;66;66230;pr;a;m;l;3;E;73.0;570.0;0.33;0.33;0.67;3
76;66;66230;pr;a;m;l;3;F;69.0;590.0;0.0;1.0;0.0;1
76;66;66230;pr;a;m;l;4;0;90.0;600.0;0.0;0.0;0.0;1
76;66;66230;pr;a;m;l;4;F;116.0;970.0;0.0;1.0;1.0;1
76;66;66230;pr;a;m;l;5;D;86.0;695.0;0.0;0.0;2.0;1
76;66;66231;pr;a;m;l;5;B;111.0;940.0;0.0;0.0;1.0;1
