REG;DEP;INSEE_COM;type_annonceur;categorie_annonceur;typedebien;typedetransaction;nb_pieces;dpeL;surface_median;prix_bien_median;prix_m2_vente_median;loyer_m2_median_n7;taux_rendement_moy;balcon_moy;eau_moy;bain_moy;nb_log_en_vente
94.0;2B;2B007;pr;a;m;v;16;0;400.0;294000.0;735.0;;;0.0;0.0;0.0;1
94.0;2B;2B007;pr;a;m;v;3;NS;52.0;85000.0;1634.62;;;0.0;0.0;1.0;1
94.0;2B;2B009;pr;a;a;v;2;D;56.0;149500.0;2669.64;13.02;0.059;0.0;0.0;0.0;1
94.0;2B;2B009;pr;a;a;v;3;C;70.0;189000.0;2700.0;9.12;0.041;0.0;0.0;0.0;1
94.0;2B;2B009;pr;a;a;v;3;E;64.0;95000.0;1484.38;9.12;0.074;0.0;0.0;0.0;1
94.0;2B;2B009;pr;a;m;v;10;0;200.0;270000.0;1350.0;;;0.0;0.0;0.0;1
94.0;2B;2B009;pr;a;m;v;4;0;90.0;260000.0;2888.89;10.27;0.043;0.0;0.0;0.0;1
94.0;2B;2B009;pr;a;m;v;4;C;115.0;372500.0;3239.13;10.27;0.038;0.0;0.0;0.0;1
94.0;2B;2B009;pr;a;m;v;5;B;173.0;414500.0;2395.96;9.01;0.046;0.0;0.5;0.5;2
94.0;2B;2B009;pr;a;m;v;5;C;175.0;720000.0;4114.29;9.01;0.026;0.0;0.0;0.0;1
94.0;2B;2B010;pr;a;a;v;3;0;47.0;145000.0;3085.11;;;0.0;1.0;0.0;1
94.0;2B;2B010;pr;a;a;v;3;B;74.0;317200.0;4286.49;;;0.0;0.0;1.0;1
94.0;2B;2B010;pr;a;a;v;5;E;100.0;493500.0;4935.0;;;0.0;0.0;0.0;1
94.0;2B;2B010;pr;a;m;v;5;D;153.0;1050000.0;6862.75;;;0.0;2.0;1.0;1
94.0;2B;2B010;pr;a;m;v;5;E;114.0;595000.0;5219.3;;;0.0;0.0;1.0;1
94.0;2B;2B010;pr;a;m;v;9;B;360.0;2038950.0;5663.75;;;0.0;3.0;2.0;1
94.0;2B;2B010;pr;a;m;vp;4;D;145.0;1490000.0;10275.86;;;0.0;2.0;1.0;1
94.0;2B;2B020;pr;a;a;v;1;D;23.0;88600.0;3843.18;;;0.0;0.5;0.5;2
94.0;2B;2B020;pr;a;a;v;2;D;42.0;135000.0;3214.29;;;0.0;0.0;1.0;1
94.0;2B;2B020;pr;a;a;v;2;E;38.5;135525.0;3542.27;;;0.5;0.5;0.5;2
94.0;2B;2B020;pr;a;a;v;3;0;78.0;336000.0;4307.69;;;0.0;0.0;0.0;1
94.0;2B;2B020;pr;a;a;v;3;D;55.0;189500.0;3445.45;;;0.0;1.0;0.0;1
94.0;2B;2B020;pr;a;m;v;2;F;57.0;382000.0;6701.75;;;0.0;0.0;1.0;1
94.0;2B;2B020;pr;a;m;v;4;C;137.0;1179000.0;8589.72;;;0.0;2.5;0.5;2
94.0;2B;2B020;pr;a;m;v;4;D;100.0;842000.0;8420.0;;;0.0;3.0;0.0;1
94.0;2B;2B020;pr;a;m;v;6;0;150.0;570000.0;3800.0;;;0.0;0.0;2.0;1
94.0;2B;2B029;pr;a;a;v;1;VI;30.0;94935.0;3164.5;;;0.0;1.0;1.0;1
94.0;2B;2B029;pr;a;a;v;3;VI;65.0;209310.0;3220.15;;;0.0;0.0;1.0;1
94.0;2B;2B033;pr;a;a;pi;2;D;35.0;160000.0;4571.43;13.62;0.036;0.0;0.0;0.0;1
94.0;2B;2B033;pr;a;a;v;1;0;22.0;90000.0;4090.91;17.24;0.075;0.0;0.0;0.0;3
94.0;2B;2B033;pr;a;a;v;1;B;24.0;83500.0;3479.16;17.24;0.06;0.0;0.5;0.0;2
94.0;2B;2B033;pr;a;a;v;1;C;29.0;104000.0;3586.21;17.24;0.063;0.0;0.33;0.33;3
94.0;2B;2B033;pr;a;a;v;1;E;29.0;102600.0;3537.93;17.24;0.058;0.0;0.0;0.0;1
94.0;2B;2B033;pr;a;a;v;1;VI;27.5;109000.0;4007.58;17.24;0.052;0.0;0.5;0.0;2
94.0;2B;2B033;pr;a;a;v;10;0;80.0;210000.0;2625.0;;;0.0;1.0;0.0;1
94.0;2B;2B033;pr;a;a;v;10;VI;226.0;632000.0;2796.46;;;0.0;2.0;0.0;1
94.0;2B;2B033;pr;a;a;v;2;0;42.0;112000.0;2923.08;13.62;0.058;0.11;0.22;0.33;9
94.0;2B;2B033;pr;a;a;v;2;A;52.0;184000.0;3538.46;13.62;0.046;0.0;1.0;0.0;1
94.0;2B;2B033;pr;a;a;v;2;C;51.0;149200.0;2880.42;13.62;0.058;0.12;0.25;0.0;8
94.0;2B;2B033;pr;a;a;v;2;D;45.5;152803.5;3281.74;13.62;0.048;0.0;0.5;0.17;6
94.0;2B;2B033;pr;a;a;v;2;E;50.0;79000.0;1580.0;13.62;0.103;0.0;0.0;1.0;1
94.0;2B;2B033;pr;a;a;v;2;F;39.0;94000.0;2410.26;13.62;0.068;0.0;0.0;1.0;1
94.0;2B;2B033;pr;a;a;v;2;NS;50.0;163800.0;3276.0;13.62;0.05;0.0;0.0;1.0;1
94.0;2B;2B033;pr;a;a;v;2;VI;34.5;92000.0;2762.82;13.62;0.064;0.0;0.5;0.5;2
94.0;2B;2B033;pr;a;a;v;3;0;70.5;236000.0;2987.55;11.18;0.047;0.15;0.42;0.15;26
94.0;2B;2B033;pr;a;a;v;3;B;74.0;169000.0;2283.78;11.18;0.06;0.0;0.33;0.67;3
94.0;2B;2B033;pr;a;a;v;3;C;70.0;189500.0;2628.48;11.18;0.056;0.23;0.09;0.73;22
94.0;2B;2B033;pr;a;a;v;3;D;74.0;189000.0;2828.95;11.18;0.052;0.07;0.13;0.67;15
94.0;2B;2B033;pr;a;a;v;3;E;67.0;198000.0;2891.56;11.18;0.048;0.12;0.38;0.38;8
94.0;2B;2B033;pr;a;a;v;3;NS;55.0;119000.0;2163.64;11.18;0.062;0.0;0.0;1.0;1
94.0;2B;2B033;pr;a;a;v;3;VI;60.0;148400.0;2473.33;11.18;0.057;0.2;0.4;0.4;5
94.0;2B;2B033;pr;a;a;v;4;0;94.0;245000.0;2899.84;10.71;0.048;0.23;0.13;0.2;30
94.0;2B;2B033;pr;a;a;v;4;B;90.0;255000.0;2989.13;10.71;0.048;0.11;0.22;0.78;9
94.0;2B;2B033;pr;a;a;v;4;C;100.0;305000.0;3240.74;10.71;0.042;0.2;0.4;0.67;15
94.0;2B;2B033;pr;a;a;v;4;D;95.0;242500.0;2843.75;10.71;0.051;0.33;0.17;0.5;6
94.0;2B;2B033;pr;a;a;v;4;E;80.0;225000.0;2812.5;10.71;0.046;0.0;0.0;0.0;1
94.0;2B;2B033;pr;a;a;v;4;NS;75.0;180000.0;2400.0;10.71;0.054;0.0;0.0;1.0;1
94.0;2B;2B033;pr;a;a;v;4;VI;101.0;349000.0;3034.78;10.71;0.045;0.14;0.71;0.29;7
94.0;2B;2B033;pr;a;a;v;5;0;137.5;406250.0;2954.82;12.17;0.049;0.0;0.0;0.0;2
94.0;2B;2B033;pr;a;a;v;5;C;104.0;180000.0;1818.18;12.17;0.083;0.0;0.2;0.4;5
94.0;2B;2B033;pr;a;a;v;5;D;110.0;398000.0;3618.18;12.17;0.04;0.0;0.0;0.0;1
94.0;2B;2B033;pr;a;a;v;5;E;97.0;264500.0;2726.8;12.17;0.054;0.0;0.0;1.0;1
94.0;2B;2B033;pr;a;a;v;5;NS;116.5;338500.0;2770.9;12.17;0.06;0.0;0.5;0.5;2
94.0;2B;2B033;pr;a;a;v;5;VI;115.0;201400.0;2061.11;12.17;0.066;0.0;0.0;0.33;3
94.0;2B;2B033;pr;a;a;v;6;0;132.0;399000.0;3022.73;9.83;0.039;0.0;2.0;1.0;1
94.0;2B;2B033;pr;a;a;v;6;D;156.0;314750.0;2027.63;9.83;0.06;0.0;1.0;0.5;2
94.0;2B;2B033;pr;a;a;v;6;NS;160.0;575000.0;3593.75;9.83;0.033;0.0;0.0;2.0;1
94.0;2B;2B033;pr;a;a;v;8;0;210.0;290000.0;1380.95;;;1.0;2.0;0.0;1
94.0;2B;2B033;pr;a;a;v;8;C;129.0;260000.0;2015.5;;;0.0;0.0;0.0;1
94.0;2B;2B033;pr;a;a;v;8;D;183.0;700000.0;3825.14;;;0.0;0.0;0.0;1
94.0;2B;2B033;pr;a;a;v;8;VI;183.0;700000.0;3825.14;;;2.0;1.0;0.0;1
94.0;2B;2B033;pr;a;a;vp;4;0;140.0;660000.0;4714.29;10.71;0.027;1.0;1.0;1.0;1
94.0;2B;2B033;pr;a;a;vp;7;0;132.0;693000.0;5250.0;;;0.0;0.0;0.0;1
94.0;2B;2B033;pr;a;a;vp;7;B;150.0;560000.0;3733.33;;;1.0;0.0;1.0;1
94.0;2B;2B033;pr;a;m;v;10;0;230.0;399000.0;1734.78;;;0.0;2.0;1.0;1
94.0;2B;2B033;pr;a;m;v;10;D;250.0;660000.0;2640.0;;;0.0;0.0;0.0;1
94.0;2B;2B033;pr;a;m;v;11;E;243.0;660000.0;2716.05;;;0.0;0.0;0.0;1
94.0;2B;2B033;pr;a;m;v;12;0;600.0;2990000.0;4983.33;;;0.0;0.0;0.0;1
94.0;2B;2B033;pr;a;m;v;3;0;89.0;240000.0;2696.63;11.67;0.052;0.0;0.0;0.0;1
94.0;2B;2B033;pr;a;m;v;3;F;75.0;140000.0;1866.67;11.67;0.075;0.0;1.0;0.0;1
94.0;2B;2B033;pr;a;m;v;3;VI;89.0;248000.0;2786.52;11.67;0.05;0.0;0.0;0.0;1
94.0;2B;2B033;pr;a;m;v;4;0;112.5;442500.0;4163.74;9.6;0.028;0.0;0.25;0.75;4
94.0;2B;2B033;pr;a;m;v;4;D;168.0;750000.0;4464.29;9.6;0.026;0.0;0.0;0.0;1
94.0;2B;2B033;pr;a;m;v;4;E;110.0;500000.0;4241.07;9.6;0.03;0.0;0.0;0.0;2
94.0;2B;2B033;pr;a;m;v;4;F;137.0;318000.0;2321.17;9.6;0.05;0.0;2.0;0.0;1
94.0;2B;2B033;pr;a;m;v;4;VI;130.0;590500.0;4542.31;9.6;0.025;0.0;0.0;0.0;1
94.0;2B;2B033;pr;a;m;v;5;0;147.5;524750.0;3564.82;12.13;0.04;0.0;0.5;0.5;2
94.0;2B;2B033;pr;a;m;v;5;NS;280.0;220000.0;785.71;12.13;0.185;0.0;0.0;0.0;1
94.0;2B;2B033;pr;a;m;v;5;VI;141.5;585900.0;4325.06;12.13;0.036;0.0;0.0;0.0;2
94.0;2B;2B033;pr;a;m;v;6;0;188.5;842500.0;4162.42;16.94;0.06;0.0;0.0;0.0;2
94.0;2B;2B033;pr;a;m;v;6;E;185.0;830000.0;4486.49;16.94;0.045;0.0;0.0;0.0;1
94.0;2B;2B033;pr;a;m;v;6;VI;127.0;594300.0;4679.53;16.94;0.043;0.0;0.0;0.0;1
94.0;2B;2B033;pr;a;m;v;7;0;235.0;560000.0;2464.41;;;0.0;1.5;0.5;2
94.0;2B;2B033;pr;a;m;v;7;D;285.0;750000.0;2631.58;;;0.0;0.0;0.0;1
94.0;2B;2B033;pr;a;m;v;7;NS;280.0;779000.0;2782.14;;;0.0;0.0;3.0;1
94.0;2B;2B033;pr;a;m;vp;4;0;130.0;699900.0;5383.85;9.6;0.021;0.0;0.0;0.0;1
94.0;2B;2B033;pr;a;m;vp;7;0;230.0;985000.0;4282.61;;;0.0;0.0;3.0;1
94.0;2B;2B033;pr;a;m;vp;7;D;200.0;895000.0;4475.0;;;0.0;0.0;3.0;1
94.0;2B;2B033;pr;ca;a;v;3;0;68.0;380000.0;5507.25;11.18;0.031;0.0;0.0;0.0;3
94.0;2B;2B033;pr;ca;a;v;4;0;113.5;540000.0;4794.09;10.71;0.027;0.0;0.0;0.0;2
94.0;2B;2B033;pr;ca;an;v;1;0;29.0;90000.0;3103.45;17.24;0.07;0.0;0.0;0.0;3
94.0;2B;2B033;pr;ca;an;v;2;0;44.0;129882.0;2913.04;13.62;0.056;0.0;0.0;0.0;19
94.0;2B;2B033;pr;ca;an;v;3;0;69.0;200250.0;2922.92;11.18;0.045;0.0;0.0;0.0;22
94.0;2B;2B033;pr;ca;an;v;4;0;87.0;300000.0;3488.37;10.71;0.039;0.0;0.0;0.0;3
94.0;2B;2B033;pr;ca;an;v;5;0;205.0;830000.0;4048.78;12.17;0.036;0.0;0.0;0.0;1
94.0;2B;2B033;pr;cm;m;v;3;0;78.0;253500.0;3250.0;11.67;0.043;0.0;0.0;0.0;1
94.0;2B;2B033;pr;cm;mn;v;3;0;78.0;277800.0;3561.54;11.67;0.039;0.0;0.0;0.0;1
94.0;2B;2B033;pr;cm;mn;v;4;0;95.0;348800.0;3671.58;9.6;0.031;0.0;0.0;0.0;1
94.0;2B;2B033;pr;m;a;v;2;0;73.0;204500.0;2801.37;13.62;0.058;1.0;0.0;1.0;1
94.0;2B;2B033;pr;m;a;v;2;D;58.0;125000.0;2155.17;13.62;0.076;0.0;0.0;0.0;1
94.0;2B;2B033;pr;m;a;v;3;C;70.0;198000.0;2828.57;11.18;0.047;1.0;0.0;0.0;1
94.0;2B;2B033;pr;m;a;v;4;0;82.0;169500.0;2067.07;10.71;0.062;0.0;1.0;0.0;1
94.0;2B;2B033;pr;m;a;v;4;B;70.0;148000.0;2114.29;10.71;0.061;0.0;0.0;0.0;1
94.0;2B;2B033;pr;m;a;v;4;D;77.0;199500.0;2590.91;10.71;0.05;0.0;1.0;0.0;1
94.0;2B;2B033;pr;m;a;v;5;0;100.0;239000.0;2390.0;12.17;0.061;0.0;1.0;1.0;1
94.0;2B;2B034;pr;a;a;pi;2;G;33.0;110000.0;3333.33;;;0.0;0.0;0.0;1
94.0;2B;2B034;pr;a;a;pi;3;0;33.0;115000.0;3492.64;;;0.0;0.0;0.0;2
94.0;2B;2B034;pr;a;a;v;3;VI;32.0;109500.0;3421.88;;;0.0;0.0;1.0;1
94.0;2B;2B034;pr;a;m;v;7;0;102.0;212000.0;2078.43;;;1.0;1.0;0.0;1
94.0;2B;2B034;pr;cm;mn;v;4;0;91.0;395000.0;4340.66;;;0.0;0.0;0.0;1
94.0;2B;2B036;pr;m;m;v;3;D;82.0;291500.0;3554.88;;;0.0;1.0;0.0;1
94.0;2B;2B037;pr;a;a;v;2;0;68.5;151500.0;2246.82;14.76;0.079;0.0;0.5;0.0;2
94.0;2B;2B037;pr;a;a;v;2;C;82.0;165500.0;2022.47;14.76;0.079;0.0;1.0;0.0;3
94.0;2B;2B037;pr;a;a;v;2;D;57.0;162000.0;2842.11;14.76;0.062;0.0;1.0;0.0;1
94.0;2B;2B037;pr;a;a;v;2;VI;49.0;128000.0;2612.24;14.76;0.068;0.0;1.0;0.0;1
94.0;2B;2B037;pr;a;a;v;3;0;67.0;220000.0;3013.7;10.94;0.048;0.0;0.0;0.0;5
94.0;2B;2B037;pr;a;a;v;3;C;66.5;174800.0;2520.83;10.94;0.051;0.5;0.0;0.83;6
94.0;2B;2B037;pr;a;a;v;3;D;70.5;144400.0;2200.94;10.94;0.061;0.0;0.12;0.62;8
94.0;2B;2B037;pr;a;a;v;3;E;61.0;160000.0;2622.95;10.94;0.05;1.0;1.0;0.0;1
94.0;2B;2B037;pr;a;a;v;3;VI;66.0;166700.0;2513.54;10.94;0.053;0.0;0.25;0.75;4
94.0;2B;2B037;pr;a;a;v;4;0;96.0;280000.0;2916.67;9.78;0.045;0.0;0.6;0.4;5
94.0;2B;2B037;pr;a;a;v;4;A;80.0;173000.0;2162.5;9.78;0.054;0.0;0.0;1.0;1
94.0;2B;2B037;pr;a;a;v;4;C;86.5;211000.0;2347.0;9.78;0.05;0.0;0.75;0.25;4
94.0;2B;2B037;pr;a;a;v;4;D;76.0;168000.0;2210.53;9.78;0.053;0.0;1.0;0.0;1
94.0;2B;2B037;pr;a;a;v;5;C;105.0;235000.0;2238.1;;;0.0;0.0;2.0;1
94.0;2B;2B037;pr;a;a;v;5;D;139.0;262000.0;1884.89;;;0.0;0.0;2.0;1
94.0;2B;2B037;pr;a;m;v;12;NS;390.0;426000.0;1092.31;6.3;0.069;0.0;0.0;0.0;1
94.0;2B;2B037;pr;a;m;v;4;0;105.0;353600.0;3367.62;8.0;0.029;0.0;0.0;0.0;1
94.0;2B;2B037;pr;a;m;v;4;B;130.0;420000.0;3230.77;8.0;0.03;0.0;0.0;0.0;1
94.0;2B;2B037;pr;a;m;v;4;C;101.0;343000.0;3534.65;8.0;0.031;0.0;0.0;0.67;3
94.0;2B;2B037;pr;a;m;v;4;D;89.0;290000.0;3258.43;8.0;0.029;0.0;0.0;0.0;1
94.0;2B;2B037;pr;a;m;v;5;0;142.0;321500.0;2287.41;10.7;0.056;0.0;0.0;1.0;2
94.0;2B;2B037;pr;a;m;v;5;C;151.0;510300.0;3393.16;10.7;0.038;0.0;1.0;1.0;2
94.0;2B;2B037;pr;a;m;v;5;D;110.0;380000.0;3454.55;10.7;0.037;0.0;0.0;1.0;1
94.0;2B;2B037;pr;a;m;v;6;C;197.0;527000.0;2675.13;;;0.0;2.0;1.0;1
94.0;2B;2B037;pr;a;m;v;6;D;205.0;470000.0;2292.68;;;0.0;0.0;0.0;1
94.0;2B;2B037;pr;a;m;v;7;0;214.0;441050.0;2060.98;;;0.0;0.0;0.0;1
94.0;2B;2B037;pr;a;m;v;7;C;247.0;603750.0;2473.67;;;0.5;1.5;1.0;2
94.0;2B;2B037;pr;a;m;v;7;E;214.0;441000.0;2060.75;;;0.0;0.0;2.0;1
94.0;2B;2B037;pr;a;m;v;8;C;270.0;440000.0;1629.63;;;0.0;0.0;0.0;1
94.0;2B;2B037;pr;a;m;vp;10;C;552.0;610000.0;1105.07;;;2.0;0.0;0.0;1
94.0;2B;2B037;pr;a;m;vp;4;C;178.0;583000.0;3275.28;8.0;0.029;0.0;0.0;0.0;1
94.0;2B;2B037;pr;a;m;vp;7;D;260.0;598000.0;2300.0;;;0.0;1.0;1.0;1
94.0;2B;2B037;pr;m;m;v;5;C;133.0;363500.0;2733.08;10.7;0.047;0.0;0.0;1.0;1
94.0;2B;2B042;pr;a;a;pi;2;D;32.0;100000.0;3125.0;12.5;0.048;0.0;0.0;0.0;1
94.0;2B;2B042;pr;a;a;pi;3;0;34.0;100000.0;2941.18;10.0;0.042;0.0;0.0;0.0;3
94.0;2B;2B042;pr;a;a;pi;3;E;31.0;110000.0;3548.39;10.0;0.034;0.0;0.0;0.0;1
94.0;2B;2B042;pr;a;a;v;1;0;31.0;81900.0;2641.94;17.46;0.079;0.0;1.0;0.0;1
94.0;2B;2B042;pr;a;a;v;2;0;43.0;133000.0;2955.56;12.5;0.049;0.0;0.33;0.33;3
94.0;2B;2B042;pr;a;a;v;2;D;54.0;147000.0;2722.22;12.5;0.062;0.33;0.33;0.67;3
94.0;2B;2B042;pr;a;a;v;3;0;78.0;193500.0;2547.04;10.0;0.05;0.75;0.25;0.25;4
94.0;2B;2B042;pr;a;a;v;3;B;79.0;264500.0;3427.78;10.0;0.036;1.0;1.0;0.0;2
94.0;2B;2B042;pr;a;a;v;3;C;67.0;170000.0;2537.31;10.0;0.047;0.0;0.0;0.0;1
94.0;2B;2B042;pr;a;a;v;3;D;65.0;147000.0;2236.9;10.0;0.055;0.0;0.5;0.0;2
94.0;2B;2B042;pr;a;a;v;3;NS;33.0;120500.0;3652.58;10.0;0.033;0.0;1.0;0.0;2
94.0;2B;2B042;pr;a;a;v;3;VI;61.0;169000.0;2722.22;10.0;0.043;0.0;0.2;0.2;5
94.0;2B;2B042;pr;a;a;v;4;0;94.5;222500.0;2375.76;8.57;0.044;0.0;0.5;0.5;2
94.0;2B;2B042;pr;a;a;v;4;B;78.5;201500.0;2568.43;8.57;0.04;0.0;1.0;0.0;2
94.0;2B;2B042;pr;a;a;v;4;C;75.0;201400.0;2685.33;8.57;0.038;0.0;0.0;0.0;1
94.0;2B;2B042;pr;a;a;v;4;D;70.0;140000.0;2000.0;8.57;0.051;2.0;0.0;0.0;1
94.0;2B;2B042;pr;a;a;v;4;VI;86.0;239000.0;2779.07;8.57;0.037;0.0;1.0;0.0;1
94.0;2B;2B042;pr;a;a;v;6;NS;67.0;241000.0;3597.01;;;0.0;2.0;0.0;1
94.0;2B;2B042;pr;a;m;pi;2;D;36.0;130000.0;3611.11;15.28;0.051;0.0;0.0;0.0;1
94.0;2B;2B042;pr;a;m;v;3;D;80.0;265000.0;3312.5;12.52;0.041;0.0;0.33;0.33;3
94.0;2B;2B042;pr;a;m;v;4;0;90.0;215000.0;2687.5;10.82;0.046;0.0;0.0;0.0;3
94.0;2B;2B042;pr;a;m;v;4;A;92.0;260000.0;2826.09;10.82;0.046;0.0;0.0;1.0;1
94.0;2B;2B042;pr;a;m;v;4;B;142.0;398000.0;2802.82;10.82;0.046;0.0;1.0;1.0;1
94.0;2B;2B042;pr;a;m;v;4;C;94.0;310000.0;3297.87;10.82;0.039;0.0;2.0;0.0;1
94.0;2B;2B042;pr;a;m;v;4;NS;97.0;279500.0;2881.44;10.82;0.045;0.0;1.0;0.0;1
94.0;2B;2B042;pr;a;m;v;4;VI;131.0;350000.0;2671.76;10.82;0.049;0.0;0.0;3.0;1
94.0;2B;2B042;pr;a;m;v;5;0;124.0;260400.0;2100.0;12.64;0.072;0.0;0.0;3.0;1
94.0;2B;2B042;pr;a;m;v;5;C;296.0;1102500.0;3724.66;12.64;0.041;0.0;1.0;1.0;1
94.0;2B;2B042;pr;a;m;v;5;VI;304.0;425000.0;1938.89;12.64;0.096;0.0;1.5;1.5;2
94.0;2B;2B042;pr;a;m;v;6;A;136.0;380000.0;2794.12;;;0.0;1.0;1.0;1
94.0;2B;2B042;pr;a;m;v;6;VI;167.0;362250.0;2169.16;;;0.0;1.0;1.0;1
94.0;2B;2B042;pr;a;m;v;7;C;155.0;399000.0;2574.19;;;0.0;2.0;1.0;1
94.0;2B;2B042;pr;a;m;v;7;VI;135.0;270000.0;2000.0;;;2.0;2.0;0.0;1
94.0;2B;2B042;pr;a;m;v;8;0;230.0;450000.0;1956.52;;;0.0;0.0;0.0;1
94.0;2B;2B042;pr;a;m;v;8;C;270.0;1050000.0;3888.89;;;0.0;2.0;1.0;1
94.0;2B;2B042;pr;a;m;v;8;D;251.0;867900.0;3480.98;;;0.0;2.0;1.5;2
94.0;2B;2B042;pr;a;m;vp;7;E;228.0;848500.0;3721.49;;;0.0;2.0;2.0;1
94.0;2B;2B042;pr;ca;a;v;2;0;45.0;136960.0;3180.85;12.5;0.051;0.0;0.0;0.0;3
94.0;2B;2B042;pr;ca;a;v;3;0;62.5;194500.0;3105.92;10.0;0.039;0.0;0.0;0.0;2
94.0;2B;2B042;pr;ca;a;v;4;0;80.0;240000.0;3000.0;8.57;0.034;0.0;0.0;0.0;1
94.0;2B;2B042;pr;ca;an;v;1;0;32.5;91150.0;2813.66;17.46;0.075;0.0;0.0;0.0;2
94.0;2B;2B042;pr;ca;an;v;2;0;43.0;131086.0;3057.14;12.5;0.049;0.0;0.0;0.0;9
94.0;2B;2B042;pr;ca;an;v;3;0;70.5;202750.0;2879.2;10.0;0.041;0.0;0.0;0.0;10
94.0;2B;2B042;pr;ca;an;v;4;0;78.0;219380.0;2812.56;8.57;0.038;0.0;0.0;0.0;3
94.0;2B;2B042;pr;cm;l;v;3;0;69.0;262000.0;3797.1;;;0.0;0.0;0.0;1
94.0;2B;2B042;pr;m;a;v;4;D;73.0;152500.0;2089.04;8.57;0.049;0.0;0.0;0.0;1
94.0;2B;2B042;pr;m;m;v;2;D;30.0;105000.0;3500.0;15.28;0.052;0.0;0.0;0.0;1
94.0;2B;2B042;pr;m;m;v;3;E;37.0;135990.0;3675.41;12.52;0.041;0.0;1.0;0.0;1
94.0;2B;2B043;pr;a;a;v;2;VI;42.0;135000.0;3214.29;;;0.0;0.0;1.0;1
94.0;2B;2B043;pr;a;a;v;3;0;72.5;203500.0;2897.46;10.66;0.045;0.0;0.25;0.0;4
94.0;2B;2B043;pr;a;a;v;3;C;74.0;209000.0;2824.32;10.66;0.045;0.0;0.0;1.0;1
94.0;2B;2B043;pr;a;a;v;4;B;111.0;379000.0;3414.41;;;0.0;2.0;0.0;1
94.0;2B;2B043;pr;a;a;v;4;E;103.0;241500.0;2344.66;;;0.0;0.0;0.0;1
94.0;2B;2B043;pr;a;a;v;6;0;138.0;298200.0;2160.87;;;0.0;1.0;0.0;1
94.0;2B;2B043;pr;a;m;v;13;D;270.0;870000.0;3222.22;;;0.0;0.0;0.0;1
94.0;2B;2B043;pr;a;m;v;16;F;480.0;630000.0;1312.5;;;0.0;0.0;0.0;1
94.0;2B;2B043;pr;a;m;v;2;VI;44.0;180000.0;4090.91;19.35;0.057;0.0;0.0;0.0;1
94.0;2B;2B043;pr;a;m;v;4;0;120.0;676000.0;5344.44;;;0.0;0.0;0.5;2
94.0;2B;2B043;pr;a;m;v;4;A;73.5;197100.0;2662.99;;;0.5;1.0;0.0;2
94.0;2B;2B043;pr;a;m;v;5;0;180.0;755000.0;4194.44;;;0.0;0.0;0.0;1
94.0;2B;2B043;pr;a;m;v;5;C;130.0;1495000.0;11500.0;;;1.0;1.0;1.0;1
94.0;2B;2B043;pr;a;m;v;7;D;197.0;946500.0;4932.07;;;0.0;0.5;0.5;2
94.0;2B;2B043;pr;a;m;v;8;D;205.0;800000.0;3902.44;;;0.0;0.0;0.0;1
94.0;2B;2B043;pr;a;m;vp;4;0;150.0;1000060.0;6667.07;;;0.0;1.0;1.0;1
94.0;2B;2B043;pr;ca;a;v;3;0;101.0;288000.0;2851.49;10.66;0.045;0.0;0.0;0.0;1
94.0;2B;2B046;pr;a;m;v;6;0;200.0;561800.0;2809.0;;;0.0;1.0;1.0;1
94.0;2B;2B046;pr;a;m;v;8;0;180.0;464000.0;2577.78;;;0.0;0.0;0.0;1
94.0;2B;2B049;pr;a;a;v;1;NS;17.0;66000.0;3882.35;;;0.0;0.0;0.0;1
94.0;2B;2B049;pr;a;a;v;2;0;42.0;141000.0;3357.14;;;0.0;0.5;0.0;2
94.0;2B;2B049;pr;a;a;v;3;0;60.0;202000.0;3366.66;;;0.0;0.0;0.0;2
94.0;2B;2B049;pr;a;a;v;3;C;70.0;249000.0;3557.14;;;0.0;1.0;0.0;1
94.0;2B;2B049;pr;a;a;v;3;NS;60.0;186000.0;3100.0;;;0.0;0.5;0.0;2
94.0;2B;2B049;pr;a;a;v;4;0;90.0;220000.0;2444.44;;;0.0;1.0;0.0;1
94.0;2B;2B049;pr;a;a;v;4;E;58.0;144500.0;2491.38;;;0.0;1.0;0.0;1
94.0;2B;2B049;pr;a;m;v;4;0;85.0;379000.0;4458.82;;;0.0;0.0;0.0;1
94.0;2B;2B049;pr;a;m;v;4;NS;85.0;379000.0;4458.82;;;0.0;0.0;0.0;1
94.0;2B;2B049;pr;a;m;v;6;F;120.0;260000.0;2166.67;;;0.0;2.0;1.0;1
94.0;2B;2B049;pr;a;m;v;9;D;151.0;379000.0;2509.93;;;1.0;2.0;1.0;1
94.0;2B;2B049;pr;a;m;v;9;E;194.0;499000.0;2572.16;;;0.0;1.0;2.0;1
94.0;2B;2B049;pr;a;m;vp;4;C;130.0;569000.0;4376.92;;;0.0;0.0;2.0;1
94.0;2B;2B049;pr;ca;a;v;2;0;42.0;153011.5;3643.13;;;0.0;0.0;0.0;2
94.0;2B;2B049;pr;ca;a;v;3;0;62.5;221203.5;3536.46;;;0.0;0.0;0.0;2
94.0;2B;2B049;pr;ca;an;v;2;0;43.0;156678.0;3515.56;;;0.0;0.0;0.0;3
94.0;2B;2B049;pr;ca;an;v;3;0;61.0;210000.0;3442.62;;;0.0;0.0;0.0;3
94.0;2B;2B049;pr;ca;m;v;4;0;85.0;379000.0;4458.82;;;0.0;0.0;0.0;1
94.0;2B;2B049;pr;cm;mn;v;4;0;85.0;379000.0;4458.82;;;0.0;0.0;0.0;1
94.0;2B;2B050;pr;a;a;v;1;0;29.0;88000.0;3034.48;19.26;0.076;0.0;1.0;0.0;2
94.0;2B;2B050;pr;a;a;v;1;B;28.0;153000.0;5464.29;19.26;0.042;0.0;0.0;0.0;1
94.0;2B;2B050;pr;a;a;v;1;C;30.5;157500.0;5155.92;19.26;0.046;0.0;1.0;0.0;2
94.0;2B;2B050;pr;a;a;v;1;D;27.0;125000.0;4625.0;19.26;0.05;0.0;0.5;0.0;2
94.0;2B;2B050;pr;a;a;v;1;E;29.0;73000.0;2517.24;19.26;0.092;1.0;0.0;1.0;1
94.0;2B;2B050;pr;a;a;v;2;0;42.5;215500.0;4806.06;15.0;0.04;0.25;0.0;0.75;8
94.0;2B;2B050;pr;a;a;v;2;B;36.0;177000.0;4916.67;15.0;0.037;0.0;0.0;0.0;1
94.0;2B;2B050;pr;a;a;v;2;C;43.0;190000.0;4363.4;15.0;0.041;0.0;0.5;0.0;4
94.0;2B;2B050;pr;a;a;v;2;D;36.0;194000.0;5333.33;15.0;0.035;0.2;0.73;0.27;15
94.0;2B;2B050;pr;a;a;v;2;E;29.0;183000.0;6310.34;15.0;0.029;0.0;1.0;1.0;1
94.0;2B;2B050;pr;a;a;v;2;NS;48.0;224400.0;4675.0;15.0;0.039;0.0;1.0;0.0;1
94.0;2B;2B050;pr;a;a;v;3;0;61.0;260000.0;4406.78;11.99;0.039;0.56;0.44;0.44;9
94.0;2B;2B050;pr;a;a;v;3;A;62.0;290000.0;4677.42;11.99;0.031;0.0;0.0;1.0;1
94.0;2B;2B050;pr;a;a;v;3;C;78.0;292000.0;3690.47;11.99;0.04;0.0;0.0;1.0;2
94.0;2B;2B050;pr;a;a;v;3;D;73.0;299250.0;4147.73;11.99;0.034;0.2;0.6;1.0;5
94.0;2B;2B050;pr;a;a;v;3;NS;62.0;335800.0;5416.13;11.99;0.027;0.0;1.0;0.0;1
94.0;2B;2B050;pr;a;a;v;4;0;98.0;400000.0;4285.71;11.5;0.035;0.0;0.6;0.8;5
94.0;2B;2B050;pr;a;a;v;4;A;118.0;520000.0;4406.78;11.5;0.031;0.5;0.5;1.5;2
94.0;2B;2B050;pr;a;a;v;4;B;69.0;352546.0;5097.17;11.5;0.027;0.0;0.0;0.0;2
94.0;2B;2B050;pr;a;a;v;4;C;86.5;332000.0;3831.12;11.5;0.036;0.5;0.5;1.0;2
94.0;2B;2B050;pr;a;a;v;4;D;102.5;445500.0;4356.53;11.5;0.032;0.0;0.0;1.5;2
94.0;2B;2B050;pr;a;a;v;4;NS;82.0;270000.0;3292.68;11.5;0.042;1.0;1.0;0.0;1
94.0;2B;2B050;pr;a;a;v;6;0;200.0;650000.0;3250.0;11.4;0.042;0.0;1.0;3.0;1
94.0;2B;2B050;pr;a;a;v;6;D;126.0;380000.0;3015.87;11.4;0.045;0.0;0.0;1.0;1
94.0;2B;2B050;pr;a;a;vp;5;0;101.0;625000.0;6188.12;11.44;0.022;0.0;-1.0;0.0;1
94.0;2B;2B050;pr;a;a;vp;6;0;200.0;676000.0;3380.0;11.4;0.04;0.0;0.0;3.0;1
94.0;2B;2B050;pr;a;m;v;10;0;400.0;3150000.0;7875.0;;;0.0;0.0;0.0;1
94.0;2B;2B050;pr;a;m;v;12;0;520.0;3700000.0;7115.38;;;1.0;0.0;7.0;1
94.0;2B;2B050;pr;a;m;v;17;B;502.0;3700000.0;7370.52;;;0.0;0.0;0.0;1
94.0;2B;2B050;pr;a;m;v;2;A;39.0;185000.0;4743.59;;;0.0;1.0;1.0;1
94.0;2B;2B050;pr;a;m;v;20;B;502.0;3700000.0;7370.52;;;0.0;5.0;1.0;1
94.0;2B;2B050;pr;a;m;v;3;D;64.0;224640.0;3510.0;;;0.0;0.0;1.0;1
94.0;2B;2B050;pr;a;m;v;4;A;77.0;351100.0;4559.74;;;0.0;0.0;1.0;1
94.0;2B;2B050;pr;a;m;v;4;C;83.0;340300.0;4100.0;;;0.0;0.67;0.33;3
94.0;2B;2B050;pr;a;m;v;5;0;113.5;475500.0;4189.81;;;0.0;2.0;2.0;2
94.0;2B;2B050;pr;a;m;v;5;E;113.0;438900.0;3884.07;;;0.0;0.0;0.0;1
94.0;2B;2B050;pr;a;m;v;6;0;180.0;1100000.0;6111.11;;;0.0;1.0;1.0;1
94.0;2B;2B050;pr;a;m;v;6;A;170.0;1790000.0;10529.41;;;0.0;0.0;0.0;1
94.0;2B;2B050;pr;a;m;v;6;C;162.0;735000.0;4537.04;;;0.0;3.0;0.0;1
94.0;2B;2B050;pr;a;m;v;7;F;212.0;897000.0;4231.13;;;0.0;3.0;1.0;1
94.0;2B;2B050;pr;a;m;v;8;A;270.0;1800000.0;6666.67;;;0.0;0.0;0.0;1
94.0;2B;2B050;pr;a;m;v;9;0;280.0;2190000.0;7307.48;;;0.0;0.0;0.0;2
94.0;2B;2B050;pr;a;m;vp;4;C;200.0;730000.0;3650.0;;;0.0;4.0;3.0;1
94.0;2B;2B050;pr;a;m;vp;5;B;157.0;1690000.0;10764.33;;;0.0;0.0;4.0;1
94.0;2B;2B050;pr;a;m;vp;6;D;200.0;1570000.0;7850.0;;;0.0;0.0;5.0;1
94.0;2B;2B050;pr;ca;a;v;1;0;38.5;203582.0;5282.21;19.26;0.044;0.0;0.0;0.0;2
94.0;2B;2B050;pr;ca;a;v;2;0;48.0;252732.0;5265.25;15.0;0.035;0.0;0.0;0.0;5
94.0;2B;2B050;pr;ca;a;v;3;0;62.5;308600.0;4952.73;11.99;0.029;0.0;0.0;0.0;6
94.0;2B;2B050;pr;ca;an;v;1;0;29.0;144550.0;5054.48;19.26;0.046;0.0;0.0;0.0;2
94.0;2B;2B050;pr;ca;an;v;2;0;45.5;255350.0;5169.05;15.0;0.035;0.0;0.0;0.0;12
94.0;2B;2B050;pr;ca;an;v;3;0;62.0;356900.0;5208.96;11.99;0.028;0.0;0.0;0.0;9
94.0;2B;2B050;pr;ca;an;v;4;0;94.0;614700.0;6539.36;11.5;0.021;0.0;0.0;0.0;1
94.0;2B;2B054;pr;a;m;v;3;0;47.0;65500.0;1393.62;;;0.0;1.0;0.0;1
94.0;2B;2B054;pr;a;m;v;4;0;64.0;49000.0;765.62;;;0.0;1.0;1.0;1
94.0;2B;2B055;pr;a;m;vp;8;0;300.0;550000.0;1833.33;;;0.0;2.0;1.0;1
94.0;2B;2B057;pr;a;a;v;1;D;26.0;70500.0;2711.54;;;0.0;1.0;0.0;1
94.0;2B;2B057;pr;a;a;v;2;E;47.0;95000.0;2021.28;;;0.0;0.0;0.0;1
94.0;2B;2B057;pr;a;m;v;6;0;140.0;960000.0;6857.14;;;0.0;0.0;0.0;1
94.0;2B;2B057;pr;a;m;v;7;E;154.0;220000.0;1428.57;;;0.0;0.0;2.0;1
94.0;2B;2B057;pr;m;m;v;4;NS;110.0;280000.0;2545.45;;;0.0;1.0;0.0;1
94.0;2B;2B077;pr;a;a;pi;2;0;31.0;70000.0;2258.06;;;0.0;0.0;0.0;1
94.0;2B;2B077;pr;a;m;v;4;VI;158.0;450000.0;2848.1;8.76;0.037;0.0;0.0;0.0;1
94.0;2B;2B077;pr;a;m;vp;6;0;195.0;575000.0;2948.72;;;0.0;2.0;1.0;1
94.0;2B;2B077;pr;m;m;v;4;NS;80.0;254400.0;3060.0;8.76;0.034;0.0;1.0;0.33;3
94.0;2B;2B079;pr;a;m;v;4;VI;70.0;219000.0;3128.57;;;0.0;0.0;1.0;1
94.0;2B;2B082;pr;a;a;v;8;0;150.0;240000.0;1600.0;;;0.0;0.0;3.0;1
94.0;2B;2B082;pr;a;m;v;8;0;150.0;240000.0;1600.0;;;0.0;0.0;3.0;1
94.0;2B;2B083;pr;a;m;v;5;F;65.0;129000.0;1984.62;;;0.0;0.0;0.0;1
94.0;2B;2B084;pr;a;m;v;4;D;76.0;409500.0;5388.16;;;0.0;0.0;1.0;1
94.0;2B;2B086;pr;a;a;v;2;0;48.0;176000.0;3673.91;;;0.0;1.0;0.0;5
94.0;2B;2B086;pr;a;a;v;3;0;69.0;273000.0;3956.52;;;0.0;1.0;0.0;1
94.0;2B;2B086;pr;a;m;v;10;0;250.0;810000.0;3240.0;;;0.0;0.0;0.0;1
94.0;2B;2B086;pr;a;m;v;7;0;185.0;700000.0;3783.78;;;0.0;0.0;0.0;1
94.0;2B;2B086;pr;a;m;vp;6;0;180.0;676000.0;3755.56;;;0.0;3.0;1.0;1
94.0;2B;2B086;pr;ca;a;v;2;0;48.0;169000.0;3583.33;;;0.0;0.0;0.0;3
94.0;2B;2B086;pr;ca;a;v;3;0;69.0;273000.0;3956.52;;;0.0;0.0;0.0;1
94.0;2B;2B087;pr;a;a;v;2;NS;43.0;116000.0;2697.67;;;0.0;1.0;0.0;1
94.0;2B;2B087;pr;a;a;v;2;VI;48.0;65700.0;1368.75;;;0.0;1.0;0.0;1
94.0;2B;2B087;pr;a;a;v;3;0;66.0;163100.0;2466.4;8.38;0.041;0.0;0.0;0.0;2
94.0;2B;2B087;pr;a;a;v;3;C;59.0;184250.0;3122.88;8.38;0.032;0.0;0.0;0.5;2
94.0;2B;2B087;pr;a;a;v;3;D;63.0;167000.0;2650.79;8.38;0.038;0.0;0.0;0.0;1
94.0;2B;2B087;pr;a;a;v;3;F;52.0;105000.0;2019.23;8.38;0.05;0.0;0.0;0.0;1
94.0;2B;2B087;pr;a;a;v;3;NS;54.0;96500.0;1787.04;8.38;0.056;1.0;0.0;1.0;1
94.0;2B;2B087;pr;a;a;v;3;VI;59.0;173000.0;2932.2;8.38;0.034;0.0;0.0;0.0;1
94.0;2B;2B087;pr;a;a;v;4;E;100.0;185000.0;1850.0;7.22;0.047;0.0;0.5;0.0;2
94.0;2B;2B087;pr;a;a;v;4;NS;54.0;70000.0;1296.3;7.22;0.067;0.0;0.0;1.0;1
94.0;2B;2B087;pr;a;a;v;5;0;93.0;125000.0;1344.09;6.99;0.062;0.0;0.0;0.0;1
94.0;2B;2B087;pr;a;a;v;5;VI;94.5;137500.0;1453.3;6.99;0.058;1.0;1.0;0.0;2
94.0;2B;2B087;pr;a;m;v;3;D;48.0;195000.0;4062.5;;;0.0;1.0;0.0;1
94.0;2B;2B087;pr;a;m;v;4;D;95.0;378000.0;3978.95;;;0.0;0.0;0.0;1
94.0;2B;2B087;pr;a;m;v;4;VI;104.0;280000.0;2692.31;;;0.0;0.0;0.0;1
94.0;2B;2B087;pr;a;m;v;5;0;115.0;98000.0;852.17;;;0.0;1.0;0.0;1
94.0;2B;2B087;pr;a;m;vp;7;0;260.0;690000.0;2653.85;;;0.0;3.0;0.0;1
94.0;2B;2B087;pr;m;a;v;2;NS;43.0;116000.0;2875.0;;;0.0;1.0;0.0;3
94.0;2B;2B087;pr;m;a;v;3;NS;65.0;169000.0;2600.0;8.38;0.038;0.0;1.33;0.0;3
94.0;2B;2B087;pr;m;m;v;3;NS;68.0;205000.0;3014.71;;;0.0;1.0;0.0;1
94.0;2B;2B087;pr;m;m;v;4;D;375.0;440000.0;1173.33;;;0.0;0.0;0.0;1
94.0;2B;2B087;pr;m;m;v;4;NS;93.0;252000.0;2709.68;;;0.0;0.0;1.0;1
94.0;2B;2B088;pr;a;m;v;5;D;143.0;466400.0;3261.54;;;0.0;2.0;0.0;1
94.0;2B;2B088;pr;a;m;v;7;B;255.0;750000.0;2941.18;;;0.0;3.0;1.0;1
94.0;2B;2B093;pr;a;a;v;2;0;35.0;145000.0;4142.86;;;0.0;1.0;0.0;1
94.0;2B;2B093;pr;a;a;v;2;NS;31.0;113420.0;3658.71;;;1.0;1.0;0.0;1
94.0;2B;2B093;pr;a;a;v;3;D;70.0;309650.0;4377.84;;;0.5;0.0;1.0;2
94.0;2B;2B093;pr;a;a;v;3;F;32.0;99900.0;3121.88;;;0.0;1.0;0.0;1
94.0;2B;2B093;pr;a;a;v;4;D;76.0;220000.0;2894.74;9.09;0.038;0.0;0.0;1.0;1
94.0;2B;2B093;pr;a;m;v;3;0;70.0;695000.0;9928.57;;;0.0;0.0;0.0;1
94.0;2B;2B093;pr;a;m;v;4;E;124.0;685000.0;5524.19;;;0.0;2.0;1.0;1
94.0;2B;2B093;pr;a;m;v;5;B;160.0;750000.0;4687.5;;;0.0;0.0;4.0;1
94.0;2B;2B093;pr;a;m;v;6;E;181.0;682500.0;3770.72;;;0.0;0.0;1.0;1
94.0;2B;2B093;pr;a;m;v;7;F;122.0;490000.0;4016.39;;;0.0;1.0;1.0;1
94.0;2B;2B096;pr;a;a;v;2;0;75.0;141500.0;1886.67;14.45;0.092;0.0;0.0;0.0;1
94.0;2B;2B096;pr;a;a;v;3;0;74.0;173000.0;2270.27;11.9;0.055;0.0;0.0;0.0;3
94.0;2B;2B096;pr;a;a;v;3;C;58.0;215000.0;3706.9;11.9;0.038;0.0;1.0;0.0;2
94.0;2B;2B096;pr;a;a;v;4;0;125.0;241500.0;1932.0;10.29;0.064;0.0;0.0;0.0;1
94.0;2B;2B096;pr;a;a;v;6;0;205.0;430000.0;2097.56;;;0.0;0.0;0.0;1
94.0;2B;2B096;pr;a;m;vp;10;VI;500.0;1360000.0;2720.0;;;0.0;0.0;0.0;1
94.0;2B;2B096;pr;a;m;vp;9;VI;450.0;1300000.0;2888.89;;;0.0;0.0;4.0;1
94.0;2B;2B102;pr;a;m;v;4;0;130.0;210000.0;1615.38;;;0.0;0.0;0.0;1
94.0;2B;2B107;pr;a;a;v;3;0;72.0;274000.0;3805.56;;;0.0;0.0;0.0;1
94.0;2B;2B107;pr;a;a;v;5;0;88.0;138000.0;1568.18;;;0.0;0.0;2.0;1
94.0;2B;2B107;pr;a;a;vp;2;0;35.0;166000.0;4742.86;;;1.0;0.0;0.0;1
94.0;2B;2B107;pr;a;m;v;4;0;84.5;209100.0;2484.16;;;0.0;0.0;0.0;2
94.0;2B;2B107;pr;a;m;v;6;B;84.0;250000.0;2976.19;;;0.0;0.0;0.0;1
94.0;2B;2B109;pr;a;m;v;5;0;90.0;199900.0;2221.11;;;0.0;1.0;0.0;1
94.0;2B;2B109;pr;m;m;v;10;D;207.0;587600.0;2838.65;;;0.0;1.0;1.0;1
94.0;2B;2B112;pr;a;a;v;2;G;32.0;86400.0;2700.0;;;0.0;0.0;0.0;1
94.0;2B;2B112;pr;a;m;v;8;D;196.0;850000.0;4336.73;;;0.0;5.0;1.0;1
94.0;2B;2B116;pr;a;m;v;5;NS;202.0;299000.0;1480.2;;;1.0;0.0;2.0;1
94.0;2B;2B120;pr;a;a;v;1;0;32.0;92500.0;2812.5;;;0.0;0.0;0.0;3
94.0;2B;2B120;pr;a;a;v;1;NS;32.0;90000.0;2812.5;;;0.0;1.0;0.0;1
94.0;2B;2B120;pr;a;a;v;1;VI;37.0;119000.0;3216.22;;;0.0;1.0;0.0;1
94.0;2B;2B120;pr;a;a;v;2;0;41.0;145000.0;2416.67;14.29;0.067;0.0;0.0;0.67;3
94.0;2B;2B120;pr;a;a;v;2;B;63.5;176000.0;2902.13;14.29;0.06;0.0;0.0;0.0;2
94.0;2B;2B120;pr;a;a;v;2;C;44.0;126750.0;2883.28;14.29;0.06;0.0;0.5;0.0;2
94.0;2B;2B120;pr;a;a;v;2;E;32.0;79000.0;2468.75;14.29;0.068;0.0;0.33;0.0;3
94.0;2B;2B120;pr;a;a;v;3;0;70.0;198500.0;2882.14;11.22;0.048;0.0;0.25;0.5;4
94.0;2B;2B120;pr;a;a;v;3;C;72.0;190000.0;2923.08;11.22;0.048;0.0;0.67;0.33;3
94.0;2B;2B120;pr;a;a;v;3;VI;89.0;268000.0;3011.24;11.22;0.045;0.0;1.0;1.0;1
94.0;2B;2B120;pr;a;a;v;4;0;87.0;305000.0;3505.75;;;0.0;1.0;1.0;1
94.0;2B;2B120;pr;a;a;v;4;C;102.0;250000.0;2450.98;;;0.0;0.0;1.0;1
94.0;2B;2B120;pr;a;a;v;4;D;105.0;261000.0;2485.71;;;1.0;1.0;0.0;1
94.0;2B;2B120;pr;a;a;v;5;D;132.0;219000.0;1659.09;;;0.0;0.0;0.67;3
94.0;2B;2B120;pr;a;a;v;5;VI;130.0;420000.0;3230.77;;;0.0;1.0;1.0;1
94.0;2B;2B120;pr;a;m;v;4;C;156.0;390000.0;2500.0;11.11;0.053;0.0;3.0;0.0;1
94.0;2B;2B120;pr;a;m;v;5;C;174.0;460000.0;2643.68;10.26;0.047;0.0;1.0;0.0;1
94.0;2B;2B120;pr;a;m;v;5;VI;191.0;690000.0;3612.57;10.26;0.034;0.0;0.0;0.0;1
94.0;2B;2B120;pr;a;m;v;6;0;191.5;448500.0;2357.98;;;0.0;0.0;1.0;2
94.0;2B;2B120;pr;a;m;v;6;B;228.0;465000.0;2039.47;;;0.0;0.0;0.0;1
94.0;2B;2B120;pr;a;m;v;6;D;198.0;465000.0;2348.48;;;0.0;2.0;2.0;1
94.0;2B;2B120;pr;a;m;v;7;0;200.0;424000.0;2120.0;;;0.0;0.0;0.0;1
94.0;2B;2B120;pr;a;m;v;7;C;205.0;475000.0;2317.07;;;0.0;0.0;2.0;1
94.0;2B;2B120;pr;a;m;vp;6;C;200.0;729750.0;3648.75;;;0.0;2.0;0.0;1
94.0;2B;2B120;pr;ca;a;v;3;0;70.0;217000.0;3144.93;11.22;0.043;0.0;0.0;0.0;3
94.0;2B;2B120;pr;ca;an;v;1;0;32.0;104600.0;3268.75;;;0.0;0.0;0.0;1
94.0;2B;2B120;pr;ca;an;v;2;0;42.5;138730.0;3265.46;14.29;0.052;0.0;0.0;0.0;4
94.0;2B;2B120;pr;ca;an;v;3;0;71.5;225980.0;3149.37;11.22;0.042;0.0;0.0;0.0;8
94.0;2B;2B120;pr;m;m;v;14;C;290.0;595000.0;2051.72;;;0.0;0.0;0.0;1
94.0;2B;2B120;pr;m;m;v;4;D;190.0;481000.0;2531.58;11.11;0.053;0.0;0.0;0.0;1
94.0;2B;2B122;pr;a;a;v;1;A;31.0;83000.0;2677.42;;;1.0;0.0;1.0;1
94.0;2B;2B122;pr;a;a;v;2;0;45.0;115000.0;2555.56;12.72;0.06;0.0;1.0;0.0;1
94.0;2B;2B122;pr;a;a;v;2;C;41.0;135000.0;3292.68;12.72;0.046;0.0;1.0;0.0;1
94.0;2B;2B122;pr;a;a;v;3;0;74.0;204000.0;2756.76;10.53;0.044;0.0;1.0;0.0;3
94.0;2B;2B122;pr;a;a;v;4;0;86.0;234500.0;2726.74;8.24;0.036;0.0;1.0;0.0;2
94.0;2B;2B122;pr;a;m;v;4;C;110.0;480000.0;4363.64;9.0;0.025;0.0;0.0;0.0;1
94.0;2B;2B122;pr;a;m;vp;7;C;250.0;720000.0;2880.0;;;0.0;0.0;4.0;1
94.0;2B;2B122;pr;a;m;vp;8;D;270.0;715000.0;2648.15;;;0.0;0.0;2.0;1
94.0;2B;2B123;pr;a;a;v;3;C;61.0;189000.0;3098.36;;;0.0;0.0;0.0;1
94.0;2B;2B123;pr;a;a;v;4;0;90.0;184000.0;2041.5;8.0;0.047;0.5;0.5;0.0;2
94.0;2B;2B123;pr;a;m;v;4;0;92.0;197000.0;2141.3;;;0.0;1.0;0.0;1
94.0;2B;2B123;pr;a;m;v;7;D;119.0;283500.0;2382.35;;;0.0;1.0;0.0;1
94.0;2B;2B125;pr;a;m;v;4;C;170.0;520000.0;3058.82;;;0.0;3.0;0.0;1
94.0;2B;2B126;pr;a;m;v;5;D;160.0;230000.0;1437.5;;;0.0;0.0;0.0;1
94.0;2B;2B126;pr;a;m;v;5;VI;118.0;259700.0;2200.85;;;0.0;0.0;1.0;1
94.0;2B;2B134;pr;a;a;v;1;0;25.0;75000.0;3000.0;14.72;0.059;10.0;1.0;0.0;1
94.0;2B;2B134;pr;a;a;v;1;D;25.0;124500.0;4982.5;14.72;0.036;0.0;0.0;0.5;2
94.0;2B;2B134;pr;a;a;v;1;E;26.0;108000.0;4153.85;14.72;0.043;0.0;1.0;0.0;1
94.0;2B;2B134;pr;a;a;v;1;F;39.0;125000.0;3205.13;14.72;0.055;0.0;1.0;0.0;1
94.0;2B;2B134;pr;a;a;v;2;0;40.0;170000.0;4250.0;13.46;0.038;0.0;0.0;0.0;1
94.0;2B;2B134;pr;a;a;v;2;B;42.0;150000.0;3571.43;13.46;0.045;0.0;1.0;1.0;1
94.0;2B;2B134;pr;a;a;v;2;C;36.5;159250.0;4452.8;13.46;0.036;0.0;0.0;0.75;4
94.0;2B;2B134;pr;a;a;v;2;D;42.0;210000.0;5000.0;13.46;0.031;0.08;0.85;0.15;13
94.0;2B;2B134;pr;a;a;v;2;E;49.0;175000.0;3760.3;13.46;0.044;0.5;0.0;0.5;2
94.0;2B;2B134;pr;a;a;v;3;0;63.0;275000.0;4362.51;13.27;0.039;0.0;0.25;0.75;4
94.0;2B;2B134;pr;a;a;v;3;C;67.0;320500.0;4683.5;13.27;0.034;0.0;0.62;0.12;8
94.0;2B;2B134;pr;a;a;v;3;D;66.0;246000.0;3982.84;13.27;0.041;0.25;0.5;0.25;4
94.0;2B;2B134;pr;a;a;v;3;E;49.0;194500.0;3708.33;13.27;0.04;0.25;0.75;0.25;4
94.0;2B;2B134;pr;a;a;v;4;0;153.0;630000.0;4117.65;;;0.0;0.0;0.0;1
94.0;2B;2B134;pr;a;a;v;4;C;98.5;356000.0;3552.87;;;0.0;1.0;0.5;2
94.0;2B;2B134;pr;a;a;v;4;D;81.0;340000.0;3863.64;;;0.4;1.0;0.6;5
94.0;2B;2B134;pr;a;a;v;5;0;106.0;665000.0;6273.58;;;0.0;0.0;0.0;1
94.0;2B;2B134;pr;a;a;vp;2;0;36.0;220500.0;6125.0;13.46;0.026;0.0;1.0;0.0;1
94.0;2B;2B134;pr;a;an;v;2;0;44.0;206164.0;4685.55;13.46;0.034;0.0;0.0;0.0;1
94.0;2B;2B134;pr;a;an;v;3;0;85.0;297500.0;3500.0;13.27;0.045;0.0;0.0;0.0;1
94.0;2B;2B134;pr;a;m;v;5;D;141.0;776500.0;5576.5;;;0.0;1.0;1.0;2
94.0;2B;2B134;pr;a;m;v;5;NS;185.0;880000.0;4744.16;;;0.0;1.0;0.0;2
94.0;2B;2B134;pr;a;m;v;6;B;105.0;399450.0;3804.29;;;0.0;1.0;0.0;1
94.0;2B;2B134;pr;a;m;v;6;C;150.0;670000.0;4466.67;;;0.0;2.0;0.0;1
94.0;2B;2B134;pr;a;m;v;6;D;239.0;1790000.0;7489.54;;;0.0;0.0;0.0;1
94.0;2B;2B134;pr;a;m;vp;13;D;515.0;1650000.0;3203.88;;;0.0;0.0;8.0;1
94.0;2B;2B134;pr;a;m;vp;6;D;284.0;1144000.0;4028.17;;;0.0;0.0;5.0;1
94.0;2B;2B134;pr;a;m;vp;7;C;205.0;785000.0;3829.27;;;0.0;0.0;3.0;1
94.0;2B;2B134;pr;ca;a;v;5;0;130.0;630000.0;4846.15;;;0.0;0.0;0.0;1
94.0;2B;2B134;pr;ca;an;v;2;0;46.0;195000.0;4333.33;13.46;0.037;0.0;0.0;0.0;3
94.0;2B;2B134;pr;ca;an;v;3;0;83.5;352500.0;4189.9;13.27;0.038;0.0;0.0;0.0;4
94.0;2B;2B134;pr;ca;an;v;4;0;96.0;449000.0;4663.04;;;0.0;0.0;0.0;2
94.0;2B;2B134;pr;ca;an;v;5;0;100.0;670000.0;6700.0;;;0.0;0.0;0.0;1
94.0;2B;2B143;pr;a;a;pi;2;E;40.0;60000.0;1500.0;;;0.0;0.0;0.0;1
94.0;2B;2B143;pr;a;a;v;1;0;22.0;79000.0;3590.91;;;0.0;1.0;0.0;1
94.0;2B;2B143;pr;a;a;v;1;C;22.0;94500.0;4295.46;;;0.0;0.0;0.0;2
94.0;2B;2B143;pr;a;a;v;1;NS;22.0;63000.0;2863.64;;;0.0;0.0;1.0;1
94.0;2B;2B143;pr;a;a;v;2;0;31.0;89000.0;3240.74;;;0.0;0.33;0.67;3
94.0;2B;2B143;pr;a;a;v;2;C;31.0;124000.0;4000.0;;;0.0;0.0;0.0;2
94.0;2B;2B143;pr;a;a;v;2;D;27.0;119000.0;4407.41;;;0.0;0.0;0.0;1
94.0;2B;2B143;pr;a;a;v;2;E;39.0;61525.0;1538.46;;;0.0;0.0;0.33;3
94.0;2B;2B143;pr;a;a;v;2;NS;25.0;60000.0;2400.0;;;0.0;1.0;0.0;1
94.0;2B;2B143;pr;a;a;v;3;0;46.0;160000.0;3478.26;;;0.0;0.0;1.0;3
94.0;2B;2B143;pr;a;a;v;3;C;38.0;172500.0;4539.47;;;0.0;0.0;0.0;2
94.0;2B;2B143;pr;a;a;v;3;D;37.0;135400.0;3659.46;;;0.0;0.0;0.0;2
94.0;2B;2B143;pr;a;a;v;3;NS;46.0;120000.0;2608.7;;;0.0;0.0;1.0;1
94.0;2B;2B143;pr;a;a;v;4;D;51.0;106000.0;2078.43;;;0.0;2.0;0.0;1
94.0;2B;2B143;pr;a;a;v;4;NS;55.0;139500.0;2516.66;;;0.0;0.0;1.5;2
94.0;2B;2B143;pr;a;m;v;5;C;115.0;310000.0;2695.65;;;0.0;1.0;1.0;1
94.0;2B;2B143;pr;a;m;v;5;D;196.0;400000.0;2040.82;;;0.0;3.0;0.0;1
94.0;2B;2B143;pr;a;m;v;5;VI;125.0;380000.0;3040.0;;;0.0;2.0;0.0;1
94.0;2B;2B143;pr;ca;a;v;1;0;23.0;67950.0;2954.35;;;0.0;0.0;0.0;1
94.0;2B;2B143;pr;ca;a;v;3;0;46.0;157000.0;3413.04;;;0.0;0.0;0.0;1
94.0;2B;2B143;pr;ca;an;v;1;0;22.0;82000.0;3727.27;;;0.0;0.0;0.0;5
94.0;2B;2B143;pr;ca;an;v;2;0;31.0;118500.0;4048.38;;;0.0;0.0;0.0;6
94.0;2B;2B143;pr;ca;an;v;3;0;42.0;167000.0;3630.43;;;0.0;0.0;0.0;3
94.0;2B;2B143;pr;ca;an;v;4;0;60.0;213000.0;3550.0;;;0.0;0.0;0.0;1
94.0;2B;2B143;pr;m;m;v;3;D;79.0;239200.0;3027.85;;;0.0;1.0;0.0;1
94.0;2B;2B145;pr;a;m;v;4;VI;70.0;139000.0;1985.71;;;0.0;0.0;0.0;1
94.0;2B;2B148;pr;a;a;v;1;C;21.0;58000.0;2761.9;15.04;0.065;0.0;1.0;0.0;1
94.0;2B;2B148;pr;a;a;v;1;D;35.0;103000.0;2942.86;15.04;0.061;0.0;0.0;1.0;1
94.0;2B;2B148;pr;a;a;v;1;VI;33.0;99500.0;3016.66;15.04;0.06;0.0;0.0;0.0;2
94.0;2B;2B148;pr;a;a;v;2;0;37.0;90000.0;2432.43;12.93;0.064;0.0;0.0;0.0;1
94.0;2B;2B148;pr;a;a;v;2;B;44.0;139920.0;3180.0;12.93;0.049;0.0;0.0;0.0;1
94.0;2B;2B148;pr;a;a;v;2;C;43.5;129495.0;2988.77;12.93;0.053;0.0;1.0;0.0;2
94.0;2B;2B148;pr;a;a;v;2;D;43.0;120000.0;2790.7;12.93;0.056;0.0;1.0;0.0;1
94.0;2B;2B148;pr;a;a;v;2;E;48.0;117500.0;2447.92;12.93;0.064;0.0;1.0;0.0;2
94.0;2B;2B148;pr;a;a;v;2;NS;42.0;109500.0;2533.33;12.93;0.061;0.0;1.0;0.0;3
94.0;2B;2B148;pr;a;a;v;2;VI;46.0;138000.0;3000.0;12.93;0.052;0.0;0.0;0.0;4
94.0;2B;2B148;pr;a;a;v;3;0;74.5;161000.0;2181.63;9.52;0.052;0.0;0.5;0.0;4
94.0;2B;2B148;pr;a;a;v;3;B;73.0;212700.0;2913.7;9.52;0.039;0.0;1.0;0.0;1
94.0;2B;2B148;pr;a;a;v;3;C;69.5;169495.0;2512.42;9.52;0.047;0.0;0.0;1.0;2
94.0;2B;2B148;pr;a;a;v;3;NS;67.0;169500.0;2529.85;9.52;0.045;0.0;1.0;0.0;2
94.0;2B;2B148;pr;a;a;v;3;VI;62.0;171000.0;2714.29;9.52;0.04;0.0;0.33;0.0;3
94.0;2B;2B148;pr;a;a;v;4;0;87.0;157000.0;1806.42;10.76;0.072;0.0;0.0;1.0;2
94.0;2B;2B148;pr;a;a;v;4;C;82.0;188000.0;2292.68;10.76;0.056;0.0;0.0;1.0;1
94.0;2B;2B148;pr;a;a;v;4;F;67.0;156000.0;2328.36;10.76;0.055;0.0;1.0;0.0;1
94.0;2B;2B148;pr;a;a;v;4;VI;77.5;223500.0;2884.08;10.76;0.045;0.0;0.0;0.0;2
94.0;2B;2B148;pr;a;a;v;5;E;94.0;140000.0;1489.36;;;0.0;0.0;0.0;1
94.0;2B;2B148;pr;a;m;pi;2;0;20.0;40000.0;2000.0;11.11;0.067;0.0;0.0;0.0;1
94.0;2B;2B148;pr;a;m;v;10;0;273.0;456000.0;1670.33;;;1.0;1.0;3.0;1
94.0;2B;2B148;pr;a;m;v;10;C;245.0;395200.0;1613.06;;;0.0;0.0;3.0;1
94.0;2B;2B148;pr;a;m;v;2;0;37.5;90000.0;2452.76;11.11;0.056;0.0;0.0;0.0;2
94.0;2B;2B148;pr;a;m;v;2;E;50.0;159000.0;3180.0;11.11;0.042;0.0;1.0;0.0;1
94.0;2B;2B148;pr;a;m;v;2;VI;43.0;90000.0;2093.02;11.11;0.064;0.0;1.0;0.0;1
94.0;2B;2B148;pr;a;m;v;3;0;47.5;82500.0;1747.97;12.9;0.089;0.0;1.0;0.0;2
94.0;2B;2B148;pr;a;m;v;3;E;42.0;149000.0;3547.62;12.9;0.044;0.0;1.0;0.0;1
94.0;2B;2B148;pr;a;m;v;3;VI;71.5;227500.0;3159.12;12.9;0.049;0.0;0.5;0.0;2
94.0;2B;2B148;pr;a;m;v;4;0;95.0;280000.0;3043.48;11.83;0.053;0.33;0.33;0.67;3
94.0;2B;2B148;pr;a;m;v;4;VI;78.0;209000.0;2679.49;11.83;0.053;0.0;0.0;0.0;1
94.0;2B;2B148;pr;a;m;v;5;0;125.0;326000.0;3028.57;;;0.0;1.33;1.0;3
94.0;2B;2B148;pr;a;m;v;5;C;209.0;650000.0;3110.05;;;0.0;0.0;0.0;1
94.0;2B;2B148;pr;a;m;v;5;VI;161.0;443000.0;2773.18;;;0.0;0.0;0.0;2
94.0;2B;2B148;pr;a;m;v;6;0;170.0;460000.0;2444.0;12.3;0.055;0.0;1.0;0.67;3
94.0;2B;2B148;pr;a;m;v;6;D;129.0;352000.0;2728.68;12.3;0.054;0.0;0.0;2.0;1
94.0;2B;2B148;pr;a;m;v;7;0;216.0;355000.0;1643.52;;;0.0;0.0;3.0;1
94.0;2B;2B148;pr;a;m;v;7;VI;165.0;380000.0;2303.03;;;0.0;1.0;1.0;1
94.0;2B;2B148;pr;a;m;v;8;0;166.0;670000.0;4036.14;;;0.0;0.0;0.0;1
94.0;2B;2B148;pr;a;m;v;8;D;154.0;421000.0;2733.77;;;0.0;2.0;1.0;1
94.0;2B;2B148;pr;a;m;v;8;VI;166.0;679250.0;4091.87;;;0.0;1.0;1.0;1
94.0;2B;2B148;pr;a;m;vp;12;0;415.0;699000.0;1684.34;;;1.0;3.0;1.0;1
94.0;2B;2B148;pr;ca;a;v;1;0;30.0;92000.0;3066.67;15.04;0.059;0.0;0.0;0.0;3
94.0;2B;2B148;pr;ca;a;v;2;0;44.0;129500.0;2971.06;12.93;0.054;0.0;0.0;0.0;10
94.0;2B;2B148;pr;ca;a;v;3;0;63.0;171000.0;2714.29;9.52;0.042;0.0;0.0;0.0;7
94.0;2B;2B148;pr;ca;a;v;4;0;79.0;226000.0;2763.16;10.76;0.047;0.0;0.0;0.0;5
94.0;2B;2B148;pr;ca;a;v;7;0;47.0;125500.0;2670.21;;;0.0;0.0;0.0;1
94.0;2B;2B148;pr;ca;an;v;2;0;51.0;142000.0;2784.31;12.93;0.055;0.0;0.0;0.0;3
94.0;2B;2B148;pr;ca;an;v;3;0;63.0;169000.0;2686.57;9.52;0.043;0.0;0.0;0.0;3
94.0;2B;2B148;pr;ca;an;v;4;0;90.5;260000.0;2877.56;10.76;0.046;0.0;0.0;0.0;2
94.0;2B;2B148;pr;cm;mn;v;3;0;63.0;179000.0;2841.27;12.9;0.054;0.0;0.0;0.0;1
94.0;2B;2B148;pr;cm;mn;v;4;0;89.5;246000.0;2740.73;11.83;0.052;0.0;0.0;0.0;2
94.0;2B;2B148;pr;cm;mn;v;5;0;90.0;249000.0;2766.67;;;0.0;0.0;0.0;1
94.0;2B;2B148;pr;m;a;v;2;NS;46.0;123250.0;2685.0;12.93;0.057;0.0;1.0;0.0;2
94.0;2B;2B148;pr;m;a;v;3;E;70.0;95000.0;1357.14;9.52;0.084;0.0;0.0;0.0;1
94.0;2B;2B148;pr;m;a;v;3;NS;62.0;177500.0;2862.9;9.52;0.041;0.0;1.0;0.0;3
94.0;2B;2B148;pr;m;a;v;4;NS;89.0;224000.0;2516.85;10.76;0.051;0.0;1.0;0.0;1
94.0;2B;2B150;pr;a;a;v;1;0;23.0;100000.0;4347.83;;;2.0;1.0;0.0;5
94.0;2B;2B150;pr;a;a;v;1;E;25.0;115750.0;4633.82;;;0.0;0.0;1.0;2
94.0;2B;2B150;pr;a;a;v;1;NS;25.0;126000.0;5040.0;;;1.0;0.0;1.0;1
94.0;2B;2B150;pr;a;a;v;2;0;37.0;165000.0;4518.52;;;0.0;0.8;0.2;5
94.0;2B;2B150;pr;a;a;v;2;E;41.5;163750.0;4200.37;;;0.0;0.5;0.5;2
94.0;2B;2B150;pr;a;a;v;2;NS;41.0;249979.0;6097.05;;;0.0;1.0;0.0;1
94.0;2B;2B150;pr;a;a;v;3;0;51.0;261000.0;4870.97;14.0;0.036;0.0;1.0;0.2;5
94.0;2B;2B150;pr;a;a;v;3;D;51.0;157000.0;3078.43;14.0;0.055;0.0;1.0;0.0;1
94.0;2B;2B150;pr;a;a;v;3;E;64.0;345000.0;5390.62;14.0;0.031;0.0;0.0;2.0;1
94.0;2B;2B150;pr;a;a;v;3;G;48.0;420000.0;8750.0;14.0;0.019;0.0;1.0;0.0;1
94.0;2B;2B150;pr;a;a;v;4;E;70.0;252000.0;3600.0;;;1.0;1.0;0.0;1
94.0;2B;2B150;pr;a;m;v;3;D;61.0;360000.0;5901.64;;;0.0;0.0;1.0;1
94.0;2B;2B150;pr;a;m;v;3;NS;57.0;319000.0;5596.49;;;0.0;0.0;1.0;1
94.0;2B;2B150;pr;a;m;v;4;C;147.0;1367000.0;9303.47;;;0.0;1.0;0.5;2
94.0;2B;2B150;pr;a;m;v;5;C;300.0;2000000.0;6666.67;;;0.0;0.0;0.0;1
94.0;2B;2B150;pr;a;m;v;5;D;130.0;1248000.0;9600.0;;;1.0;2.0;1.0;1
94.0;2B;2B150;pr;a;m;v;5;NS;140.0;650000.0;4642.86;;;0.0;1.0;1.0;1
94.0;2B;2B150;pr;a;m;v;6;C;230.0;1000000.0;4377.32;;;0.0;1.5;1.0;2
94.0;2B;2B150;pr;a;m;v;7;D;229.0;750000.0;3275.11;;;0.0;2.0;1.0;1
94.0;2B;2B150;pr;a;m;v;7;F;187.0;795000.0;4251.34;;;0.0;3.0;0.0;1
94.0;2B;2B150;pr;a;m;vp;6;C;182.0;1385000.0;7609.89;;;0.0;0.0;5.0;1
94.0;2B;2B150;pr;a;m;vp;8;C;189.0;1260000.0;6666.67;;;0.0;0.0;4.0;1
94.0;2B;2B150;pr;a;m;vp;8;E;250.0;577500.0;2310.0;;;0.0;0.0;0.0;1
94.0;2B;2B152;pr;a;a;v;2;E;51.0;148400.0;2909.8;;;0.0;0.0;0.0;1
94.0;2B;2B152;pr;a;a;v;3;0;59.5;147000.0;2495.02;;;0.0;0.0;1.0;2
94.0;2B;2B152;pr;a;a;v;3;C;70.0;240000.0;3428.57;;;0.0;0.0;0.0;1
94.0;2B;2B152;pr;a;a;v;4;E;79.0;143000.0;1810.13;;;0.0;0.0;0.0;1
94.0;2B;2B152;pr;a;m;v;11;C;335.0;630000.0;1880.6;;;0.0;0.0;0.0;1
94.0;2B;2B152;pr;a;m;v;3;C;83.0;149000.0;1795.18;;;0.0;0.0;2.0;1
94.0;2B;2B152;pr;a;m;v;5;0;92.0;135000.0;1467.39;;;0.0;0.0;0.0;1
94.0;2B;2B152;pr;m;a;v;3;E;81.0;243000.0;3000.0;;;0.0;0.0;0.0;1
94.0;2B;2B152;pr;m;a;v;4;A;106.0;227000.0;2141.51;;;0.0;0.0;1.0;1
94.0;2B;2B152;pr;m;m;v;4;D;200.0;470000.0;2350.0;;;0.0;0.0;0.0;1
94.0;2B;2B159;pr;a;m;v;3;0;68.0;255000.0;3750.0;;;0.0;0.0;0.0;1
94.0;2B;2B159;pr;a;m;v;3;VI;69.0;255000.0;3695.65;;;0.0;0.0;1.0;1
94.0;2B;2B159;pr;a;m;v;8;C;235.0;750000.0;3191.49;;;0.0;0.0;0.0;1
94.0;2B;2B162;pr;a;a;v;3;0;75.0;340000.0;4533.33;;;0.0;0.0;0.0;1
94.0;2B;2B162;pr;a;a;v;4;0;180.0;450000.0;2500.0;;;0.0;0.0;0.0;1
94.0;2B;2B162;pr;a;m;v;5;0;135.0;490000.0;3629.63;;;0.0;0.0;0.0;1
94.0;2B;2B162;pr;m;a;v;2;VI;60.0;85000.0;1416.67;;;1.0;0.0;0.0;1
94.0;2B;2B165;pr;a;m;v;3;D;63.0;208000.0;3301.58;;;0.0;0.5;1.0;2
94.0;2B;2B166;pr;a;m;v;5;0;200.5;260000.0;1287.32;;;0.5;0.5;0.5;2
94.0;2B;2B166;pr;a;m;v;5;VI;172.0;214000.0;1244.19;;;0.0;1.0;0.0;1
94.0;2B;2B166;pr;m;m;v;4;NS;90.0;257500.0;2861.11;;;0.0;1.0;0.0;2
94.0;2B;2B166;pr;m;m;v;5;NS;110.0;285000.0;2590.91;;;0.0;2.0;0.0;1
94.0;2B;2B166;pr;network;m;v;5;C;150.0;399000.0;2660.0;;;1.0;0.0;2.0;1
94.0;2B;2B167;pr;a;a;v;2;F;32.0;132000.0;4125.0;;;0.0;1.0;0.0;1
94.0;2B;2B167;pr;a;m;v;4;D;119.5;432000.0;3786.8;;;0.0;1.0;0.5;2
94.0;2B;2B167;pr;a;m;v;5;E;102.0;369000.0;3617.65;;;0.0;2.0;0.0;1
94.0;2B;2B167;pr;a;m;v;6;C;289.0;2000000.0;6920.42;;;0.0;2.0;2.0;1
94.0;2B;2B168;pr;a;a;v;2;0;44.0;220000.0;5000.0;;;0.0;1.0;0.0;1
94.0;2B;2B168;pr;a;a;v;2;C;57.0;249000.0;4368.42;;;1.0;1.0;0.0;1
94.0;2B;2B168;pr;a;a;v;2;D;44.0;183750.0;4176.14;;;0.0;0.0;0.0;1
94.0;2B;2B168;pr;a;a;v;2;E;37.0;153050.0;4203.42;;;0.0;1.0;0.0;2
94.0;2B;2B168;pr;a;a;v;2;F;39.0;153700.0;3941.03;;;0.0;1.0;0.0;1
94.0;2B;2B168;pr;a;a;v;3;C;78.0;345000.0;4423.08;11.29;0.031;0.0;1.0;0.0;1
94.0;2B;2B168;pr;a;a;v;3;D;58.0;262000.0;4517.24;11.29;0.032;0.33;1.0;0.33;3
94.0;2B;2B168;pr;a;m;v;10;C;350.0;1470000.0;4200.0;;;0.0;5.0;0.0;1
94.0;2B;2B168;pr;a;m;v;4;C;122.0;615000.0;5040.98;;;0.0;1.0;1.0;1
94.0;2B;2B168;pr;a;m;v;4;D;105.5;724500.0;6941.18;;;0.0;0.75;0.75;4
94.0;2B;2B168;pr;a;m;v;5;0;156.0;1248000.0;8000.0;;;0.0;0.0;0.0;1
94.0;2B;2B168;pr;a;m;v;5;C;157.5;1060000.0;6702.98;;;0.0;1.0;2.0;2
94.0;2B;2B168;pr;a;m;v;6;C;136.0;610000.0;4485.29;;;0.0;1.0;1.0;1
94.0;2B;2B168;pr;a;m;v;6;D;185.0;1237000.0;6355.46;;;0.0;1.5;1.0;2
94.0;2B;2B168;pr;a;m;v;7;C;252.5;1446500.0;5517.45;;;0.0;2.5;1.0;2
94.0;2B;2B168;pr;a;m;vp;5;E;165.0;1260000.0;7636.36;;;0.0;3.0;0.0;1
94.0;2B;2B168;pr;a;m;vp;6;C;157.0;699000.0;4452.23;;;1.0;2.0;0.0;1
94.0;2B;2B168;pr;m;m;v;6;C;138.0;575000.0;4166.67;;;0.0;0.0;0.0;1
94.0;2B;2B170;pr;a;m;vp;5;0;175.0;884000.0;5051.43;;;0.0;2.0;2.0;1
94.0;2B;2B170;pr;m;a;v;2;VI;53.0;116000.0;2188.68;;;0.0;0.0;0.0;1
94.0;2B;2B172;pr;a;a;v;5;0;101.0;145000.0;1435.64;;;1.0;2.0;1.0;1
94.0;2B;2B172;pr;a;m;v;5;0;115.0;210000.0;1826.09;;;0.0;0.0;0.0;1
94.0;2B;2B173;pr;a;m;v;5;D;88.0;99500.0;1130.68;;;0.0;1.0;0.0;1
94.0;2B;2B175;pr;a;m;v;3;0;200.0;265000.0;1325.0;;;0.0;0.0;0.0;1
94.0;2B;2B175;pr;a;m;v;5;D;122.0;399000.0;3270.49;;;0.0;0.0;1.0;1
94.0;2B;2B182;pr;a;m;v;4;D;70.0;231000.0;3300.0;;;0.0;1.0;0.0;1
94.0;2B;2B185;pr;a;a;v;2;0;42.0;107800.0;2566.67;12.51;0.058;0.0;0.0;0.0;1
94.0;2B;2B185;pr;a;a;v;3;0;112.0;233000.0;2080.36;12.15;0.07;0.0;0.0;0.0;1
94.0;2B;2B185;pr;a;a;v;3;A;61.0;254000.0;4163.93;12.15;0.035;0.0;0.0;1.0;1
94.0;2B;2B185;pr;a;a;v;3;C;63.0;218000.0;3460.32;12.15;0.044;0.0;0.0;1.0;3
94.0;2B;2B185;pr;a;a;v;3;D;88.5;276500.0;3195.9;12.15;0.046;0.0;0.5;1.0;2
94.0;2B;2B185;pr;a;a;v;4;D;108.0;229500.0;2125.0;;;0.0;0.0;1.0;1
94.0;2B;2B185;pr;a;m;v;3;0;84.0;255000.0;3017.5;;;0.0;0.0;0.0;4
94.0;2B;2B185;pr;a;m;v;4;0;95.0;280000.0;3094.74;;;0.0;0.2;0.0;5
94.0;2B;2B185;pr;a;m;v;4;C;140.0;420000.0;3000.0;;;0.0;1.0;0.0;1
94.0;2B;2B185;pr;a;m;v;4;D;77.0;255000.0;3311.69;;;0.0;0.0;0.0;1
94.0;2B;2B185;pr;a;m;v;4;NS;97.0;335000.0;3453.61;;;0.0;0.0;3.0;1
94.0;2B;2B185;pr;a;m;v;4;VI;106.0;399000.0;3764.15;;;0.0;1.0;1.0;1
94.0;2B;2B185;pr;a;m;v;5;C;131.0;360000.0;2748.09;;;0.0;0.0;0.0;1
94.0;2B;2B185;pr;a;m;v;6;0;156.5;536000.0;3418.2;;;0.0;0.5;0.0;2
94.0;2B;2B187;pr;a;m;v;3;0;58.0;110000.0;1896.55;;;0.0;1.0;0.0;1
94.0;2B;2B188;pr;a;a;v;4;C;98.0;294000.0;3000.0;;;0.0;1.0;1.0;1
94.0;2B;2B188;pr;a;m;v;4;0;115.0;388500.0;3378.26;;;0.0;2.0;0.0;1
94.0;2B;2B188;pr;a;m;v;4;C;120.0;388500.0;3237.5;;;0.0;1.0;1.0;1
94.0;2B;2B188;pr;a;m;vp;7;B;240.0;540800.0;2253.33;;;0.0;0.0;0.0;1
94.0;2B;2B193;pr;a;a;v;9;0;187.0;140000.0;748.66;;;0.0;0.0;0.0;1
94.0;2B;2B193;pr;a;m;v;3;B;182.0;367500.0;2019.23;;;0.0;0.0;0.0;1
94.0;2B;2B195;pr;a;m;vp;12;0;328.0;599000.0;1826.22;;;0.0;6.0;1.0;1
94.0;2B;2B201;pr;a;a;v;2;0;41.0;247000.0;6024.39;;;0.0;0.0;0.0;1
94.0;2B;2B201;pr;a;m;v;4;A;65.0;250000.0;3846.15;;;0.0;2.0;0.0;1
94.0;2B;2B201;pr;a;m;v;4;D;77.0;145000.0;1883.12;;;0.0;0.0;0.0;1
94.0;2B;2B205;pr;a;a;v;1;0;25.0;161000.0;6440.0;;;0.0;0.0;0.0;1
94.0;2B;2B205;pr;a;a;v;2;VI;42.0;220000.0;5238.1;12.68;0.029;0.0;0.0;1.0;1
94.0;2B;2B205;pr;a;a;v;3;A;60.0;250000.0;4166.67;;;0.0;1.0;0.0;1
94.0;2B;2B205;pr;a;a;v;4;0;96.0;301600.0;3141.67;;;0.0;0.0;0.0;1
94.0;2B;2B205;pr;a;m;v;2;0;55.0;189000.0;3436.36;;;0.0;1.0;1.0;1
94.0;2B;2B205;pr;a;m;v;4;0;96.0;301600.0;3141.67;8.4;0.032;0.0;0.0;0.0;1
94.0;2B;2B205;pr;a;m;v;6;0;154.5;504625.0;3191.79;;;0.0;1.0;2.5;2
94.0;2B;2B205;pr;a;m;v;8;0;200.0;490000.0;2450.0;;;0.0;3.0;1.0;1
94.0;2B;2B205;pr;a;m;vp;4;C;140.0;632000.0;4514.29;8.4;0.022;0.0;1.0;1.0;1
94.0;2B;2B205;pr;a;m;vp;6;0;168.0;627000.0;3732.14;;;0.0;0.0;1.0;1
94.0;2B;2B205;pr;a;m;vp;7;D;169.0;579975.0;3431.8;;;0.0;2.0;1.0;1
94.0;2B;2B207;pr;a;a;v;2;0;46.5;112000.0;2520.07;9.51;0.051;0.25;0.75;0.0;4
94.0;2B;2B207;pr;a;a;v;2;B;41.0;110500.0;2695.12;9.51;0.042;0.0;0.0;0.0;2
94.0;2B;2B207;pr;a;a;v;2;C;42.0;118000.0;2809.52;9.51;0.041;0.0;1.0;0.0;1
94.0;2B;2B207;pr;a;a;v;3;0;68.0;188000.0;2660.94;9.72;0.043;0.67;1.0;0.0;3
94.0;2B;2B207;pr;a;a;v;3;B;77.0;180000.0;2337.66;9.72;0.05;0.0;0.0;0.0;2
94.0;2B;2B207;pr;a;a;v;3;C;78.5;171000.0;2193.58;9.72;0.054;0.0;1.0;0.0;2
94.0;2B;2B207;pr;a;a;v;3;D;66.0;162750.0;2465.91;9.72;0.052;0.0;0.67;0.33;3
94.0;2B;2B207;pr;a;a;v;3;NS;83.0;168000.0;2024.1;9.72;0.058;0.0;1.0;1.0;1
94.0;2B;2B207;pr;a;a;v;4;0;80.0;215000.0;2550.0;7.62;0.036;0.67;1.0;0.0;3
94.0;2B;2B207;pr;a;a;v;4;VI;60.0;150000.0;2500.0;7.62;0.037;0.0;0.0;1.0;1
94.0;2B;2B207;pr;a;a;v;5;B;110.0;280000.0;2545.45;;;0.0;0.0;0.0;1
94.0;2B;2B207;pr;a;a;v;5;C;174.5;290125.0;1662.64;;;0.0;1.0;2.5;2
94.0;2B;2B207;pr;a;a;v;6;D;163.0;291500.0;1788.34;;;0.0;1.0;1.0;1
94.0;2B;2B207;pr;a;an;v;3;0;70.0;193500.0;2764.29;9.72;0.042;0.0;0.0;0.0;1
94.0;2B;2B207;pr;a;an;v;4;0;95.0;245000.0;2578.95;7.62;0.035;0.0;0.0;0.0;1
94.0;2B;2B207;pr;a;m;pi;6;B;152.0;340000.0;2236.84;;;0.0;0.0;0.0;1
94.0;2B;2B207;pr;a;m;v;3;0;43.0;320000.0;7441.86;10.27;0.017;0.0;0.0;0.0;1
94.0;2B;2B207;pr;a;m;v;3;E;68.5;191500.0;2726.81;10.27;0.048;0.0;1.5;0.5;2
94.0;2B;2B207;pr;a;m;v;3;NS;107.5;264750.0;2423.02;10.27;0.052;0.0;1.0;0.5;2
94.0;2B;2B207;pr;a;m;v;4;C;153.0;315000.0;2821.05;10.0;0.045;0.0;0.0;0.33;3
94.0;2B;2B207;pr;a;m;v;4;E;66.0;200000.0;3030.3;10.0;0.04;0.0;0.0;0.0;1
94.0;2B;2B207;pr;a;m;v;4;NS;122.0;331500.0;2717.21;10.0;0.044;0.0;3.0;0.0;1
94.0;2B;2B207;pr;a;m;v;4;VI;80.0;265000.0;3312.5;10.0;0.035;0.0;0.0;0.6;5
94.0;2B;2B207;pr;a;m;v;5;0;150.0;430000.0;2866.67;;;0.0;1.0;1.0;1
94.0;2B;2B207;pr;a;m;v;5;C;170.0;412500.0;2423.34;;;0.0;0.5;1.0;2
94.0;2B;2B207;pr;a;m;v;5;E;113.0;270000.0;2389.38;;;0.0;1.0;0.0;1
94.0;2B;2B207;pr;a;m;v;6;B;215.0;610000.0;2837.21;;;0.0;3.0;1.0;1
94.0;2B;2B207;pr;a;m;v;6;E;115.0;266000.0;2313.04;;;0.0;1.0;1.0;1
94.0;2B;2B207;pr;a;m;v;7;C;241.0;450000.0;1867.22;;;0.0;0.0;3.0;1
94.0;2B;2B207;pr;ca;a;v;2;0;43.5;121000.0;2780.39;9.51;0.041;0.0;0.0;0.0;2
94.0;2B;2B207;pr;ca;an;v;1;0;22.0;57000.0;2590.91;;;0.0;0.0;0.0;1
94.0;2B;2B207;pr;ca;an;v;2;0;42.5;121000.0;2846.62;9.51;0.04;0.0;0.0;0.0;8
94.0;2B;2B207;pr;ca;an;v;3;0;72.0;185450.0;2643.53;9.72;0.045;0.0;0.0;0.0;8
94.0;2B;2B207;pr;ca;an;v;4;0;86.0;223000.0;2656.25;7.62;0.034;0.0;0.0;0.0;3
94.0;2B;2B207;pr;m;m;v;6;B;152.0;343200.0;2257.89;;;0.0;2.0;0.0;1
94.0;2B;2B217;pr;a;m;v;7;0;171.0;149500.0;874.27;;;0.0;2.0;0.0;1
94.0;2B;2B219;pr;a;a;v;4;0;95.0;155000.0;1631.58;;;0.0;0.0;0.0;1
94.0;2B;2B222;pr;a;m;v;4;0;85.0;49000.0;576.47;;;0.0;1.0;0.0;1
94.0;2B;2B224;pr;a;a;v;1;D;35.0;121000.0;3800.0;;;0.0;0.5;0.5;2
94.0;2B;2B224;pr;a;a;v;2;C;49.0;148000.0;3020.41;;;0.0;0.0;0.0;1
94.0;2B;2B224;pr;a;a;v;5;0;65.0;174900.0;2690.77;;;0.0;0.0;0.0;1
94.0;2B;2B224;pr;a;m;v;10;C;310.0;874000.0;2819.35;;;0.0;5.0;0.0;1
94.0;2B;2B224;pr;a;m;v;4;0;115.5;328125.0;2787.47;;;0.0;0.0;0.0;2
94.0;2B;2B224;pr;a;m;v;4;D;67.0;230000.0;3432.84;;;0.0;0.0;1.0;1
94.0;2B;2B224;pr;a;m;v;5;0;128.0;405650.0;3169.14;;;0.0;0.0;0.0;2
94.0;2B;2B224;pr;a;m;v;6;0;137.0;442000.0;3226.28;;;0.0;1.0;1.0;1
94.0;2B;2B224;pr;a;m;v;7;VI;190.0;480000.0;2526.32;;;0.0;0.0;0.0;1
94.0;2B;2B224;pr;m;a;v;4;NS;65.0;169500.0;2607.69;;;0.0;0.0;1.0;1
94.0;2B;2B225;pr;a;a;v;4;G;66.0;129000.0;1954.55;;;0.0;0.0;0.0;1
94.0;2B;2B226;pr;a;m;v;4;D;85.0;172000.0;2023.53;;;0.0;2.0;2.0;1
94.0;2B;2B239;pr;a;m;v;6;D;147.0;549500.0;3738.1;;;0.0;2.0;2.0;1
94.0;2B;2B242;pr;a;a;pi;2;0;31.0;70000.0;2258.06;;;0.0;0.0;0.0;1
94.0;2B;2B242;pr;a;a;v;2;0;32.0;80000.0;2500.0;;;0.0;0.0;0.0;1
94.0;2B;2B242;pr;a;a;v;2;D;26.0;78000.0;3000.0;;;0.0;1.0;0.0;1
94.0;2B;2B242;pr;a;m;v;11;0;230.0;436000.0;1895.65;;;0.0;1.0;2.0;1
94.0;2B;2B242;pr;a;m;v;2;0;40.0;80000.0;2000.0;;;0.0;0.0;0.0;1
94.0;2B;2B242;pr;a;m;v;2;VI;28.0;96500.0;3446.43;;;0.0;1.0;0.0;1
94.0;2B;2B242;pr;a;m;v;3;D;44.0;159000.0;3613.64;;;0.0;0.0;1.0;1
94.0;2B;2B242;pr;a;m;v;3;NS;46.0;137800.0;2995.65;;;0.0;0.0;0.0;1
94.0;2B;2B242;pr;a;m;v;3;VI;44.0;118000.0;2681.82;;;0.0;1.0;0.0;1
94.0;2B;2B242;pr;a;m;v;5;C;180.0;707200.0;3928.89;;;0.0;0.0;2.0;1
94.0;2B;2B246;pr;a;m;v;7;D;205.0;280000.0;1365.85;;;0.0;1.0;1.0;1
94.0;2B;2B246;pr;a;m;v;9;0;172.0;76000.0;441.86;;;0.0;0.0;1.0;1
94.0;2B;2B250;pr;a;m;v;3;0;69.0;77000.0;1115.94;;;0.0;1.0;0.0;1
94.0;2B;2B251;pr;a;a;v;2;0;48.0;136000.0;2791.67;10.33;0.044;0.0;0.67;0.33;3
94.0;2B;2B251;pr;a;a;v;3;0;71.0;202000.0;2845.07;;;0.0;1.0;0.0;1
94.0;2B;2B251;pr;a;a;v;4;0;91.0;272000.0;2989.01;;;0.0;0.5;0.5;2
94.0;2B;2B251;pr;a;m;v;3;E;26.0;126000.0;4846.15;;;0.0;1.0;0.0;1
94.0;2B;2B251;pr;a;m;v;4;0;96.0;378000.0;3937.5;;;0.0;0.0;2.0;1
94.0;2B;2B251;pr;a;m;v;5;0;136.0;410000.0;3014.71;;;0.0;0.0;2.0;1
94.0;2B;2B251;pr;a;m;v;9;C;154.0;541000.0;3512.99;;;0.0;5.0;0.0;1
94.0;2B;2B251;pr;a;m;vp;9;C;154.0;620000.0;4025.97;;;0.0;5.0;0.0;1
94.0;2B;2B251;pr;ca;a;v;2;0;48.0;146000.0;3104.17;10.33;0.042;0.0;0.0;0.0;3
94.0;2B;2B251;pr;ca;a;v;3;0;71.0;212000.0;2984.52;;;0.0;0.0;0.0;2
94.0;2B;2B251;pr;ca;a;v;4;0;87.0;241000.0;2802.33;;;0.0;0.0;0.0;3
94.0;2B;2B252;pr;a;m;v;3;0;60.0;130000.0;2166.67;;;0.0;0.0;0.0;1
94.0;2B;2B252;pr;a;m;v;3;E;60.0;130000.0;2166.67;;;0.0;1.0;0.0;1
94.0;2B;2B257;pr;a;m;v;5;0;145.0;495000.0;3413.79;;;0.0;1.0;0.0;1
94.0;2B;2B257;pr;a;m;v;6;D;147.0;490000.0;3333.33;;;0.0;0.0;5.0;1
94.0;2B;2B257;pr;a;m;v;7;A;135.0;294000.0;2177.78;;;1.0;3.0;1.0;1
94.0;2B;2B261;pr;a;a;v;3;VI;66.0;101000.0;1526.52;;;0.0;0.0;1.0;2
94.0;2B;2B261;pr;a;m;v;4;C;104.0;240750.0;2314.9;;;0.0;0.0;0.0;1
94.0;2B;2B261;pr;a;m;v;6;0;150.0;290000.0;1933.33;;;0.0;0.0;0.0;1
94.0;2B;2B261;pr;a;m;v;6;VI;130.0;202000.0;1553.85;;;0.0;0.0;2.0;1
94.0;2B;2B261;pr;a;m;v;8;0;132.0;195000.0;1477.27;;;0.0;0.0;0.0;1
94.0;2B;2B267;pr;a;m;v;5;0;290.0;345000.0;1189.66;;;0.0;0.0;0.0;1
94.0;2B;2B274;pr;a;m;v;12;C;650.0;650000.0;1000.0;;;0.0;3.0;2.0;1
94.0;2B;2B281;pr;a;m;v;12;0;190.0;248700.0;1308.95;;;0.0;0.0;0.0;1
94.0;2B;2B281;pr;a;m;v;3;0;90.0;249000.0;2766.67;;;0.0;1.0;0.0;1
94.0;2B;2B281;pr;a;m;v;4;0;130.0;387500.0;2955.36;;;0.0;0.0;0.0;2
94.0;2B;2B281;pr;a;m;v;4;B;107.0;260500.0;2434.58;;;0.0;0.5;1.0;2
94.0;2B;2B281;pr;a;m;v;4;D;98.0;338000.0;3448.98;;;0.0;0.0;1.0;1
94.0;2B;2B281;pr;a;m;v;4;VI;90.0;265000.0;2944.44;;;0.0;1.0;1.0;1
94.0;2B;2B281;pr;a;m;v;5;0;122.5;364950.0;2903.32;;;0.0;1.5;1.5;2
94.0;2B;2B281;pr;a;m;v;5;C;132.0;316000.0;2393.94;;;0.0;1.0;1.0;1
94.0;2B;2B281;pr;m;m;v;3;D;70.0;210000.0;3000.0;;;0.0;0.0;0.0;1
94.0;2B;2B286;pr;a;m;v;4;NS;63.0;119000.0;1888.89;;;0.0;0.0;0.0;1
94.0;2B;2B286;pr;a;m;v;5;0;91.0;294000.0;3230.77;;;0.0;0.0;0.0;1
94.0;2B;2B286;pr;a;m;v;7;0;164.0;397500.0;2497.34;;;0.5;1.0;1.5;2
94.0;2B;2B287;pr;a;a;v;2;0;26.0;99500.0;3826.92;;;0.0;0.0;1.0;1
94.0;2B;2B287;pr;a;m;v;4;VI;77.0;99000.0;1285.71;;;0.0;0.0;1.0;1
94.0;2B;2B290;pr;a;a;v;1;G;32.0;111300.0;3478.12;;;0.0;0.0;0.0;1
94.0;2B;2B290;pr;a;a;v;2;F;41.0;99360.0;2423.41;;;0.0;0.0;0.0;1
94.0;2B;2B290;pr;a;a;v;3;0;70.0;241500.0;3450.0;;;0.0;0.0;1.0;1
94.0;2B;2B290;pr;a;m;v;5;F;124.0;273000.0;2201.61;;;0.0;0.0;0.0;1
94.0;2B;2B298;pr;a;a;v;1;C;19.0;67000.0;3526.32;;;0.0;0.0;1.0;1
94.0;2B;2B298;pr;a;a;v;1;VI;25.0;75000.0;3000.0;;;0.0;0.0;1.0;1
94.0;2B;2B298;pr;a;a;v;2;0;43.0;209500.0;4777.78;15.37;0.04;0.0;0.67;0.0;3
94.0;2B;2B298;pr;a;a;v;2;E;35.0;164000.0;4685.71;15.37;0.039;0.0;1.0;0.0;1
94.0;2B;2B298;pr;a;a;v;3;0;61.0;300000.0;4918.03;;;0.0;0.0;0.0;1
94.0;2B;2B298;pr;a;a;v;3;C;68.0;420000.0;6176.47;;;0.0;0.0;0.0;1
94.0;2B;2B298;pr;a;a;v;3;D;72.0;272650.0;3786.8;;;0.0;0.5;0.0;2
94.0;2B;2B298;pr;a;a;v;3;VI;40.0;162000.0;4050.0;;;0.0;0.0;1.0;1
94.0;2B;2B298;pr;a;a;v;4;C;112.0;360000.0;3214.29;;;1.0;0.0;1.0;1
94.0;2B;2B298;pr;a;a;v;4;D;91.0;318250.0;3497.25;;;0.0;0.5;0.5;2
94.0;2B;2B298;pr;a;a;v;4;VI;100.0;299000.0;2990.0;;;0.0;0.0;1.0;1
94.0;2B;2B298;pr;a;m;v;12;C;300.0;1590000.0;5300.0;;;0.0;0.0;0.0;1
94.0;2B;2B298;pr;a;m;v;16;0;542.5;2182500.0;4016.28;;;0.0;0.0;0.0;2
94.0;2B;2B298;pr;a;m;v;3;0;80.0;315000.0;3937.5;;;0.0;0.0;1.0;1
94.0;2B;2B298;pr;a;m;v;4;0;90.0;525000.0;5833.33;;;0.0;0.0;0.0;1
94.0;2B;2B298;pr;a;m;v;5;C;170.5;704000.0;4157.11;;;0.0;0.5;0.5;2
94.0;2B;2B298;pr;a;m;v;6;E;142.0;749000.0;5274.65;;;0.0;0.0;2.0;1
94.0;2B;2B298;pr;a;m;vp;13;0;500.0;2400000.0;4800.0;;;0.0;7.0;1.0;1
94.0;2B;2B298;pr;a;m;vp;5;C;147.0;628000.0;4266.23;;;0.0;1.0;0.5;2
94.0;2B;2B298;pr;a;m;vp;7;D;150.0;720000.0;4800.0;;;0.0;0.0;0.0;1
94.0;2B;2B298;pr;m;a;v;2;D;43.0;258000.0;6000.0;15.37;0.031;0.0;0.0;0.0;1
94.0;2B;2B301;pr;a;m;v;5;VI;110.0;220000.0;2000.0;;;1.0;1.0;0.0;1
94.0;2B;2B302;pr;a;m;v;10;VI;410.0;265000.0;646.34;;;0.0;2.0;1.0;1
94.0;2B;2B303;pr;a;a;v;2;C;45.0;115000.0;2555.56;10.21;0.048;0.0;0.0;0.0;1
94.0;2B;2B303;pr;a;m;v;4;D;89.0;240000.0;2696.63;;;0.0;1.0;0.0;1
94.0;2B;2B303;pr;a;m;v;7;D;201.0;395000.0;1965.17;;;0.0;0.0;0.0;1
94.0;2B;2B303;pr;a;m;vp;7;D;196.0;970000.0;4948.98;;;0.0;2.0;0.0;1
94.0;2B;2B305;pr;a;a;v;2;E;67.0;160000.0;2388.06;14.89;0.075;0.0;0.0;0.0;1
94.0;2B;2B305;pr;a;a;v;3;0;67.0;298000.0;3875.0;13.9;0.047;0.0;1.0;0.33;3
94.0;2B;2B305;pr;a;a;v;3;C;74.0;180000.0;2432.43;13.9;0.069;0.0;0.0;0.0;1
94.0;2B;2B305;pr;a;a;v;4;0;119.5;567500.0;4645.67;12.5;0.038;0.0;1.83;0.0;6
94.0;2B;2B305;pr;a;a;v;4;D;66.0;175000.0;2651.52;12.5;0.057;0.0;0.0;1.0;1
94.0;2B;2B305;pr;a;a;v;4;NS;60.0;179000.0;2983.33;12.5;0.05;0.0;0.0;0.0;1
94.0;2B;2B305;pr;a;a;v;5;C;116.0;349000.0;3008.62;8.84;0.035;0.0;1.0;1.0;1
94.0;2B;2B305;pr;a;a;v;5;D;134.0;400000.0;2985.07;8.84;0.036;0.0;0.0;1.0;1
94.0;2B;2B305;pr;a;a;v;6;D;152.0;340000.0;2236.84;;;0.0;0.0;0.0;1
94.0;2B;2B305;pr;a;a;v;8;0;205.0;630000.0;3073.17;;;0.0;0.0;0.0;1
94.0;2B;2B305;pr;a;m;v;10;0;230.0;832000.0;3617.39;;;0.0;0.0;0.0;1
94.0;2B;2B305;pr;a;m;v;10;D;325.0;990000.0;3046.15;;;0.0;0.0;0.0;1
94.0;2B;2B305;pr;a;m;v;3;0;50.0;262500.0;5250.0;11.35;0.026;0.0;0.0;0.0;1
94.0;2B;2B305;pr;a;m;v;5;0;180.0;572000.0;3177.78;;;0.0;0.0;0.0;1
94.0;2B;2B305;pr;a;m;v;5;D;172.0;842400.0;4897.67;;;0.0;0.0;0.0;1
94.0;2B;2B305;pr;a;m;v;6;0;260.0;880000.0;3384.62;;;0.0;1.0;1.0;1
94.0;2B;2B305;pr;a;m;v;6;B;130.0;450000.0;3461.54;;;0.0;1.0;1.0;1
94.0;2B;2B305;pr;a;m;v;9;0;217.0;792000.0;3649.77;;;0.0;0.0;0.0;1
94.0;2B;2B305;pr;a;m;v;9;C;230.0;832000.0;3617.39;;;0.0;2.0;1.0;1
94.0;2B;2B305;pr;a;m;v;9;D;185.0;1475000.0;7972.97;;;0.0;2.0;1.0;1
94.0;2B;2B305;pr;ca;a;v;3;0;70.0;387500.0;5500.1;13.9;0.03;0.0;0.0;0.0;4
94.0;2B;2B305;pr;ca;a;v;4;0;117.5;579500.0;4950.86;12.5;0.03;0.0;0.0;0.0;2
94.0;2B;2B305;pr;ca;a;v;5;0;205.0;799000.0;3897.56;8.84;0.027;0.0;0.0;0.0;1
94.0;2B;2B305;pr;ca;an;v;2;0;51.0;250000.0;4901.96;14.89;0.036;0.0;0.0;0.0;1
94.0;2B;2B305;pr;ca;an;v;3;0;62.0;330000.0;5322.58;13.9;0.031;0.0;0.0;0.0;1
94.0;2B;2B305;pr;ca;an;v;4;0;104.0;521000.0;4900.0;12.5;0.03;0.0;0.0;0.0;7
94.0;2B;2B305;pr;ca;an;v;5;0;205.0;830000.0;4048.78;8.84;0.026;0.0;0.0;0.0;1
94.0;2B;2B305;pr;m;m;v;4;D;115.0;420000.0;3652.17;;;0.0;0.0;0.0;1
94.0;2B;2B305;pr;m;m;v;7;D;115.0;420000.0;3652.17;;;0.0;0.0;0.0;1
94.0;2B;2B307;pr;a;a;v;1;E;30.0;74750.0;2493.31;16.85;0.081;0.0;0.5;0.5;2
94.0;2B;2B307;pr;a;a;v;1;NS;29.0;80000.0;2758.62;16.85;0.073;0.0;1.0;0.0;1
94.0;2B;2B307;pr;a;a;v;1;VI;24.0;90000.0;3750.0;16.85;0.054;0.0;0.0;1.0;1
94.0;2B;2B307;pr;a;a;v;2;0;40.0;118000.0;2950.0;14.3;0.06;0.0;1.0;0.0;2
94.0;2B;2B307;pr;a;a;v;2;NS;45.0;116600.0;2591.11;14.3;0.066;0.0;0.0;1.0;1
94.0;2B;2B307;pr;a;a;v;2;VI;42.0;121000.0;2880.95;14.3;0.06;0.0;1.0;0.0;1
94.0;2B;2B307;pr;a;a;v;3;D;62.0;160000.0;2580.65;;;0.0;0.0;1.0;1
94.0;2B;2B307;pr;a;a;v;4;0;80.0;200000.0;2500.0;;;0.0;2.0;0.0;1
94.0;2B;2B307;pr;a;a;v;4;D;103.0;159000.0;1543.69;;;0.0;0.0;0.0;1
94.0;2B;2B307;pr;a;m;v;12;0;300.0;378000.0;1260.0;;;0.0;2.0;1.0;1
94.0;2B;2B307;pr;a;m;v;3;0;70.0;200000.0;2857.14;;;0.0;0.0;0.0;1
94.0;2B;2B307;pr;a;m;v;3;D;70.0;204000.0;2914.29;;;0.0;1.0;0.0;1
94.0;2B;2B307;pr;a;m;v;4;0;130.0;312000.0;2400.0;;;0.0;1.0;0.0;1
94.0;2B;2B307;pr;a;m;v;4;C;130.0;370000.0;2846.15;;;0.0;0.0;0.0;1
94.0;2B;2B307;pr;a;m;v;4;E;107.0;309000.0;2887.85;;;0.0;1.0;1.0;1
94.0;2B;2B307;pr;a;m;v;6;0;124.0;270000.0;2177.42;8.56;0.047;0.0;0.0;0.0;1
94.0;2B;2B307;pr;a;m;vp;7;0;246.0;1040000.0;4227.64;;;0.0;2.0;4.0;1
94.0;2B;2B307;pr;m;a;v;2;NS;42.0;123000.0;2928.57;14.3;0.059;0.0;1.0;0.0;1
94.0;2B;2B307;pr;m;a;v;3;NS;61.0;164000.0;2688.52;;;0.0;1.0;0.0;1
94.0;2B;2B309;pr;a;a;v;3;0;80.0;310000.0;3875.0;;;0.0;1.0;0.0;1
94.0;2B;2B309;pr;a;a;v;3;C;74.0;257000.0;3472.97;;;0.0;0.0;1.0;1
94.0;2B;2B309;pr;a;m;v;3;C;80.0;173000.0;2162.5;;;0.0;1.0;1.0;1
94.0;2B;2B309;pr;a;m;v;4;0;140.0;550000.0;3928.57;;;0.0;0.0;0.0;1
94.0;2B;2B309;pr;ca;an;v;4;0;125.5;789000.0;6283.3;9.38;0.018;0.0;0.0;0.0;4
94.0;2B;2B309;pr;cm;l;v;5;0;206.0;1450000.0;7038.83;;;0.0;0.0;0.0;1
94.0;2B;2B311;pr;a;a;v;4;C;80.0;220500.0;2756.25;;;0.0;0.0;1.0;1
94.0;2B;2B311;pr;a;m;pi;2;F;34.0;120000.0;3529.41;;;0.0;0.0;0.0;1
94.0;2B;2B311;pr;a;m;v;2;0;35.0;140000.0;4000.0;;;0.0;0.0;0.0;1
94.0;2B;2B311;pr;a;m;v;2;F;39.0;174900.0;4571.92;;;0.0;1.0;0.0;2
94.0;2B;2B311;pr;a;m;v;3;D;58.5;187950.0;3228.29;;;0.0;1.0;0.0;2
94.0;2B;2B311;pr;a;m;v;3;VI;43.0;230000.0;5348.84;;;0.0;0.0;0.0;1
94.0;2B;2B311;pr;a;m;v;4;C;79.5;210150.0;2644.32;;;0.0;0.5;1.0;2
94.0;2B;2B311;pr;a;m;v;7;VI;160.0;485000.0;3031.25;;;0.0;0.0;0.0;1
94.0;2B;2B311;pr;cm;mn;v;3;0;82.5;217500.0;2637.01;;;0.0;0.0;0.0;2
94.0;2B;2B311;pr;cm;mn;v;4;0;100.0;240000.0;2400.0;;;0.0;0.0;0.0;1
94.0;2B;2B311;pr;m;a;v;4;C;80.0;205000.0;2562.5;;;0.0;0.0;0.0;1
94.0;2B;2B311;pr;m;m;v;4;NS;100.0;260000.0;2600.0;;;0.0;1.0;1.0;1
94.0;2B;2B313;pr;a;a;v;1;D;30.0;86000.0;2933.33;14.81;0.059;0.0;0.0;1.0;3
94.0;2B;2B313;pr;a;a;v;1;E;24.0;94300.0;3929.17;14.81;0.042;0.0;0.33;0.67;3
94.0;2B;2B313;pr;a;a;v;1;NS;28.0;89450.0;3179.29;14.81;0.056;0.0;0.0;1.0;2
94.0;2B;2B313;pr;a;a;v;1;VI;22.5;94500.0;4691.67;14.81;0.042;0.0;0.5;0.5;2
94.0;2B;2B313;pr;a;a;v;2;0;44.0;130000.0;2954.55;15.74;0.066;0.0;0.2;0.0;5
94.0;2B;2B313;pr;a;a;v;2;A;44.0;105000.0;2386.36;15.74;0.079;0.0;0.0;0.0;1
94.0;2B;2B313;pr;a;a;v;2;C;42.0;120000.0;2857.14;15.74;0.066;0.0;0.0;0.0;1
94.0;2B;2B313;pr;a;a;v;2;D;28.0;86000.0;3071.43;15.74;0.062;0.2;0.8;0.2;5
94.0;2B;2B313;pr;a;a;v;2;F;33.0;86000.0;2606.06;15.74;0.072;0.0;0.0;0.0;1
94.0;2B;2B313;pr;a;a;v;2;NS;34.0;107000.0;3280.04;15.74;0.06;0.0;0.5;0.5;2
94.0;2B;2B313;pr;a;a;v;2;VI;53.0;127500.0;2419.36;15.74;0.078;0.0;0.0;0.5;2
94.0;2B;2B313;pr;a;a;v;3;0;65.0;162500.0;2594.55;11.52;0.054;0.0;0.5;0.0;4
94.0;2B;2B313;pr;a;a;v;3;D;44.0;126400.0;2880.48;11.52;0.048;0.0;1.0;0.0;2
94.0;2B;2B313;pr;a;a;v;3;E;41.0;130000.0;3170.73;11.52;0.044;0.0;0.0;0.0;1
94.0;2B;2B313;pr;a;a;v;3;VI;63.0;172500.0;2698.41;11.52;0.052;0.1;0.0;0.0;10
94.0;2B;2B313;pr;a;a;v;4;C;88.0;243800.0;2770.45;;;1.0;1.0;1.0;1
94.0;2B;2B313;pr;a;an;v;3;0;62.0;165000.0;2661.29;11.52;0.052;0.0;0.0;0.0;1
94.0;2B;2B313;pr;a;m;v;2;VI;30.0;163000.0;5433.33;;;0.0;1.0;0.0;1
94.0;2B;2B313;pr;a;m;v;3;D;84.0;263000.0;3130.95;;;0.0;0.0;1.0;1
94.0;2B;2B313;pr;a;m;v;4;0;90.0;267000.0;2966.67;;;0.0;0.0;0.0;1
94.0;2B;2B313;pr;a;m;v;4;B;73.0;195000.0;2671.23;;;0.0;0.0;1.0;1
94.0;2B;2B313;pr;a;m;v;4;D;69.5;307500.0;4424.19;;;0.0;0.5;0.0;2
94.0;2B;2B313;pr;a;m;v;4;E;73.0;195000.0;2671.23;;;0.0;1.0;0.0;1
94.0;2B;2B313;pr;a;m;v;4;F;105.0;296800.0;2826.67;;;0.0;1.0;0.0;1
94.0;2B;2B313;pr;a;m;v;5;D;134.0;375000.0;2798.51;;;0.0;1.0;0.0;2
94.0;2B;2B313;pr;a;m;v;6;C;197.0;477000.0;2421.32;;;0.0;0.0;0.0;1
94.0;2B;2B313;pr;a;m;v;8;C;268.0;550000.0;2052.24;;;0.0;3.0;1.0;1
94.0;2B;2B313;pr;ca;an;v;1;0;51.0;135000.0;2647.06;14.81;0.067;0.0;0.0;0.0;1
94.0;2B;2B313;pr;ca;an;v;2;0;44.5;114000.0;2504.83;15.74;0.075;0.0;0.0;0.0;4
94.0;2B;2B313;pr;ca;an;v;3;0;67.0;180000.0;2619.05;11.52;0.054;0.0;0.0;0.0;7
94.0;2B;2B314;pr;a;m;v;4;0;70.0;254000.0;3628.57;;;1.0;1.0;0.0;1
94.0;2B;2B314;pr;a;m;v;5;E;117.0;262500.0;2243.59;;;0.0;2.0;0.0;1
94.0;2B;2B314;pr;a;m;v;6;E;137.0;235000.0;1715.33;;;0.0;0.0;2.0;1
94.0;2B;2B315;pr;a;m;v;13;E;250.0;325000.0;1300.0;;;0.0;4.0;0.0;1
94.0;2B;2B316;pr;a;a;v;2;NS;41.0;179216.0;4371.12;10.34;0.028;0.0;1.0;0.0;3
94.0;2B;2B316;pr;a;a;v;3;0;73.5;262250.0;3561.5;;;0.0;0.0;0.5;2
94.0;2B;2B316;pr;a;a;v;3;NS;70.0;261072.0;3729.6;;;0.0;0.0;0.0;1
94.0;2B;2B316;pr;a;a;v;3;VI;44.0;137800.0;3131.82;;;0.0;1.0;0.0;1
94.0;2B;2B316;pr;a;a;v;4;0;96.0;337000.0;3510.42;;;0.0;2.0;0.0;1
94.0;2B;2B316;pr;a;a;v;4;D;80.0;287000.0;3587.5;;;0.0;1.0;0.0;1
94.0;2B;2B316;pr;a;a;v;4;F;67.0;220500.0;3291.04;;;0.0;0.0;1.0;1
94.0;2B;2B316;pr;a;an;v;4;0;104.0;310800.0;2988.46;;;0.0;0.0;0.0;1
94.0;2B;2B316;pr;a;m;v;4;C;95.0;397000.0;4178.95;;;0.0;3.0;0.0;1
94.0;2B;2B316;pr;a;m;v;4;F;84.0;167000.0;1988.1;;;0.0;2.0;0.0;1
94.0;2B;2B316;pr;a;m;v;5;C;200.0;920000.0;4600.0;;;0.0;1.0;1.0;1
94.0;2B;2B316;pr;a;m;v;5;D;143.0;475000.0;3321.68;;;0.0;2.0;1.0;1
94.0;2B;2B316;pr;a;m;v;6;D;190.0;1100000.0;5789.47;;;0.0;0.0;1.0;1
94.0;2B;2B316;pr;a;m;v;8;VI;280.0;1113000.0;3975.0;;;0.0;0.0;0.0;1
94.0;2B;2B316;pr;m;m;v;3;NS;88.0;266000.0;3022.73;;;0.0;1.0;0.0;1
94.0;2B;2B318;pr;a;m;v;3;E;45.0;149000.0;3311.11;;;0.0;1.0;0.0;1
94.0;2B;2B319;pr;a;m;v;3;0;79.0;215000.0;2721.52;11.43;0.05;0.0;0.0;0.0;1
94.0;2B;2B319;pr;a;m;v;4;0;136.0;420000.0;3088.24;;;0.0;2.0;0.0;1
94.0;2B;2B320;pr;a;m;v;4;A;112.0;290000.0;2589.29;;;0.0;0.0;0.0;1
94.0;2B;2B320;pr;network;m;v;4;A;112.0;290000.0;2589.29;;;0.0;2.0;0.0;1
94.0;2B;2B327;pr;a;m;v;8;VI;250.0;650000.0;2600.0;;;0.0;0.0;2.0;1
94.0;2B;2B332;pr;a;m;v;12;C;223.0;634000.0;2843.05;;;0.0;4.0;0.0;1
94.0;2B;2B335;pr;a;m;v;4;D;118.0;381600.0;3233.9;;;0.0;0.0;0.0;1
94.0;2B;2B341;pr;a;a;v;3;0;80.0;91000.0;1137.5;;;0.0;0.0;0.0;1
94.0;2B;2B341;pr;a;a;v;4;0;74.0;74000.0;1000.0;;;0.0;0.0;0.0;1
94.0;2B;2B342;pr;a;m;v;3;0;85.0;320000.0;3764.71;;;0.0;1.0;0.0;1
94.0;2B;2B342;pr;a;m;v;3;D;85.0;317125.0;3730.88;;;0.0;1.0;0.0;2
94.0;2B;2B342;pr;a;m;v;3;E;51.0;168000.0;3294.12;;;0.0;0.0;0.0;1
94.0;2B;2B342;pr;a;m;v;4;D;92.0;275000.0;2989.13;;;0.0;1.0;0.0;1
94.0;2B;2B343;pr;a;a;v;2;0;44.0;115000.0;2613.64;;;0.0;1.0;0.0;1
94.0;2B;2B343;pr;a;a;v;3;0;72.0;120000.0;1666.67;7.83;0.056;0.0;0.0;0.0;1
94.0;2B;2B343;pr;a;a;v;3;D;70.0;150000.0;2142.86;7.83;0.044;0.0;0.0;0.0;1
94.0;2B;2B343;pr;a;m;v;3;0;41.0;75000.0;1829.27;7.5;0.049;0.0;0.0;0.0;1
94.0;2B;2B343;pr;a;m;v;4;0;135.0;320000.0;2370.37;;;0.0;2.0;0.0;1
94.0;2B;2B343;pr;a;m;v;4;D;114.0;300000.0;2631.58;;;0.0;0.0;0.0;1
94.0;2B;2B343;pr;a;m;v;6;A;110.0;330000.0;3000.0;;;0.0;0.0;0.0;1
94.0;2B;2B346;pr;a;a;v;1;VI;29.0;89000.0;3068.97;;;0.0;0.0;0.0;1
94.0;2B;2B346;pr;a;a;v;2;0;58.0;90000.0;1551.72;13.08;0.101;0.0;0.0;0.0;1
94.0;2B;2B346;pr;a;a;v;2;VI;51.0;98000.0;1921.57;13.08;0.079;0.0;0.33;0.0;3
94.0;2B;2B346;pr;a;a;v;3;C;67.5;158500.0;2341.21;10.46;0.054;0.0;0.0;0.5;2
94.0;2B;2B346;pr;a;a;v;3;VI;66.0;177000.0;2694.45;10.46;0.047;0.0;0.0;0.0;2
94.0;2B;2B346;pr;a;a;v;4;0;60.0;130000.0;2166.67;10.86;0.06;0.0;1.0;0.0;1
94.0;2B;2B346;pr;a;a;v;4;VI;81.0;218000.0;2691.36;10.86;0.048;0.0;0.0;0.0;1
94.0;2B;2B346;pr;a;m;v;3;0;83.0;196100.0;2362.65;11.43;0.058;0.0;0.0;1.0;1
94.0;2B;2B346;pr;a;m;v;3;VI;60.0;169000.0;2816.67;11.43;0.049;0.0;0.0;1.0;1
94.0;2B;2B346;pr;a;m;v;4;0;96.0;274000.0;2854.17;12.28;0.052;0.0;0.0;0.0;1
94.0;2B;2B346;pr;a;m;v;4;D;95.0;262500.0;2763.16;12.28;0.053;0.0;0.0;0.0;1
94.0;2B;2B346;pr;a;m;v;4;VI;70.0;208000.0;2971.43;12.28;0.05;0.0;0.0;1.0;1
94.0;2B;2B346;pr;a;m;v;5;0;109.0;316000.0;2890.56;;;0.0;0.0;0.0;2
94.0;2B;2B346;pr;a;m;v;5;B;97.0;275000.0;2835.05;;;0.0;0.5;0.5;2
94.0;2B;2B346;pr;a;m;v;5;D;139.0;400000.0;2877.7;;;0.0;0.0;1.0;1
94.0;2B;2B346;pr;ca;a;v;3;0;60.0;166000.0;2766.67;10.46;0.045;0.0;0.0;0.0;1
94.0;2B;2B346;pr;ca;an;v;1;0;29.0;84000.0;2896.56;;;0.0;0.0;0.0;2
94.0;2B;2B346;pr;ca;an;v;2;0;44.0;119000.0;2864.86;13.08;0.055;0.0;0.0;0.0;5
94.0;2B;2B346;pr;ca;an;v;3;0;67.5;171000.0;2532.56;10.46;0.05;0.0;0.0;0.0;2
94.0;2B;2B346;pr;ca;an;v;4;0;81.0;206500.0;2549.39;10.86;0.051;0.0;0.0;0.0;2
94.0;2B;2B346;pr;m;m;v;4;NS;90.0;250000.0;2881.72;12.28;0.05;0.0;1.0;0.33;3
94.0;2B;2B352;pr;a;a;v;3;NS;72.0;77000.0;1069.44;;;0.0;0.0;0.0;1
94.0;2B;2B352;pr;a;m;v;3;VI;43.0;325775.0;7576.16;;;0.0;1.0;0.0;1
94.0;2B;2B352;pr;a;m;v;6;0;205.0;454000.0;2214.63;;;0.0;0.0;0.0;1
94.0;2B;2B353;pr;a;a;v;2;0;55.0;133375.0;2425.0;15.92;0.079;0.0;1.0;0.0;2
94.0;2B;2B353;pr;a;a;v;2;C;42.0;150950.0;3608.98;15.92;0.054;0.5;1.0;0.0;2
94.0;2B;2B353;pr;a;a;v;2;NS;45.0;160000.0;3555.56;15.92;0.054;0.0;0.0;1.0;1
94.0;2B;2B353;pr;a;a;v;3;0;85.0;315000.0;3423.91;11.36;0.042;0.67;0.0;1.0;3
94.0;2B;2B353;pr;a;a;v;3;C;89.0;293000.0;3292.13;11.36;0.041;0.0;1.0;0.0;1
94.0;2B;2B353;pr;a;a;v;3;NS;70.0;279000.0;3985.71;11.36;0.034;0.0;1.0;0.0;1
94.0;2B;2B353;pr;a;a;v;4;0;104.0;328600.0;3159.62;10.26;0.039;0.0;0.0;1.0;1
94.0;2B;2B353;pr;a;a;v;4;C;118.0;357000.0;3025.42;10.26;0.041;0.0;1.0;1.0;1
94.0;2B;2B353;pr;a;a;v;5;0;160.0;728000.0;4550.0;10.59;0.028;0.0;0.0;0.0;1
94.0;2B;2B353;pr;a;a;vp;4;0;127.5;481000.0;3689.52;10.26;0.034;2.0;1.5;0.5;2
94.0;2B;2B355;pr;a;m;v;6;C;198.0;420000.0;2121.21;;;0.0;0.0;4.0;1
94.0;2B;2B361;pr;a;m;v;5;NS;197.0;485000.0;2461.93;;;0.0;2.0;1.0;1
94.0;2B;2B361;pr;a;m;v;6;D;128.0;369000.0;2882.81;;;0.0;0.0;2.0;1
