CODGEO;P17_POP;P12_POP;SUPERF;NAIS1217;DECE1217;P17_MEN;NAISD19;DECESD19;P17_LOG;P17_RP;P17_RSECOCC;P17_LOGVAC;P17_RP_PROP;NBMENFISC17;PIMP17;MED17;TP6017;P17_EMPLT;P17_EMPLT_SAL;P12_EMPLT;P17_POP1564;P17_CHOM1564;P17_ACT1564;ETTOT15;ETAZ15;ETBE15;ETFZ15;ETGU15;ETGZ15;ETOQ15;ETTEF115;ETTEFP1015;INSEE_COM;REG;DEP
68001;1141.0;1172.0;7.22;47.0;31.0;452.53930678121804;6.0;5.0;486.63393043713205;452.53930678121804;2.84121863799283;31.2534050179212;351.65002262141195;426.0;;23890.0;;326.849318603672;293.856737938839;345.240884345106;747.727471838626;53.002322250183795;583.025544752022;90.0;5.0;6.0;7.0;62.0;26.0;10.0;22.0;5.0;68001;44;68
68004;5737.0;5747.0;9.54;308.0;257.0;2665.71655256747;57.0;72.0;3016.3491345123603;2665.71655256747;21.1667962853876;329.46578565951097;1297.38296094538;2627.0;53.0;21380.0;14.0;3949.60622763366;3608.46852154199;4329.77711543715;3680.7082950748104;360.834636012934;2892.5473383864396;726.0;9.0;46.0;32.0;488.0;146.0;151.0;222.0;57.0;68004;44;68
68005;1779.0;1773.0;19.66;68.0;115.0;791.999999999995;13.0;21.0;1041.76167778836;791.999999999995;158.848427073403;90.9132507149667;572.59134623817;792.0;;26270.0;;429.72707016175497;300.60649716275503;419.571327933808;1130.18692863957;67.071103401679;884.7139742613301;230.0;67.0;13.0;6.0;121.0;29.0;23.0;66.0;7.0;68005;44;68
68006;1180.0;1062.0;10.65;65.0;22.0;458.395989974937;17.0;2.0;489.395989974937;458.395989974937;0.837837837837838;30.1621621621622;393.333333333333;445.0;;25590.0;;119.391687915564;75.054078089127;125.727936108076;771.87969924812;33.5171261487051;621.052631578947;98.0;19.0;6.0;13.0;51.0;19.0;9.0;20.0;0.0;68006;44;68
68007;2162.0;2240.0;11.6;96.0;65.0;891.9999999986951;21.0;10.0;950.2244897946131;891.9999999986951;12.2577873254564;45.9667024704616;744.3427904833701;892.0;69.0;26620.0;;288.47227538858;218.713627888592;278.01866914430803;1457.5786087070999;82.00955620862601;1102.89891394419;159.0;20.0;12.0;20.0;84.0;22.0;23.0;30.0;4.0;68007;44;68
68009;846.0;803.0;9.69;37.0;23.0;320.0;4.0;6.0;346.0;320.0;4.0;22.0;259.0;315.0;;23120.0;;69.2556289028654;48.306258747826604;55.1114596453273;561.0;41.0;445.0;49.0;7.0;1.0;7.0;30.0;13.0;4.0;9.0;0.0;68009;44;68
68010;1128.0;1131.0;4.2;54.0;36.0;467.000000000002;11.0;10.0;511.348514851487;467.000000000002;2.01584158415842;42.3326732673268;388.06062105692496;470.0;;25450.0;;221.280034578457;185.45442901487098;190.47649288166;762.258297038376;54.00766741254561;607.431483240543;78.0;6.0;8.0;11.0;46.0;20.0;7.0;18.0;2.0;68010;44;68
68011;1321.0;1302.0;8.01;67.0;22.0;509.771796815767;9.0;1.0;538.771796815767;509.771796815767;3.0;26.0;390.472045544627;504.0;;25770.0;;231.109772022492;180.538800522468;173.082792143383;900.9164758291969;60.81809527286139;719.224172783414;121.0;10.0;9.0;13.0;63.0;17.0;26.0;22.0;6.0;68011;44;68
68012;1788.0;1826.0;12.03;92.0;54.0;702.0;11.0;7.0;732.0;702.0;4.0;26.0;591.0;689.0;;26540.0;;462.27255031321897;399.322193999431;488.48128432417;1218.0;77.0;983.0;135.0;19.0;15.0;16.0;68.0;16.0;17.0;35.0;7.0;68012;44;68
68013;973.0;917.0;5.11;45.0;39.0;409.684210526316;3.0;8.0;443.234094517035;409.684210526316;2.79582366589327;30.754060324826003;343.701417004048;396.0;;35490.0;;102.923134883179;79.24635978779841;110.282833059701;629.298582995951;34.4686234817814;507.181174089069;63.0;7.0;4.0;3.0;40.0;18.0;9.0;15.0;4.0;68013;44;68
68015;2616.0;2603.0;12.76;127.0;72.0;1076.9999997636098;18.0;22.0;1147.24778737423;1076.9999997636098;12.0424778761062;58.20530973451329;839.1893962877961;1072.0;69.0;26670.0;;342.496867548838;281.118403780246;338.030605131205;1665.7357112760299;131.826834952899;1288.39449817623;160.0;7.0;13.0;16.0;102.0;41.0;22.0;38.0;7.0;68015;44;68
68016;969.0;934.0;9.49;45.0;20.0;372.76938986556394;7.0;2.0;416.198317546361;372.76938986556394;13.1296758104737;30.299251870323896;314.162182256171;378.0;;24950.0;;131.066931408616;109.05281892417601;119.84234678581801;643.23236414467;45.16276568293139;506.363154973366;65.0;19.0;8.0;3.0;29.0;10.0;6.0;11.0;3.0;68016;44;68
68017;824.0;815.0;10.72;37.0;35.0;347.999999999961;5.0;10.0;380.565656565618;347.999999999961;7.12373737373739;25.441919191919304;292.02264638365;344.0;;23930.0;;115.859073919529;97.9712974742902;138.308573444346;534.986492201352;47.22351223725099;432.45376818784104;36.0;6.0;3.0;3.0;21.0;7.0;3.0;7.0;2.0;68017;44;68
68018;757.0;808.0;9.79;31.0;33.0;317.878869448184;5.0;6.0;347.92252024183404;317.878869448184;4.418183940242759;25.625466853408;264.89905787348596;300.0;;25040.0;;97.265404868807;72.8233723906831;97.2080022133449;495.15746971736297;35.659488559892395;388.179004037686;67.0;15.0;7.0;8.0;29.0;9.0;8.0;18.0;1.0;68018;44;68
68019;574.0;586.0;6.52;23.0;18.0;223.999999999991;0.0;5.0;262.142322097369;223.999999999991;4.01498127340824;34.12734082397;178.24409517240503;240.0;;22630.0;;54.0102142295439;47.063121667845;65.3816293060831;384.822051796604;38.7051667249552;305.263684396471;37.0;5.0;3.0;1.0;20.0;7.0;8.0;7.0;1.0;68019;44;68
68020;1608.0;1641.0;21.22;44.0;122.0;668.41727252699;5.0;29.0;719.885437320997;668.41727252699;3.88438979577415;47.583774998233395;528.069839171625;642.0;;25390.0;;306.472422007322;269.42864601973304;352.05762235235704;963.229927731949;45.436219431592995;724.9601233751939;87.0;6.0;10.0;5.0;49.0;17.0;17.0;28.0;6.0;68020;44;68
68021;3837.0;3806.0;12.86;195.0;109.0;1713.9999999997901;36.0;19.0;1883.6777124530302;1713.9999999997901;25.400855157669803;144.276857295564;1253.19864638766;1649.0;76.0;32530.0;;1308.48192760834;1169.14174627593;1217.74271648959;2613.89011825925;165.950080458641;2060.3916393373497;288.0;12.0;19.0;34.0;178.0;57.0;45.0;74.0;29.0;68021;44;68
68022;1587.0;1409.0;16.88;80.0;54.0;651.999999988035;10.0;12.0;697.861561107329;651.999999988035;4.0765832106038395;41.7849779086894;555.309923520846;641.0;;27150.0;;136.81250166264098;99.1997406163856;137.746044510167;1019.69619518306;77.55440166671609;815.584281811394;93.0;14.0;8.0;11.0;52.0;19.0;8.0;19.0;2.0;68022;44;68
68023;941.0;984.0;5.61;46.0;80.0;388.0;4.0;18.0;473.0;388.0;47.0;38.0;289.0;382.0;;24140.0;;312.255517105144;241.209134229079;298.189836694287;528.0;28.0;425.0;133.0;41.0;8.0;3.0;67.0;24.0;14.0;34.0;3.0;68023;44;68
68025;216.0;223.0;7.55;10.0;5.0;88.77966101694919;1.0;0.0;113.24974648703501;88.77966101694919;11.745641025641;12.724444444444401;78.7118644067797;90.0;;29680.0;;10.0580890268426;2.82872272947395;13.570715194674099;136.372881355932;10.9830508474576;112.576271186441;14.0;0.0;2.0;0.0;10.0;5.0;2.0;4.0;0.0;68025;44;68
68026;1335.0;1243.0;6.59;53.0;45.0;545.999999999999;5.0;11.0;617.012861736334;545.999999999999;28.405144694533895;42.6077170418008;418.251404103498;568.0;;24650.0;;642.991212766779;521.873294508924;686.8092093407689;862.3468927997591;42.27630460231379;654.385648824403;243.0;74.0;23.0;20.0;108.0;35.0;18.0;74.0;14.0;68026;44;68
68028;2121.0;1941.0;19.16;127.0;163.0;905.3897779615302;19.0;35.0;1230.72399703446;905.3897779615302;222.131521179702;103.202697893224;642.600908167707;862.0;57.0;22860.0;;667.01692962286;526.003238673391;615.928218101363;1265.53703024224;69.8032935389842;1023.40728063159;270.0;41.0;25.0;29.0;157.0;39.0;18.0;60.0;15.0;68028;44;68
68029;1078.0;1063.0;4.24;54.0;28.0;459.038461538461;7.0;8.0;493.897626435843;459.038461538461;4.97988069962592;29.8792841977555;353.41025641025595;460.0;;24210.0;;150.32724770023398;107.733764239428;166.456697523861;644.6282051282051;39.487179487179496;505.435897435897;96.0;15.0;5.0;11.0;57.0;20.0;8.0;36.0;0.0;68029;44;68
68030;433.0;450.0;2.29;22.0;16.0;183.0;2.0;7.0;196.93069306930698;183.0;1.99009900990099;11.940594059405901;125.08145985771401;181.0;;23240.0;;87.92718760599921;74.9623271600694;66.1649478442909;269.41804845131696;19.549570083998198;221.19213228382802;37.0;8.0;2.0;3.0;18.0;6.0;6.0;9.0;1.0;68030;44;68
68032;1192.0;1174.0;7.66;58.0;44.0;491.351170568562;11.0;8.0;533.309099371151;491.351170568562;7.34263754045304;34.6152912621358;400.655518394649;478.0;;26250.0;;169.022104972969;122.124394528456;140.712387505524;773.4046822742481;45.846153846153896;609.953177257525;118.0;18.0;6.0;14.0;65.0;17.0;15.0;21.0;3.0;68032;44;68
68033;450.0;478.0;4.73;18.0;23.0;202.99999999995097;6.0;1.0;226.302631578899;202.99999999995097;3.03947368421052;20.2631578947368;164.19261608430799;197.0;;28900.0;;27.8189564690171;19.9732919600417;32.7179925319558;327.64033576801603;20.0066027899548;257.76705855772497;27.0;5.0;1.0;3.0;12.0;6.0;6.0;11.0;0.0;68033;44;68
68034;311.0;320.0;4.09;9.0;12.0;136.124600638978;3.0;2.0;157.791267305644;136.124600638978;11.8181818181818;9.84848484848485;122.21405750798701;131.0;;35460.0;;36.878502653336604;26.9226773072237;34.4707328450684;188.78594249201302;12.9169329073482;154.009584664537;23.0;4.0;2.0;2.0;11.0;2.0;4.0;4.0;2.0;68034;44;68
68035;317.0;278.0;4.16;14.0;11.0;138.25545170901;0.0;3.0;159.25545170901;138.25545170901;15.0;5.99999999999999;118.224260899713;127.0;;34170.0;;26.1160034196735;15.0751296540855;14.694809977069;193.576912287411;12.0211942470181;155.439673087045;18.0;5.0;1.0;2.0;8.0;2.0;2.0;7.0;0.0;68035;44;68
68036;2571.0;2506.0;16.55;125.0;67.0;1055.99999998446;20.0;17.0;1131.8658969649198;1055.99999998446;13.150088809946698;62.71580817051479;714.903833189581;1057.0;56.0;22640.0;11.0;2649.12911158775;2566.85286922568;2907.47875731232;1627.9135820855702;152.567257200305;1222.89078015028;147.0;8.0;15.0;12.0;92.0;28.0;20.0;39.0;7.0;68036;44;68
68037;444.0;419.0;7.15;22.0;6.0;179.99999999333198;6.0;0.0;194.643678154252;179.99999999333198;4.5057471264368;10.1379310344828;147.22436885901;189.0;;25000.0;;44.2673203537215;34.4533809096028;41.3624593473973;324.639779209945;10.7703507418015;233.53743197711398;28.0;7.0;4.0;0.0;15.0;5.0;2.0;5.0;2.0;68037;44;68
68038;1039.0;956.0;3.23;63.0;28.0;426.566189624329;13.0;2.0;444.962814096903;426.566189624329;3.44936708860758;14.9472573839662;344.784436493739;449.0;;24400.0;;105.635780218311;82.0639007826233;72.580763954935;665.406082289803;42.7495527728086;547.380143112701;47.0;6.0;1.0;4.0;29.0;10.0;7.0;5.0;1.0;68038;44;68
68039;544.0;564.0;8.1;17.0;34.0;226.168498168498;3.0;3.0;254.14889032536098;226.168498168498;3.64961636828646;24.330775788576396;190.300366300366;222.0;;24310.0;;81.2528330695166;64.2531356940213;75.42724138752959;337.758241758242;21.919413919413902;275.985347985348;36.0;10.0;3.0;1.0;18.0;8.0;4.0;6.0;2.0;68039;44;68
68040;1960.0;1991.0;12.64;84.0;136.0;846.999999999917;13.0;33.0;933.357588357505;846.999999999917;11.045738045738;75.31185031185001;536.000096850205;814.0;;21080.0;;541.379137446644;480.908470976642;543.562168286279;1180.45206606386;117.63195605750799;884.7202885168609;129.0;2.0;19.0;16.0;72.0;27.0;20.0;38.0;13.0;68040;44;68
68041;1957.0;1770.0;20.69;107.0;55.0;808.643237298824;11.0;11.0;875.066361530066;808.643237298824;10.7134071340714;55.7097170971713;593.020573504827;780.0;;24450.0;;260.152497509285;201.474136804937;204.365452533124;1327.3568829546302;76.8035995902018;1048.64140312259;128.0;21.0;14.0;12.0;69.0;23.0;12.0;27.0;4.0;68041;44;68
68042;4526.0;4268.0;14.6;238.0;127.0;2042.69339673143;36.0;22.0;2285.62758515715;2042.69339673143;87.1917260438825;155.742462381832;1362.11921844782;1916.0;76.0;32500.0;5.0;1108.1292099310901;974.577007872628;1046.02641951672;2940.96573875315;238.83202262164102;2384.6326694098398;275.0;12.0;11.0;29.0;184.0;57.0;39.0;46.0;20.0;68042;44;68
68043;4027.0;3695.0;8.63;245.0;189.0;1726.98647851069;49.0;50.0;1937.21548614428;1726.98647851069;24.732824427481;185.49618320610801;1120.3772415316198;1697.0;59.0;22370.0;8.0;639.586460490529;547.960400692653;626.279011621517;2485.9517066450103;241.266938673331;1975.06781375496;226.0;9.0;14.0;19.0;149.0;47.0;35.0;44.0;11.0;68043;44;68
68044;752.0;812.0;21.98;22.0;53.0;296.824775635155;6.0;7.0;461.76969623515504;296.824775635155;98.37076590000001;66.57415470000001;230.126766441754;302.0;;21490.0;;182.817485948687;137.392638207737;183.194318563526;482.360736839875;36.5147566385792;363.963634397552;75.0;11.0;4.0;7.0;40.0;6.0;13.0;19.0;4.0;68044;44;68
68045;560.0;605.0;6.04;20.0;18.0;240.99999999699298;5.0;4.0;262.999999996993;240.99999999699298;8.0;14.0;205.33912213042703;234.0;;23800.0;;92.6954628295826;78.0622783678771;87.5373295166184;362.43964101668604;27.2616847584376;272.55459592588;48.0;4.0;4.0;7.0;30.0;7.0;3.0;9.0;2.0;68045;44;68
68046;420.0;416.0;6.86;17.0;18.0;179.856459330144;4.0;4.0;223.051029465891;179.856459330144;31.1402714932127;12.054298642534;155.730050447357;180.0;;23450.0;;51.929138485035296;35.950788722637206;45.7696997078088;281.079846058361;17.0887446419543;216.01941218039101;36.0;3.0;1.0;2.0;25.0;7.0;5.0;7.0;1.0;68046;44;68
68049;459.0;445.0;6.47;16.0;31.0;165.999999999971;1.0;5.0;184.191489361673;165.999999999971;4.042553191489359;14.148936170212801;139.419570767997;156.0;;31200.0;;204.27573624136298;166.375283232035;193.026711766207;277.37669925413996;19.8714260508652;227.769175194424;43.0;7.0;1.0;7.0;20.0;7.0;8.0;7.0;4.0;68049;44;68
68050;412.0;423.0;6.51;18.0;24.0;159.000000000001;4.0;7.0;176.17;159.000000000001;1.01;16.16;141.836381526743;178.0;;22560.0;;95.83037559931341;77.6751614137659;78.995186177482;235.288238459532;17.0300079137064;176.044896362571;49.0;6.0;10.0;4.0;25.0;6.0;4.0;17.0;1.0;68050;44;68
68051;828.0;848.0;9.27;35.0;30.0;378.28432563791097;9.0;7.0;513.9231641134099;378.28432563791097;91.3878698948398;44.2509685806593;268.622114216282;365.0;;21220.0;;92.07191125920349;51.022841983976704;112.26403627056801;535.2320777642781;33.200486026731504;407.460510328069;89.0;16.0;7.0;12.0;41.0;8.0;13.0;21.0;0.0;68051;44;68
68052;181.0;171.0;4.16;7.0;9.0;69.2971428571426;3.0;1.0;81.60094032549699;69.2971428571426;3.0759493670886;9.227848101265801;61.0228571428569;72.0;;23650.0;;18.5191450031393;11.2791450031393;13.140414746138198;131.354285714285;11.377142857142802;104.462857142857;14.0;2.0;0.0;4.0;7.0;2.0;1.0;2.0;0.0;68052;44;68
68056;8012.0;7853.0;14.1;329.0;337.0;3776.2613837821295;64.0;67.0;4189.92709121618;3776.2613837821295;64.1189448441248;349.54676258992896;2415.5034106920302;3551.0;65.0;25850.0;8.0;2378.3018099779897;2016.13829374043;1969.37077749932;5126.702349899329;452.09236561742205;3759.33358693608;864.0;12.0;29.0;83.0;611.0;154.0;129.0;211.0;60.0;68056;44;68
68058;3310.0;3310.0;8.8;154.0;120.0;1333.00000000001;33.0;25.0;1498.6622073578699;1333.00000000001;11.044147157190599;154.618060200669;859.39015174458;1307.0;52.0;21460.0;9.0;489.220167593384;399.918043292292;518.243897406127;2109.0958155153303;194.00872466452202;1611.78214101537;211.0;5.0;20.0;26.0;124.0;33.0;36.0;40.0;11.0;68058;44;68
68059;1878.0;1826.0;11.77;117.0;51.0;761.526631701874;27.0;11.0;817.5715367105099;761.526631701874;12.227979274611402;43.816925734024004;564.0575949832879;763.0;;24600.0;;519.337578862873;452.872116890851;518.585473193416;1247.44542673571;67.4522947207052;1006.9410794650599;156.0;9.0;13.0;19.0;94.0;40.0;21.0;42.0;16.0;68059;44;68
68060;1802.0;1677.0;12.49;96.0;50.0;734.60606060606;23.0;13.0;777.557411957412;734.60606060606;4.5211948790896;38.4301564722616;596.545454545454;698.0;;24580.0;;1439.96428116077;1323.90338673623;1276.2743873070199;1137.45454545455;56.6666666666667;916.969696969697;208.0;6.0;30.0;19.0;127.0;43.0;26.0;52.0;35.0;68060;44;68
68061;1040.0;1005.0;4.16;44.0;42.0;458.0;5.0;6.0;511.0;458.0;11.0;42.0;358.0;433.0;;36750.0;;42.5681067377316;28.977798643376698;56.0879527198396;670.0;52.0;540.0;39.0;6.0;1.0;2.0;26.0;5.0;4.0;7.0;0.0;68061;44;68
68062;2044.0;2045.0;17.17;110.0;61.0;820.167670262876;19.0;20.0;882.2995851564931;820.167670262876;6.01276595744682;56.119148936170305;632.384759751979;841.0;64.0;25970.0;;346.461400426757;298.523916343807;331.379047646533;1332.38466597127;109.868605314339;1048.98888163981;120.0;13.0;11.0;15.0;70.0;23.0;11.0;24.0;9.0;68062;44;68
68063;11565.0;11398.0;18.04;655.0;560.0;4786.13082300345;101.0;138.0;5147.17067774854;4786.13082300345;46.871940451277105;314.167914293806;2504.13325469595;4765.0;49.0;20530.0;13.0;7168.36843861913;6643.64140752355;7190.38930468846;7252.4543677237;577.991531627498;5199.27540478229;954.0;14.0;105.0;84.0;592.0;236.0;159.0;295.0;110.0;68063;44;68
68064;950.0;969.0;4.77;29.0;34.0;416.99999999999903;9.0;3.0;462.29735682819296;416.99999999999903;3.01982378854626;42.2775330396476;335.212776394;411.0;;25890.0;;1252.06953167226;1228.90416094133;1162.1140785760301;598.369026520715;46.5895222163515;472.39919285510905;46.0;1.0;5.0;2.0;33.0;10.0;5.0;13.0;6.0;68064;44;68
68065;693.0;666.0;6.04;32.0;22.0;262.75832126506197;4.0;3.0;276.856223265062;262.75832126506197;0.0;14.097902;211.40149739417598;254.0;;23790.0;;75.8231012749639;51.586842254134204;78.09108465340559;440.002143682729;37.128357298688705;354.598602408414;50.0;7.0;10.0;4.0;24.0;8.0;5.0;12.0;0.0;68065;44;68
68066;69105.0;67257.0;66.57;4375.0;3115.0;32280.681664569904;750.0;611.0;35374.934437038;32280.681664569904;1185.70261442704;1908.5501580410398;12081.7705998395;29721.0;49.0;19340.0;20.0;44799.8538940419;40902.5979468496;43546.7770648812;44478.526201512694;5727.215093838629;33149.2216796262;7146.0;59.0;293.0;537.0;5115.0;1451.0;1142.0;1984.0;598.0;68066;44;68
68067;368.0;340.0;9.6;22.0;8.0;166.32768361581898;1.0;3.0;192.412650936081;166.32768361581898;6.019607843137259;20.0653594771242;129.943502824859;155.0;;25680.0;;18.4803862611778;10.1640020803869;21.9749299587447;250.531073446328;12.4745762711864;200.63276836158198;23.0;4.0;2.0;2.0;10.0;3.0;5.0;5.0;0.0;68067;44;68
68068;2255.0;2311.0;4.35;126.0;142.0;968.999999999691;21.0;38.0;1087.44995408601;968.999999999691;8.16896235078056;110.28099173553801;532.20531642228;939.0;49.0;20810.0;12.0;1097.4142783945401;969.378512364296;1143.35938918171;1387.78390036111;149.58055442308202;1101.4288623249302;275.0;6.0;13.0;22.0;171.0;60.0;63.0;93.0;19.0;68068;44;68
68071;290.0;288.0;3.17;21.0;11.0;113.85906040268499;3.0;1.0;129.248416144981;113.85906040268499;4.27482103952692;11.11453470277;91.47651006711409;112.0;;24620.0;;29.5653209972048;21.767442632389002;31.563597163886598;193.65771812080501;13.6241610738255;161.543624161074;36.0;5.0;3.0;6.0;18.0;4.0;4.0;6.0;1.0;68071;44;68
68072;1447.0;1413.0;11.06;50.0;34.0;571.999999999999;8.0;4.0;605.504244482173;571.999999999999;9.13752122241087;24.366723259762303;531.012634845855;558.0;;31960.0;;117.179597303985;96.1046221631708;84.27236850451979;944.3121254007821;54.2098482736217;718.233753218683;75.0;8.0;6.0;7.0;45.0;15.0;9.0;16.0;1.0;68072;44;68
68074;566.0;550.0;7.78;30.0;21.0;232.0;6.0;3.0;268.0;232.0;12.0;24.0;179.0;230.0;;26650.0;;99.28224455591429;81.2519273025462;94.54882458684669;367.0;38.0;289.0;30.0;6.0;2.0;1.0;17.0;5.0;4.0;9.0;1.0;68074;44;68
68075;841.0;899.0;5.76;45.0;35.0;374.71594551282203;12.0;8.0;431.50618197353896;374.71594551282203;9.791420079433971;46.9988163812831;276.744391025642;356.0;;26400.0;;126.20897616523399;95.07693782699052;166.020707464908;520.824919871796;45.450721153846395;407.369791666668;62.0;4.0;2.0;7.0;39.0;16.0;10.0;21.0;1.0;68075;44;68
68076;907.0;935.0;6.22;35.0;19.0;345.29979253112;9.0;6.0;372.11543498922094;345.29979253112;2.2346368715083798;24.581005586592198;300.137966804979;333.0;;23930.0;;48.5456043509438;37.8449794428545;56.099003788672704;602.157676348548;28.2261410788382;493.01659751037397;48.0;6.0;2.0;10.0;23.0;10.0;7.0;11.0;0.0;68076;44;68
68078;1726.0;1747.0;14.13;85.0;69.0;779.2574084834359;17.0;8.0;1082.3090783007;779.2574084834359;209.49209390052502;93.55957591673919;564.635676932014;743.0;;25990.0;;627.923946130742;499.496324469461;612.141005418664;1048.03602556653;65.1888436955255;826.3939570017391;258.0;51.0;22.0;9.0;163.0;46.0;13.0;79.0;10.0;68078;44;68
68080;287.0;274.0;2.42;14.0;7.0;111.188741721854;2.0;2.0;119.233186166299;111.188741721854;1.00555555555556;7.038888888888919;100.735099337748;117.0;;29810.0;;20.8903611597079;16.9863591949834;27.9593310618607;172.960264900662;13.3046357615894;150.152317880795;14.0;2.0;1.0;1.0;4.0;2.0;6.0;8.0;0.0;68080;44;68
68082;7508.0;7336.0;36.59;468.0;357.0;3091.0;86.0;83.0;3324.0;3091.0;22.0;211.0;1805.0;3035.0;56.0;22280.0;10.0;2828.12257517658;2581.2039851835802;2596.22193377492;4711.0;462.0;3555.0;482.0;21.0;35.0;50.0;302.0;94.0;74.0;123.0;42.0;68082;44;68
68083;362.0;370.0;4.84;12.0;12.0;156.999999980657;2.0;4.0;210.999999980657;156.999999980657;40.0;14.0;140.029109239799;165.0;;23070.0;;25.9573751781349;18.9495594299708;30.9844182184412;220.724599219207;13.0414996986812;167.538766611327;24.0;1.0;2.0;0.0;15.0;1.0;6.0;7.0;0.0;68083;44;68
68084;1473.0;1499.0;3.19;51.0;38.0;618.0;8.0;5.0;671.0;618.0;7.0;46.0;533.0;619.0;;30310.0;;98.20366028174749;62.64968411786489;83.11313933023091;942.0;52.0;733.0;92.0;9.0;8.0;14.0;46.0;9.0;15.0;11.0;1.0;68084;44;68
68087;444.0;461.0;5.02;19.0;13.0;185.882863340564;5.0;4.0;205.27850196984798;185.882863340564;0.0;19.3956386292835;142.542299349241;192.0;;28360.0;;87.07220818413509;69.58528331122349;95.78644623894529;278.34273318872;22.151843817787398;221.518438177874;27.0;6.0;2.0;5.0;13.0;1.0;1.0;5.0;3.0;68087;44;68
68089;1606.0;1704.0;21.29;74.0;62.0;725.999999998953;16.0;16.0;884.858695651128;725.999999998953;78.42391304347859;80.434782608696;548.094672795813;701.0;;21830.0;;348.768267160971;271.128629124721;365.28041122252;979.072231040808;87.1099120983702;746.2341233073989;168.0;6.0;19.0;20.0;104.0;36.0;19.0;37.0;10.0;68089;44;68
68090;729.0;779.0;1.94;57.0;26.0;345.646551724138;7.0;8.0;467.678809788654;345.646551724138;41.807347670251005;80.22491039426549;161.600985221675;346.0;;23480.0;;414.34176642805494;365.00274827225303;427.597921145418;485.700738916256;61.947044334975395;357.317733990148;92.0;3.0;3.0;8.0;53.0;10.0;25.0;35.0;8.0;68090;44;68
68091;2353.0;2288.0;18.4;130.0;55.0;988.114689016321;16.0;17.0;1071.3609120957199;988.114689016321;16.6492446158791;66.59697846351659;644.5580061755629;942.0;66.0;24720.0;;1725.74295912305;1638.52703566501;1706.8732165148401;1535.1067490075;110.021173356859;1198.81561535068;193.0;22.0;26.0;14.0;102.0;28.0;29.0;40.0;14.0;68091;44;68
68092;418.0;425.0;7.53;12.0;14.0;182.941475826972;1.0;2.0;207.48376438418498;182.941475826972;3.9584336382603102;20.5838549189536;151.033078880407;169.0;;30390.0;;25.753898579187698;17.3631633191736;32.235544989657605;269.094147582697;22.3358778625954;210.595419847328;30.0;9.0;3.0;1.0;14.0;8.0;3.0;6.0;0.0;68092;44;68
68093;1448.0;1460.0;4.33;55.0;41.0;604.000000000004;11.0;12.0;619.000000000004;604.000000000004;0.0;15.0;522.813271329813;582.0;;27690.0;;137.004743271929;107.186741779625;146.2365310087;888.3002711016119;53.4842827159548;666.749587352512;86.0;7.0;3.0;4.0;64.0;19.0;8.0;12.0;1.0;68093;44;68
68094;918.0;899.0;6.72;42.0;29.0;367.99999993879305;5.0;10.0;405.46134657220904;367.99999993879305;6.074812967581019;31.386533665835298;297.123160197161;346.0;;33420.0;;129.892199347856;98.7623642742799;117.148005582224;563.195826914466;30.4755670976183;440.146224724471;59.0;5.0;7.0;2.0;27.0;11.0;18.0;12.0;2.0;68094;44;68
68095;1157.0;1178.0;4.78;41.0;22.0;444.92360515021403;6.0;2.0;466.052856850895;444.92360515021403;4.802102659245509;16.3271490414348;401.225751072961;433.0;;25770.0;;152.208156007434;129.300547434016;179.29913961868;784.5751072961369;45.6841201716738;623.687553648068;72.0;8.0;5.0;14.0;38.0;10.0;7.0;12.0;2.0;68095;44;68
68096;349.0;341.0;6.22;19.0;21.0;140.756906077348;0.0;2.0;153.504109656766;140.756906077348;1.96110824298744;10.7860953364309;126.295580110497;143.0;;31840.0;;18.952627934223603;17.0244511386435;17.4636574903763;231.381215469613;11.569060773480699;178.35635359116;25.0;10.0;3.0;0.0;9.0;2.0;3.0;6.0;0.0;68096;44;68
68097;1343.0;1377.0;19.74;58.0;77.0;563.8690202118689;11.0;12.0;726.6567753139099;563.8690202118689;96.6552295918372;66.1325255102044;467.54975697283095;559.0;;22200.0;;159.084840808903;94.50209655852129;158.92792209586;841.1359956898441;50.166282936998996;661.462092974543;102.0;15.0;6.0;11.0;46.0;14.0;24.0;16.0;2.0;68097;44;68
68098;644.0;615.0;8.42;25.0;18.0;267.50769230769197;7.0;7.0;284.4442002442;267.50769230769197;3.17559523809525;13.7609126984127;215.987692307692;256.0;;23970.0;;125.459877223752;101.50613001619499;115.810794637628;409.18769230769203;32.695384615384604;333.889230769231;42.0;4.0;2.0;5.0;26.0;12.0;5.0;11.0;2.0;68098;44;68
68099;739.0;698.0;4.44;37.0;27.0;308.806833114323;8.0;3.0;335.85819263094;308.806833114323;0.84535498489426;26.2060045317221;263.16557161629396;314.0;;25540.0;;77.5355704620333;50.0777844874094;74.0629068449447;463.210249671485;27.190538764783202;356.390275952694;63.0;4.0;3.0;10.0;37.0;9.0;9.0;13.0;0.0;68099;44;68
68100;342.0;336.0;5.31;8.0;13.0;142.251885482505;2.0;1.0;166.553772274958;142.251885482505;7.0880503144654;17.213836477987403;129.136463416742;134.0;;25440.0;;17.009947568790697;10.956675846130901;19.8611552946637;209.83690072192903;9.0799075839897;163.43833651181498;14.0;2.0;0.0;2.0;8.0;4.0;2.0;7.0;0.0;68100;44;68
68101;805.0;792.0;5.36;33.0;24.0;333.99999999999903;8.0;5.0;353.215909090908;333.99999999999903;1.01136363636364;18.2045454545455;268.050323757887;326.0;;29220.0;;54.1062782102629;38.956710124846;40.4323984331225;510.583464866227;37.921004714552296;404.563099317738;38.0;5.0;1.0;9.0;16.0;2.0;7.0;9.0;0.0;68101;44;68
68102;441.0;478.0;7.28;14.0;22.0;208.999999997097;1.0;8.0;307.999999997097;208.999999997097;77.0;22.0;178.83567834003998;208.0;;22930.0;;28.178038595553698;13.7577319918361;32.5776496621524;256.973448663718;10.6771496514459;180.719751626683;29.0;2.0;1.0;4.0;17.0;4.0;5.0;4.0;0.0;68102;44;68
68104;306.0;326.0;8.24;8.0;8.0;126.727272727273;3.0;0.0;138.727272727273;126.727272727273;2.18181818181818;9.818181818181811;109.21212121212099;119.0;;25090.0;;19.3685157443097;15.247303623097501;19.0512602517095;209.151515151515;7.21212121212121;166.909090909091;27.0;9.0;2.0;5.0;9.0;3.0;2.0;5.0;0.0;68104;44;68
68106;286.0;280.0;9.14;15.0;15.0;129.161290322581;1.0;0.0;190.505552617663;129.161290322581;51.825325042396706;9.51893725268511;125.06093189964199;128.0;;24680.0;;20.361234491374198;10.1103384340265;10.8107417525455;195.79211469534098;14.351254480286801;146.587813620072;21.0;4.0;0.0;2.0;13.0;3.0;2.0;2.0;0.0;68106;44;68
68107;361.0;356.0;4.15;24.0;14.0;158.800546448087;3.0;0.0;174.98573163327302;158.800546448087;0.0;16.185185185185198;122.306010928962;158.0;;21440.0;;60.5063860939392;34.7048960077618;55.203296158175796;214.03551912568298;9.86338797814208;175.568306010929;33.0;15.0;2.0;2.0;10.0;2.0;4.0;6.0;0.0;68107;44;68
68110;830.0;788.0;7.53;44.0;24.0;312.999999999393;11.0;2.0;344.815789473077;312.999999999393;3.07894736842104;28.736842105263;274.015876905653;313.0;;23530.0;;68.1637818910403;45.6012245973959;60.26631521333201;582.5222203776921;26.7276740492875;461.37716701654296;56.0;15.0;3.0;4.0;29.0;11.0;5.0;10.0;0.0;68110;44;68
68111;837.0;832.0;8.91;46.0;42.0;329.0;3.0;9.0;429.0;329.0;45.0;55.0;265.0;337.0;;26080.0;;142.022303832929;97.9557391731547;136.057959904267;483.0;36.0;375.0;101.0;32.0;3.0;4.0;51.0;13.0;11.0;34.0;0.0;68111;44;68
68112;11094.0;11440.0;9.68;712.0;522.0;5302.18521372895;89.0;107.0;5964.68287704759;5302.18521372895;157.75693476016198;504.74072855848;2302.11645532607;5068.0;45.0;19380.0;18.0;4462.01768790159;3964.5502116928296;4605.0022913039;6871.099672590871;928.022159502624;5163.99888152269;950.0;8.0;56.0;70.0;655.0;193.0;161.0;244.0;80.0;68112;44;68
68115;1302.0;1333.0;8.55;67.0;34.0;534.0;6.0;11.0;590.185430463577;534.0;7.02317880794705;49.1622516556293;442.344716934115;535.0;;24170.0;;338.962100952129;293.06972890702303;240.952342239514;839.694568390906;42.7203133760151;646.1343552067971;114.0;8.0;13.0;10.0;74.0;25.0;9.0;23.0;6.0;68115;44;68
68117;907.0;941.0;6.18;35.0;33.0;391.0;7.0;13.0;443.0;391.0;30.0;22.0;303.0;364.0;;23320.0;;204.329316524863;171.437362672124;209.687855097714;559.0;65.0;454.0;75.0;2.0;10.0;11.0;45.0;10.0;7.0;16.0;3.0;68117;44;68
68118;4894.0;4944.0;15.63;257.0;169.0;2265.99999998761;56.0;39.0;2514.96746202665;2265.99999998761;11.653796095444699;237.313665943601;1632.63503209331;2192.0;68.0;26280.0;6.0;1454.2573236122598;1284.3815684932301;1461.6978820693698;3181.45331506442;239.34722207527;2497.8830903641397;403.0;14.0;32.0;33.0;272.0;86.0;52.0;94.0;37.0;68118;44;68
68120;1220.0;1188.0;6.2;45.0;27.0;547.24279835391;5.0;6.0;638.319933340136;547.24279835391;23.233963006690303;67.8431719795356;421.728395061729;510.0;;36040.0;;180.38285525962502;137.124031697283;190.410098673232;784.213991769548;41.1687242798355;644.641975308643;78.0;9.0;4.0;4.0;46.0;13.0;15.0;23.0;2.0;68120;44;68
68121;664.0;637.0;4.92;22.0;24.0;261.245901635448;4.0;6.0;273.67600916233;261.245901635448;3.1075268817204305;9.322580645161288;230.094694459896;253.0;;34060.0;;87.4064502586873;64.8623762528315;58.0035995422455;452.05028346815396;33.0529234255119;347.563728046412;38.0;4.0;4.0;0.0;25.0;11.0;5.0;9.0;0.0;68121;44;68
68122;638.0;655.0;4.78;32.0;17.0;247.387755102042;5.0;2.0;265.38775510204204;247.387755102042;7.2;10.8;215.337519623235;241.0;;25310.0;;36.2409934864938;17.9980322232209;37.61723372980379;414.649921507066;21.032967032967104;318.499215070645;40.0;3.0;4.0;4.0;25.0;5.0;4.0;3.0;0.0;68122;44;68
68123;785.0;805.0;5.98;38.0;41.0;348.000000000002;8.0;5.0;404.277915632757;348.000000000002;12.059553349876001;44.2183622828785;283.314194524253;350.0;;25780.0;;140.807176437575;95.3163318006781;108.00800462951099;493.848276311652;34.8231732381379;387.982114162175;84.0;18.0;3.0;9.0;45.0;17.0;9.0;24.0;1.0;68123;44;68
68124;383.0;417.0;5.79;10.0;16.0;156.999999998505;4.0;2.0;176.88826815493;156.999999998505;1.98882681564246;17.8994413407821;143.559251570494;162.0;;28700.0;;25.477505362697602;17.6577402089867;26.9759676879886;263.25826317427203;16.661337502224;191.248986662316;27.0;9.0;0.0;2.0;13.0;6.0;3.0;6.0;0.0;68124;44;68
68125;497.0;444.0;2.45;33.0;17.0;179.99999999998798;12.0;3.0;195.34463276834998;179.99999999998798;0.0;15.3446327683615;166.808563608852;186.0;;26700.0;;101.28527918624;88.4224158153739;56.389621580783995;327.412976606834;17.476652099465802;243.749965870553;25.0;2.0;2.0;1.0;17.0;6.0;3.0;5.0;2.0;68125;44;68
68126;3420.0;3265.0;6.7;130.0;112.0;1545.04007123776;20.0;25.0;1742.2243781589002;1545.04007123776;54.81571466533871;142.36859225581;1125.7880676758698;1469.0;78.0;36300.0;;634.3221700565911;529.73700758179;647.272512220166;2056.6696349065;173.58860195903802;1640.4630454140697;193.0;8.0;12.0;16.0;125.0;35.0;32.0;57.0;14.0;68126;44;68
68127;624.0;598.0;4.48;28.0;27.0;256.02496099843995;4.0;7.0;280.890157076871;256.02496099843995;4.4402135854341696;20.4249824929972;210.27145085803397;258.0;;25480.0;;82.3775758654075;56.857396948352395;52.2287482372637;380.630265210608;13.628705148205901;286.20280811232396;58.0;4.0;1.0;11.0;36.0;7.0;6.0;13.0;1.0;68127;44;68
68128;660.0;650.0;7.59;37.0;15.0;270.181268882176;4.0;3.0;288.245098669411;270.181268882176;1.0035460992907799;17.0602836879433;231.148678648915;239.0;;26500.0;;35.8056611525739;22.956502140050997;52.8367062376261;422.99747313362394;44.803151855189505;298.145836729509;41.0;12.0;7.0;4.0;15.0;6.0;3.0;6.0;0.0;68128;44;68
68129;1325.0;1383.0;10.59;31.0;107.0;548.6660001221;4.0;21.0;596.238970025564;548.6660001221;22.705281090289603;24.8676888131743;473.261631208394;541.0;;28590.0;;588.047745037419;532.810710735744;546.824948778097;794.72236184051;48.615974694363295;596.289812067599;107.0;10.0;9.0;7.0;65.0;25.0;16.0;21.0;12.0;68129;44;68
68131;169.0;182.0;2.04;3.0;8.0;70.2469879518075;2.0;3.0;76.9327022375218;70.2469879518075;1.6714285714285702;5.01428571428572;66.1746987951809;67.0;;29000.0;;8.09144994193762;5.03723307446773;7.12029655801234;115.042168674699;11.1987951807229;93.66265060241;6.0;3.0;0.0;0.0;2.0;1.0;1.0;1.0;0.0;68131;44;68
68132;692.0;731.0;6.23;23.0;24.0;302.999999999672;6.0;10.0;334.09171597600397;302.999999999672;8.02366863905328;23.0680473372782;272.107402784327;293.0;;34450.0;;57.30829293780379;39.8800069415558;44.2350407864288;466.518099170762;27.591776322181502;352.184739915393;42.0;11.0;1.0;2.0;23.0;9.0;5.0;7.0;0.0;68132;44;68
68134;1818.0;1808.0;7.68;104.0;61.0;789.2017213555679;25.0;12.0;838.861141645423;789.2017213555679;5.13718140929535;44.522238880559705;660.112963959118;800.0;;25140.0;;337.686839848112;275.561333451034;406.690556499895;1088.4529316837;62.588488434642294;892.8639053254441;137.0;17.0;11.0;16.0;75.0;22.0;18.0;28.0;6.0;68134;44;68
68135;2719.0;2541.0;9.14;126.0;78.0;1174.96137184116;22.0;18.0;1309.66388655491;1174.96137184116;32.0011499043717;102.701364809379;882.448014440434;1089.0;80.0;34750.0;;1948.8279653905604;1794.21653351228;1800.93860263119;1757.04332129964;118.772202166065;1406.61624548737;263.0;9.0;22.0;30.0;178.0;66.0;24.0;83.0;29.0;68135;44;68
68136;331.0;337.0;7.71;12.0;6.0;134.216463414634;2.0;0.0;139.269898529137;134.216463414634;0.0;5.0534351145038;115.04268292682899;124.0;;24450.0;;23.000608016027197;8.914566164867288;27.081198932922202;231.094512195121;13.1189024390243;173.573170731707;29.0;13.0;1.0;3.0;10.0;4.0;2.0;7.0;0.0;68136;44;68
68137;636.0;643.0;8.0;34.0;16.0;257.428571428572;8.0;4.0;286.020544672719;257.428571428572;5.1057095078834;23.4862637362636;209.980952380952;244.0;;24700.0;;55.403638043007405;43.2703030169761;63.624168993657506;419.961904761905;44.4190476190476;337.180952380953;42.0;2.0;1.0;10.0;24.0;8.0;5.0;7.0;1.0;68137;44;68
68138;2121.0;2233.0;12.88;100.0;86.0;952.9999999999941;14.0;21.0;1086.72086720867;952.9999999999941;8.04336043360432;125.677506775067;591.540985670212;950.0;55.0;23480.0;;921.448561443485;810.597104678837;974.881245194561;1337.41047232658;152.705753931663;1002.7226532573801;243.0;10.0;20.0;22.0;145.0;51.0;46.0;76.0;20.0;68138;44;68
68139;1442.0;1393.0;13.91;78.0;42.0;592.0;16.0;11.0;648.0;592.0;9.0;47.0;448.0;581.0;;25410.0;;132.177633662909;93.1170131187921;142.86555958976;940.0;98.0;756.0;90.0;6.0;7.0;9.0;59.0;18.0;9.0;14.0;3.0;68139;44;68
68140;1261.0;1189.0;22.1;61.0;33.0;475.700701480904;12.0;13.0;508.817601948506;475.700701480904;6.2094188376753605;26.9074816299266;400.021044427124;484.0;;25770.0;;109.320160608986;77.8182622635853;104.778804710964;773.505066250975;40.2969602494155;622.145752143414;83.0;9.0;7.0;10.0;47.0;16.0;10.0;17.0;1.0;68140;44;68
68141;2143.0;2085.0;8.55;83.0;139.0;885.0;16.0;36.0;951.0;885.0;2.0;64.0;753.0;885.0;71.0;27190.0;;255.35862171921298;196.825943053585;234.44772820827498;1276.0;91.0;988.0;128.0;12.0;4.0;10.0;82.0;21.0;20.0;24.0;5.0;68141;44;68
68143;1782.0;1759.0;9.49;89.0;50.0;709.628367600141;23.0;8.0;770.628367600141;709.628367600141;28.388674388674303;32.6113256113255;550.839352180078;720.0;;25540.0;;430.031890239214;364.63845258344;383.682025589833;1197.24014090748;70.14564870613249;940.1978243530659;160.0;26.0;15.0;23.0;78.0;28.0;18.0;34.0;7.0;68143;44;68
68144;1334.0;1182.0;15.32;69.0;36.0;524.283803863299;11.0;6.0;552.918849976606;524.283803863299;6.68151075977163;21.9535353535354;421.21099554234803;502.0;;27830.0;;574.286312442786;535.666420197581;572.991652896233;862.24368499257;53.518573551262996;701.687964338781;82.0;6.0;13.0;7.0;49.0;18.0;7.0;13.0;11.0;68144;44;68
68145;5967.0;5243.0;9.42;295.0;174.0;2757.75617261586;62.0;56.0;2942.05497084483;2757.75617261586;35.5500219934052;148.748776235564;1772.0718731120103;2727.0;62.0;23700.0;7.0;1208.5838301883;1021.05060368649;1219.6715761114801;3681.65656050742;275.873792988629;2921.83694486565;484.0;18.0;17.0;46.0;337.0;89.0;66.0;113.0;24.0;68145;44;68
68146;2249.0;1831.0;6.7;133.0;56.0;907.0;26.0;12.0;981.0;907.0;11.0;63.0;593.0;891.0;64.0;23850.0;;1048.6295086749801;967.591508310078;1068.84438475402;1506.0;90.0;1215.0;234.0;29.0;13.0;20.0;157.0;83.0;15.0;90.0;17.0;68146;44;68
68147;602.0;589.0;4.81;32.0;21.0;266.999999995412;3.0;5.0;365.999999995412;266.999999995412;62.0;37.0;191.98291461898899;254.0;;26770.0;;166.581476907257;108.114264931091;141.588551434332;373.33796089745204;24.9612416619132;302.507398285631;98.0;34.0;5.0;4.0;51.0;12.0;4.0;28.0;1.0;68147;44;68
68149;7238.0;6884.0;2.86;441.0;231.0;3430.99999978734;66.0;39.0;3755.54882842645;3430.99999978734;42.4643327191364;282.084495919978;1528.9778724065197;3066.0;60.0;23070.0;18.0;3259.66243905959;3097.40625725286;3459.58451691581;4639.4739519183;611.292934012509;3532.80060164685;356.0;3.0;28.0;18.0;260.0;71.0;47.0;98.0;30.0;68149;44;68
68151;1048.0;989.0;5.09;72.0;48.0;472.0;10.0;8.0;534.0;472.0;39.0;23.0;333.0;442.0;;20770.0;;245.383205471323;196.66235645607898;201.98733973241298;636.0;59.0;492.0;86.0;3.0;11.0;9.0;44.0;20.0;19.0;22.0;6.0;68151;44;68
68152;2474.0;2511.0;9.16;116.0;112.0;1054.99999999999;20.0;18.0;1163.48225108225;1054.99999999999;8.11082251082248;100.371428571428;726.558029680697;1028.0;64.0;25520.0;;719.0456346147009;606.295911957812;712.2554934134599;1549.71635053508;124.472678905618;1220.92618543363;197.0;8.0;11.0;18.0;121.0;43.0;39.0;42.0;9.0;68152;44;68
68153;702.0;669.0;10.46;44.0;28.0;281.99999998770403;10.0;3.0;323.768749987704;281.99999998770403;5.09375;36.675;220.922339305102;280.0;;25710.0;;181.63438636700698;138.46197427286998;152.58910699525802;465.288829593497;28.4713013079115;375.873374794263;65.0;15.0;2.0;4.0;39.0;9.0;5.0;20.0;2.0;68153;44;68
68154;14691.0;14812.0;7.5;940.0;599.0;5958.173238056839;153.0;114.0;6695.41674130302;5958.173238056839;51.462266531206105;685.7812367149739;3440.64207139784;5975.0;48.0;19390.0;18.0;6791.57470565542;6354.35615789224;7406.5183698561095;8832.15322958589;1219.8084929556699;6381.261153579129;1190.0;4.0;73.0;138.0;836.0;333.0;139.0;354.0;143.0;68154;44;68
68155;4678.0;4621.0;7.44;272.0;228.0;2052.0;39.0;52.0;2386.0;2052.0;145.0;189.0;1167.0;2027.0;57.0;22000.0;10.0;1054.09615838313;888.085038445014;1235.9565937976;2902.0;265.0;2218.0;391.0;41.0;19.0;36.0;240.0;60.0;55.0;98.0;24.0;68155;44;68
68156;3416.0;3485.0;8.18;143.0;281.0;1350.00000000001;36.0;41.0;1473.5869120654502;1350.00000000001;20.095432856169;103.49147920927;1037.27217654578;1344.0;58.0;22740.0;7.0;1034.0945368729901;899.525752837222;841.774221418716;2047.25641660417;157.855626515812;1531.93743709828;242.0;3.0;27.0;22.0;153.0;65.0;37.0;63.0;19.0;68156;44;68
68157;1403.0;1207.0;14.85;68.0;27.0;522.999999965681;16.0;12.0;564.446654576893;522.999999965681;9.325497287522609;32.121157323689;418.40062690470904;513.0;;24340.0;;420.800341893306;351.753944122478;351.555804158459;918.412826433554;57.806666609904006;723.133107615267;131.0;22.0;11.0;11.0;73.0;24.0;14.0;19.0;7.0;68157;44;68
68158;502.0;505.0;6.3;25.0;19.0;223.223340040242;8.0;2.0;248.166631879799;223.223340040242;9.23825623687311;15.7050356026843;201.002012072435;217.0;;32400.0;;81.5146244463806;72.46886443364659;81.3371835780026;324.229376257546;13.1307847082495;247.464788732395;26.0;4.0;1.0;0.0;18.0;5.0;3.0;9.0;2.0;68158;44;68
68159;898.0;913.0;4.0;31.0;23.0;373.00000000000097;6.0;8.0;423.88539325842794;373.00000000000097;16.961797752809;33.923595505618;289.394067520721;382.0;;24450.0;;197.925277197998;175.704821969379;216.487503643286;575.872742640958;27.711687030243002;437.334557520554;71.0;7.0;5.0;11.0;40.0;11.0;8.0;17.0;2.0;68159;44;68
68160;587.0;552.0;5.15;30.0;14.0;233.999999999999;2.0;7.0;251.483739837397;233.999999999999;4.1138211382114;13.369918699187;190.76660880568198;227.0;;35030.0;;73.0898167603252;57.8143536426764;68.74285684111871;393.016824031771;18.3823940831373;306.29559952653;37.0;5.0;3.0;1.0;23.0;11.0;5.0;10.0;1.0;68160;44;68
68162;4523.0;4617.0;35.45;207.0;286.0;2109.5716376062696;37.0;50.0;2569.23830427293;2109.5716376062696;211.930526315789;247.736140350877;1360.82944666047;2069.0;62.0;23450.0;8.0;2204.4737469345;1892.66154977568;2335.8055905358397;2792.71399985449;182.600053187574;2206.5023186856;630.0;91.0;41.0;24.0;400.0;116.0;74.0;192.0;34.0;68162;44;68
68163;5257.0;4855.0;16.45;302.0;189.0;2270.99999999793;63.0;28.0;2472.4646246743696;2270.99999999793;34.8080241587575;166.65660051768802;1574.85631766029;2205.0;76.0;30370.0;5.0;709.5462925160119;600.050086602574;580.962715457006;3663.7700686003795;266.507912374632;2919.41955491036;216.0;14.0;14.0;20.0;134.0;50.0;34.0;40.0;11.0;68163;44;68
68165;249.0;230.0;6.55;4.0;4.0;109.439516129033;1.0;3.0;145.208746898263;109.439516129033;16.8910256410256;18.878205128205103;88.3548387096778;104.0;;34540.0;;20.0631608703376;12.0309028058214;22.633718405952703;171.689516129033;14.056451612903302;141.568548387097;24.0;7.0;1.0;0.0;13.0;3.0;3.0;3.0;0.0;68165;44;68
68166;13055.0;12954.0;6.69;824.0;563.0;5607.65643131961;133.0;135.0;6081.094466851259;5607.65643131961;19.9274406103981;453.51059492125603;3897.6294836114294;5643.0;56.0;21600.0;12.0;3304.6411570521504;2917.0136631932;3896.8565844525397;8131.736746621841;876.2264973643739;6090.650604745721;901.0;4.0;51.0;111.0;642.0;249.0;93.0;218.0;71.0;68166;44;68
68167;762.0;816.0;6.74;27.0;27.0;327.157469717362;3.0;6.0;379.27129085557294;327.157469717362;23.771216659534996;28.3426044786764;270.751009421265;313.0;;23040.0;;324.358716605315;291.95575113488604;148.471371720048;477.916554508748;43.0740242261104;367.154777927322;46.0;7.0;6.0;5.0;22.0;5.0;6.0;8.0;1.0;68167;44;68
68168;381.0;356.0;4.68;23.0;8.0;159.999999999826;3.0;2.0;170.235294117473;159.999999999826;2.04705882352942;8.18823529411768;134.336086092549;148.0;;34390.0;;35.0324619447766;23.668724076268802;35.7576905696454;263.556635044367;14.1750678204687;214.455785633224;18.0;7.0;2.0;0.0;5.0;1.0;4.0;6.0;0.0;68168;44;68
68169;506.0;513.0;8.23;25.0;11.0;202.000000000001;6.0;5.0;219.000000000001;202.000000000001;1.0;16.0;156.957635497431;190.0;;30980.0;;48.9581285562366;35.9972532023606;63.91483969401;328.888119583516;16.9459365019361;276.230446590478;31.0;6.0;4.0;4.0;15.0;3.0;2.0;6.0;0.0;68169;44;68
68170;600.0;587.0;5.14;25.0;9.0;244.0;1.0;4.0;263.0;244.0;4.0;15.0;209.0;242.0;;30410.0;;27.094711039436397;16.0947110394364;31.985568772504802;382.0;28.0;321.0;37.0;9.0;2.0;5.0;16.0;4.0;5.0;6.0;0.0;68170;44;68
68171;941.0;962.0;22.06;28.0;47.0;407.0;3.0;10.0;536.0;407.0;89.0;40.0;355.0;399.0;;21430.0;;153.756996586285;116.63410043337099;139.114170071826;583.0;51.0;425.0;80.0;6.0;5.0;8.0;52.0;9.0;9.0;19.0;4.0;68171;44;68
68172;1763.0;1785.0;11.75;70.0;145.0;672.708580466632;9.0;35.0;728.474346232398;672.708580466632;8.80512091038407;46.9606448553817;535.421115065279;671.0;;23760.0;;1104.1458315959;1053.88642630397;1209.49510395206;1022.84260015025;63.74060893634271;812.937920126586;104.0;10.0;14.0;8.0;52.0;9.0;20.0;16.0;4.0;68172;44;68
68173;2165.0;2244.0;13.44;91.0;64.0;947.8203928905541;21.0;16.0;1292.81021278092;947.8203928905541;223.56882182839502;121.420998061973;785.799812909262;931.0;67.0;24720.0;;198.76026179919998;123.221528936324;232.875196289918;1357.9349859682002;77.97240411599641;1079.4621141253501;185.0;6.0;8.0;21.0;128.0;36.0;22.0;29.0;3.0;68173;44;68
68174;1601.0;1554.0;3.04;71.0;68.0;649.817621586609;14.0;8.0;698.8795687866091;649.817621586609;2.0442478;47.0176994;614.018357424574;665.0;;25320.0;;292.592885308189;245.30450462731702;273.472019745965;975.268726133147;79.2446155454744;784.181106217612;82.0;9.0;2.0;3.0;41.0;13.0;27.0;18.0;5.0;68174;44;68
68175;1908.0;1924.0;21.12;83.0;116.0;840.0;8.0;20.0;1080.0;840.0;127.0;113.0;583.0;815.0;;21820.0;;681.7236548683439;573.118574531856;678.820839730242;1178.0;110.0;897.0;192.0;27.0;20.0;19.0;105.0;20.0;21.0;55.0;13.0;68175;44;68
68176;314.0;308.0;5.6;23.0;17.0;129.651612903671;2.0;2.0;150.78204768628;129.651612903671;2.01242236024844;19.1180124223602;100.528802256662;130.0;;27390.0;;40.2411179274957;22.123430423551802;34.1638600741859;212.352524255552;22.136391696885;166.050628259131;25.0;9.0;0.0;2.0;12.0;2.0;2.0;6.0;0.0;68176;44;68
68177;1511.0;1574.0;13.02;72.0;55.0;661.129679144383;18.0;12.0;758.06581212776;661.129679144383;25.790347307504;71.1457856758731;497.613636363635;653.0;;23050.0;;197.923846304456;164.616356823286;205.981917411712;948.796791443847;73.6831550802137;731.784759358286;106.0;8.0;13.0;9.0;53.0;19.0;23.0;20.0;3.0;68177;44;68
68178;955.0;974.0;23.14;38.0;34.0;412.15789473684305;12.0;10.0;511.28355611250504;412.15789473684305;57.437299114869205;41.6883622607922;343.800000000001;400.0;;22980.0;;87.18253947426291;60.5247245146313;86.848707600799;595.1157894736859;43.2263157894738;467.447368421054;75.0;9.0;5.0;15.0;42.0;16.0;4.0;14.0;0.0;68178;44;68
68179;915.0;938.0;4.61;42.0;44.0;388.0;7.0;5.0;421.0;388.0;2.0;31.0;330.0;377.0;;23280.0;;99.800973661419;75.80532361440929;135.850547216885;562.0;32.0;411.0;61.0;6.0;6.0;4.0;40.0;13.0;5.0;11.0;1.0;68179;44;68
68180;888.0;838.0;3.57;36.0;25.0;372.19801980197997;5.0;9.0;392.86293668737;372.19801980197997;4.13298337707788;16.5319335083115;320.422442244224;365.0;;24970.0;;33.3349037027689;21.6121314255412;45.6569195217079;536.3168316831681;30.2838283828383;417.135313531353;45.0;2.0;2.0;3.0;28.0;9.0;10.0;9.0;0.0;68180;44;68
68182;1208.0;1165.0;11.64;32.0;35.0;545.0;2.0;13.0;663.0;545.0;48.0;70.0;443.0;488.0;;38040.0;;142.402010989931;105.344236590888;155.932471689657;758.0;41.0;598.0;58.0;8.0;4.0;6.0;31.0;7.0;9.0;15.0;3.0;68182;44;68
68183;194.0;201.0;3.87;6.0;3.0;84.032085561497;1.0;1.0;107.106519218455;84.032085561497;12.038834951456302;11.035598705501599;72.6203208556147;70.0;;36200.0;;15.332867516122;13.2580012059616;14.680492878389401;129.679144385026;6.2245989304812595;107.893048128342;10.0;2.0;0.0;0.0;6.0;1.0;2.0;4.0;0.0;68183;44;68
68184;307.0;342.0;4.22;13.0;9.0;129.315112540192;1.0;3.0;147.191824868959;129.315112540192;2.97945205479451;14.8972602739726;104.082269497525;130.0;;27900.0;;22.5612522755427;17.6705589684736;25.5657146261199;210.206916718723;18.686890020662602;167.904676537788;28.0;3.0;2.0;2.0;16.0;5.0;5.0;5.0;0.0;68184;44;68
68185;1724.0;1710.0;12.55;75.0;97.0;759.999999999111;16.0;16.0;858.7707865159649;759.999999999111;32.2516853932586;66.5191011235958;531.758587558711;740.0;;21420.0;;1507.76315753099;1437.76959216366;1415.0361513957;1089.50738942265;97.51322677398409;843.5565976206469;124.0;7.0;9.0;21.0;69.0;22.0;18.0;29.0;6.0;68185;44;68
68186;311.0;321.0;10.03;15.0;14.0;144.0;4.0;2.0;190.243386243387;144.0;19.100529100529197;27.1428571428573;119.787516266475;139.0;;28620.0;;27.030963063488603;22.0063406746277;31.7691297234726;206.20648364508;17.0337225615663;155.11509119382902;19.0;4.0;0.0;3.0;10.0;2.0;2.0;6.0;0.0;68186;44;68
68187;321.0;322.0;3.36;7.0;14.0;135.0;3.0;3.0;149.0;135.0;5.0;9.0;116.0;132.0;;32730.0;;90.4640763131229;77.4749747648628;80.1883018293275;216.0;11.0;164.0;24.0;7.0;1.0;1.0;12.0;5.0;3.0;8.0;2.0;68187;44;68
68188;599.0;646.0;20.84;26.0;21.0;248.414333492949;4.0;3.0;439.41433349294897;248.414333492949;144.0;47.0;210.36838731783402;247.0;;22840.0;;66.5912151319598;39.007770989826795;63.63069237352429;378.19124431293505;21.6885611797036;305.251016509859;52.0;6.0;4.0;7.0;31.0;7.0;4.0;12.0;0.0;68188;44;68
68190;34.0;39.0;10.27;3.0;2.0;18.0;0.0;0.0;37.0;18.0;15.0;4.0;14.0;;;;;37.0516570483866;31.0904158265757;47.0123936049095;18.0;0.0;15.0;12.0;4.0;2.0;0.0;5.0;1.0;1.0;2.0;3.0;68190;44;68
68191;777.0;709.0;7.27;38.0;32.0;321.99999999999903;3.0;6.0;352.697674418604;321.99999999999903;2.04651162790698;28.651162790697697;284.913976687505;319.0;;26000.0;;46.7473354674821;28.5264808326727;41.3411250515635;494.58089335563795;32.32298546017461;376.71180600232805;42.0;5.0;1.0;7.0;23.0;3.0;6.0;7.0;0.0;68191;44;68
68193;742.0;754.0;7.86;25.0;24.0;314.189081225033;5.0;7.0;424.03494303217104;314.189081225033;61.9643323014621;47.881529505675296;231.195739014647;324.0;;21010.0;;103.289925921534;76.57569516634541;100.99062992652901;486.103861517976;37.5446071904128;372.482023968043;63.0;3.0;11.0;6.0;38.0;6.0;5.0;14.0;2.0;68193;44;68
68195;6310.0;6192.0;8.56;330.0;271.0;2864.07584825799;49.0;61.0;3067.3349116188697;2864.07584825799;12.463999168355901;190.795064192526;1608.0792187824;2712.0;56.0;22000.0;12.0;1929.06288823328;1726.53949019596;2196.60462065608;3872.22056331351;367.215078818566;2852.55855238467;526.0;6.0;36.0;74.0;356.0;107.0;54.0;145.0;42.0;68195;44;68
68197;475.0;481.0;3.35;26.0;13.0;187.0;5.0;2.0;203.238805970149;187.0;5.07462686567165;11.164179104477599;145.345820028633;177.0;;31670.0;;48.39187234406321;32.3106791714153;41.1231097393332;300.702126302072;29.2147416111038;241.145314507252;40.0;14.0;1.0;2.0;20.0;5.0;3.0;6.0;0.0;68197;44;68
68199;504.0;522.0;2.66;27.0;30.0;204.0;2.0;1.0;230.0;204.0;3.0;23.0;176.0;199.0;;20980.0;;95.71135879397569;85.7178477237187;134.532541434439;328.0;31.0;225.0;26.0;2.0;3.0;1.0;15.0;3.0;5.0;10.0;2.0;68199;44;68
68200;560.0;556.0;5.33;24.0;27.0;244.80300187617297;3.0;2.0;270.767066312356;244.80300187617297;0.7017314712481999;25.262332964935197;205.92870544090098;232.0;;24680.0;;52.315400494692796;37.9796537385774;49.572051939648;347.767354596624;30.469043151970002;282.626641651032;39.0;6.0;0.0;6.0;23.0;7.0;4.0;11.0;0.0;68200;44;68
68201;3797.0;3798.0;26.99;171.0;305.0;1663.2712039615199;34.0;63.0;1936.2712039615199;1663.2712039615199;25.255813953488303;247.744186046511;976.045863414308;1627.0;52.0;20950.0;9.0;1722.1143595828698;1548.2028166937803;1761.29865694489;2344.71166447138;243.80797639095002;1782.0925854911;319.0;7.0;34.0;23.0;203.0;55.0;52.0;88.0;27.0;68201;44;68
68202;209.0;222.0;2.01;8.0;8.0;92.0841584158412;4.0;2.0;101.084158415841;92.0841584158412;0.0;9.0;70.356435643564;87.0;;23470.0;;30.442840779243802;24.2858244878905;35.433282919995705;138.643564356435;6.20792079207918;111.742574257425;15.0;2.0;2.0;1.0;7.0;1.0;3.0;9.0;0.0;68202;44;68
68203;1261.0;1287.0;9.1;49.0;37.0;519.116706634694;11.0;8.0;559.173203809835;519.116706634694;10.681732580037698;29.374764595103603;457.629096722623;504.0;;24610.0;;386.877509747301;352.113073786606;384.836135772511;825.5467625899299;49.391686650679596;673.3397282174279;79.0;9.0;15.0;6.0;38.0;15.0;11.0;16.0;2.0;68203;44;68
68205;1480.0;1742.0;12.78;33.0;36.0;404.00000000000296;10.0;5.0;426.72813238771005;404.00000000000296;1.0330969267139498;21.695035460992997;353.432569888341;411.0;;24460.0;;1112.7168317477901;1082.1397280569502;1438.07065518279;1098.4420330465598;42.0506756891707;942.143938969577;73.0;9.0;10.0;11.0;34.0;9.0;9.0;14.0;1.0;68205;44;68
68207;697.0;708.0;4.94;20.0;25.0;304.0;4.0;4.0;318.0875;304.0;2.0125;12.075;270.671520441871;295.0;;36550.0;;42.4540206832894;24.509389242808698;28.117890684221397;453.572094825382;31.655343596182497;338.848660797954;36.0;4.0;4.0;5.0;14.0;2.0;9.0;7.0;0.0;68207;44;68
68208;597.0;587.0;7.38;28.0;18.0;256.0;3.0;1.0;292.0;256.0;4.0;32.0;211.0;245.0;;34770.0;;83.6793713131306;60.0247435320368;49.9359687754572;380.0;25.0;318.0;34.0;7.0;1.0;3.0;20.0;9.0;3.0;7.0;1.0;68208;44;68
68211;390.0;420.0;6.41;12.0;21.0;168.0;2.0;1.0;207.0;168.0;19.0;20.0;151.0;160.0;;22480.0;;50.8671132157226;35.827667565947706;46.0034395237561;254.0;21.0;192.0;26.0;4.0;1.0;5.0;13.0;4.0;3.0;8.0;0.0;68211;44;68
68212;529.0;583.0;6.79;24.0;26.0;215.0;5.0;6.0;254.0;215.0;7.0;32.0;183.0;211.0;;28490.0;;82.67839938745071;63.416521818418396;74.13553567637041;341.0;38.0;274.0;48.0;15.0;8.0;6.0;17.0;4.0;2.0;10.0;0.0;68212;44;68
68213;349.0;392.0;8.82;12.0;19.0;165.842608433101;1.0;2.0;200.73306226721598;165.842608433101;26.9154929577465;7.974960876369329;148.560995382042;165.0;;22290.0;;26.2010465884445;18.085108453689;34.7754583127824;209.596874196305;9.15786957834504;153.64870070334499;20.0;5.0;0.0;2.0;9.0;3.0;4.0;6.0;0.0;68213;44;68
68214;370.0;341.0;3.36;17.0;8.0;144.999999991555;0.0;3.0;157.15286623359302;144.999999991555;3.03821656050954;9.11464968152862;131.845796074252;149.0;;24000.0;;35.2200035212857;25.1439454568365;31.142577823099998;206.122972476006;18.1939236418705;156.575657022662;17.0;0.0;1.0;1.0;11.0;3.0;4.0;4.0;1.0;68214;44;68
68215;899.0;888.0;4.14;48.0;36.0;387.124449339207;8.0;5.0;449.312922859456;387.124449339207;6.01823937292734;56.1702341473218;277.22466960352403;377.0;;21850.0;;93.2985176239025;53.512473927091506;98.84296346721041;535.637665198238;43.563876651982405;405.93612334801804;43.0;1.0;2.0;5.0;28.0;13.0;7.0;13.0;1.0;68215;44;68
68216;417.0;437.0;5.63;27.0;23.0;177.0;6.0;2.0;291.0;177.0;96.0;18.0;113.0;160.0;;28140.0;;61.8559965041842;50.8523683862704;61.7726233344636;279.0;30.0;236.0;65.0;7.0;3.0;5.0;47.0;8.0;3.0;8.0;2.0;68216;44;68
68217;1677.0;1721.0;15.25;67.0;149.0;743.0000000000031;15.0;39.0;853.3683035714309;743.0000000000031;15.0502232142856;95.3180803571424;556.920902539002;732.0;;21210.0;;356.35774375980697;297.645781621158;401.230219385206;1008.0609379963302;81.4769383571621;743.743730033674;104.0;3.0;6.0;9.0;67.0;28.0;19.0;28.0;6.0;68217;44;68
68218;3766.0;3527.0;7.55;200.0;114.0;1506.0000000000198;31.0;22.0;1632.50821744629;1506.0000000000198;15.3034134007586;111.204804045512;1075.53088984893;1475.0;66.0;25160.0;8.0;807.82431963971;699.53474924769;755.712597547772;2323.31066938382;195.502692869324;1786.61999777448;268.0;9.0;10.0;35.0;186.0;68.0;28.0;61.0;17.0;68218;44;68
68219;914.0;896.0;11.6;38.0;20.0;376.597048808173;8.0;3.0;403.26371547484;376.597048808173;5.83333333333333;20.8333333333333;330.94892167991003;355.0;;25100.0;;80.44118487408579;51.604735762803;100.73554084838699;583.051078320092;30.0862656072645;473.080590238367;68.0;9.0;5.0;15.0;29.0;8.0;10.0;11.0;2.0;68219;44;68
68221;899.0;839.0;11.37;30.0;26.0;363.00000000000097;4.0;1.0;410.11407766990305;363.00000000000097;8.01941747572816;39.09466019417479;316.96239028750097;362.0;;34560.0;;102.757048675994;70.5464236737892;79.9852863701392;549.399366321526;35.1459072622736;441.62915171962004;50.0;12.0;3.0;3.0;25.0;4.0;7.0;13.0;1.0;68221;44;68
68222;1065.0;1023.0;6.91;51.0;25.0;427.0;15.0;5.0;469.0;427.0;9.0;33.0;344.0;415.0;;34470.0;;97.93752852105959;82.95602596905859;82.1209938045415;715.0;41.0;594.0;56.0;11.0;4.0;4.0;29.0;7.0;8.0;7.0;1.0;68222;44;68
68223;767.0;739.0;7.88;30.0;21.0;348.636363609193;6.0;5.0;618.9702539091929;348.636363609193;217.07107919999999;53.2628111;271.16308340161;349.0;;22840.0;;138.67588758916;110.68095943352199;152.364411178669;477.930904021233;37.08054911845;377.653610726273;71.0;7.0;8.0;13.0;35.0;6.0;8.0;12.0;3.0;68223;44;68
68224;109443.0;110755.0;22.18;9369.0;4847.0;47566.433286143496;1671.0;1020.0;57802.0832194767;47566.433286143496;872.2624531428819;9363.38748019028;16098.6241646878;44359.0;37.0;15660.0;33.0;55060.0162590755;50103.8713643141;56485.213073342806;68420.7550269502;12675.881668608301;45958.9149019372;9721.0;17.0;394.0;758.0;7068.0;2014.0;1484.0;2576.0;682.0;68224;44;68
68225;1519.0;1617.0;24.05;51.0;37.0;623.0;14.0;8.0;667.0;623.0;3.0;41.0;524.0;614.0;;25430.0;;137.228109326127;97.18064407844929;136.140705205891;1001.0;81.0;772.0;92.0;13.0;11.0;9.0;41.0;12.0;18.0;19.0;1.0;68225;44;68
68226;4606.0;4791.0;8.64;211.0;386.0;2164.42332003685;45.0;89.0;2718.9735467130604;2164.42332003685;183.010771324322;371.53945535188905;980.356444957868;2144.0;45.0;19370.0;15.0;2200.53237192084;1902.2110567537;2248.51533127095;2611.60421388095;255.475375427766;1957.3199607765698;505.0;11.0;46.0;38.0;312.0;93.0;98.0;166.0;36.0;68226;44;68
68227;1257.0;1118.0;6.48;65.0;34.0;487.000000000004;13.0;9.0;506.57809330629203;487.000000000004;0.0;19.578093306288;392.148548818166;476.0;;23170.0;;217.552140039525;170.64477283140602;222.537653833004;806.7675752686749;58.2550817996891;652.230832995437;96.0;12.0;6.0;9.0;48.0;14.0;21.0;22.0;4.0;68227;44;68
68228;475.0;468.0;6.74;25.0;16.0;190.999999999409;5.0;5.0;204.06598984712502;190.999999999409;8.040609137055839;5.0253807106599;168.36970767639;186.0;;26330.0;;25.642275256091498;19.8165134751833;36.0664352827416;343.92854634300596;27.899409447349;275.546306953461;30.0;12.0;3.0;2.0;10.0;3.0;3.0;5.0;0.0;68228;44;68
68231;1931.0;1997.0;1.33;112.0;153.0;877.561858454899;20.0;28.0;1031.84615392355;877.561858454899;5.934011364178961;148.35028410447399;341.983792544574;856.0;;19110.0;;754.66133346346;675.07273800666;794.516655602153;1164.7039438141699;149.372231226366;904.164235548361;181.0;1.0;15.0;8.0;118.0;31.0;39.0;57.0;13.0;68231;44;68
68232;463.0;535.0;3.72;11.0;16.0;236.999999984409;1.0;5.0;283.824372744266;236.999999984409;28.5017921146955;18.3225806451614;192.45787766016002;216.0;;37850.0;;38.953076854573105;29.7113789378125;43.902578587863;287.207370762437;10.7835946298396;226.91376099045;29.0;12.0;2.0;3.0;8.0;1.0;4.0;7.0;0.0;68232;44;68
68234;715.0;544.0;8.81;58.0;10.0;256.922005571031;5.0;3.0;279.677561126586;256.922005571031;0.0;22.7555555555555;234.01810584958199;258.0;;25410.0;;41.8830916521147;28.916431392994898;55.327313729402;427.207520891365;24.8955431754875;368.454038997215;43.0;9.0;2.0;6.0;18.0;10.0;8.0;9.0;1.0;68234;44;68
68235;1129.0;1021.0;12.51;77.0;27.0;449.828247602441;14.0;13.0;491.307755799162;449.828247602441;7.374134790528231;34.1053734061931;372.068003487358;453.0;;25600.0;;481.42529132062697;435.599969535338;361.790831114812;718.5440278988671;33.466434176111605;586.6469049694861;93.0;12.0;11.0;11.0;52.0;22.0;7.0;18.0;14.0;68235;44;68
68237;539.0;541.0;3.35;14.0;21.0;250.52607094913398;4.0;8.0;306.981894242307;250.52607094913398;38.438007348543;18.017815944629604;194.63948589125;251.0;;28460.0;;137.633948453469;104.97700843943899;117.04443110137899;323.756768611189;16.380550792828;259.198127251219;80.0;14.0;4.0;3.0;53.0;11.0;6.0;23.0;2.0;68237;44;68
68238;946.0;960.0;8.72;54.0;17.0;379.406382978722;7.0;2.0;403.406382978722;379.406382978722;3.55555555555556;20.4444444444444;329.087234042552;375.0;;32580.0;;52.74424517923579;38.6499279551494;80.75461151806729;599.8042553191459;32.2042553191488;474.00638297872104;35.0;2.0;5.0;0.0;22.0;4.0;6.0;7.0;1.0;68238;44;68
68239;393.0;428.0;4.3;18.0;23.0;180.37692307692402;3.0;3.0;215.28416945373502;180.37692307692402;7.66256627783669;27.2446800989749;128.984615384616;164.0;;21030.0;;51.878582520973204;34.8556604720266;36.7152134531423;214.638461538462;26.2000000000001;161.23076923077;28.0;3.0;4.0;2.0;14.0;2.0;5.0;7.0;1.0;68239;44;68
68240;1420.0;1345.0;11.96;53.0;60.0;552.468639024806;10.0;6.0;629.468639024806;552.468639024806;10.0;67.0;473.66194116637;521.0;;28000.0;;123.03412220680401;87.20464489992919;138.970353876491;939.1128603216389;71.616527473692;693.597454246559;70.0;12.0;4.0;8.0;40.0;16.0;6.0;17.0;1.0;68240;44;68
68242;1202.0;1200.0;19.86;63.0;50.0;511.0;10.0;10.0;581.864197530865;511.0;15.1851851851853;55.679012345679205;392.00025523366304;514.0;;23000.0;;167.239549580762;136.207398345184;210.931209724012;792.909413033711;49.822615670148295;627.5032294115119;84.0;13.0;13.0;4.0;44.0;9.0;10.0;22.0;2.0;68242;44;68
68244;359.0;364.0;1.59;15.0;12.0;154.0;1.0;5.0;189.0;154.0;17.0;18.0;126.0;151.0;;25030.0;;48.7503293264073;26.122518563256698;42.223989197029205;209.0;14.0;155.0;45.0;16.0;4.0;3.0;16.0;11.0;6.0;11.0;0.0;68244;44;68
68246;1033.0;1014.0;12.88;49.0;20.0;408.000000000002;7.0;8.0;429.24249422632994;408.000000000002;1.01154734411085;20.230946882217;336.90510171013403;400.0;;23240.0;;73.3548360512407;47.1726897178488;67.1684727615005;688.3195919194341;50.914495754246396;564.603027990629;51.0;16.0;3.0;4.0;24.0;7.0;4.0;10.0;0.0;68246;44;68
68247;1268.0;1299.0;19.12;41.0;136.0;528.0;6.0;29.0;653.0;528.0;72.0;53.0;380.0;521.0;;20570.0;;285.00089251655896;236.011796940356;288.657680925007;686.0;69.0;489.0;84.0;8.0;5.0;6.0;48.0;12.0;17.0;15.0;2.0;68247;44;68
68248;686.0;733.0;13.42;33.0;34.0;319.928251121076;2.0;7.0;375.68175989300596;319.928251121076;11.649986907567401;44.1035218643624;267.63228699551604;282.0;;30320.0;;199.40426241141103;158.703483180368;205.83688352932597;433.74887892376603;33.8385650224215;362.995515695067;73.0;12.0;11.0;6.0;30.0;9.0;14.0;19.0;2.0;68248;44;68
68249;3552.0;3647.0;46.02;124.0;171.0;1528.99999999999;18.0;34.0;1985.7850179579102;1528.99999999999;235.98871216008098;220.796305797844;1069.9553758213;1521.0;54.0;21760.0;10.0;1392.60304237611;1202.44162238828;1428.28088228548;2172.7023916271105;160.491858698997;1614.5434286385998;316.0;35.0;20.0;33.0;184.0;54.0;44.0;84.0;17.0;68249;44;68
68250;1043.0;1052.0;7.09;59.0;40.0;458.0;10.0;7.0;516.0;458.0;12.0;46.0;346.0;451.0;;25010.0;;180.51299009819002;120.574899116635;186.643104169978;669.0;32.0;538.0;106.0;42.0;8.0;7.0;44.0;18.0;5.0;35.0;0.0;68250;44;68
68251;890.0;885.0;5.6;36.0;26.0;375.999999999975;4.0;4.0;432.035294117622;375.999999999975;37.6964705882351;18.338823529411698;340.313151689268;369.0;;25720.0;;83.9767637348392;46.108788905675496;73.9409941995723;572.142393565259;29.5366122907061;435.07162623876803;87.0;20.0;3.0;13.0;41.0;11.0;10.0;12.0;0.0;68251;44;68
68253;1885.0;1829.0;25.67;87.0;53.0;783.298806244597;8.0;15.0;904.290916698246;783.298806244597;8.89647870982713;112.095631743822;433.31423324169197;812.0;;24580.0;;1378.27417697798;1312.20280227698;1390.99361099426;1298.00113865914;121.56326905423;1006.22742332429;146.0;4.0;21.0;11.0;82.0;27.0;28.0;42.0;23.0;68253;44;68
68254;828.0;775.0;17.51;46.0;17.0;330.99999993891004;8.0;4.0;357.738636302547;330.99999993891004;7.1988636363636305;19.539772727272698;287.804343175822;331.0;;29070.0;;69.7152723486774;51.3185397962282;51.958822153772495;511.364082067468;30.782932443424603;402.573503674114;41.0;9.0;4.0;5.0;17.0;10.0;6.0;8.0;0.0;68254;44;68
68255;1457.0;1319.0;14.57;81.0;53.0;591.999999999999;15.0;15.0;679.88388969521;591.999999999999;12.121915820029098;75.7619738751818;416.760414086296;588.0;;24980.0;;328.955545813958;227.548385763455;288.298947567412;929.906293298285;46.9512457506544;747.3768877193841;156.0;57.0;11.0;11.0;71.0;24.0;6.0;44.0;3.0;68255;44;68
68256;9579.0;9269.0;5.24;628.0;573.0;4202.4216364925;111.0;151.0;4557.64072606665;4202.4216364925;51.16729268104179;304.051796893114;2430.00543058924;4091.0;55.0;21240.0;13.0;2297.64705441591;2074.89579961219;2601.5741867558;5692.75632553106;617.91566663555;4298.63001476481;533.0;2.0;22.0;57.0;361.0;89.0;91.0;97.0;40.0;68256;44;68
68257;980.0;1029.0;14.28;37.0;31.0;439.389650970298;11.0;14.0;529.764080194042;439.389650970298;18.2671718643738;72.10725735937041;344.579355053273;422.0;;25280.0;;85.452913985954;61.0434089272836;80.636471094473;621.1481272817949;58.1095362072087;510.026382604852;56.0;6.0;4.0;2.0;33.0;8.0;11.0;13.0;2.0;68257;44;68
68258;2960.0;2925.0;8.54;157.0;89.0;1199.0;34.0;19.0;1267.0;1199.0;4.0;64.0;910.0;1192.0;60.0;24030.0;7.0;1104.69524947699;1009.35276388289;1057.04600511279;1912.0;146.0;1476.0;218.0;7.0;29.0;19.0;146.0;53.0;17.0;49.0;14.0;68258;44;68
68259;513.0;509.0;7.39;19.0;23.0;205.99999999999298;3.0;2.0;230.206008583684;205.99999999999298;4.03433476394848;20.1716738197424;175.70647520236;195.0;;29930.0;;55.1804279540437;48.230071592676495;55.2088404993444;346.375564930188;29.2857666858709;259.530054851917;24.0;7.0;1.0;1.0;11.0;2.0;4.0;5.0;1.0;68259;44;68
68260;1108.0;1150.0;5.69;37.0;25.0;450.964959568733;8.0;5.0;465.981219731335;450.964959568733;1.95864262990456;13.057617532697101;385.261455525606;435.0;;24240.0;;88.3972497688508;61.4837096208505;124.426904558373;771.51841868823;55.748427672956;591.3315363881401;78.0;11.0;9.0;9.0;43.0;10.0;6.0;24.0;0.0;68260;44;68
68261;223.0;213.0;5.47;12.0;9.0;98.353711790393;1.0;1.0;122.584267345949;98.353711790393;16.153703703703698;8.07685185185186;91.53711790393021;102.0;;26530.0;;9.856559763549301;5.92763858586852;12.2775897592797;132.436681222707;5.842794759825329;104.19650655021799;16.0;1.0;0.0;1.0;13.0;3.0;1.0;3.0;0.0;68261;44;68
68263;646.0;680.0;4.43;29.0;25.0;281.99999999999903;5.0;10.0;316.21183800622896;281.99999999999903;0.0;34.2118380062307;232.29780450263598;279.0;;34470.0;;90.5337097408601;79.6990438318023;104.27517056579501;408.687820630333;22.7903116807214;330.754725045142;31.0;6.0;1.0;2.0;17.0;5.0;5.0;8.0;1.0;68263;44;68
68264;628.0;618.0;4.39;39.0;21.0;249.999999999938;4.0;5.0;269.069343065631;249.999999999938;4.014598540145999;15.0547445255475;226.90924668501899;240.0;;35570.0;;39.0180102832254;20.8997127809638;35.2460557244194;417.326065729334;23.0810103729897;334.030698066449;28.0;8.0;3.0;2.0;11.0;5.0;4.0;6.0;0.0;68264;44;68
68265;795.0;819.0;5.47;33.0;20.0;310.0;9.0;4.0;331.0;310.0;3.0;18.0;264.0;307.0;;33660.0;;76.5918638261162;55.5934006375132;49.91119028927049;548.0;30.0;428.0;39.0;7.0;2.0;4.0;20.0;11.0;6.0;6.0;1.0;68265;44;68
68266;1895.0;1810.0;23.87;101.0;68.0;789.424623115578;20.0;12.0;834.89996828323;789.424623115578;3.4981034744348403;41.977241693218005;585.640703517588;796.0;;24210.0;;380.950239319778;319.350494624662;392.31445812841497;1185.56532663317;77.1331658291457;968.4497487437179;143.0;20.0;11.0;28.0;70.0;31.0;14.0;47.0;7.0;68266;44;68
68267;1981.0;1908.0;18.54;81.0;74.0;818.0;15.0;19.0;877.0;818.0;5.0;54.0;634.0;789.0;;25510.0;;215.593853821308;166.432351947357;206.589892863577;1252.0;78.0;971.0;122.0;18.0;6.0;7.0;67.0;16.0;24.0;30.0;3.0;68267;44;68
68268;709.0;634.0;4.1;51.0;23.0;269.999999942989;5.0;2.0;287.939999942989;269.999999942989;0.0;17.94;219.30755518050498;271.0;;22610.0;;150.054716149902;132.006329104529;136.105967225708;458.06237854387297;40.0726895347846;368.11209482569296;49.0;2.0;10.0;11.0;21.0;6.0;5.0;12.0;2.0;68268;44;68
68269;4729.0;4806.0;32.21;233.0;323.0;2120.3746550935102;42.0;60.0;2702.37343050375;2120.3746550935102;259.410638381866;322.588137028372;1099.15363982413;2026.0;56.0;22290.0;12.0;2534.36764319131;2252.85517931186;2810.8556180679698;2779.5575008582105;247.967441765112;2155.82511126305;576.0;49.0;36.0;37.0;373.0;109.0;81.0;177.0;43.0;68269;44;68
68270;3689.0;3516.0;5.55;168.0;140.0;1631.63833008702;34.0;55.0;1752.6794923146301;1631.63833008702;5.3796072101156795;115.66155501748699;1173.02106523096;1589.0;62.0;24120.0;7.0;1310.69448280692;1154.8569866135301;1368.30721435444;2220.1481192237698;161.864917008021;1735.55161014156;324.0;8.0;26.0;53.0;208.0;80.0;29.0;93.0;35.0;68270;44;68
68271;12645.0;12012.0;6.96;556.0;537.0;6115.15766665214;119.0;112.0;6625.9934498026705;6115.15766665214;43.844253586433204;466.991529564097;3349.5795696857103;5815.0;62.0;24300.0;10.0;2138.5709050630803;1751.5745309006;2320.99454082869;7557.307848709541;720.918586869278;5830.85375716929;883.0;7.0;43.0;55.0;622.0;148.0;156.0;198.0;35.0;68271;44;68
68273;643.0;710.0;7.57;22.0;31.0;236.0;5.0;7.0;262.0;236.0;3.0;23.0;202.0;271.0;;27700.0;;281.821695768955;260.893913834712;270.061214478225;449.0;33.0;293.0;46.0;8.0;5.0;7.0;18.0;7.0;8.0;18.0;3.0;68273;44;68
68276;198.0;202.0;1.79;6.0;5.0;87.0;1.0;1.0;107.0;87.0;9.0;11.0;76.0;90.0;;22810.0;;25.8770698148595;18.8770698148595;16.544756430414697;133.0;13.0;112.0;11.0;0.0;1.0;4.0;4.0;1.0;2.0;1.0;1.0;68276;44;68
68277;1077.0;1164.0;17.04;63.0;36.0;492.99999999669603;6.0;9.0;806.177083330029;492.99999999669603;170.010416666667;143.166666666667;299.24360812423197;483.0;;22210.0;;626.519386615481;497.928056328405;610.5359375651909;716.63492995172;66.729731276354;569.2967029133911;293.0;39.0;15.0;15.0;214.0;72.0;10.0;89.0;14.0;68277;44;68
68278;13902.0;13632.0;19.53;877.0;586.0;6137.50416488013;146.0;141.0;6600.99752747427;6137.50416488013;55.60778524893001;407.885577345208;3925.37190754331;6022.0;63.0;24260.0;9.0;3531.26909710906;3062.6935073061895;3876.3564750662895;8834.33396241843;821.4793751292099;6968.55192885138;993.0;10.0;72.0;84.0;700.0;246.0;127.0;239.0;68.0;68278;44;68
68279;887.0;898.0;7.16;39.0;43.0;356.99999999999903;10.0;10.0;385.140350877192;356.99999999999903;9.04511278195488;19.095238095238102;318.768510907962;366.0;;25720.0;;49.92112869341349;32.9274896040296;33.012180809789804;555.534895096814;28.733400716443;420.90904089764;59.0;9.0;4.0;6.0;33.0;11.0;7.0;9.0;0.0;68279;44;68
68280;362.0;334.0;7.05;25.0;13.0;151.239892183288;3.0;3.0;179.305402780591;151.239892183288;14.9682723185613;13.0972382787412;112.21024258760099;156.0;;24520.0;;52.2397038752455;30.641201888572102;59.8766328672295;219.541778975741;11.7088948787062;166.851752021563;47.0;24.0;0.0;5.0;16.0;4.0;2.0;13.0;0.0;68280;44;68
68283;780.0;834.0;17.87;44.0;38.0;346.0;5.0;9.0;472.204592901879;346.0;64.59290187891439;61.6116910229645;267.42707918400396;346.0;;22180.0;;80.7213820162327;65.9387187955255;82.3917117215343;486.85461633469004;37.5771910679057;383.884600282221;54.0;11.0;3.0;7.0;25.0;7.0;8.0;9.0;1.0;68283;44;68
68284;698.0;696.0;4.15;29.0;27.0;302.734870316459;6.0;8.0;346.73487031645897;302.734870316459;3.0;41.0;227.784598531354;275.0;;26930.0;;174.649989010585;150.70983156140198;216.469666378639;448.369741084703;52.9238773794144;346.528368539786;43.0;4.0;5.0;6.0;23.0;5.0;5.0;12.0;3.0;68284;44;68
68285;372.0;392.0;2.47;17.0;12.0;156.098092643051;2.0;2.0;182.519609397901;156.098092643051;6.850022862368539;19.571493892481502;120.621253405994;147.0;;25430.0;;52.9692519666241;40.8364951227989;72.9731088690067;239.21525885558498;9.12261580381466;183.465940054495;37.0;13.0;2.0;0.0;17.0;6.0;5.0;6.0;2.0;68285;44;68
68286;2374.0;2223.0;6.47;98.0;64.0;1035.0;25.0;11.0;1114.0;1035.0;17.0;62.0;819.0;969.0;79.0;33310.0;;261.258349046451;216.00971310271;238.08567252568199;1511.0;94.0;1231.0;107.0;2.0;8.0;12.0;67.0;18.0;18.0;18.0;5.0;68286;44;68
68287;4518.0;4561.0;40.05;224.0;267.0;1779.0000000000302;32.0;63.0;2047.76662081617;1779.0000000000302;29.4121962402568;239.354424575883;1082.70176275797;1734.0;58.0;22690.0;9.0;4048.60120134822;3835.4183221191797;4463.18207515333;2930.6625123994604;188.825413442592;2010.1566813633701;408.0;35.0;16.0;18.0;251.0;72.0;88.0;111.0;39.0;68287;44;68
68288;399.0;367.0;4.46;21.0;13.0;156.0;2.0;3.0;169.0;156.0;2.0;11.0;128.0;152.0;;27380.0;;18.9997215236512;11.999721523651301;20.0745656245508;253.0;17.0;209.0;22.0;9.0;3.0;1.0;7.0;3.0;2.0;1.0;0.0;68288;44;68
68289;2297.0;2320.0;7.27;83.0;86.0;949.864759427829;30.0;22.0;1004.5184709124198;949.864759427829;1.0716414016587;53.582070082935;849.3025574338969;935.0;66.0;25660.0;;337.903795937844;262.26848749523;304.182506822724;1427.78413524057;97.57520589510192;1097.22323363676;139.0;8.0;7.0;20.0;88.0;28.0;16.0;30.0;4.0;68289;44;68
68290;859.0;825.0;12.22;39.0;27.0;335.667792792793;9.0;1.0;370.03700903452994;335.667792792793;0.881261954916346;33.4879542868212;307.614864864865;341.0;;24820.0;;83.0594159938299;61.718199200559795;64.8359328297105;564.927927927928;33.856981981982;459.487612612612;42.0;15.0;1.0;4.0;18.0;8.0;4.0;8.0;1.0;68290;44;68
68291;1079.0;1122.0;16.67;48.0;30.0;453.40415486307603;10.0;2.0;489.648739069925;453.40415486307603;2.86141454264592;33.3831696642024;363.742209631726;438.0;;25830.0;;190.04818783861302;151.43888061092198;169.313082112193;720.352219074595;30.5665722379602;589.934844192632;79.0;14.0;11.0;10.0;35.0;13.0;9.0;17.0;4.0;68291;44;68
68292;2262.0;2338.0;11.61;100.0;122.0;1048.99999999999;16.0;30.0;1215.41021416803;1048.99999999999;58.1433278418454;108.26688632619499;684.042567314082;1005.0;50.0;21050.0;11.0;904.8544535034371;813.31931343126;928.794142578568;1384.01852353673;191.44956372053397;1056.72859675001;166.0;2.0;21.0;16.0;94.0;30.0;33.0;47.0;15.0;68292;44;68
68294;1922.0;2021.0;27.85;95.0;125.0;800.999999999999;14.0;19.0;1062.0;800.999999999999;102.0;159.0;546.88946003478;756.0;;20410.0;;420.000269709964;329.964589687584;476.120588419767;1176.0605673826599;131.573648133889;852.838982612294;148.0;17.0;18.0;17.0;80.0;23.0;16.0;40.0;8.0;68294;44;68
68295;2978.0;2794.0;25.77;140.0;80.0;1217.1554968636501;26.0;17.0;1304.42787781603;1217.1554968636501;10.1479512735327;77.1244296788485;923.1898316275999;1180.0;68.0;24930.0;;1760.67882890542;1614.98955736294;1755.71992755806;1910.28524265434;102.248927038627;1567.1614394189498;356.0;30.0;24.0;55.0;217.0;61.0;30.0;99.0;44.0;68295;44;68
68297;21177.0;19990.0;16.85;1283.0;712.0;9550.055391595259;241.0;181.0;10798.94149966;9550.055391595259;458.176126907315;790.70998115744;4066.84284495664;8880.0;58.0;21980.0;19.0;9904.5009000366;9216.936598294978;10129.6928009751;13716.0400395998;1960.6034508336602;10102.0670107059;1541.0;14.0;101.0;80.0;1101.0;351.0;245.0;475.0;128.0;68297;44;68
68298;5095.0;5290.0;45.23;250.0;362.0;2173.39030932082;42.0;72.0;2989.6425008966103;2173.39030932082;159.386522615392;656.8656689604039;996.726904646664;2029.0;41.0;18430.0;21.0;1754.70794766506;1539.29482753775;1862.06170565358;3172.58355898125;418.48065399734;2125.6786991373897;411.0;22.0;38.0;40.0;247.0;69.0;64.0;114.0;30.0;68298;44;68
68299;308.0;308.0;3.85;19.0;16.0;129.0;2.0;4.0;139.385714285714;129.0;5.19285714285715;5.19285714285715;110.0;128.0;;23630.0;;15.020947051378501;8.034301316559059;25.163131452616803;192.0;17.0;142.0;22.0;0.0;2.0;3.0;13.0;6.0;4.0;5.0;0.0;68299;44;68
68300;5501.0;5454.0;16.91;239.0;296.0;2341.0877622955104;48.0;52.0;2520.23152347311;2341.0877622955104;13.503298581226401;165.64046259637698;1629.2366654090802;2304.0;63.0;25020.0;8.0;8878.010842680369;8569.03430148811;9665.46184411254;3419.6562546511896;268.698723895159;2508.7265463515;731.0;6.0;56.0;101.0;509.0;204.0;59.0;212.0;99.0;68300;44;68
68301;1227.0;1137.0;11.8;61.0;24.0;484.0;17.0;6.0;519.0;484.0;4.0;31.0;422.0;480.0;;33050.0;;305.651029936357;247.84881376475602;234.711233993913;785.0;54.0;624.0;91.0;6.0;9.0;13.0;55.0;14.0;8.0;19.0;11.0;68301;44;68
68302;767.0;725.0;10.78;41.0;28.0;306.999999999893;8.0;2.0;322.045180722784;306.999999999893;4.01204819277108;11.033132530120499;278.092371067444;300.0;;25510.0;;51.577886724401104;27.7853062035968;50.07910969358829;500.36151824575796;28.1674022886125;379.413428962853;46.0;13.0;5.0;4.0;21.0;10.0;3.0;4.0;0.0;68302;44;68
68304;1577.0;1669.0;6.18;63.0;64.0;622.9999999993901;10.0;8.0;663.478325858881;622.9999999993901;4.04783258594916;36.430493273542396;493.934138218589;610.0;;23950.0;;542.6983789842681;473.901892751108;463.79275413584395;992.3441224798779;81.9611402196433;744.7811904117219;116.0;8.0;10.0;10.0;69.0;24.0;19.0;30.0;7.0;68304;44;68
68305;1378.0;1235.0;6.73;59.0;79.0;481.0;4.0;19.0;538.0;481.0;6.0;51.0;350.0;487.0;;23430.0;;655.833315091842;602.67899660292;635.640218127804;791.0;84.0;610.0;83.0;4.0;10.0;9.0;44.0;13.0;16.0;27.0;9.0;68305;44;68
68306;511.0;484.0;6.27;22.0;22.0;207.0;5.0;1.0;232.0;207.0;11.0;14.0;144.0;185.0;;23350.0;;74.22275727744241;54.22514370263929;68.02364704850609;352.0;29.0;280.0;27.0;3.0;2.0;3.0;11.0;4.0;8.0;5.0;1.0;68306;44;68
68307;501.0;529.0;21.5;29.0;20.0;203.99999999996;2.0;1.0;247.35102040812302;203.99999999996;27.2204081632652;16.1306122448979;169.204270814037;195.0;;21110.0;;56.9523506932634;36.0670601086144;61.804656792598294;318.41233011947;22.8119561233527;250.17923241791598;38.0;3.0;3.0;3.0;26.0;7.0;3.0;13.0;0.0;68307;44;68
68308;327.0;329.0;5.12;21.0;10.0;143.12462006079;2.0;2.0;162.359187962025;143.12462006079;8.0987654320988;11.1358024691359;118.81767626257499;142.0;;25680.0;;23.864699977093803;15.8525830494225;15.041886759092698;197.926834076289;10.946094070759;158.537098222413;22.0;1.0;1.0;6.0;11.0;3.0;3.0;5.0;0.0;68308;44;68
68309;3696.0;3244.0;13.22;228.0;200.0;1638.99999999996;37.0;53.0;1770.89572649568;1638.99999999996;18.123076923077;113.77264957265;956.5276758700411;1562.0;74.0;32090.0;;1505.3891203600501;1332.1322560080198;1351.2055795628999;2434.9701601521397;192.93857170223097;2008.0986988301502;310.0;9.0;22.0;27.0;198.0;82.0;54.0;109.0;29.0;68309;44;68
68311;615.0;653.0;24.72;17.0;20.0;268.0;7.0;4.0;439.0;268.0;139.0;32.0;228.0;262.0;;20070.0;;91.9237773610323;52.906756421833705;88.06036534257971;404.0;33.0;319.0;57.0;7.0;3.0;9.0;34.0;8.0;4.0;11.0;1.0;68311;44;68
68315;7072.0;7210.0;29.56;355.0;327.0;3034.0;67.0;63.0;3404.0;3034.0;36.0;334.0;1795.0;2913.0;55.0;22150.0;12.0;2902.92561270193;2569.62245541471;2908.0854933848304;4578.0;458.0;3498.0;585.0;19.0;63.0;65.0;365.0;112.0;73.0;154.0;40.0;68315;44;68
68317;1121.0;1145.0;18.37;62.0;49.0;513.0;20.0;13.0;846.0;513.0;268.0;65.0;387.0;518.0;;21070.0;;158.84164790018102;103.834150566036;140.378058783032;743.0;47.0;610.0;107.0;10.0;12.0;12.0;64.0;11.0;9.0;24.0;1.0;68317;44;68
68318;2411.0;2346.0;19.57;129.0;118.0;999.9956216542371;25.0;23.0;1147.0104836499902;999.9956216542371;41.7204338096058;105.294428186148;753.2564813062511;948.0;62.0;24240.0;;492.415671647968;385.376436161119;542.220840007499;1488.65909801543;72.2163337603862;1172.5124189707199;207.0;39.0;11.0;11.0;120.0;39.0;26.0;59.0;6.0;68318;44;68
68320;1334.0;1352.0;8.06;45.0;35.0;552.504017531044;13.0;10.0;600.170684197711;552.504017531044;3.46666666666667;44.2;483.319211102995;550.0;;26180.0;;209.678758470798;158.714133923858;216.426122251064;882.8371073776481;39.951789627465295;706.464572680789;115.0;14.0;6.0;15.0;68.0;18.0;12.0;29.0;5.0;68320;44;68
68321;3959.0;3727.0;7.42;234.0;142.0;1613.9999999999698;55.0;28.0;1724.45055588061;1613.9999999999698;8.0327677004096;102.41778818022199;1171.98114557906;1578.0;57.0;22380.0;9.0;381.013629235523;325.803146655887;305.138872612632;2538.9879464504397;242.83229174428502;1986.7593989174;186.0;2.0;18.0;32.0;113.0;48.0;21.0;34.0;8.0;68321;44;68
68322;1360.0;1356.0;6.09;62.0;58.0;625.055596738324;12.0;12.0;672.390424839969;625.055596738324;7.4739202265754106;39.8609078750688;476.856931060044;610.0;;25030.0;;80.3053649546001;59.1428859610419;120.702985495329;785.3521126760561;56.456634544106706;610.941438102298;89.0;2.0;5.0;15.0;59.0;19.0;8.0;18.0;2.0;68322;44;68
68323;757.0;649.0;8.58;32.0;36.0;311.030341340076;5.0;11.0;338.398762392707;311.030341340076;0.912280701754386;26.4561403508772;254.56637168141603;316.0;;28760.0;;59.45295749736;42.182690995700604;63.203656962039794;468.93805309734495;24.8824273072061;380.892541087231;47.0;9.0;2.0;5.0;27.0;4.0;4.0;11.0;0.0;68323;44;68
68324;583.0;584.0;9.21;18.0;21.0;252.135042735041;9.0;3.0;287.887730907084;252.135042735041;8.17204301075272;27.5806451612904;229.561895662688;251.0;;29040.0;;38.1520596675901;29.0391091902083;46.15561644512871;372.96101842003196;22.3353387656405;303.269822976677;36.0;4.0;0.0;6.0;20.0;3.0;6.0;10.0;0.0;68324;44;68
68325;769.0;781.0;4.06;31.0;16.0;318.730263157895;6.0;10.0;348.87951688923897;318.730263157895;1.00497512437811;29.144278606965198;267.126315789474;309.0;;30580.0;;53.4461801787729;32.191245078323696;53.22338663199229;502.885526315791;38.4500000000001;388.547368421053;42.0;8.0;0.0;7.0;22.0;6.0;5.0;7.0;0.0;68325;44;68
68327;351.0;338.0;4.32;15.0;10.0;146.99999999999;6.0;1.0;152.244755244745;146.99999999999;1.04895104895105;4.1958041958042;113.252095015189;139.0;;33570.0;;20.3767369768408;15.3652155000522;14.186704244070599;220.94937089470403;15.607124692832802;172.51054608298;20.0;8.0;1.0;1.0;6.0;2.0;4.0;2.0;0.0;68327;44;68
68329;1352.0;1364.0;26.4;74.0;47.0;591.252259726936;7.0;10.0;847.354255292345;591.252259726936;183.219214218731;72.8827813466777;461.63329455626297;586.0;;21970.0;;188.68460207602902;129.476663052126;211.848955947805;843.505442281438;33.8996371812375;653.069245175075;112.0;11.0;8.0;13.0;65.0;13.0;15.0;27.0;4.0;68329;44;68
68330;331.0;338.0;4.31;17.0;13.0;132.0;2.0;3.0;152.0;132.0;7.0;13.0;114.0;132.0;;25070.0;;64.1273374372114;54.0926839718649;43.429405458557795;213.0;23.0;168.0;24.0;2.0;4.0;4.0;13.0;1.0;1.0;5.0;2.0;68330;44;68
68331;1938.0;1928.0;12.75;88.0;60.0;865.5730569948211;18.0;19.0;923.557535070102;865.5730569948211;8.65439971272856;49.3300783625528;658.7191709844581;850.0;70.0;25540.0;;365.89016763965105;295.837978374471;338.991678365873;1190.9160621761698;74.3067357512955;961.970984455961;165.0;14.0;8.0;24.0;97.0;23.0;22.0;40.0;9.0;68331;44;68
68332;928.0;741.0;3.19;58.0;28.0;374.52476290832396;13.0;5.0;392.145975029537;374.52476290832396;5.034632034632041;12.5865800865801;323.675447839831;354.0;;25440.0;;128.330749635953;97.69861716129;87.0996539637529;566.187565858799;29.336143308746;474.267650158061;73.0;2.0;10.0;10.0;42.0;13.0;9.0;20.0;1.0;68332;44;68
68333;294.0;307.0;2.5;10.0;8.0;118.0;3.0;2.0;134.0;118.0;1.0;15.0;98.0;120.0;;29940.0;;33.0650026751681;25.092286671914;38.143296244861;188.0;10.0;144.0;21.0;4.0;2.0;1.0;10.0;1.0;4.0;5.0;1.0;68333;44;68
68334;7780.0;7931.0;12.51;475.0;482.0;3630.10824335854;70.0;108.0;4220.83742958702;3630.10824335854;53.8775805029235;536.851605725559;1768.20426508305;3499.0;50.0;20370.0;16.0;3487.51214028746;3191.36885550743;3871.35640949315;4822.14510889095;539.025231805944;3604.8542091745294;645.0;4.0;30.0;48.0;418.0;135.0;145.0;171.0;58.0;68334;44;68
68337;604.0;564.0;6.91;31.0;18.0;224.113144758736;8.0;5.0;256.53517623227003;224.113144758736;6.27523189810326;26.146799575430304;179.89351081530899;226.0;;22790.0;;44.849761732073794;31.784869885152002;74.26593977306109;392.95174708818803;25.1247920133113;304.51247920133204;34.0;2.0;4.0;5.0;19.0;8.0;4.0;7.0;1.0;68337;44;68
68338;3776.0;3723.0;16.46;161.0;190.0;1775.0;40.0;35.0;2215.0;1775.0;254.0;186.0;1145.0;1820.0;64.0;24220.0;8.0;1206.93687008199;999.672651544879;1229.71967913598;2250.0;176.0;1769.0;388.0;43.0;24.0;28.0;234.0;45.0;59.0;83.0;18.0;68338;44;68
68340;375.0;368.0;5.12;24.0;6.0;146.0;2.0;1.0;158.0;146.0;4.0;8.0;130.0;138.0;;25050.0;;79.84218021700829;55.79356894723129;107.158027221823;237.0;14.0;176.0;37.0;6.0;3.0;7.0;18.0;4.0;3.0;12.0;2.0;68340;44;68
68341;885.0;865.0;4.36;27.0;28.0;378.0;10.0;6.0;419.0;378.0;6.0;35.0;297.0;373.0;;34740.0;;46.57493143314571;29.0198259446024;64.6380987329422;562.0;33.0;431.0;41.0;9.0;2.0;3.0;21.0;3.0;6.0;5.0;0.0;68341;44;68
68342;1795.0;1580.0;11.91;93.0;65.0;758.99999996117;18.0;11.0;840.101694876425;758.99999996117;15.7990314769976;65.3026634382565;541.187483638143;741.0;;23880.0;;279.688379429281;225.77495576320598;287.70120261787;1160.73899228135;119.18929938299;916.919491063965;160.0;13.0;36.0;8.0;89.0;20.0;14.0;26.0;7.0;68342;44;68
68343;2341.0;2062.0;13.51;113.0;49.0;941.0;25.0;12.0;1001.0;941.0;5.0;55.0;686.0;923.0;66.0;24610.0;;811.5883709156869;733.8501437323171;815.1007433696651;1555.0;141.0;1244.0;190.0;9.0;53.0;19.0;94.0;33.0;15.0;36.0;17.0;68343;44;68
68344;435.0;450.0;12.68;18.0;26.0;193.66438356164397;5.0;3.0;226.094633194537;193.66438356164397;13.599782104116398;18.8304675287765;158.904109589041;187.0;;20210.0;;53.52311764752629;44.683102247593496;83.9698426891196;262.191780821918;28.8013698630137;207.56849315068501;37.0;4.0;4.0;6.0;19.0;6.0;4.0;6.0;2.0;68344;44;68
68345;735.0;705.0;6.42;40.0;16.0;279.064171122995;6.0;4.0;296.491401169943;279.064171122995;5.4460093896713495;11.981220657277;242.70721925133702;280.0;;24110.0;;31.461447330074602;19.6171981847519;31.9781980341751;463.79679144385;29.4786096256685;368.48262032085603;34.0;8.0;1.0;4.0;19.0;5.0;2.0;6.0;0.0;68345;44;68
68348;2843.0;2895.0;5.11;144.0;139.0;1214.99999999998;29.0;24.0;1361.10436025731;1214.99999999998;9.00643316654754;137.097927090779;769.153582732999;1206.0;49.0;20630.0;14.0;1842.4729637438102;1724.83902865305;1715.84665296486;1789.94067601068;219.71990290812198;1345.7249873030198;260.0;1.0;24.0;38.0;166.0;63.0;31.0;70.0;35.0;68348;44;68
68349;4284.0;3853.0;6.83;184.0;232.0;1889.99999999994;35.0;35.0;2037.5960764587;1889.99999999994;27.2162977867204;120.37977867203199;1356.5759381399;1822.0;77.0;33540.0;5.0;1321.83454709664;1213.49515171384;1235.87201104821;2676.31677707538;190.931773882416;2117.4044597031;181.0;6.0;6.0;11.0;129.0;37.0;29.0;35.0;18.0;68349;44;68
68350;489.0;531.0;3.99;16.0;17.0;209.0;2.0;7.0;260.0;209.0;31.0;20.0;171.0;200.0;;27560.0;;118.39001275574499;88.3916281068467;110.761492345084;306.0;17.0;233.0;70.0;23.0;1.0;5.0;33.0;7.0;8.0;18.0;1.0;68350;44;68
68352;2668.0;2237.0;8.64;160.0;117.0;1106.99999999999;32.0;18.0;1226.6830427892098;1106.99999999999;11.156893819334302;108.526148969889;557.65428220895;1073.0;52.0;20700.0;12.0;920.3920675268021;845.1533276165269;921.0847917963961;1736.1171491031303;198.81440584281899;1269.65008440409;185.0;10.0;19.0;17.0;114.0;52.0;25.0;41.0;18.0;68352;44;68
68353;497.0;492.0;6.41;29.0;12.0;192.159919028341;3.0;5.0;212.46604147731998;192.159919028341;6.09183673469388;14.214285714285701;163.989878542511;182.0;;32600.0;;31.192541638619698;20.122119128533896;45.623958812153596;340.05263157894797;24.1457489878543;283.712550607288;41.0;16.0;3.0;1.0;17.0;3.0;4.0;8.0;0.0;68353;44;68
68354;904.0;868.0;5.45;19.0;37.0;398.356043956044;5.0;2.0;442.768742368742;398.356043956044;17.9765684051398;26.4361300075585;362.593406593406;395.0;;27400.0;;63.4644904570792;41.60295199554071;63.187361148690904;568.2285714285711;23.8417582417582;427.164835164835;62.0;6.0;2.0;8.0;36.0;10.0;10.0;12.0;0.0;68354;44;68
68355;1540.0;1518.0;4.14;68.0;93.0;674.438095238094;13.0;31.0;800.07694674101;674.438095238094;12.3003071401456;113.33854436277001;475.719727891155;634.0;;29290.0;;450.490687792497;382.28354996039;490.843971111799;927.299733226622;79.28662131519259;762.7573696145109;152.0;4.0;9.0;11.0;106.0;32.0;22.0;43.0;12.0;68355;44;68
68356;896.0;951.0;4.83;31.0;31.0;380.999999999988;11.0;10.0;412.221957040561;380.999999999988;2.01431980906922;29.2076372315037;320.03899753047796;372.0;;25130.0;;114.404104195877;86.5922994410152;100.29857402808399;585.567500839067;37.9240579390053;448.136950595999;59.0;3.0;6.0;11.0;35.0;11.0;4.0;12.0;2.0;68356;44;68
68358;463.0;454.0;9.47;21.0;14.0;177.999999999999;3.0;5.0;257.644897959182;177.999999999999;71.57959183673451;8.06530612244896;163.935991908821;181.0;;23320.0;;41.9885128723212;21.011531416119002;37.5211785169274;299.114911720171;17.9269408710184;222.79865760885897;32.0;3.0;4.0;7.0;13.0;4.0;5.0;6.0;0.0;68358;44;68
68359;1634.0;1731.0;13.61;62.0;64.0;698.999999997113;14.0;11.0;773.8571428542559;698.999999997113;22.2548262548262;52.602316602316506;568.4308627285881;693.0;;26090.0;;235.940337596978;189.78839802719398;191.686737798275;1067.92587001125;87.27325205058891;829.062473083597;124.0;9.0;6.0;10.0;77.0;21.0;22.0;25.0;5.0;68359;44;68
68360;665.0;612.0;6.93;22.0;11.0;243.0;5.0;2.0;262.0;243.0;2.0;17.0;193.0;234.0;;22710.0;;54.1968099163095;42.2208680597155;41.160890544803294;457.0;32.0;363.0;26.0;8.0;2.0;3.0;11.0;3.0;2.0;7.0;0.0;68360;44;68
68362;756.0;696.0;4.71;29.0;23.0;330.75;8.0;2.0;369.07432432432404;330.75;6.54317732366513;31.7811470006592;272.671875;321.0;;35930.0;;61.5233487646968;44.75195851601789;61.1616205263198;478.40625;27.5625;383.90625;34.0;8.0;2.0;1.0;16.0;5.0;7.0;7.0;1.0;68362;44;68
68363;544.0;578.0;4.5;24.0;17.0;256.999999985102;6.0;7.0;293.372413778206;256.999999985102;6.06206896551726;30.310344827586302;207.83234528788003;255.0;;30890.0;;43.110285362136096;29.1602711808607;54.4101448376666;380.37894558412904;29.561442156311198;304.92517719856204;26.0;3.0;3.0;1.0;13.0;3.0;6.0;5.0;1.0;68363;44;68
68364;988.0;981.0;10.98;49.0;33.0;415.999999895977;12.0;7.0;462.689507390624;415.999999895977;3.04496788008564;43.64453961456079;314.437078531737;396.0;;25620.0;;230.899938976786;172.315820239708;221.053560514693;632.065025160353;30.3500152675001;495.429582897861;112.0;43.0;8.0;9.0;47.0;15.0;5.0;36.0;2.0;68364;44;68
68365;1733.0;1682.0;8.86;83.0;58.0;795.4885321100929;11.0;14.0;924.8370346382919;795.4885321100929;11.1359637938185;118.21253873438101;584.947247706423;775.0;;26540.0;;1418.5416401936802;1283.48256546218;1583.48844515332;1019.94036697248;51.6490825688062;817.344036697247;278.0;54.0;16.0;19.0;162.0;57.0;27.0;82.0;13.0;68365;44;68
68366;732.0;772.0;2.25;27.0;20.0;313.714285714285;11.0;6.0;332.403248924987;313.714285714285;4.87538170713974;13.8135815035626;264.981969486823;299.0;;25850.0;;52.46060991272321;36.317679575956795;55.9240118719421;483.26213592232904;22.335644937586604;382.751733703189;48.0;9.0;3.0;15.0;17.0;6.0;4.0;13.0;0.0;68366;44;68
68367;1177.0;1208.0;10.67;56.0;33.0;475.0;10.0;5.0;526.0;475.0;9.0;42.0;366.0;482.0;;23950.0;;75.4885975512543;58.4885975512543;74.09508710451209;806.0;51.0;629.0;65.0;7.0;5.0;8.0;36.0;14.0;9.0;16.0;0.0;68367;44;68
68370;180.0;192.0;9.86;7.0;7.0;78.5635359116022;0.0;1.0;126.563535911602;78.5635359116022;32.0;16.0;58.674033149171294;69.0;;17040.0;;27.912608599964102;21.9457577712348;36.2735163500641;116.353591160221;16.9060773480663;85.524861878453;15.0;0.0;2.0;0.0;11.0;2.0;2.0;6.0;0.0;68370;44;68
68372;1825.0;1873.0;18.0;79.0;81.0;829.475086850903;14.0;23.0;939.8461013436571;829.475086850903;41.9995895857381;68.3714249070155;609.033623719946;788.0;;21790.0;;181.90875317938801;143.598816250221;178.886022767219;1121.6630626917;85.07553141078441;866.3610891121291;118.0;6.0;11.0;15.0;73.0;24.0;13.0;27.0;3.0;68372;44;68
68373;304.0;331.0;7.87;14.0;14.0;145.92;0.0;4.0;182.586666666666;145.92;13.5087719298246;23.157894736842103;119.573333333333;143.0;;27690.0;;39.0773457107809;30.9706790441143;59.2366483386795;190.506666666666;18.2399999999999;142.88;24.0;4.0;2.0;4.0;10.0;2.0;4.0;4.0;1.0;68373;44;68
68374;7594.0;7592.0;18.97;405.0;341.0;3361.9999999999104;68.0;68.0;3703.0831987075103;3361.9999999999104;54.654281098546;286.428917609046;2104.15029672815;3412.0;60.0;22900.0;9.0;2215.96843775778;1957.7721709114398;2293.2522260321603;4678.69567881854;370.86022814394096;3509.17951220964;630.0;35.0;30.0;76.0;397.0;115.0;92.0;134.0;42.0;68374;44;68
68375;10355.0;10573.0;23.63;537.0;411.0;4402.71624521423;112.0;109.0;4733.02404343796;4402.71624521423;13.2818293157231;317.025968908004;2998.19579470469;4363.0;55.0;22060.0;9.0;2967.51348493752;2628.11413231515;2907.1651261355605;6463.32483585871;602.081912875753;4914.96801889561;713.0;6.0;62.0;90.0;456.0;182.0;99.0;174.0;68.0;68375;44;68
68376;14317.0;14512.0;19.01;900.0;593.0;6069.96770693855;163.0;113.0;6539.41346184031;6069.96770693855;44.2756118558164;425.170143045944;3898.31635242505;5972.0;50.0;20320.0;14.0;5050.09614256228;4606.13030538314;5271.06258102036;8896.05006752712;870.451008141963;5855.74751074131;1066.0;15.0;61.0;136.0;742.0;336.0;112.0;334.0;108.0;68376;44;68
68378;372.0;351.0;3.66;22.0;20.0;153.999999999267;5.0;1.0;179.285714284981;153.999999999267;2.02285714285714;23.262857142857104;102.340716628013;154.0;;23120.0;;25.208053165222804;16.104117490528;30.522178314975;251.399611008791;33.4503820918592;194.636556395839;16.0;4.0;1.0;2.0;7.0;4.0;2.0;5.0;0.0;68378;44;68
68379;1048.0;1037.0;9.38;35.0;21.0;449.286124401914;10.0;9.0;466.7007218436;449.286124401914;5.2243792325056395;12.190218209179802;373.067942583732;427.0;;24030.0;;357.815372499415;319.823831860129;361.051611260878;673.929186602871;41.1177033492823;537.538755980862;87.0;7.0;6.0;12.0;50.0;18.0;12.0;21.0;7.0;68379;44;68
68380;453.0;467.0;10.14;11.0;26.0;198.505617977529;1.0;4.0;233.350856072767;198.505617977529;10.3593951093951;24.485842985843;161.858426966293;191.0;;31950.0;;56.125316614215606;44.7686835868175;71.38901283589941;297.24943820224803;17.3056179775281;238.20674157303398;28.0;6.0;4.0;0.0;14.0;4.0;4.0;5.0;1.0;68380;44;68
68382;378.0;344.0;4.99;22.0;9.0;147.0;2.0;0.0;163.0;147.0;0.0;16.0;137.0;140.0;;30850.0;;40.10302024006;31.084802365707397;25.2106718531403;254.0;19.0;196.0;21.0;8.0;0.0;1.0;9.0;3.0;3.0;5.0;0.0;68382;44;68
68383;322.0;357.0;4.96;13.0;15.0;156.99999996373302;2.0;0.0;190.325123116443;156.99999996373302;12.118226600985201;21.2068965517242;133.738240136905;152.0;;27310.0;;85.8311441588297;55.188243986794205;80.37153541126891;195.706000196007;6.0452391484206;163.000800726113;44.0;15.0;1.0;1.0;25.0;8.0;2.0;19.0;1.0;68383;44;68
68384;2572.0;2631.0;8.22;91.0;98.0;1145.6779616496;14.0;17.0;1215.43933504015;1145.6779616496;11.626895565093;58.1344778254649;967.5513527712139;1080.0;70.0;27630.0;;355.32025866012395;289.98955787265;379.74066072553495;1617.97530864198;97.1599684791178;1221.2387706855802;164.0;1.0;9.0;19.0;109.0;25.0;26.0;22.0;6.0;68384;44;68
68386;1016.0;1114.0;3.15;31.0;30.0;479.99999995926595;8.0;5.0;515.3472221814881;479.99999995926595;4.03968253968252;31.307539682539502;401.387900190717;461.0;;33040.0;;65.5119651998461;38.192752376604;88.42211327946991;637.152512657677;39.5256995210827;476.295061951825;79.0;7.0;4.0;2.0;56.0;11.0;10.0;14.0;0.0;68386;44;68
