index;date_collecte;DEP;COMM;ANNEE_DEPOT;CAT_MOA;TYPE_MOA;DENOMINATION_D;SIRET_D;CADASTRE1;CADASTRE2;CADASTRE3;TYPE_EVT;SUPERFICIE_T;NB_LGT_1P;NB_LGT_2P;NB_LGT_3P;NB_LGT_4P;NB_LGT_5P;NB_LGT_6P;NB_LGT_DEMOLIS;NB_LGT_IND_CREES;NB_LGT_COL_CREES;NB_LGT_TOT_CREES;NB_NIV_MAX;NATURE_PROJET;I_PERSONNELLE;I_VENTE;I_LOCATION;I_LGTR_SENIORS;I_LGTR_ETUDIANTS;I_LGTR_TOURISME;I_LGTR_HOTELIERESOC;I_LGTR_SOCIAL;I_LGTR_HANDICAPES;I_LGTR_AUTRE;I_LGTR_AUTRE_LIBELLE;SDP_A1;SDP_B1;SDP_D1;SDP_ E1;SDP_F1;TYPE_OPERATION_CONSTR;PERIODE_DEVRT;DATEREELLE_DECISION_FAV;DATEREELLE_DOC;SDP_E1;DPC;lat;lng;INSEE_COM;IRIS;CODE_IRIS;TYP_IRIS
1262;2018-04;51;51030;2018;10;2.0;Domaine Henri GIRAUD II;75280339500017;32810F;03510F;39130F;2;1287.0;0.0;0.0;0.0;0.0;0.0;0.0;0.0;1.0;0.0;1.0;;2.0;0.0;0.0;1.0;0.0;0.0;1.0;0.0;0.0;0.0;0.0;;490.0;117.0;0.0;0.0;0.0;6.0;2018-04-30;2018-04-19;;;;49.05409000769913;3.999289983883159;51030;0000;510300000;Z
22755;2017-08;51;51030;2016;10;2.0;;;08960H;;;3;1104.0;0.0;0.0;0.0;1.0;0.0;0.0;0.0;1.0;0.0;1.0;;2.0;1.0;0.0;0.0;0.0;0.0;0.0;0.0;0.0;0.0;0.0;;0.0;0.0;106.0;0.0;0.0;14.0;2017-08-31;2016-12-19;2017-02-17;;;49.0551435;3.9964038;51030;0000;510300000;Z
69539;2019-02;51;51030;2019;90;2.0;;;38690F;38710F;;1;801.0;0.0;0.0;0.0;1.0;0.0;0.0;0.0;1.0;0.0;1.0;;;0.0;0.0;0.0;0.0;0.0;0.0;0.0;0.0;0.0;0.0;;91.0;116.0;0.0;0.0;0.0;7.0;2019-02-28;;;;;49.053675273452534;4.002981160504839;51030;0000;510300000;Z
72232;2019-03;51;51030;2019;90;2.0;;;0157AC;0298AC;0156AC;1;1162.0;0.0;0.0;0.0;0.0;0.0;1.0;0.0;1.0;0.0;1.0;;;0.0;0.0;0.0;0.0;0.0;0.0;0.0;0.0;0.0;0.0;;0.0;369.0;0.0;0.0;0.0;5.0;2019-03-31;;;;;49.0426121;4.0864206;51030;0000;510300000;Z
1263;2018-04;51;51108;2017;90;2.0;SARL ISTRIA;53399366300012;192BI;;;2;5249.0;0.0;14.0;5.0;0.0;0.0;0.0;0.0;0.0;19.0;19.0;2.0;2.0;0.0;1.0;0.0;0.0;0.0;0.0;0.0;0.0;0.0;0.0;;0.0;0.0;1764.0;0.0;0.0;14.0;2018-04-30;2018-04-20;;;;48.95013001698541;4.370390029796567;51108;0501;511080501;H
1265;2018-04;51;51108;2018;90;2.0;OPHLM;39279516700023;406AD;;;1;3072.0;0.0;0.0;9.0;9.0;0.0;0.0;0.0;0.0;18.0;18.0;3.0;;0.0;0.0;1.0;0.0;0.0;0.0;0.0;0.0;0.0;0.0;;0.0;1361.0;0.0;0.0;0.0;7.0;2018-04-30;;;;;48.9537273256711;4.3753328416990795;51108;0501;511080501;H
17508;2017-06;51;51108;2017;20;2.0;OPHLM;39279516700023;406AD;;;1;3072.0;0.0;0.0;9.0;9.0;0.0;0.0;0.0;0.0;18.0;18.0;3.0;;0.0;0.0;1.0;0.0;0.0;0.0;0.0;0.0;0.0;0.0;;0.0;1351.0;0.0;0.0;0.0;7.0;2017-06-30;;;;;48.9537273256711;4.3753328416990795;51108;0501;511080501;H
27942;2017-10;51;51108;2017;90;2.0;SARL ISTRIA;53399366300012;192BI;;;1;5249.0;0.0;14.0;44.0;0.0;0.0;0.0;0.0;0.0;19.0;19.0;2.0;;0.0;1.0;0.0;0.0;0.0;0.0;0.0;0.0;0.0;0.0;;0.0;0.0;1764.0;0.0;0.0;14.0;2017-10-31;;;;;48.95013001698541;4.370390029796567;51108;0501;511080501;H
56426;2018-09;51;51108;2018;20;2.0;OPHLM;39279516700023;406AD;;;2;3072.0;0.0;0.0;9.0;9.0;0.0;0.0;0.0;0.0;18.0;18.0;3.0;1.0;0.0;0.0;1.0;0.0;0.0;0.0;0.0;0.0;0.0;0.0;;0.0;1361.0;0.0;0.0;0.0;7.0;2018-09-30;2018-09-26;;;;48.9537273256711;4.3753328416990795;51108;0501;511080501;H
1264;2018-04;51;51108;2017;30;2.0;IMMOBILIERE CBFB;80428562500012;378BC;;;2;845.0;0.0;2.0;4.0;2.0;0.0;0.0;0.0;0.0;8.0;8.0;3.0;2.0;0.0;1.0;0.0;0.0;0.0;0.0;0.0;0.0;0.0;1.0;;438.0;42.0;435.0;3.0;435.0;14.0;2018-04-30;2018-04-13;;;;48.959679980277855;4.365170031956012;51108;0402;511080402;H
30692;2017-11;51;51108;2017;30;2.0;IMMOBILIERE CBFB;80428562500012;378BC;;;1;845.0;0.0;2.0;4.0;2.0;0.0;0.0;0.0;0.0;8.0;8.0;3.0;;0.0;1.0;0.0;0.0;0.0;0.0;0.0;0.0;0.0;0.0;;438.0;42.0;21.0;3.0;0.0;12.0;2017-11-30;;;;;48.959679980277855;4.365170031956012;51108;0402;511080402;H
42432;2018-03;51;51108;2018;90;2.0;DIOCESAINE DE CHALONS EN CHAMPAGNE;78036963300018;685BC;684BC;;1;8215.0;2.0;19.0;0.0;0.0;0.0;0.0;0.0;0.0;0.0;21.0;3.0;;0.0;0.0;1.0;0.0;0.0;0.0;0.0;0.0;0.0;0.0;;92.0;66.0;1124.0;0.0;0.0;14.0;2018-03-30;;;;;48.9600081;4.3639743;51108;0402;511080402;H
51220;2018-07;51;51108;2018;90;2.0;Association MAISON SAINT-JOSEPH;78036963300018;685BC;684BC;;2;8215.0;2.0;19.0;0.0;0.0;0.0;0.0;0.0;0.0;21.0;21.0;4.0;2.0;0.0;0.0;1.0;1.0;0.0;0.0;0.0;0.0;0.0;0.0;;92.0;66.0;1124.0;0.0;0.0;14.0;2018-07-31;2018-07-06;;;;48.95990000523622;4.363990027626983;51108;0402;511080402;H
1266;2018-04;51;51230;2016;90;2.0;PLURIAL NOVILIA;33548067900018;3BI;4BI;;3;989.0;30.0;4.0;7.0;0.0;0.0;0.0;0.0;0.0;41.0;41.0;3.0;1.0;0.0;0.0;1.0;1.0;0.0;0.0;0.0;0.0;0.0;0.0;;0.0;2090.0;0.0;0.0;0.0;14.0;2018-04-30;2017-03-09;2018-02-07;;;49.0408939;3.9522661;51230;0301;512300301;H
27946;2017-10;51;51230;2016;90;2.0;PLURIAL NOVILIA;33548067900018;3BI;4BI;;2;989.0;30.0;4.0;7.0;0.0;0.0;0.0;0.0;0.0;41.0;41.0;3.0;1.0;0.0;0.0;1.0;1.0;0.0;0.0;0.0;0.0;0.0;0.0;;0.0;2090.0;0.0;0.0;0.0;14.0;2017-10-31;2017-03-09;;;;49.0408800025661;3.9522499888913103;51230;0301;512300301;H
72238;2019-03;51;51230;2019;10;2.0;SARL Champagne A. BERGERE;33846362300029;1296BI;521BI;;2;238.0;0.0;0.0;0.0;0.0;0.0;1.0;0.0;1.0;0.0;1.0;;1.0;1.0;0.0;0.0;0.0;0.0;0.0;0.0;0.0;0.0;0.0;;0.0;375.0;0.0;0.0;0.0;5.0;2019-03-31;2019-03-06;;;;49.0441279;3.9580425;51230;0301;512300301;H
92322;2019-11;51;51230;2019;90;2.0;SARL VITI-P.V.M.;43429905300018;326BI;792BI;793BI;1;869.0;0.0;0.0;0.0;0.0;0.0;0.0;0.0;1.0;0.0;1.0;;;0.0;0.0;0.0;0.0;0.0;0.0;0.0;0.0;0.0;0.0;;0.0;0.0;182.0;0.0;0.0;12.0;2019-11-30;;;;;49.04531998049717;3.953910024815201;51230;0301;512300301;H
95396;2019-12;51;51230;2019;90;2.0;SCI LES EPICIERS GOURMANDS;81960186500010;;;;1;0.0;0.0;0.0;1.0;0.0;0.0;1.0;1.0;0.0;0.0;2.0;;;1.0;0.0;0.0;0.0;0.0;0.0;0.0;0.0;0.0;0.0;;0.0;190.0;0.0;0.0;0.0;14.0;2019-12-31;;;;;49.0440699872766;3.952340010531401;51230;0301;512300301;H
1267;2018-04;51;51389;2018;20;2.0;OPH;39279516700023;130AD;;;2;1074.0;0.0;0.0;0.0;2.0;2.0;0.0;0.0;4.0;0.0;4.0;2.0;1.0;0.0;0.0;1.0;0.0;0.0;0.0;0.0;0.0;0.0;0.0;;0.0;362.0;0.0;0.0;0.0;7.0;2018-04-30;2018-04-03;;;;49.13301793906321;4.314604418130983;51389;0000;513890000;Z
39611;2018-02;51;51389;2018;90;2.0;OPH;39279516700023;130AD;;;1;1074.0;0.0;0.0;0.0;2.0;2.0;0.0;0.0;4.0;0.0;4.0;2.0;;0.0;0.0;1.0;0.0;0.0;0.0;0.0;1.0;0.0;0.0;;0.0;362.0;0.0;0.0;0.0;6.0;;;;;2018-02-28;49.13301793906321;4.314604418130983;51389;0000;513890000;Z
1268;2018-04;51;51507;2017;20;2.0;OPHLM;39279516700023;0588AB;0587AB;;2;4984.0;0.0;2.0;3.0;0.0;0.0;0.0;0.0;5.0;0.0;5.0;1.0;1.0;0.0;0.0;1.0;0.0;0.0;0.0;0.0;0.0;0.0;0.0;;0.0;308.0;0.0;0.0;0.0;7.0;2018-04-30;2018-04-11;;;;49.10067987771895;4.940901308727103;51507;0102;515070102;H
83283;2019-07;51;51507;2019;32;2.0;SCI SOFA;37978494500014;0487AB;;;2;559.0;0.0;0.0;0.0;1.0;0.0;0.0;0.0;1.0;0.0;1.0;1.0;1.0;0.0;0.0;1.0;0.0;0.0;0.0;0.0;0.0;0.0;0.0;;122.0;110.0;0.0;0.0;0.0;7.0;2019-07-31;2019-07-25;;;;49.088039984501904;4.897119973272595;51507;0102;515070102;H
1269;2018-04;51;51649;2017;90;2.0;PLURIAL NOVILIA;335480 679 000;0538AP;;;2;1818.0;0.0;9.0;8.0;4.0;0.0;0.0;0.0;0.0;21.0;21.0;;1.0;0.0;1.0;0.0;0.0;0.0;0.0;0.0;0.0;0.0;0.0;;0.0;1817.0;0.0;0.0;0.0;7.0;2018-04-30;2018-03-26;;;;48.7251519;4.5910081;51649;0303;516490303;H
33930;2017-12;51;51649;2017;90;2.0;SCI MR2B;79786556500015;0077AO;0078AO;0079AO;1;2433.0;0.0;0.0;0.0;0.0;0.0;0.0;0.0;1.0;0.0;1.0;;;0.0;0.0;0.0;0.0;0.0;0.0;0.0;0.0;0.0;0.0;;0.0;98.0;0.0;;0.0;5.0;;;;0.0;2017/12;48.722282354248975;4.599762257072043;51649;0303;516490303;H
36967;2018-01;51;51649;2017;32;2.0;SCI MR2B;79786556500015;0077AO;0078AO;0079AO;2;2433.0;0.0;0.0;0.0;0.0;0.0;0.0;0.0;1.0;0.0;1.0;;1.0;0.0;0.0;0.0;0.0;0.0;0.0;0.0;0.0;0.0;0.0;;0.0;98.0;0.0;0.0;0.0;5.0;2018-01-31;2018-01-23;;;;48.72241998497509;4.598850032593532;51649;0303;516490303;H
36968;2018-01;51;51649;2017;90;2.0;PLURIAL NOVILIA;335480 679 000;0538AP;;;1;1818.0;0.0;9.0;8.0;4.0;0.0;0.0;0.0;21.0;0.0;21.0;;;0.0;0.0;0.0;0.0;0.0;0.0;0.0;0.0;0.0;0.0;;0.0;1817.0;0.0;0.0;0.0;7.0;2018-01-31;;;;;48.725983133466535;4.591425278289424;51649;0303;516490303;H
67108;2019-01;51;51649;2018;90;2.0;LE FOYER REMOIS;33558121100026;0213AO;;;1;3055.0;32.0;4.0;0.0;7.0;0.0;0.0;0.0;7.0;36.0;43.0;;;0.0;1.0;0.0;0.0;0.0;0.0;0.0;0.0;0.0;0.0;;0.0;1813.0;0.0;0.0;0.0;7.0;2019-01-31;;;;;48.7246164;4.5990326;51649;0303;516490303;H
83285;2019-07;51;51649;2018;21;2.0;LE FOYER REMOIS;33558121100026;0213AO;;;2;3055.0;32.0;4.0;0.0;7.0;0.0;0.0;0.0;7.0;36.0;43.0;;1.0;0.0;1.0;0.0;0.0;0.0;0.0;0.0;0.0;0.0;0.0;;0.0;1813.0;0.0;0.0;0.0;7.0;2019-07-31;2019-04-30;;;;48.72435000200028;4.598590025957009;51649;0303;516490303;H
3796;2019-08;51;51172;2019;32;2.0;2AB - MONTEPILLOIS;821342881 R.C.;0155AS;;;2;406.0;0.0;0.0;0.0;0.0;1.0;0.0;0.0;1.0;0.0;1.0;1.0;1.0;0.0;0.0;0.0;0.0;0.0;0.0;0.0;0.0;0.0;0.0;;0.0;99.0;0.0;0.0;0.0;5.0;2019-08-31;2019-08-20;;;;49.243620009740624;3.9962900169176407;51573;0102;515730102;H
80247;2019-06;51;51172;2019;90;2.0;2AB - MONTEPILLOIS;821342881 R.C.;0155AS;;;1;406.0;0.0;0.0;0.0;0.0;1.0;0.0;0.0;1.0;0.0;1.0;1.0;;0.0;0.0;0.0;0.0;0.0;0.0;0.0;0.0;0.0;0.0;;0.0;99.0;0.0;0.0;0.0;5.0;2019-06-30;;;;;49.243620009740624;3.9962900169176407;51573;0102;515730102;H
3797;2019-08;51;51216;2019;90;2.0;;;674B;;;1;743.0;0.0;0.0;0.0;0.0;1.0;0.0;0.0;1.0;0.0;1.0;;;1.0;0.0;0.0;0.0;0.0;0.0;0.0;0.0;0.0;0.0;;72.0;35.0;0.0;0.0;0.0;7.0;2019-08-31;;;;;49.23891998326354;4.413149973569972;51216;0000;512160000;Z
3798;2019-08;51;51518;2019;90;2.0;;;209AA;;;2;3902.0;0.0;10.0;20.0;4.0;2.0;0.0;2.0;0.0;36.0;36.0;4.0;1.0;0.0;1.0;0.0;0.0;0.0;0.0;0.0;0.0;0.0;0.0;;832.0;2549.0;0.0;832.0;0.0;12.0;2019-08-31;2019-08-13;;;;49.30120027192455;3.9601040801973704;51518;0000;515180000;Z
6275;2017-01;51;51037;2016;10;2.0;;;99ZB;;;3;916.0;0.0;0.0;0.0;1.0;0.0;0.0;0.0;1.0;0.0;1.0;2.0;1.0;0.0;0.0;0.0;0.0;0.0;0.0;0.0;0.0;0.0;0.0;;0.0;141.0;0.0;0.0;0.0;5.0;2017-01-31;2016-06-10;2016-06-27;;;49.32769899668094;3.715477506453452;51037;0000;510370000;Z
12812;2017-04;51;51037;2015;10;2.0;;;;;;3;0.0;0.0;0.0;0.0;0.0;0.0;0.0;0.0;1.0;0.0;1.0;;1.0;0.0;0.0;0.0;0.0;0.0;0.0;0.0;0.0;0.0;0.0;;0.0;130.0;0.0;0.0;0.0;5.0;2017-04-30;2016-04-08;2016-06-30;;;49.32769899668094;3.715477506453452;51037;0000;510370000;Z
6276;2017-01;51;51058;2015;31;2.0;;;588AL;;;3;1321.0;0.0;1.0;18.0;13.0;0.0;0.0;0.0;0.0;32.0;32.0;;1.0;0.0;0.0;1.0;0.0;0.0;0.0;0.0;0.0;0.0;0.0;;0.0;2529.0;0.0;0.0;0.0;7.0;2017-01-31;2015-09-24;2016-12-12;;;49.2220533;3.9997114;51058;0000;510580000;Z
10589;2017-03;51;51058;2015;90;2.0;;33548067900018;580AL;579AL;551AL;3;5623.0;0.0;11.0;15.0;14.0;3.0;0.0;0.0;0.0;43.0;43.0;;1.0;0.0;0.0;0.0;0.0;0.0;0.0;0.0;0.0;0.0;0.0;;0.0;3483.0;0.0;0.0;0.0;7.0;2017-03-31;2016-01-01;2016-06-15;;;49.220336591826175;4.000251332738041;51058;0000;510580000;Z
12814;2017-04;51;51058;2016;31;2.0;SCCV LES TERRASSES DU GOLF-BEZ;;208AL;275AL;294AL;2;17879.0;9.0;16.0;12.0;5.0;0.0;0.0;0.0;0.0;42.0;42.0;;1.0;0.0;1.0;0.0;0.0;0.0;0.0;0.0;0.0;0.0;0.0;;0.0;2330.0;0.0;0.0;0.0;7.0;2017-04-30;2017-04-03;;;;49.220267308567436;4.005697700438238;51058;0000;510580000;Z
15023;2017-05;51;51058;2015;10;2.0;;;505AL;;;2;240.0;0.0;0.0;0.0;0.0;1.0;0.0;0.0;1.0;0.0;1.0;1.0;1.0;1.0;0.0;0.0;0.0;0.0;0.0;0.0;0.0;0.0;0.0;;0.0;130.0;0.0;0.0;0.0;5.0;2017-05-31;2015-10-27;;;;49.22884953800008;3.989665000000059;51058;0000;510580000;Z
15024;2017-05;51;51058;2015;10;2.0;;;460AL;;;2;425.0;0.0;0.0;0.0;1.0;0.0;0.0;0.0;1.0;0.0;1.0;1.0;1.0;0.0;0.0;0.0;0.0;0.0;0.0;0.0;0.0;0.0;0.0;;0.0;129.0;0.0;0.0;0.0;5.0;2017-05-31;2015-10-27;;;;49.22884953800008;3.989665000000059;51058;0000;510580000;Z
15025;2017-05;51;51058;2015;10;2.0;;;490AL;;;2;212.0;0.0;0.0;0.0;0.0;0.0;1.0;0.0;1.0;0.0;1.0;2.0;1.0;0.0;0.0;0.0;0.0;0.0;0.0;0.0;0.0;0.0;0.0;;0.0;118.0;0.0;0.0;0.0;5.0;2017-05-31;2016-02-03;;;;49.22884953800008;3.989665000000059;51058;0000;510580000;Z
15026;2017-05;51;51058;2015;10;2.0;;;491AL;;;2;212.0;0.0;0.0;0.0;0.0;0.0;1.0;0.0;1.0;0.0;1.0;2.0;1.0;0.0;0.0;0.0;0.0;0.0;0.0;0.0;0.0;0.0;0.0;;0.0;118.0;0.0;0.0;0.0;5.0;2017-05-31;2016-02-03;;;;49.22884953800008;3.989665000000059;51058;0000;510580000;Z
27940;2017-10;51;51058;2014;30;2.0;;45347910700030;136AL;;;3;4065.0;16.0;28.0;16.0;4.0;3.0;0.0;0.0;0.0;67.0;67.0;4.0;1.0;0.0;1.0;0.0;0.0;0.0;0.0;0.0;0.0;0.0;0.0;;0.0;3750.0;0.0;0.0;0.0;14.0;2017-10-31;2014-10-09;2015-02-16;;;49.21844413820155;3.995960492151647;51058;0000;510580000;Z
30690;2017-11;51;51058;2012;21;2.0;;81048675300017;162AH;169AH;;3;0.0;13.0;25.0;52.0;30.0;7.0;0.0;0.0;0.0;127.0;127.0;;1.0;0.0;1.0;0.0;0.0;0.0;0.0;0.0;0.0;0.0;0.0;;0.0;9190.0;0.0;0.0;0.0;7.0;2017-11-30;2013-05-29;2015-10-28;;;49.2278455;3.9943812;51058;0000;510580000;Z
45198;2018-05;51;51058;2016;31;2.0;SCCV LES TERRASSES DU GOLF-BEZ;;208AL;275AL;294AL;3;17879.0;9.0;16.0;12.0;5.0;0.0;0.0;0.0;0.0;42.0;42.0;;1.0;0.0;1.0;0.0;0.0;0.0;0.0;0.0;0.0;0.0;0.0;;0.0;2330.0;0.0;0.0;0.0;7.0;2018-05-31;2017-04-03;2017-10-16;;;49.2155549;4.0015393;51058;0000;510580000;Z
61858;2018-11;51;51058;2015;90;2.0;;;138AK;;;3;17706.0;10.0;53.0;10.0;1.0;0.0;0.0;0.0;57.0;17.0;74.0;3.0;1.0;0.0;0.0;1.0;1.0;0.0;0.0;0.0;0.0;0.0;0.0;;0.0;5053.0;0.0;0.0;0.0;6.0;2018-11-30;2016-04-27;2018-05-02;;;49.22884953800008;3.989665000000059;51058;0000;510580000;Z
72235;2019-03;51;51058;2016;10;2.0;;;493AL;;;2;354.0;0.0;0.0;0.0;1.0;0.0;0.0;0.0;1.0;0.0;1.0;2.0;1.0;0.0;0.0;0.0;0.0;0.0;0.0;0.0;0.0;0.0;0.0;;0.0;106.0;0.0;0.0;0.0;5.0;2019-03-31;2016-05-18;;;;49.222833516240705;4.000449242438861;51058;0000;510580000;Z
72236;2019-03;51;51058;2016;21;2.0;HLM PLURIAL NOVILIA;;382AL;384AL;;2;16809.0;0.0;0.0;1.0;0.0;1.0;0.0;0.0;2.0;0.0;2.0;;1.0;0.0;0.0;1.0;0.0;0.0;0.0;0.0;1.0;0.0;0.0;;0.0;248.0;0.0;0.0;0.0;6.0;2019-03-31;2016-09-12;;;;49.222833516240705;4.000449242438861;51058;0000;510580000;Z
6277;2017-01;51;51171;2017;90;2.0;TERRES A VIVRE;81872206800017;248AB;;;1;1735.0;0.0;0.0;0.0;0.0;0.0;0.0;0.0;2.0;0.0;2.0;1.0;;0.0;1.0;0.0;0.0;0.0;0.0;0.0;0.0;0.0;0.0;;0.0;182.0;0.0;0.0;0.0;7.0;2017-01-31;;;;;49.36741816876797;3.876071874139399;51171;0000;511710000;Z
27943;2017-10;51;51171;2017;21;2.0;IMMOCOOP;49839377600014;51AC;159AC;160AC;1;833.0;0.0;0.0;0.0;0.0;0.0;0.0;0.0;4.0;0.0;4.0;2.0;;0.0;0.0;1.0;0.0;0.0;0.0;0.0;0.0;0.0;0.0;;0.0;403.0;0.0;0.0;0.0;7.0;2017-10-31;;;;;49.372010042132814;3.892185061188499;51171;0000;511710000;Z
27944;2017-10;51;51171;2017;21;2.0;IMMOCOOP;49839377600014;162AC;163AC;164AC;1;957.0;0.0;0.0;0.0;0.0;2.0;2.0;0.0;4.0;0.0;4.0;2.0;;0.0;1.0;0.0;0.0;0.0;0.0;0.0;0.0;0.0;0.0;;0.0;435.0;0.0;0.0;0.0;7.0;2017-10-31;;;;;49.372010042132814;3.892185061188499;51171;0000;511710000;Z
36961;2018-01;51;51171;2017;21;2.0;IMMOCOOP;49839377600014;162AC;163AC;164AC;2;957.0;0.0;0.0;0.0;0.0;2.0;2.0;0.0;4.0;0.0;4.0;2.0;1.0;0.0;1.0;0.0;0.0;0.0;0.0;0.0;0.0;0.0;0.0;;0.0;435.0;0.0;0.0;0.0;7.0;2018-01-31;2018-02-02;;;;49.372010042132814;3.892185061188499;51171;0000;511710000;Z
39606;2018-02;51;51171;2017;21;2.0;IMMOCOOP;49839377600014;51AC;159AC;160AC;2;833.0;0.0;0.0;0.0;0.0;0.0;0.0;0.0;4.0;0.0;4.0;2.0;1.0;0.0;0.0;1.0;0.0;0.0;0.0;0.0;0.0;0.0;0.0;;0.0;403.0;0.0;0.0;0.0;7.0;;2018-02-02;;;2018-02-28;49.3720705;3.8921141;51171;0000;511710000;Z
59224;2018-10;51;51171;2018;90;2.0;COMMUNE DE CORMICY;20007338500011;145AH;;;1;514.0;0.0;2.0;1.0;0.0;0.0;0.0;0.0;0.0;3.0;3.0;4.0;;0.0;0.0;1.0;0.0;0.0;0.0;0.0;0.0;0.0;0.0;;418.0;26.0;39.0;33.0;52.0;14.0;2018-10-31;;;;;49.3705412;3.8969029;51171;0000;511710000;Z
83280;2019-07;51;51171;2019;90;2.0;SCIERIE EXPLOITATION FORESTIERE HUBERLANT;42499154500015;1170C;1172C;1173C;1;46894.0;0.0;0.0;0.0;1.0;0.0;0.0;0.0;1.0;0.0;1.0;1.0;;0.0;1.0;0.0;0.0;0.0;0.0;0.0;0.0;0.0;0.0;;0.0;30.0;0.0;0.0;0.0;7.0;2019-07-31;;;;;49.3995464783079;3.8724859901308744;51171;0000;511710000;Z
86186;2019-09;51;51171;2019;10;2.0;SCIERIE EXPLOITATION FORESTIERE HUBERLANT;42499154500015;1170C;1172C;1173C;2;46894.0;0.0;0.0;0.0;1.0;0.0;0.0;0.0;1.0;0.0;1.0;1.0;1.0;0.0;1.0;0.0;0.0;0.0;0.0;0.0;0.0;0.0;0.0;;0.0;30.0;0.0;0.0;0.0;7.0;2019-09-30;2019-10-02;;;;49.3995464783079;3.8724859901308744;51171;0000;511710000;Z
92319;2019-11;51;51171;2019;90;2.0;;;161AH;;;1;828.0;0.0;0.0;0.0;2.0;0.0;0.0;0.0;0.0;2.0;2.0;1.0;;0.0;1.0;0.0;0.0;0.0;0.0;0.0;0.0;0.0;0.0;;0.0;230.0;0.0;0.0;0.0;7.0;2019-11-30;;;;;49.36966314373527;3.897243554520888;51171;0000;511710000;Z
101138;2020-02;51;51171;2019;90;2.0;;;161AH;;;2;828.0;0.0;0.0;0.0;2.0;0.0;0.0;0.0;0.0;2.0;2.0;1.0;1.0;0.0;1.0;0.0;0.0;0.0;0.0;0.0;0.0;0.0;0.0;;0.0;230.0;0.0;0.0;0.0;7.0;2020-02-29;2020-02-24;;;;49.36966314373527;3.897243554520888;51171;0000;511710000;Z
103682;2021-03;51;51171;2021;21;2.0;IMMO COOP;49839377600030;158AC;159AC;160AC;2;833.0;0.0;0.0;0.0;0.0;4.0;0.0;0.0;4.0;0.0;4.0;2.0;1.0;0.0;0.0;1.0;0.0;0.0;0.0;0.0;0.0;0.0;0.0;;0.0;383.0;0.0;0.0;0.0;7.0;2021-03-31;2021-03-24;;;;49.372010042132814;3.892185061188499;51171;0000;511710000;Z
103683;2021-03;51;51171;2021;21;2.0;IMMO COOP;49839377600030;162AC;163AC;164AC;2;957.0;0.0;0.0;0.0;4.0;0.0;0.0;0.0;4.0;0.0;4.0;2.0;1.0;0.0;0.0;1.0;0.0;0.0;0.0;0.0;0.0;0.0;0.0;;0.0;407.0;0.0;0.0;0.0;7.0;2021-03-31;2021-03-24;;;;49.372010042132814;3.892185061188499;51171;0000;511710000;Z
6278;2017-01;51;51198;2016;10;2.0;;;558AB;;;3;702.0;0.0;0.0;0.0;0.0;1.0;0.0;0.0;1.0;0.0;1.0;1.0;1.0;0.0;0.0;0.0;0.0;0.0;0.0;0.0;0.0;0.0;0.0;;0.0;91.0;0.0;0.0;0.0;5.0;2017-01-31;2016-06-15;2016-11-09;;;49.2517872629927;3.7392758040146594;51198;0000;511980000;Z
6279;2017-01;51;51308;2016;10;2.0;;;;;;3;0.0;0.0;0.0;0.0;0.0;1.0;0.0;0.0;1.0;0.0;1.0;;1.0;0.0;0.0;0.0;0.0;0.0;0.0;0.0;0.0;0.0;0.0;;0.0;98.0;0.0;0.0;0.0;5.0;2017-01-31;2016-06-09;2016-07-12;;;49.291849604979376;3.8081504919554767;51308;0000;513080000;Z
15029;2017-05;51;51308;2015;10;2.0;;;302AA;;;2;700.0;0.0;0.0;0.0;1.0;0.0;0.0;0.0;1.0;0.0;1.0;1.0;1.0;0.0;0.0;0.0;0.0;0.0;0.0;0.0;0.0;0.0;0.0;;0.0;102.0;0.0;0.0;0.0;5.0;2017-05-31;2015-11-13;;;;49.291849604979376;3.8081504919554767;51308;0000;513080000;Z
15030;2017-05;51;51308;2015;10;2.0;;;163AH;;;2;170.0;0.0;0.0;0.0;1.0;0.0;0.0;0.0;1.0;0.0;1.0;2.0;2.0;0.0;0.0;1.0;0.0;0.0;0.0;0.0;0.0;0.0;0.0;;62.0;44.0;0.0;0.0;0.0;7.0;2017-05-31;2016-01-05;;;;49.2870316;3.8137758;51308;0000;513080000;Z
6280;2017-01;51;51453;2016;30;2.0;SEGIB - Madame LOPEZ Lisiane;32887652900020;;;;1;0.0;0.0;0.0;0.0;0.0;1.0;0.0;0.0;1.0;0.0;1.0;1.0;;0.0;1.0;0.0;0.0;0.0;0.0;0.0;0.0;0.0;0.0;;0.0;92.0;0.0;0.0;0.0;5.0;2017-01-31;;;;;48.98895505535833;4.319560073464899;51453;0000;514530000;Z
8298;2017-02;51;51453;2016;30;2.0;SEGIB - Madame LOPEZ Lisiane;32887652900020;;;;2;0.0;0.0;0.0;0.0;0.0;1.0;0.0;0.0;1.0;0.0;1.0;1.0;1.0;0.0;1.0;0.0;0.0;0.0;0.0;0.0;0.0;0.0;0.0;;0.0;92.0;0.0;0.0;0.0;5.0;2017-02-28;2017-01-24;;;;48.98895505535833;4.319560073464899;51453;0000;514530000;Z
8293;2017-02;51;51002;2016;32;2.0;;81002758100018;104AL;;;2;9139.0;0.0;0.0;0.0;0.0;0.0;0.0;0.0;1.0;0.0;1.0;;1.0;0.0;0.0;0.0;0.0;0.0;0.0;0.0;0.0;0.0;0.0;;0.0;153.0;0.0;0.0;0.0;14.0;2017-02-28;2017-02-14;;;;49.01526862565613;3.8788943218880214;51002;0000;510020000;Z
8294;2017-02;51;51025;2016;32;2.0;;;157ZL;;;2;748.0;0.0;0.0;0.0;0.0;1.0;0.0;0.0;1.0;0.0;1.0;;1.0;0.0;0.0;1.0;0.0;0.0;0.0;0.0;0.0;0.0;0.0;;0.0;109.0;0.0;0.0;0.0;5.0;2017-02-28;2016-12-30;;;;49.3860570495897;4.065016995750158;51025;0000;510250000;Z
25226;2017-09;51;51025;2016;32;2.0;;;157ZL;;;3;748.0;0.0;0.0;0.0;0.0;1.0;0.0;0.0;1.0;0.0;1.0;;1.0;0.0;0.0;1.0;0.0;0.0;0.0;0.0;0.0;0.0;0.0;;0.0;109.0;0.0;0.0;0.0;5.0;2017-09-30;2016-12-30;2017-02-15;;;49.3860570495897;4.065016995750158;51025;0000;510250000;Z
8295;2017-02;51;51234;2016;90;2.0;;56288129200022;245AD;243AD;;2;22536.0;0.0;0.0;4.0;11.0;6.0;0.0;0.0;21.0;0.0;21.0;1.0;1.0;0.0;0.0;1.0;0.0;0.0;0.0;0.0;0.0;0.0;0.0;;0.0;2066.0;0.0;0.0;0.0;7.0;2017-02-28;2017-02-16;;;;48.5549384;3.6659794;51234;0000;512340000;Z
8296;2017-02;51;51262;2016;32;2.0;SCI HKM;;0185AE;;;2;1379.0;0.0;0.0;0.0;0.0;0.0;0.0;0.0;2.0;0.0;2.0;1.0;1.0;0.0;0.0;0.0;0.0;0.0;0.0;0.0;0.0;0.0;0.0;;0.0;211.0;0.0;0.0;0.0;7.0;2017-02-28;2017-02-20;;;;48.70236616470941;4.5961703665047615;51262;0000;512620000;Z
8297;2017-02;51;51380;2015;32;2.0;;;31AZ;;;3;930.0;0.0;2.0;0.0;2.0;0.0;0.0;0.0;0.0;4.0;4.0;2.0;2.0;0.0;1.0;0.0;0.0;0.0;0.0;0.0;0.0;0.0;0.0;;118.0;0.0;218.0;0.0;0.0;10.0;2017-02-28;2016-01-05;2016-02-05;;;48.870109999026226;3.543540008153542;51380;0000;513800000;Z
36966;2018-01;51;51380;2017;32;2.0;;41970241000012;47BC;;;2;392.0;0.0;2.0;0.0;0.0;0.0;0.0;0.0;0.0;2.0;2.0;3.0;2.0;0.0;0.0;1.0;0.0;0.0;0.0;0.0;0.0;0.0;0.0;;207.0;0.0;207.0;0.0;207.0;12.0;2018-01-31;2018-01-25;;;;48.8706419;3.5388575957018134;51380;0000;513800000;Z
45203;2018-05;51;51380;2018;90;2.0;;83928022900015;449AX;;;1;497.0;0.0;0.0;0.0;0.0;1.0;0.0;0.0;1.0;0.0;1.0;;;0.0;0.0;1.0;0.0;0.0;0.0;0.0;0.0;0.0;0.0;;0.0;85.0;0.0;0.0;0.0;5.0;2018-05-31;;;;;48.8899679640955;3.569078531866209;51380;0000;513800000;Z
45204;2018-05;51;51380;2018;90;2.0;;83928022900015;447AX;;;1;514.0;0.0;0.0;0.0;0.0;1.0;0.0;0.0;1.0;0.0;1.0;;;0.0;0.0;1.0;0.0;0.0;0.0;0.0;0.0;0.0;0.0;;0.0;99.0;0.0;0.0;0.0;5.0;2018-05-31;;;;;48.8899679640955;3.569078531866209;51380;0000;513800000;Z
45205;2018-05;51;51380;2018;90;2.0;;83928022900015;440AX;;;1;446.0;0.0;0.0;0.0;0.0;1.0;0.0;0.0;1.0;0.0;1.0;;;0.0;0.0;1.0;0.0;0.0;0.0;0.0;0.0;0.0;0.0;;0.0;90.0;0.0;0.0;0.0;5.0;2018-05-31;;;;;48.8899679640955;3.569078531866209;51380;0000;513800000;Z
45206;2018-05;51;51380;2018;90;2.0;;83928021100013;448AX;;;1;497.0;0.0;0.0;0.0;0.0;1.0;0.0;0.0;1.0;0.0;1.0;;;0.0;0.0;1.0;0.0;0.0;0.0;0.0;0.0;0.0;0.0;;0.0;86.0;0.0;0.0;0.0;5.0;2018-05-31;;;;;48.8899679640955;3.569078531866209;51380;0000;513800000;Z
45207;2018-05;51;51380;2018;90;2.0;;83928021100013;446AX;;;1;437.0;0.0;0.0;0.0;0.0;1.0;0.0;0.0;1.0;0.0;1.0;;;0.0;0.0;1.0;0.0;0.0;0.0;0.0;0.0;0.0;0.0;;0.0;87.0;0.0;0.0;0.0;5.0;2018-05-31;;;;;48.8899679640955;3.569078531866209;51380;0000;513800000;Z
45208;2018-05;51;51380;2018;90;2.0;;83928021100013;442AX;;;1;0.0;0.0;0.0;0.0;0.0;1.0;0.0;0.0;1.0;0.0;1.0;;;0.0;0.0;1.0;0.0;0.0;0.0;0.0;0.0;0.0;0.0;;0.0;85.0;0.0;0.0;0.0;5.0;2018-05-31;;;;;48.8899679640955;3.569078531866209;51380;0000;513800000;Z
45209;2018-05;51;51380;2018;90;2.0;;83928020300010;443AX;;;1;441.0;0.0;0.0;0.0;0.0;0.0;1.0;0.0;1.0;0.0;1.0;;;0.0;0.0;1.0;0.0;0.0;0.0;0.0;0.0;0.0;0.0;;0.0;101.0;0.0;0.0;0.0;5.0;2018-05-31;;;;;48.8899679640955;3.569078531866209;51380;0000;513800000;Z
45210;2018-05;51;51380;2018;90;2.0;;83928019500018;450AX;;;1;498.0;0.0;0.0;0.0;0.0;1.0;0.0;0.0;1.0;0.0;1.0;;;0.0;0.0;1.0;0.0;0.0;0.0;0.0;0.0;0.0;0.0;;0.0;102.0;0.0;0.0;0.0;5.0;2018-05-31;;;;;48.8899679640955;3.569078531866209;51380;0000;513800000;Z
45211;2018-05;51;51380;2018;90;2.0;;83928019500018;451AX;;;1;634.0;0.0;0.0;0.0;0.0;1.0;0.0;0.0;1.0;0.0;1.0;;;0.0;0.0;1.0;0.0;0.0;0.0;0.0;0.0;0.0;0.0;;0.0;105.0;0.0;0.0;0.0;5.0;2018-05-31;;;;;48.8899679640955;3.569078531866209;51380;0000;513800000;Z
48092;2018-06;51;51380;2018;32;2.0;;83928022900015;449AX;;;2;497.0;0.0;0.0;0.0;0.0;1.0;0.0;0.0;1.0;0.0;1.0;;1.0;0.0;0.0;1.0;0.0;0.0;0.0;0.0;0.0;0.0;0.0;;0.0;85.0;0.0;0.0;0.0;5.0;2018-06-30;2018-06-06;;;;48.8899679640955;3.569078531866209;51380;0000;513800000;Z
48093;2018-06;51;51380;2018;32;2.0;;83928022900015;447AX;;;2;514.0;0.0;0.0;0.0;0.0;1.0;0.0;0.0;1.0;0.0;1.0;;1.0;0.0;0.0;1.0;0.0;0.0;0.0;0.0;0.0;0.0;0.0;;0.0;99.0;0.0;0.0;0.0;5.0;2018-06-30;2018-06-06;;;;48.8899679640955;3.569078531866209;51380;0000;513800000;Z
48094;2018-06;51;51380;2018;32;2.0;;83928022900015;440AX;;;2;446.0;0.0;0.0;0.0;0.0;1.0;0.0;0.0;1.0;0.0;1.0;;1.0;0.0;0.0;1.0;0.0;0.0;0.0;0.0;0.0;0.0;0.0;;0.0;90.0;0.0;0.0;0.0;5.0;2018-06-30;2018-06-06;;;;48.8899679640955;3.569078531866209;51380;0000;513800000;Z
48095;2018-06;51;51380;2018;32;2.0;;83928021100013;448AX;;;2;497.0;0.0;0.0;0.0;0.0;1.0;0.0;0.0;1.0;0.0;1.0;;1.0;0.0;0.0;1.0;0.0;0.0;0.0;0.0;0.0;0.0;0.0;;0.0;86.0;0.0;0.0;0.0;5.0;2018-06-30;2018-06-06;;;;48.8899679640955;3.569078531866209;51380;0000;513800000;Z
48096;2018-06;51;51380;2018;32;2.0;;83928021100013;446AX;;;2;437.0;0.0;0.0;0.0;0.0;1.0;0.0;0.0;1.0;0.0;1.0;;1.0;0.0;0.0;1.0;0.0;0.0;0.0;0.0;0.0;0.0;0.0;;0.0;87.0;0.0;0.0;0.0;5.0;2018-06-30;2018-06-06;;;;48.8899679640955;3.569078531866209;51380;0000;513800000;Z
48097;2018-06;51;51380;2018;32;2.0;;83928021100013;442AX;;;2;0.0;0.0;0.0;0.0;0.0;1.0;0.0;0.0;1.0;0.0;1.0;;1.0;0.0;0.0;1.0;0.0;0.0;0.0;0.0;0.0;0.0;0.0;;0.0;85.0;0.0;0.0;0.0;5.0;2018-06-30;2018-06-06;;;;48.8899679640955;3.569078531866209;51380;0000;513800000;Z
48098;2018-06;51;51380;2018;32;2.0;;83928020300010;443AX;;;2;441.0;0.0;0.0;0.0;0.0;0.0;1.0;0.0;1.0;0.0;1.0;;1.0;0.0;0.0;1.0;0.0;0.0;0.0;0.0;0.0;0.0;0.0;;0.0;101.0;0.0;0.0;0.0;5.0;2018-06-30;2018-06-06;;;;48.8899679640955;3.569078531866209;51380;0000;513800000;Z
48099;2018-06;51;51380;2018;30;2.0;;83928019500018;450AX;;;2;498.0;0.0;0.0;0.0;0.0;1.0;0.0;0.0;1.0;0.0;1.0;;1.0;0.0;0.0;1.0;0.0;0.0;0.0;0.0;0.0;0.0;0.0;;0.0;102.0;0.0;0.0;0.0;5.0;2018-06-30;2018-06-06;;;;48.8899679640955;3.569078531866209;51380;0000;513800000;Z
48100;2018-06;51;51380;2018;30;2.0;;83928019500018;451AX;;;2;634.0;0.0;0.0;0.0;0.0;1.0;0.0;0.0;1.0;0.0;1.0;;1.0;0.0;0.0;1.0;0.0;0.0;0.0;0.0;0.0;0.0;0.0;;0.0;105.0;0.0;0.0;0.0;5.0;2018-06-30;2018-06-06;;;;48.8899679640955;3.569078531866209;51380;0000;513800000;Z
51224;2018-07;51;51380;2018;90;2.0;;82003888300014;169AD;;;1;2344.0;0.0;0.0;0.0;1.0;0.0;0.0;0.0;1.0;0.0;1.0;2.0;;0.0;0.0;0.0;0.0;0.0;0.0;0.0;0.0;0.0;0.0;;0.0;0.0;138.0;0.0;0.0;10.0;2018-07-31;;;;;48.890040027392104;3.595615224623252;51380;0000;513800000;Z
53995;2018-08;51;51380;2018;32;2.0;;82003888300014;169AD;;;2;2344.0;0.0;0.0;0.0;1.0;0.0;0.0;0.0;1.0;0.0;1.0;2.0;2.0;0.0;0.0;0.0;0.0;0.0;0.0;0.0;0.0;0.0;0.0;;0.0;0.0;138.0;0.0;0.0;10.0;2018-08-31;2018-08-17;;;;48.890040027392104;3.595615224623252;51380;0000;513800000;Z
74965;2019-04;51;51380;2019;90;2.0;;40133612800012;624BD;;;1;0.0;0.0;0.0;0.0;0.0;0.0;0.0;0.0;1.0;0.0;1.0;;;0.0;0.0;1.0;0.0;0.0;0.0;0.0;0.0;0.0;0.0;;0.0;0.0;131.0;0.0;0.0;10.0;2019-04-30;;;;;48.8736106;3.536841;51380;0000;513800000;Z
8299;2017-02;51;51454;2016;10;2.0;;;231DV;;;3;265.0;0.0;0.0;0.0;0.0;0.0;1.0;0.0;1.0;0.0;1.0;2.0;1.0;0.0;0.0;0.0;0.0;0.0;0.0;0.0;0.0;0.0;0.0;;0.0;163.0;0.0;0.0;0.0;5.0;2017-02-28;2016-06-09;2017-02-15;;;49.232569979146376;4.033959966168709;51454;1901;514541901;H
8300;2017-02;51;51662;2016;32;2.0;;;253AB;;;2;1158.0;0.0;0.0;0.0;0.0;0.0;0.0;0.0;1.0;0.0;1.0;;2.0;0.0;0.0;0.0;0.0;0.0;0.0;0.0;0.0;0.0;0.0;;0.0;60.0;44.0;0.0;0.0;14.0;2017-02-28;2017-02-06;;;;49.296819991104684;4.122619966102121;51662;0000;516620000;Z
51230;2018-07;51;51662;2017;30;2.0;St√© BOUYGUES;56209154600951;493AD;572AD;;2;11487.0;0.0;0.0;0.0;0.0;0.0;0.0;0.0;0.0;36.0;36.0;;1.0;0.0;0.0;0.0;0.0;0.0;0.0;0.0;0.0;0.0;0.0;;0.0;3070.0;0.0;0.0;0.0;7.0;2018-07-31;2018-07-05;;;;49.28687000148318;4.115250010097043;51662;0000;516620000;Z
101145;2020-02;51;51662;2019;10;2.0;;;624AC;;;2;0.0;0.0;0.0;0.0;1.0;0.0;0.0;0.0;1.0;0.0;1.0;1.0;1.0;0.0;0.0;0.0;0.0;0.0;0.0;0.0;0.0;0.0;0.0;;0.0;128.0;0.0;0.0;0.0;5.0;2020-02-29;2020-02-26;;;;49.295409913460645;4.12735491349163;51662;0000;516620000;Z
10590;2017-03;51;51590;2017;30;2.0;;49906474900017;91AC;37AC;36AC;1;13721.0;0.0;0.0;0.0;0.0;0.0;1.0;0.0;1.0;0.0;1.0;;;0.0;0.0;0.0;0.0;0.0;0.0;0.0;0.0;0.0;0.0;;0.0;593.0;0.0;0.0;0.0;5.0;2017-03-31;;;;;48.8443222;4.7803033;51590;0000;515900000;Z
15041;2017-05;51;51590;2017;30;2.0;;49906474900017;91AC;37AC;36AC;2;13721.0;0.0;0.0;0.0;0.0;0.0;1.0;0.0;1.0;0.0;1.0;;1.0;0.0;0.0;0.0;0.0;0.0;0.0;0.0;0.0;0.0;0.0;;0.0;593.0;0.0;0.0;0.0;5.0;2017-05-31;2017-05-01;;;;48.845720837634346;4.776776077414484;51590;0000;515900000;Z
12813;2017-04;51;51055;2015;30;2.0;SCI AVCI IMMOBILIER;49111616600019;76AR;;;3;1680.0;0.0;1.0;0.0;0.0;0.0;0.0;0.0;1.0;0.0;1.0;3.0;1.0;1.0;0.0;0.0;0.0;0.0;0.0;0.0;0.0;0.0;0.0;;0.0;71.0;0.0;0.0;0.0;14.0;2017-04-30;2016-02-03;2016-05-05;;;49.29782000000006;4.060639065000032;51055;0103;510550103;H
72233;2019-03;51;51055;2015;10;2.0;;;185ZB;;;2;604.0;0.0;0.0;0.0;0.0;0.0;1.0;0.0;1.0;0.0;1.0;2.0;1.0;0.0;0.0;1.0;0.0;0.0;0.0;0.0;0.0;0.0;0.0;;0.0;149.0;0.0;0.0;0.0;5.0;2019-03-31;2016-10-20;;;;49.28833000000003;4.039040000000057;51055;0103;510550103;H
72234;2019-03;51;51055;2016;90;2.0;SARL IMMOPRO;49796829700042;7AI;;;2;1072.0;0.0;0.0;0.0;0.0;0.0;0.0;0.0;0.0;4.0;4.0;;2.0;0.0;1.0;0.0;0.0;0.0;0.0;0.0;0.0;0.0;0.0;;0.0;0.0;340.0;0.0;0.0;14.0;2019-03-31;2016-06-27;;;;49.287050002853874;4.057419991147441;51055;0103;510550103;H
12815;2017-04;51;51230;2015;21;2.0;FOYER REMOIS;33558121100000;738BO;;;3;2003.0;0.0;6.0;9.0;3.0;0.0;0.0;0.0;0.0;18.0;18.0;;1.0;0.0;0.0;1.0;0.0;0.0;0.0;0.0;0.0;0.0;0.0;;0.0;1361.0;0.0;0.0;0.0;7.0;2017-04-30;2016-03-30;2016-04-04;;;49.03654414429118;3.948708475784289;51230;0502;512300502;H
12816;2017-04;51;51454;2014;90;2.0;LE FOYER REMOIS;33558121100026;377DV;380DV;382DV;3;12081.0;0.0;4.0;5.0;3.0;0.0;0.0;0.0;0.0;12.0;12.0;4.0;1.0;0.0;0.0;1.0;0.0;0.0;0.0;0.0;0.0;0.0;0.0;;7147.0;893.0;0.0;0.0;0.0;7.0;2017-04-30;2016-03-03;2016-03-30;;;49.2376935;4.0303815;51454;0701;514540701;H
15022;2017-05;51;51055;2015;90;2.0;LE FOYER REMOIS;33558121100026;441AM;;;1;3981.0;0.0;8.0;8.0;4.0;2.0;0.0;0.0;0.0;22.0;22.0;4.0;;0.0;0.0;1.0;0.0;0.0;0.0;0.0;0.0;0.0;0.0;;0.0;1498.0;0.0;0.0;0.0;7.0;2017-05-31;;;;;49.273746022763596;4.048043262815758;51055;0101;510550101;H
74961;2019-04;51;51055;2019;90;2.0;;;265AM;;;1;226.0;0.0;0.0;1.0;0.0;0.0;0.0;0.0;2.0;0.0;2.0;1.0;;0.0;0.0;1.0;0.0;0.0;0.0;0.0;0.0;0.0;0.0;;0.0;56.0;0.0;0.0;0.0;7.0;2019-04-30;;;;;49.27099999937741;4.050780015089913;51055;0101;510550101;H
15027;2017-05;51;51112;2017;90;2.0;;;0183ZA;;;1;734.0;0.0;0.0;0.0;0.0;0.0;1.0;0.0;1.0;0.0;1.0;;;0.0;0.0;0.0;0.0;0.0;0.0;0.0;0.0;0.0;0.0;;105.0;15.0;0.0;0.0;0.0;7.0;2017-05-31;;;;;49.1749182;3.9536304;51112;0000;511120000;Z
15028;2017-05;51;51165;2017;10;2.0;;38349340000014;53YD;56YD;62YD;2;81894.0;0.0;0.0;0.0;0.0;0.0;0.0;0.0;1.0;0.0;1.0;;1.0;0.0;0.0;0.0;0.0;0.0;0.0;0.0;0.0;0.0;0.0;;0.0;101.0;0.0;0.0;0.0;14.0;2017-05-31;2017-04-28;;;;48.733329529720734;3.9249149687558136;51165;0000;511650000;Z
25230;2017-09;51;51165;2017;10;2.0;;38349340000014;53YD;56YD;62YD;3;81894.0;0.0;0.0;0.0;0.0;0.0;0.0;0.0;1.0;0.0;1.0;;1.0;0.0;0.0;0.0;0.0;0.0;0.0;0.0;0.0;0.0;0.0;;0.0;101.0;0.0;0.0;0.0;14.0;2017-09-30;2017-04-28;2017-08-03;;;48.733329529720734;3.9249149687558136;51165;0000;511650000;Z
15031;2017-05;51;51333;2015;10;2.0;;;241AE;;;2;665.0;0.0;0.0;0.0;0.0;0.0;1.0;0.0;1.0;0.0;1.0;2.0;1.0;1.0;0.0;0.0;0.0;0.0;0.0;0.0;0.0;0.0;0.0;;0.0;134.0;0.0;0.0;0.0;5.0;2017-05-31;2015-12-30;;;;49.15032127045219;4.095146082071779;51333;0000;513330000;Z
15032;2017-05;51;51333;2015;10;2.0;;;;;;2;0.0;0.0;0.0;0.0;1.0;0.0;0.0;0.0;1.0;0.0;1.0;1.0;1.0;0.0;0.0;0.0;0.0;0.0;0.0;0.0;0.0;0.0;0.0;;0.0;211.0;0.0;0.0;0.0;5.0;2017-05-31;2016-02-23;;;;49.16254501673707;4.079396808208038;51333;0000;513330000;Z
15033;2017-05;51;51440;2015;21;2.0;;33548067900018;156AD;159pAD;162AD;3;7715.0;0.0;4.0;16.0;3.0;0.0;0.0;0.0;23.0;0.0;23.0;2.0;1.0;0.0;0.0;0.0;0.0;0.0;0.0;0.0;0.0;0.0;0.0;;0.0;1898.0;0.0;0.0;0.0;7.0;2017-05-31;2016-03-24;2017-05-29;;;49.26971000000003;4.3208221860000435;51440;0000;514400000;Z
15034;2017-05;51;51454;2009;50;2.0;CMV;49899760000016;151BC;152BC;;3;3234.0;0.0;0.0;0.0;0.0;0.0;0.0;0.0;0.0;105.0;105.0;;1.0;0.0;0.0;1.0;0.0;0.0;0.0;0.0;0.0;0.0;0.0;;0.0;6433.0;0.0;0.0;0.0;7.0;2017-05-31;2010-01-28;2010-06-21;;;49.26586998126743;4.0431199614159254;51454;1502;514541502;H
15035;2017-05;51;51454;2015;90;2.0;;;460BH;;;2;506.0;0.0;0.0;0.0;2.0;1.0;0.0;1.0;3.0;0.0;3.0;;1.0;0.0;0.0;0.0;0.0;0.0;0.0;0.0;0.0;0.0;0.0;;112.0;476.0;0.0;112.0;0.0;14.0;2017-05-31;2015-09-29;;;;49.25975999294769;4.040459964443215;51454;0501;514540501;H
17511;2017-06;51;51454;2015;90;2.0;;;460BH;;;3;506.0;0.0;0.0;0.0;2.0;1.0;0.0;1.0;3.0;0.0;3.0;;1.0;0.0;0.0;0.0;0.0;0.0;0.0;0.0;0.0;0.0;0.0;;112.0;476.0;0.0;112.0;0.0;14.0;2017-06-30;2015-09-29;2016-10-25;;;49.2597843;4.040449;51454;0501;514540501;H
15036;2017-05;51;51454;2015;21;2.0;LE FOYER REMOIS;33558121100026;1015DO;1034DO;1035DO;3;4700.0;0.0;17.0;35.0;25.0;1.0;0.0;0.0;0.0;78.0;78.0;5.0;1.0;0.0;0.0;1.0;0.0;0.0;0.0;0.0;0.0;0.0;0.0;;0.0;5557.0;0.0;0.0;0.0;7.0;2017-05-31;2016-02-19;2016-05-30;;;49.2380515;4.0200916;51454;2101;514542101;H
15037;2017-05;51;51454;2015;10;2.0;;;651HX;;;3;301.0;0.0;0.0;0.0;0.0;1.0;0.0;0.0;1.0;0.0;1.0;2.0;2.0;1.0;0.0;0.0;0.0;0.0;0.0;0.0;0.0;0.0;0.0;;97.0;150.0;0.0;14.0;0.0;12.0;2017-05-31;2016-02-19;2016-12-12;;;49.24526998738074;4.013499991974555;51454;0801;514540801;H
80252;2019-06;51;51454;2018;32;2.0;SCCV REIMS - PONT DE VESLE;83897318800017;100IN;101IN;47IN;2;29447.0;295.0;272.0;157.0;87.0;8.0;0.0;0.0;0.0;819.0;819.0;9.0;1.0;0.0;1.0;0.0;0.0;0.0;0.0;0.0;0.0;0.0;0.0;;0.0;41573.0;0.0;0.0;0.0;14.0;2019-06-30;2019-06-27;;;;49.25004000274933;4.019170014196618;51454;0801;514540801;H
15038;2017-05;51;51560;2017;10;2.0;;81043532100015;273B;269B;;1;809.0;0.0;0.0;0.0;0.0;1.0;0.0;0.0;1.0;0.0;1.0;;;0.0;0.0;0.0;0.0;0.0;0.0;0.0;0.0;0.0;0.0;;0.0;0.0;245.0;0.0;0.0;10.0;2017-05-31;;;;;48.9569408970879;3.733727363860926;51560;0000;515600000;Z
17513;2017-06;51;51560;2017;10;2.0;;81043532100015;273B;269B;;2;809.0;0.0;0.0;0.0;0.0;1.0;0.0;0.0;1.0;0.0;1.0;;2.0;0.0;0.0;0.0;0.0;0.0;0.0;0.0;0.0;0.0;0.0;;0.0;0.0;252.0;0.0;0.0;10.0;2017-06-30;2017-06-11;;;;48.9569408970879;3.733727363860926;51560;0000;515600000;Z
39612;2018-02;51;51560;2017;10;2.0;;81043532100015;273B;269B;;3;809.0;0.0;0.0;0.0;0.0;1.0;0.0;0.0;1.0;0.0;1.0;;2.0;0.0;0.0;0.0;0.0;0.0;0.0;0.0;0.0;0.0;0.0;;0.0;0.0;252.0;0.0;0.0;10.0;;2017-06-11;2017-06-11;;2018-02-28;48.9558404;3.7281169;51560;0000;515600000;Z
15039;2017-05;51;51562;2015;10;2.0;GUTENBERG SANTE;53419102800016;105AN;113AN;114AN;2;1667.0;0.0;0.0;0.0;0.0;0.0;0.0;0.0;1.0;0.0;1.0;;2.0;1.0;0.0;0.0;0.0;0.0;0.0;0.0;0.0;0.0;0.0;;0.0;131.0;0.0;0.0;0.0;14.0;2017-05-31;2016-02-26;;;;49.2163144;4.0781839;51562;0000;515620000;Z
51225;2018-07;51;51562;2018;90;2.0;;;222AK;;;1;842.0;0.0;0.0;0.0;0.0;0.0;0.0;0.0;1.0;0.0;1.0;1.0;;1.0;0.0;0.0;0.0;0.0;0.0;0.0;0.0;0.0;0.0;;0.0;314.0;0.0;0.0;0.0;5.0;2018-07-31;;;;;49.2140079;4.0936377;51562;0000;515620000;Z
72243;2019-03;51;51562;2019;90;2.0;;;671AL;;;1;991.0;0.0;0.0;0.0;0.0;0.0;0.0;0.0;1.0;0.0;1.0;;;0.0;0.0;1.0;0.0;0.0;0.0;0.0;0.0;0.0;0.0;;0.0;0.0;47.0;0.0;0.0;10.0;2019-03-31;;;;;49.21276999600826;4.097959987864812;51562;0000;515620000;Z
80253;2019-06;51;51562;2018;10;2.0;;;222AK;;;2;842.0;0.0;0.0;0.0;0.0;0.0;0.0;0.0;1.0;0.0;1.0;1.0;1.0;1.0;0.0;0.0;0.0;0.0;0.0;0.0;0.0;0.0;0.0;;0.0;314.0;0.0;0.0;0.0;5.0;2019-06-30;2018-09-26;;;;49.21687412665142;4.073015838195184;51562;0000;515620000;Z
15040;2017-05;51;51571;2015;10;2.0;;;749H;;;2;853.0;0.0;0.0;0.0;0.0;0.0;0.0;0.0;1.0;0.0;1.0;;1.0;0.0;0.0;0.0;0.0;0.0;0.0;0.0;0.0;0.0;0.0;;0.0;200.0;0.0;0.0;0.0;5.0;2017-05-31;2016-01-15;;;;49.17605435033772;4.213438186548953;51571;0000;515710000;Z
17507;2017-06;51;51029;2016;10;2.0;SAS GAUTHIER Pere et fils;34261413800010;298E;;;3;1039.0;0.0;0.0;0.0;0.0;0.0;0.0;2.0;1.0;0.0;1.0;;2.0;0.0;0.0;0.0;0.0;0.0;0.0;0.0;0.0;0.0;0.0;;172.0;92.0;96.0;29.0;0.0;14.0;2017-06-30;2016-10-21;2017-04-04;;;48.971259998609895;4.009179959077926;51029;0000;510290000;Z
17509;2017-06;51;51108;2017;20;2.0;CHALONS EN CHAMPAGNE HABITAT;39279516700023;230AX;353AX;;1;1766.0;0.0;0.0;0.0;7.0;0.0;0.0;0.0;7.0;0.0;7.0;2.0;;0.0;0.0;1.0;0.0;0.0;0.0;0.0;0.0;0.0;0.0;;0.0;675.0;0.0;0.0;0.0;7.0;2017-06-30;;;;;48.963319989369865;4.38074997830239;51108;0104;511080104;H
27941;2017-10;51;51108;2017;20;2.0;CHALONS EN CHAMPAGNE HABITAT;39279516700023;230AX;353AX;;2;1766.0;0.0;0.0;0.0;7.0;0.0;0.0;0.0;7.0;0.0;7.0;2.0;1.0;0.0;0.0;1.0;0.0;0.0;0.0;0.0;0.0;0.0;0.0;;0.0;675.0;0.0;0.0;0.0;7.0;2017-10-31;2017-09-25;;;;48.963319989369865;4.38074997830239;51108;0104;511080104;H
17510;2017-06;51;51230;2017;90;2.0;PLURIAL NOVILIA;33548067900109;93BD;124BD;107BD;1;3903.0;0.0;6.0;13.0;8.0;1.0;0.0;0.0;0.0;28.0;28.0;;;0.0;0.0;1.0;0.0;0.0;0.0;0.0;0.0;0.0;0.0;;0.0;2469.0;0.0;0.0;0.0;7.0;2017-06-30;;;;;49.0320399864726;3.9517800155802547;51230;0501;512300501;H
33927;2017-12;51;51230;2017;90;2.0;PLURIAL NOVILIA;33548067900109;93BD;124BD;107BD;1;3903.0;0.0;4.0;10.0;10.0;2.0;0.0;0.0;12.0;14.0;26.0;;;0.0;0.0;1.0;0.0;0.0;0.0;0.0;0.0;0.0;0.0;;0.0;2275.0;0.0;;0.0;7.0;;;;0.0;2017/12;49.0321024;3.9509288;51230;0501;512300501;H
36963;2018-01;51;51230;2017;10;2.0;LES MISSIRS ANTOINE;82433663000010;105BC;78BC;81BC;2;4703.0;0.0;0.0;0.0;1.0;0.0;0.0;0.0;1.0;0.0;1.0;2.0;1.0;0.0;0.0;1.0;0.0;0.0;0.0;0.0;0.0;0.0;0.0;;0.0;97.0;0.0;0.0;0.0;14.0;2018-01-31;2018-01-05;;;;49.0307181;3.9506161;51230;0501;512300501;H
45202;2018-05;51;51230;2018;90;2.0;;;809BO;;;1;1031.0;0.0;0.0;0.0;0.0;0.0;0.0;0.0;1.0;0.0;1.0;3.0;;0.0;0.0;0.0;0.0;0.0;0.0;0.0;0.0;0.0;0.0;;137.0;257.0;0.0;137.0;0.0;14.0;2018-05-31;;;;;49.035000013669475;3.948309991484649;51230;0501;512300501;H
51223;2018-07;51;51230;2017;90;2.0;PLURIAL NOVILIA;33548067900109;93BD;124BD;107BD;2;3903.0;0.0;4.0;10.0;10.0;2.0;0.0;0.0;12.0;14.0;26.0;;1.0;0.0;0.0;1.0;0.0;0.0;0.0;0.0;0.0;0.0;0.0;;0.0;2275.0;0.0;0.0;0.0;7.0;2018-07-31;2018-07-17;;;;49.0320399864726;3.9517800155802547;51230;0501;512300501;H
59226;2018-10;51;51230;2018;90;2.0;"SCI ""Les Missirs Antoine""";82433663000010;105BC;78BC;81BC;1;4703.0;0.0;0.0;0.0;1.0;0.0;0.0;0.0;1.0;0.0;1.0;2.0;;1.0;0.0;0.0;0.0;0.0;0.0;0.0;0.0;0.0;0.0;;0.0;97.0;0.0;0.0;0.0;14.0;2018-10-31;;;;;49.028873470582475;3.949919862703765;51230;0501;512300501;H
61863;2018-11;51;51230;2018;90;2.0;SCI DES FRERES BIYIK;82818366500029;809BO;;;1;1031.0;0.0;0.0;0.0;0.0;0.0;1.0;0.0;1.0;0.0;1.0;3.0;;1.0;0.0;0.0;0.0;0.0;0.0;0.0;0.0;0.0;0.0;;137.0;256.0;0.0;137.0;0.0;14.0;2018-11-30;;;;;49.035000013669475;3.948309991484649;51230;0501;512300501;H
69545;2019-02;51;51230;2018;32;2.0;SCI DES FRERES BIYIK;82818366500029;809BO;;;2;1031.0;0.0;0.0;0.0;0.0;0.0;1.0;0.0;1.0;0.0;1.0;3.0;1.0;1.0;0.0;0.0;0.0;0.0;0.0;0.0;0.0;0.0;0.0;;137.0;256.0;0.0;137.0;0.0;14.0;2019-02-28;2019-02-20;;;;49.035000013669475;3.948309991484649;51230;0501;512300501;H
74963;2019-04;51;51230;2018;32;2.0;"SCI ""Les Missirs Antoine""";82433663000010;105BC;78BC;81BC;2;4703.0;0.0;0.0;0.0;1.0;0.0;0.0;0.0;1.0;0.0;1.0;2.0;1.0;1.0;0.0;0.0;0.0;0.0;0.0;0.0;0.0;0.0;0.0;;0.0;97.0;0.0;0.0;0.0;14.0;2019-04-30;2019-04-29;;;;49.028873470582475;3.949919862703765;51230;0501;512300501;H
17512;2017-06;51;51492;2017;32;2.0;;79990289500017;342AN;;;1;1079.0;0.0;0.0;0.0;1.0;0.0;0.0;0.0;1.0;0.0;1.0;;;0.0;0.0;1.0;0.0;0.0;0.0;0.0;0.0;0.0;0.0;;0.0;94.0;0.0;0.0;0.0;5.0;2017-06-30;;;;;48.54479999679364;3.7623999657865568;51492;0000;514920000;Z
17514;2017-06;51;51614;2015;10;2.0;;;1023AM;;;3;467.0;0.0;0.0;0.0;0.0;0.0;0.0;0.0;1.0;0.0;1.0;3.0;1.0;0.0;0.0;0.0;0.0;0.0;0.0;0.0;0.0;0.0;0.0;;0.0;118.0;0.0;0.0;0.0;14.0;2017-06-30;2016-03-10;2016-07-01;;;49.1478896;4.1700049;51614;0000;516140000;Z
20065;2017-07;51;51172;2011;21;2.0;SA CIC D'HLM PLURIAL MCCA  representee par M. Mich;33568025200046;425AB;77AB;78AB;3;14674.0;3.0;29.0;46.0;38.0;12.0;0.0;0.0;19.0;109.0;128.0;4.0;1.0;0.0;1.0;1.0;0.0;0.0;0.0;0.0;0.0;0.0;0.0;;0.0;10125.0;0.0;0.0;0.0;14.0;2017-07-31;2011-10-12;2013-09-02;;;49.22243998815418;4.05702998119267;51172;0102;511720102;H
20066;2017-07;51;51172;2017;30;2.0;BZR INVEST;44281112100023;0443AB;0443AB;0443AB;1;311.0;0.0;14.0;2.0;0.0;0.0;0.0;0.0;0.0;16.0;16.0;4.0;;0.0;1.0;0.0;0.0;0.0;0.0;0.0;0.0;0.0;0.0;;0.0;1113.0;0.0;0.0;0.0;14.0;2017-07-31;;;;;49.222558443036185;4.0549740812463275;51172;0102;511720102;H
27945;2017-10;51;51172;2017;30;2.0;BZR INVEST;44281112100023;0443AB;0443AB;0443AB;2;311.0;0.0;14.0;2.0;0.0;0.0;0.0;0.0;0.0;16.0;16.0;4.0;1.0;0.0;1.0;0.0;0.0;0.0;0.0;0.0;0.0;0.0;0.0;;0.0;1113.0;0.0;0.0;0.0;14.0;2017-10-31;2017-10-31;;;;49.2225101;4.0549782;51172;0102;511720102;H
30693;2017-11;51;51172;2017;32;2.0;SCCV 8 SALENGRO;83281691200014;0008AI;;;1;1077.0;2.0;12.0;11.0;1.0;0.0;0.0;0.0;0.0;26.0;26.0;4.0;;0.0;1.0;0.0;0.0;0.0;0.0;0.0;0.0;0.0;0.0;;415.0;1531.0;0.0;415.0;0.0;14.0;2017-11-30;;;;;49.2229616;4.0520947;51172;0102;511720102;H
48089;2018-06;51;51172;2017;32;2.0;SCCV 8 SALENGRO;83281691200014;0008AI;;;2;1077.0;2.0;12.0;11.0;1.0;0.0;0.0;0.0;0.0;26.0;26.0;4.0;1.0;0.0;1.0;0.0;0.0;0.0;0.0;0.0;0.0;0.0;0.0;;415.0;1531.0;0.0;415.0;0.0;14.0;2018-06-30;2018-06-01;;;;49.22299998310535;4.051639998355711;51172;0102;511720102;H
83281;2019-07;51;51172;2019;90;2.0;BZR INVEST;44281112100023;0443AB;0443AB;0443AB;1;1011.0;0.0;0.0;10.0;1.0;0.0;0.0;0.0;0.0;0.0;11.0;4.0;;0.0;0.0;0.0;0.0;0.0;0.0;0.0;0.0;0.0;0.0;;0.0;1082.0;0.0;0.0;0.0;7.0;2019-07-31;;;;;49.2225101;4.0549782;51172;0102;511720102;H
92320;2019-11;51;51172;2019;30;2.0;BZR INVEST;44281112100023;0443AB;0443AB;0443AB;2;1011.0;0.0;0.0;10.0;1.0;0.0;0.0;0.0;11.0;0.0;11.0;4.0;1.0;0.0;0.0;0.0;0.0;0.0;0.0;0.0;0.0;0.0;0.0;;0.0;1082.0;0.0;0.0;0.0;14.0;2019-11-30;2019-10-09;;;;49.2225101;4.0549782;51172;0102;511720102;H
20067;2017-07;51;51418;2017;10;2.0;JESUS;75130726500015;0264AA;;;1;371.0;0.0;0.0;0.0;0.0;0.0;1.0;1.0;1.0;0.0;1.0;;;0.0;0.0;0.0;0.0;0.0;0.0;0.0;0.0;0.0;0.0;;147.0;149.0;0.0;147.0;0.0;12.0;2017-07-31;;;;;49.240122;3.9573335;51418;0000;514180000;Z
27948;2017-10;51;51418;2017;10;2.0;JESUS;75130726500015;0264AA;;;2;371.0;0.0;0.0;0.0;0.0;0.0;1.0;1.0;1.0;0.0;1.0;;1.0;0.0;0.0;0.0;0.0;0.0;0.0;0.0;0.0;0.0;0.0;;147.0;149.0;0.0;147.0;0.0;12.0;2017-10-31;2017-10-16;;;;49.240122;3.9573335;51418;0000;514180000;Z
45212;2018-05;51;51418;2017;10;2.0;JESUS;75130726500015;0264AA;;;3;371.0;0.0;0.0;0.0;0.0;0.0;1.0;1.0;1.0;0.0;1.0;;1.0;0.0;0.0;0.0;0.0;0.0;0.0;0.0;0.0;0.0;0.0;;147.0;149.0;0.0;147.0;0.0;12.0;2018-05-31;2017-10-16;2018-01-15;;;49.240049989540154;3.956939998994102;51418;0000;514180000;Z
48102;2018-06;51;51418;2018;90;2.0;HABITAVI S.A.S.U;82747587200012;0259AB;;;1;836.0;0.0;0.0;0.0;0.0;0.0;0.0;0.0;1.0;0.0;1.0;;;0.0;0.0;0.0;0.0;0.0;0.0;0.0;0.0;0.0;0.0;;0.0;160.0;0.0;0.0;160.0;12.0;2018-06-30;;;;;49.238301004807994;3.96088352012441;51418;0000;514180000;Z
48103;2018-06;51;51418;2018;90;2.0;HABITAVI S.A.S.U;82747587200012;0257AB;;;1;802.0;0.0;0.0;0.0;0.0;0.0;0.0;0.0;1.0;0.0;1.0;;;0.0;0.0;0.0;0.0;0.0;0.0;0.0;0.0;0.0;0.0;;0.0;164.0;0.0;0.0;0.0;5.0;2018-06-30;;;;;49.23830002546093;3.9584106046383214;51418;0000;514180000;Z
48104;2018-06;51;51418;2018;90;2.0;HABITAVI S.A.S.U;82747587200012;0256AB;0225AB;;1;793.0;0.0;0.0;0.0;0.0;0.0;0.0;0.0;1.0;0.0;1.0;;;0.0;0.0;0.0;0.0;0.0;0.0;0.0;0.0;0.0;0.0;;0.0;160.0;0.0;0.0;0.0;5.0;2018-06-30;;;;;49.23830002546093;3.9584106046383214;51418;0000;514180000;Z
48105;2018-06;51;51418;2018;90;2.0;HABITAVI S.A.S.U;82747587200012;0258AB;;;1;891.0;0.0;0.0;0.0;0.0;0.0;0.0;0.0;1.0;0.0;1.0;;;0.0;0.0;0.0;0.0;0.0;0.0;0.0;0.0;0.0;0.0;;0.0;199.0;0.0;0.0;0.0;5.0;2018-06-30;;;;;49.238301004807994;3.96088352012441;51418;0000;514180000;Z
64526;2018-12;51;51418;2018;10;2.0;SASU HABITAVI;82747587200012;0259AB;;;2;836.0;0.0;0.0;0.0;0.0;0.0;0.0;0.0;1.0;0.0;1.0;;1.0;0.0;0.0;0.0;0.0;0.0;0.0;0.0;0.0;0.0;0.0;;0.0;160.0;0.0;0.0;;5.0;2018-12-31;2018-12-20;;;;49.238301004807994;3.96088352012441;51418;0000;514180000;Z
64527;2018-12;51;51418;2018;10;2.0;SASU HABITAVI;82747587200012;0257AB;;;2;802.0;0.0;0.0;0.0;0.0;0.0;0.0;0.0;1.0;0.0;1.0;;1.0;0.0;0.0;0.0;0.0;0.0;0.0;0.0;0.0;0.0;0.0;;0.0;164.0;0.0;0.0;0.0;5.0;2018-12-31;2018-12-20;;;;49.23830002546093;3.9584106046383214;51418;0000;514180000;Z
64528;2018-12;51;51418;2018;10;2.0;SASU HABITAVI;82747587200012;0256AB;0225AB;;2;793.0;0.0;0.0;0.0;0.0;0.0;0.0;0.0;1.0;0.0;1.0;;1.0;0.0;0.0;0.0;0.0;0.0;0.0;0.0;0.0;0.0;0.0;;0.0;160.0;0.0;0.0;0.0;5.0;2018-12-31;2018-12-20;;;;49.23830002546093;3.9584106046383214;51418;0000;514180000;Z
64529;2018-12;51;51418;2018;10;2.0;SASU HABITAVI;82747587200012;0258AB;;;2;891.0;0.0;0.0;0.0;0.0;0.0;0.0;0.0;1.0;0.0;1.0;;1.0;0.0;0.0;0.0;0.0;0.0;0.0;0.0;0.0;0.0;0.0;;0.0;199.0;0.0;0.0;0.0;5.0;2018-12-31;2018-12-20;;;;49.238301004807994;3.96088352012441;51418;0000;514180000;Z
20068;2017-07;51;51454;2016;32;2.0;SCCV MARIE STUART;;244CX;245CX;247CX;2;3319.0;8.0;18.0;12.0;9.0;2.0;0.0;0.0;0.0;49.0;49.0;;2.0;0.0;1.0;0.0;0.0;0.0;0.0;0.0;0.0;0.0;0.0;;0.0;4034.0;0.0;0.0;0.0;14.0;2017-07-31;2017-07-12;;;;49.25394999294261;4.038430035132194;51454;0101;514540101;H
20069;2017-07;51;51535;2017;90;2.0;SA PLURIAL NOVILIA;33548067900109;1867H;;;1;2706.0;0.0;4.0;3.0;0.0;0.0;0.0;0.0;7.0;0.0;7.0;;;0.0;0.0;1.0;0.0;0.0;0.0;0.0;0.0;0.0;0.0;;0.0;437.0;0.0;0.0;0.0;14.0;2017-07-31;;;;;48.72266000077252;3.726270023605906;51535;0102;515350102;H
27950;2017-10;51;51535;2017;90;2.0;SA PLURIAL NOVILIA;33548067900109;1867H;;;2;2706.0;0.0;4.0;3.0;0.0;0.0;0.0;0.0;7.0;0.0;7.0;;2.0;0.0;0.0;1.0;0.0;0.0;0.0;0.0;0.0;0.0;0.0;;0.0;437.0;0.0;0.0;0.0;14.0;2017-10-31;2017-10-10;;;;48.72266000077252;3.726270023605906;51535;0102;515350102;H
20070;2017-07;51;51649;2017;32;2.0;SCI DU BAS VILLAGE;34173019000020;0015XB;;;1;294.0;0.0;0.0;0.0;0.0;0.0;0.0;0.0;1.0;0.0;1.0;;;1.0;1.0;0.0;0.0;0.0;0.0;0.0;0.0;0.0;0.0;;0.0;66.0;0.0;0.0;0.0;7.0;2017-07-31;;;;;48.7245066;4.5883537;51649;0201;516490201;H
22756;2017-08;51;51193;2015;90;2.0;;33372118100027;171AP;169AP;168AP;2;5255.0;0.0;0.0;0.0;0.0;0.0;0.0;0.0;0.0;2.0;2.0;;1.0;0.0;0.0;0.0;0.0;0.0;0.0;0.0;0.0;0.0;0.0;;0.0;247.0;0.0;0.0;0.0;14.0;2017-08-31;2016-02-19;;;;48.99040785628598;4.5142102645834425;51193;0000;511930000;Z
25231;2017-09;51;51193;2015;90;2.0;;33372118100027;171AP;169AP;168AP;3;5255.0;0.0;0.0;0.0;0.0;0.0;0.0;0.0;0.0;2.0;2.0;;1.0;0.0;0.0;0.0;0.0;0.0;0.0;0.0;0.0;0.0;0.0;;0.0;247.0;0.0;0.0;0.0;14.0;2017-09-30;2016-02-19;2017-10-05;;;48.99040785628598;4.5142102645834425;51193;0000;511930000;Z
51222;2018-07;51;51193;2018;10;2.0;LOCATION FAUSSY;50439655700010;400AW;;;2;923.0;0.0;0.0;0.0;0.0;0.0;0.0;0.0;1.0;0.0;1.0;;1.0;0.0;0.0;0.0;0.0;0.0;0.0;0.0;0.0;0.0;0.0;;0.0;121.0;0.0;0.0;0.0;5.0;2018-07-31;2018-06-21;;;;48.9889696;4.5253143;51193;0000;511930000;Z
98482;2020-01;51;51193;2019;90;2.0;MV SERVICES;82368169700012;;;;1;2006.0;0.0;0.0;0.0;0.0;0.0;0.0;0.0;1.0;0.0;1.0;;;1.0;0.0;0.0;0.0;0.0;0.0;0.0;0.0;0.0;0.0;;0.0;114.0;0.0;0.0;0.0;14.0;2020-01-31;;;;;48.98867804233507;4.51241399515566;51193;0000;511930000;Z
22757;2017-08;51;51248;2017;90;2.0;;33548067900109;682AD;;;1;4069.0;0.0;7.0;4.0;0.0;0.0;0.0;0.0;11.0;0.0;11.0;;;0.0;0.0;1.0;0.0;0.0;0.0;0.0;0.0;0.0;0.0;;0.0;759.0;0.0;0.0;0.0;7.0;2017-08-31;;;;;48.75216611624286;3.980366058003851;51248;0000;512480000;Z
36964;2018-01;51;51248;2017;90;2.0;;33548067900109;682AD;;;2;4069.0;0.0;7.0;4.0;0.0;0.0;0.0;0.0;11.0;0.0;11.0;;1.0;0.0;0.0;1.0;0.0;0.0;0.0;0.0;0.0;0.0;0.0;;0.0;759.0;0.0;0.0;0.0;7.0;2018-01-31;2017-11-04;;;;48.75216611624286;3.980366058003851;51248;0000;512480000;Z
74964;2019-04;51;51248;2019;90;2.0;;49348120400037;191AC;;;1;2420.0;0.0;2.0;0.0;0.0;0.0;2.0;0.0;4.0;0.0;4.0;2.0;;0.0;0.0;0.0;0.0;0.0;0.0;0.0;0.0;0.0;0.0;;0.0;955.0;0.0;0.0;0.0;7.0;2019-04-30;;;;;48.759274493161065;3.9980088724287475;51248;0000;512480000;Z
80248;2019-06;51;51248;2019;30;2.0;;49348120400037;191AC;;;2;2420.0;0.0;2.0;0.0;0.0;0.0;2.0;0.0;4.0;0.0;4.0;2.0;1.0;0.0;0.0;0.0;0.0;0.0;0.0;0.0;0.0;0.0;0.0;;0.0;955.0;0.0;0.0;0.0;7.0;2019-06-30;2019-06-17;;;;48.759274493161065;3.9980088724287475;51248;0000;512480000;Z
22758;2017-08;51;51388;2016;90;2.0;;33558121100026;7pAI;14AI;13AI;3;2190.0;0.0;0.0;0.0;6.0;2.0;0.0;0.0;8.0;0.0;8.0;2.0;1.0;0.0;0.0;1.0;0.0;0.0;0.0;0.0;0.0;0.0;0.0;;0.0;703.0;0.0;0.0;0.0;7.0;2017-08-31;2016-06-22;2017-02-27;;;49.135544324645394;4.364896640667254;51388;0000;513880000;Z
22759;2017-08;51;51454;2017;32;2.0;SCCV Luminance;;12AT;;;1;1058.0;4.0;30.0;36.0;10.0;0.0;0.0;0.0;0.0;80.0;80.0;7.0;;0.0;1.0;0.0;0.0;0.0;0.0;0.0;0.0;0.0;0.0;;0.0;5030.0;0.0;0.0;0.0;7.0;2017-08-31;;;;;49.26048452356683;4.022697528841555;51454;1001;514541001;H
22760;2017-08;51;51609;2017;10;2.0;;40114757400024;476AD;;;1;2370.0;0.0;0.0;0.0;1.0;0.0;0.0;1.0;1.0;0.0;1.0;;;0.0;0.0;0.0;0.0;0.0;0.0;0.0;0.0;0.0;0.0;;100.0;190.0;0.0;100.0;0.0;14.0;2017-08-31;;;;;49.10994162931085;3.6880599682503177;51609;0000;516090000;Z
27951;2017-10;51;51609;2017;10;2.0;;40114757400024;476AD;;;2;2370.0;0.0;0.0;0.0;1.0;0.0;0.0;1.0;1.0;0.0;1.0;;1.0;0.0;0.0;0.0;0.0;0.0;0.0;0.0;0.0;0.0;0.0;;100.0;190.0;0.0;100.0;0.0;14.0;2017-10-31;2017-09-29;;;;49.1099631;3.6875896;51609;0000;516090000;Z
48109;2018-06;51;51609;2017;10;2.0;;40114757400024;476AD;;;3;2370.0;0.0;0.0;0.0;1.0;0.0;0.0;1.0;1.0;0.0;1.0;;1.0;0.0;0.0;0.0;0.0;0.0;0.0;0.0;0.0;0.0;0.0;;100.0;190.0;0.0;100.0;0.0;14.0;2018-06-30;2017-09-29;2018-04-25;;;49.10994162931085;3.6880599682503177;51609;0000;516090000;Z
22761;2017-08;51;51649;2017;21;2.0;IMMOCOOP;49839377600014;1334AE;1335AE;1336AE;1;3044.0;0.0;0.0;0.0;0.0;0.0;0.0;0.0;0.0;0.0;12.0;;;0.0;0.0;0.0;0.0;0.0;0.0;0.0;0.0;0.0;0.0;;0.0;869.0;0.0;0.0;0.0;7.0;2017-08-31;;;;;48.731604632155054;4.59067568343332;51649;0101;516490101;H
25227;2017-09;51;51080;2017;32;2.0;;51369144400022;440A;439A;438A;1;4079.0;0.0;0.0;1.0;0.0;0.0;0.0;0.0;1.0;0.0;1.0;;;0.0;0.0;1.0;0.0;0.0;0.0;0.0;0.0;0.0;0.0;;0.0;64.0;0.0;0.0;0.0;5.0;2017-09-30;;;;;48.59219999452691;4.557539990431422;51080;0000;510800000;Z
30691;2017-11;51;51080;2017;32;2.0;;51369144400022;440A;439A;438A;2;4079.0;0.0;0.0;1.0;0.0;0.0;0.0;0.0;1.0;0.0;1.0;;1.0;0.0;0.0;1.0;0.0;0.0;0.0;0.0;0.0;0.0;0.0;;0.0;64.0;0.0;0.0;0.0;5.0;2017-11-30;2017-11-17;;;;48.59219999452691;4.557539990431422;51080;0000;510800000;Z
25228;2017-09;51;51115;2015;32;2.0;;44301118400019;224Y;223Y;213Y;3;1974.0;0.0;0.0;0.0;0.0;0.0;0.0;0.0;1.0;0.0;1.0;;1.0;0.0;0.0;1.0;0.0;0.0;0.0;0.0;0.0;0.0;0.0;;0.0;102.0;0.0;0.0;0.0;14.0;2017-09-30;2015-10-08;2017-07-02;;;49.19326730685404;4.010226002766957;51115;0000;511150000;Z
25229;2017-09;51;51163;2012;32;2.0;;75088463700018;29AM;35AM;36AM;3;4229.0;0.0;0.0;1.0;2.0;0.0;0.0;0.0;0.0;3.0;3.0;2.0;2.0;0.0;0.0;1.0;0.0;0.0;0.0;0.0;0.0;0.0;0.0;;322.0;0.0;379.0;15.0;307.0;14.0;2017-09-30;2013-02-21;2013-03-15;;;48.859349982281856;3.825939988636378;51163;0000;511630000;Z
25232;2017-09;51;51230;2017;32;2.0;SCI ZECAVES;448667196;842BM;;;1;167.0;0.0;0.0;0.0;0.0;0.0;0.0;0.0;1.0;0.0;1.0;;;0.0;0.0;0.0;0.0;0.0;0.0;0.0;0.0;0.0;0.0;;83.0;48.0;90.0;0.0;11.0;12.0;2017-09-30;;;;;49.0418199910977;3.9426500275463923;51230;0102;512300102;H
33928;2017-12;51;51230;2017;90;2.0;SCCV EPERNAY GARENNE;492711973;71BL;;;1;2340.0;0.0;6.0;0.0;0.0;0.0;0.0;0.0;0.0;0.0;6.0;;;0.0;0.0;0.0;0.0;0.0;0.0;0.0;0.0;0.0;0.0;;0.0;291.0;0.0;;0.0;7.0;;;;0.0;2017/12;49.047889997739304;3.9467600099494575;51230;0102;512300102;H
36962;2018-01;51;51230;2017;32;2.0;SCI ZECAVES;448667196;842BM;;;2;167.0;0.0;0.0;0.0;0.0;0.0;0.0;0.0;1.0;0.0;1.0;;2.0;0.0;0.0;0.0;0.0;0.0;0.0;0.0;0.0;0.0;0.0;;83.0;138.0;0.0;0.0;0.0;7.0;2018-01-31;2017-12-19;;;;49.0418199910977;3.9426500275463923;51230;0102;512300102;H
25233;2017-09;51;51269;2017;90;2.0;;83082785300011;91ZB;;;2;3044.0;0.0;9.0;0.0;1.0;0.0;0.0;0.0;10.0;0.0;10.0;2.0;1.0;0.0;0.0;1.0;0.0;0.0;0.0;0.0;0.0;0.0;0.0;;0.0;545.0;0.0;0.0;0.0;7.0;2017-09-30;2017-09-22;;;;48.5521288;4.7377497;51269;0000;512690000;Z
80249;2019-06;51;51269;2019;32;2.0;;48235310900010;218ZM;;;2;804.0;0.0;0.0;0.0;1.0;0.0;0.0;0.0;2.0;0.0;2.0;1.0;1.0;0.0;0.0;1.0;0.0;0.0;0.0;0.0;0.0;0.0;0.0;;0.0;158.0;0.0;0.0;0.0;7.0;2019-06-30;2019-06-13;;;;48.557399227788174;4.753719057612546;51269;0000;512690000;Z
27947;2017-10;51;51329;2017;20;2.0;REIMS HABITAT CHAMPAGNE ARDENNE;39279429300010;216AB;217AB;515AB;1;1810.0;0.0;0.0;2.0;2.0;4.0;3.0;0.0;6.0;5.0;11.0;3.0;;0.0;1.0;0.0;0.0;0.0;0.0;0.0;0.0;0.0;0.0;;0.0;1111.0;0.0;0.0;0.0;7.0;2017-10-31;;;;;49.34633998169858;3.981510039410324;51329;0000;513290000;Z
42434;2018-03;51;51329;2017;20;2.0;REIMS HABITAT CHAMPAGNE ARDENNE;39279429300010;216AB;217AB;515AB;2;1810.0;0.0;0.0;2.0;2.0;4.0;3.0;0.0;6.0;5.0;11.0;3.0;1.0;0.0;1.0;0.0;0.0;0.0;0.0;0.0;0.0;0.0;0.0;;0.0;920.0;0.0;0.0;0.0;14.0;2018-03-30;2018-03-12;;;;49.34633998169858;3.981510039410324;51329;0000;513290000;Z
64521;2018-12;51;51329;2018;10;2.0;;;235ZD;;;2;650.0;0.0;0.0;0.0;1.0;0.0;0.0;0.0;1.0;0.0;1.0;2.0;1.0;1.0;0.0;0.0;0.0;0.0;0.0;0.0;0.0;0.0;0.0;;0.0;151.0;0.0;0.0;0.0;5.0;2018-12-31;2018-12-18;;;;49.34299809176956;3.985153445808022;51329;0000;513290000;Z
80250;2019-06;51;51329;2019;90;2.0;;;216AB;217AB;515AB;1;1810.0;0.0;0.0;2.0;2.0;7.0;0.0;0.0;6.0;5.0;11.0;3.0;;0.0;1.0;0.0;0.0;0.0;0.0;0.0;0.0;0.0;0.0;;0.0;898.0;0.0;0.0;0.0;14.0;2019-06-30;;;;;49.34633998169858;3.981510039410324;51329;0000;513290000;Z
27949;2017-10;51;51454;2017;32;2.0;SCI FM3A;;79IO;;;2;355.0;2.0;1.0;1.0;0.0;0.0;0.0;0.0;0.0;4.0;4.0;3.0;1.0;0.0;1.0;0.0;0.0;0.0;0.0;0.0;0.0;0.0;0.0;;0.0;183.0;0.0;0.0;0.0;7.0;2017-10-31;2017-10-03;;;;49.249029983416676;4.012300038715978;51454;2201;514542201;H
30689;2017-11;51;51043;2015;90;2.0;;33558121100166;381AH;90ZH;;3;3046.0;16.0;4.0;0.0;3.0;0.0;0.0;0.0;3.0;20.0;23.0;2.0;1.0;0.0;0.0;1.0;0.0;0.0;0.0;0.0;0.0;0.0;0.0;;0.0;1210.0;0.0;0.0;0.0;7.0;2017-11-30;2015-09-18;2016-05-02;;;49.35600685249162;4.166713443024097;51043;0000;510430000;Z
30694;2017-11;51;51418;2016;10;2.0;;;0269AA;0274AA;;2;563.0;0.0;0.0;0.0;0.0;1.0;0.0;0.0;1.0;0.0;1.0;;1.0;0.0;0.0;0.0;0.0;0.0;0.0;0.0;0.0;0.0;0.0;;0.0;98.0;0.0;0.0;0.0;5.0;2017-11-30;2017-01-12;;;;48.85706000000005;2.4493000000000507;93048;0601;930480601;H
30695;2017-11;51;51454;2016;90;2.0;;;356BK;;;2;112.0;2.0;9.0;1.0;5.0;0.0;0.0;0.0;4.0;13.0;17.0;3.0;1.0;0.0;1.0;0.0;0.0;0.0;0.0;0.0;0.0;0.0;0.0;;276.0;1055.0;0.0;276.0;0.0;14.0;2017-11-30;2016-05-25;;;;49.26287001430191;4.0498399846487985;51454;2701;514542701;H
30696;2017-11;51;51454;2016;90;2.0;;;545AO;;;3;288.0;1.0;0.0;1.0;0.0;0.0;1.0;0.0;0.0;3.0;3.0;;2.0;0.0;1.0;0.0;0.0;0.0;0.0;0.0;0.0;0.0;0.0;;0.0;89.0;317.0;0.0;0.0;14.0;2017-11-30;2016-06-24;2016-06-30;;;49.266576;4.0164446;51454;2301;514542301;H
30697;2017-11;51;51454;2016;30;2.0;SO IMMO SARL;;209AE;;;2;965.0;0.0;0.0;3.0;0.0;0.0;0.0;0.0;0.0;3.0;3.0;;2.0;0.0;1.0;0.0;0.0;0.0;0.0;0.0;0.0;0.0;0.0;;211.0;0.0;211.0;0.0;211.0;12.0;2017-11-30;2016-06-24;;;;49.28227998748528;4.01185001433447;51454;4801;514544801;H
30698;2017-11;51;51454;2016;10;2.0;;;141DW;;;2;334.0;0.0;0.0;0.0;0.0;0.0;0.0;0.0;1.0;0.0;1.0;;1.0;0.0;0.0;0.0;0.0;0.0;0.0;0.0;0.0;0.0;0.0;;0.0;87.0;0.0;0.0;0.0;5.0;2017-11-30;2016-09-07;;;;49.22807742472054;4.041015979457574;51454;1902;514541902;A
30699;2017-11;51;51454;2017;32;2.0;;;311AX;;;2;408.0;0.0;0.0;0.0;1.0;0.0;0.0;0.0;1.0;0.0;1.0;4.0;1.0;0.0;0.0;1.0;0.0;0.0;0.0;0.0;0.0;0.0;0.0;;0.0;110.0;0.0;0.0;0.0;5.0;2017-11-30;2017-11-24;;;;49.2685392;4.0294078;51454;1301;514541301;H
33926;2017-12;51;51230;2017;90;2.0;SCI LA PETALERIE;750538811;241BE;242BE;;1;320.0;0.0;0.0;0.0;0.0;0.0;0.0;0.0;1.0;2.0;3.0;;;0.0;1.0;0.0;0.0;0.0;0.0;0.0;0.0;0.0;0.0;;64.0;453.0;0.0;;0.0;12.0;;;;64.0;2017/12;49.03651998799131;3.956939998994102;51230;0302;512300302;H
39607;2018-02;51;51230;2017;32;2.0;SCI LA PETALERIE;750538811;241BE;242BE;;2;320.0;0.0;0.0;0.0;0.0;0.0;0.0;0.0;1.0;2.0;3.0;;1.0;0.0;1.0;0.0;0.0;0.0;0.0;0.0;0.0;0.0;0.0;;64.0;453.0;0.0;64.0;0.0;12.0;;2018-02-28;;;2018-02-28;49.03651998799131;3.956939998994102;51230;0302;512300302;H
74962;2019-04;51;51230;2017;10;2.0;LE CLOS DE L'AVENUE;83085700900013;1295BI;1296BI;;2;556.0;0.0;0.0;0.0;0.0;0.0;0.0;0.0;1.0;0.0;1.0;;2.0;1.0;0.0;0.0;0.0;0.0;0.0;0.0;0.0;0.0;0.0;;0.0;0.0;340.0;0.0;0.0;14.0;2019-04-30;2018-06-14;;;;49.0435199;3.9579701;51230;0302;512300302;H
33929;2017-12;51;51282;2017;90;2.0;EASY WASH 51;81141270900024;0223ZN;;;1;2289.0;0.0;0.0;0.0;0.0;0.0;0.0;0.0;1.0;0.0;1.0;;;0.0;0.0;0.0;0.0;0.0;0.0;0.0;0.0;0.0;0.0;;0.0;68.0;0.0;;0.0;14.0;;;;0.0;2017/12;49.24437999690156;3.913110021461307;51282;0000;512820000;Z
39608;2018-02;51;51282;2017;90;2.0;SARLU ID STORY;82833336900019;0765AC;;;2;1235.0;0.0;0.0;0.0;0.0;0.0;0.0;0.0;5.0;0.0;5.0;;2.0;0.0;0.0;0.0;0.0;0.0;0.0;0.0;0.0;0.0;0.0;;0.0;217.0;193.0;0.0;0.0;14.0;;2018-02-03;;;2018-02-28;49.25040997995549;3.9106800239117376;51282;0000;512820000;Z
39609;2018-02;51;51282;2018;90;2.0;;;0125AC;0629AC;;1;2719.0;0.0;2.0;0.0;2.0;0.0;0.0;0.0;0.0;4.0;4.0;;;0.0;1.0;0.0;0.0;0.0;0.0;0.0;0.0;0.0;0.0;;158.0;149.0;85.0;0.0;0.0;14.0;;;;;2018-02-28;49.2483425;3.9104799;51282;0000;512820000;Z
42433;2018-03;51;51282;2017;10;2.0;EURL EASY WASH 51;81141270900024;0223ZN;;;2;2289.0;0.0;0.0;0.0;0.0;0.0;0.0;0.0;1.0;0.0;1.0;;1.0;0.0;0.0;0.0;0.0;0.0;0.0;0.0;0.0;0.0;0.0;;0.0;68.0;0.0;0.0;0.0;14.0;2018-03-30;2018-03-16;;;;49.24437999690156;3.913110021461307;51282;0000;512820000;Z
53994;2018-08;51;51282;2018;43;2.0;COMMUNE DE GUEUX;;0125AC;0629AC;;2;2719.0;0.0;2.0;0.0;2.0;0.0;0.0;0.0;0.0;4.0;4.0;;2.0;0.0;1.0;0.0;0.0;0.0;0.0;0.0;0.0;0.0;0.0;;158.0;149.0;85.0;0.0;0.0;14.0;2018-08-31;2018-08-24;;;;49.2483425;3.9104799;51282;0000;512820000;Z
56429;2018-09;51;51282;2018;90;2.0;SCI GREEN;79831370600011;0245ZK;;;1;748.0;0.0;0.0;0.0;0.0;0.0;0.0;0.0;1.0;0.0;1.0;;;0.0;0.0;0.0;0.0;0.0;0.0;0.0;0.0;0.0;0.0;;0.0;265.0;0.0;0.0;0.0;5.0;2018-09-30;;;;;49.25229166306555;3.9069841752455576;51282;0000;512820000;Z
67103;2019-01;51;51282;2018;32;2.0;SCI GREEN REPRESENTEE PAR MONSIEUR SEBASTIEN LAMPE;79831370600011;0245ZK;;;2;748.0;0.0;0.0;0.0;0.0;0.0;0.0;0.0;1.0;0.0;1.0;;1.0;0.0;0.0;0.0;0.0;0.0;0.0;0.0;0.0;0.0;0.0;;0.0;265.0;0.0;0.0;0.0;5.0;2019-01-31;2018-12-07;;;;49.25229166306555;3.9069841752455576;51282;0000;512820000;Z
36965;2018-01;51;51375;2017;90;2.0;VEDIS;49384322100026;87AA;;;1;206.0;0.0;0.0;0.0;0.0;1.0;0.0;0.0;1.0;0.0;1.0;2.0;;0.0;0.0;1.0;0.0;0.0;0.0;0.0;0.0;0.0;0.0;;120.0;111.0;0.0;110.0;0.0;12.0;2018-01-31;;;;;49.192790011499454;4.0405700188319145;51375;0000;513750000;Z
42436;2018-03;51;51375;2017;10;2.0;VEDIS;49384322100026;87AA;;;2;206.0;0.0;0.0;0.0;0.0;1.0;0.0;0.0;1.0;0.0;1.0;2.0;1.0;0.0;0.0;1.0;0.0;0.0;0.0;0.0;0.0;0.0;0.0;;120.0;111.0;0.0;120.0;0.0;12.0;2018-03-30;2018-03-22;;;;49.192790011499454;4.0405700188319145;51375;0000;513750000;Z
39605;2018-02;51;51108;2018;90;2.0;PLURIAL NOVILIA;33548067900109;41XA;;;1;316.0;0.0;1.0;1.0;0.0;0.0;0.0;0.0;0.0;2.0;2.0;3.0;;0.0;0.0;1.0;0.0;0.0;0.0;0.0;0.0;0.0;0.0;;322.0;0.0;38.0;21.0;0.0;14.0;;;;;2018-02-28;48.95740999325989;4.365219988098943;51108;0403;511080403;H
39610;2018-02;51;51334;2018;90;2.0;;73592026600021;41AC;;;1;1787.0;0.0;0.0;0.0;3.0;0.0;0.0;0.0;3.0;0.0;3.0;1.0;;0.0;0.0;1.0;0.0;0.0;0.0;0.0;0.0;0.0;0.0;;0.0;303.0;0.0;0.0;0.0;7.0;;;;;2018-02-28;48.69508999339075;4.637090035079552;51334;0000;513340000;Z
42435;2018-03;51;51334;2018;21;2.0;;73592026600021;41AC;;;2;1787.0;0.0;0.0;0.0;3.0;0.0;0.0;0.0;3.0;0.0;3.0;1.0;1.0;0.0;0.0;1.0;0.0;0.0;0.0;0.0;0.0;0.0;0.0;;0.0;303.0;0.0;0.0;0.0;7.0;2018-03-30;2018-03-20;;;;48.6949618;4.6367495;51334;0000;513340000;Z
42429;2018-03;51;51108;2018;90;2.0;CHALONS EN CHAMPAGNE HABITAT;39279516700023;462CE;;;1;3618.0;0.0;0.0;6.0;12.0;0.0;0.0;0.0;12.0;6.0;18.0;;;0.0;0.0;1.0;0.0;0.0;0.0;0.0;1.0;0.0;0.0;;0.0;1462.0;0.0;0.0;0.0;6.0;2018-03-30;;;;;48.9556497;4.3416265;51108;0304;511080304;H
51219;2018-07;51;51108;2018;20;2.0;CHALONS EN CHAMPAGNE HABITAT;39279516700023;462CE;;;2;3618.0;0.0;0.0;6.0;12.0;0.0;0.0;0.0;12.0;6.0;18.0;;1.0;0.0;0.0;1.0;0.0;0.0;0.0;0.0;0.0;0.0;0.0;;0.0;1462.0;0.0;0.0;0.0;7.0;2018-07-31;2018-07-17;;;;48.9556497;4.3416265;51108;0304;511080304;H
42430;2018-03;51;51108;2018;90;2.0;LA RENAISSANCE IMMOBILIERE CHALONNAISE;7355200300029;399BE;;;1;1312.0;0.0;2.0;16.0;1.0;1.0;0.0;0.0;0.0;19.0;19.0;;;0.0;0.0;1.0;0.0;0.0;0.0;0.0;1.0;0.0;0.0;;0.0;0.0;1720.0;0.0;0.0;14.0;2018-03-30;;;;;48.95461611622973;4.362402201580992;51108;0401;511080401;H
42431;2018-03;51;51108;2018;90;2.0;LA RENAISSANCE IMMOBILIERE CHALONNAISE;73552003300029;3BD;;;1;107.0;0.0;0.0;1.0;0.0;0.0;0.0;0.0;1.0;0.0;1.0;;;0.0;0.0;0.0;0.0;0.0;0.0;0.0;0.0;0.0;0.0;;0.0;69.0;0.0;0.0;0.0;5.0;2018-03-30;;;;;48.9587000100681;4.358050024303623;51108;0401;511080401;H
45199;2018-05;51;51108;2018;30;2.0;LA RENAISSANCE IMMOBILIERE CHALONNAISE;73552003300029;3BD;;;2;107.0;0.0;0.0;1.0;0.0;0.0;0.0;0.0;1.0;0.0;1.0;;1.0;0.0;0.0;1.0;0.0;0.0;0.0;0.0;0.0;0.0;0.0;;0.0;69.0;0.0;0.0;0.0;5.0;2018-05-31;2018-05-09;;;;48.9587000100681;4.358050024303623;51108;0401;511080401;H
48088;2018-06;51;51108;2018;30;2.0;LA RENAISSANCE IMMOBILIERE CHALONNAISE;7355200300029;399BE;;;2;1312.0;0.0;2.0;16.0;1.0;0.0;0.0;0.0;0.0;19.0;19.0;;2.0;0.0;0.0;1.0;0.0;0.0;0.0;0.0;1.0;0.0;0.0;;0.0;0.0;1720.0;0.0;0.0;14.0;2018-06-30;2018-06-18;;;;48.95461611622973;4.362402201580992;51108;0401;511080401;H
45200;2018-05;51;51172;2018;30;2.0;CERVIN JULIEN;79480072200017;0170AM;0170AM;;2;3172.0;0.0;0.0;7.0;0.0;0.0;0.0;0.0;7.0;0.0;7.0;2.0;1.0;0.0;0.0;0.0;0.0;0.0;0.0;0.0;0.0;0.0;0.0;;0.0;530.0;0.0;0.0;0.0;7.0;2018-05-31;2018-05-14;;;;48.64596356290764;4.5890955349237075;51017;0000;510170000;Z
45201;2018-05;51;51183;2018;90;2.0;SDI;50050601900006;91E;;;1;2765.0;0.0;0.0;0.0;0.0;4.0;2.0;0.0;6.0;0.0;6.0;;;0.0;1.0;0.0;0.0;0.0;0.0;0.0;0.0;0.0;0.0;;150.0;420.0;770.0;0.0;50.0;12.0;2018-05-31;;;;;49.3244397;4.0021412;51183;0000;511830000;Z
59225;2018-10;51;51183;2018;90;2.0;SDI;50050601900006;91E;;;2;2765.0;0.0;0.0;0.0;0.0;4.0;2.0;0.0;6.0;0.0;6.0;;2.0;0.0;1.0;0.0;0.0;0.0;0.0;0.0;0.0;0.0;0.0;;150.0;420.0;770.0;;;14.0;2018-10-31;2018-08-27;;;;49.32440998932552;4.002119965852302;51183;0000;511830000;Z
98481;2020-01;51;51183;2020;90;2.0;;;100Z;101Z;102Z;1;3670.0;0.0;0.0;2.0;2.0;0.0;0.0;0.0;4.0;0.0;4.0;;;0.0;1.0;0.0;0.0;0.0;0.0;0.0;0.0;0.0;0.0;;0.0;300.0;0.0;0.0;0.0;7.0;2020-01-31;;;;;49.331105059064264;4.011755080519279;51183;0000;511830000;Z
48090;2018-06;51;51172;2018;90;2.0;HBI - BERDIN IMMOBILIER;352801039;0058AS;0058AS;;1;13540.0;2.0;9.0;12.0;0.0;0.0;0.0;0.0;0.0;23.0;23.0;3.0;;0.0;1.0;0.0;0.0;0.0;0.0;0.0;0.0;0.0;0.0;;0.0;1429.0;0.0;0.0;0.0;7.0;2018-06-30;;;;;49.2152346;4.036576265231684;51172;0101;511720101;H
51221;2018-07;51;51172;2018;90;2.0;PLURIAL NOVILIA;SA d3354806790;0058AS;0058AS;;1;13540.0;0.0;9.0;12.0;2.0;0.0;0.0;0.0;0.0;23.0;23.0;3.0;;0.0;1.0;0.0;0.0;0.0;0.0;0.0;0.0;0.0;0.0;;0.0;1573.0;0.0;0.0;0.0;7.0;2018-07-31;;;;;49.21433736870577;4.032678256367276;51172;0101;511720101;H
53992;2018-08;51;51172;2018;90;2.0;PLURIAL NOVILIA;SA d3354806790;0058AS;0058AS;;2;13540.0;0.0;9.0;12.0;2.0;0.0;0.0;0.0;0.0;23.0;23.0;3.0;1.0;0.0;1.0;0.0;0.0;0.0;0.0;0.0;0.0;0.0;0.0;;0.0;1573.0;0.0;0.0;0.0;7.0;2018-08-31;2018-08-14;;;;49.21433736870577;4.032678256367276;51172;0101;511720101;H
56427;2018-09;51;51172;2018;30;2.0;HBI - BERDIN IMMOBILIER;352801039;0058AS;0058AS;;2;13540.0;2.0;9.0;12.0;0.0;0.0;0.0;0.0;0.0;23.0;23.0;3.0;1.0;0.0;1.0;0.0;0.0;0.0;0.0;0.0;0.0;0.0;0.0;;0.0;1429.0;0.0;0.0;0.0;7.0;2018-09-30;2018-09-14;;;;49.21433736870577;4.032678256367276;51172;0101;511720101;H
56428;2018-09;51;51172;2018;90;2.0;PLURIAL NOVILIA SA D'HLM;33548067900109;0058AS;;;1;18540.0;0.0;8.0;8.0;7.0;0.0;0.0;0.0;0.0;23.0;23.0;3.0;;0.0;1.0;0.0;0.0;0.0;0.0;0.0;0.0;0.0;0.0;;0.0;1619.0;0.0;0.0;0.0;7.0;2018-09-30;;;;;49.2174553;4.0349926;51172;0101;511720101;H
64519;2018-12;51;51172;2018;21;2.0;PLURIAL NOVILIA SA D'HLM;33548067900109;0058AS;;;2;18540.0;0.0;8.0;8.0;7.0;0.0;0.0;0.0;0.0;23.0;23.0;3.0;1.0;0.0;1.0;0.0;0.0;0.0;0.0;0.0;0.0;0.0;0.0;;0.0;1619.0;0.0;0.0;0.0;7.0;2018-12-31;2018-12-12;;;;49.2174553;4.0349926;51172;0101;511720101;H
95395;2019-12;51;51172;2019;90;2.0;SCCV LOREDEN REIMS CORMONTREUIL -  representee par;41523551400122;0446AO;;;1;9977.0;15.0;3.0;20.0;0.0;0.0;0.0;0.0;0.0;88.0;88.0;4.0;;0.0;0.0;1.0;1.0;0.0;0.0;0.0;0.0;0.0;0.0;;0.0;4820.0;0.0;0.0;0.0;14.0;2019-12-31;;;;;49.2174553;4.0349926;51172;0101;511720101;H
98480;2020-01;51;51172;2020;90;2.0;MCCA;33568025200046;0098AS;0098AS;0098AS;1;5433.0;0.0;0.0;0.0;10.0;10.0;0.0;0.0;20.0;0.0;20.0;2.0;;0.0;0.0;0.0;0.0;0.0;0.0;0.0;0.0;0.0;0.0;;0.0;2147.0;0.0;0.0;0.0;7.0;2020-01-31;;;;;49.21433736870577;4.032678256367276;51172;0101;511720101;H
101139;2020-02;51;51172;2019;30;2.0;SCCV LOREDEN REIMS CORMONTREUIL -  representee par;41523551400122;0446AO;;;2;9977.0;15.0;3.0;20.0;0.0;0.0;0.0;0.0;0.0;88.0;88.0;4.0;1.0;0.0;0.0;1.0;1.0;0.0;0.0;0.0;0.0;0.0;0.0;;0.0;4820.0;0.0;0.0;0.0;14.0;2020-02-29;2020-02-26;;;;49.21656693438783;4.035117422722314;51172;0101;511720101;H
48091;2018-06;51;51230;2018;90;2.0;PLURIAL NOVILIA - GROUPE ACTION LOGEMENT;33548067900109;;;;1;0.0;0.0;6.0;9.0;0.0;0.0;0.0;0.0;0.0;15.0;15.0;;;0.0;0.0;1.0;0.0;0.0;0.0;0.0;0.0;0.0;0.0;;0.0;0.0;949.0;0.0;0.0;14.0;2018-06-30;;;;;49.04826001685498;3.9491099603237103;51230;0101;512300101;H
64520;2018-12;51;51230;2018;90;2.0;PLURIAL NOVILIA - GROUPE ACTION LOGEMENT;33548067900109;766BK;767BK;;2;0.0;0.0;6.0;9.0;0.0;0.0;0.0;0.0;0.0;15.0;15.0;;2.0;0.0;0.0;1.0;0.0;0.0;0.0;0.0;0.0;0.0;0.0;;0.0;0.0;949.0;0.0;0.0;14.0;2018-12-31;2018-12-27;;;;49.04826001685498;3.9491099603237103;51230;0101;512300101;H
101140;2020-02;51;51230;2019;32;2.0;SCI CLAIRE VILLE;RCS LILLE 3878;295BK;552BK;668BK;2;860.0;1.0;15.0;7.0;1.0;0.0;0.0;0.0;0.0;24.0;24.0;3.0;1.0;0.0;1.0;0.0;0.0;0.0;0.0;0.0;0.0;0.0;0.0;;1305.0;1380.0;0.0;1305.0;0.0;12.0;2020-02-29;2020-02-07;;;;49.04622488038246;3.9521140567472437;51230;0101;512300101;H
48101;2018-06;51;51406;2018;90;2.0;;30350640600048;31ZB;;;1;906.0;0.0;0.0;0.0;1.0;0.0;0.0;0.0;1.0;0.0;1.0;;;0.0;0.0;1.0;0.0;0.0;0.0;0.0;0.0;0.0;0.0;;0.0;117.0;0.0;0.0;0.0;5.0;2018-06-30;;;;;48.671446959658425;4.624698901717733;51406;0000;514060000;Z
48106;2018-06;51;51582;2018;90;2.0;;;0436AK;;;1;530.0;0.0;0.0;0.0;0.0;0.0;1.0;0.0;1.0;0.0;1.0;;;0.0;0.0;0.0;0.0;0.0;0.0;0.0;0.0;0.0;0.0;;0.0;127.0;0.0;0.0;0.0;5.0;2018-06-30;;;;;49.29459298982003;3.892278574625683;51582;0000;515820000;Z
48107;2018-06;51;51582;2018;90;2.0;;;0445AK;;;1;533.0;0.0;0.0;1.0;0.0;0.0;0.0;0.0;1.0;0.0;1.0;;;0.0;0.0;0.0;0.0;0.0;0.0;0.0;0.0;0.0;0.0;;0.0;154.0;0.0;0.0;0.0;5.0;2018-06-30;;;;;49.29459298982003;3.892278574625683;51582;0000;515820000;Z
48108;2018-06;51;51582;2018;90;2.0;;;0447AK;;;1;488.0;0.0;0.0;0.0;0.0;1.0;0.0;0.0;1.0;0.0;1.0;;;0.0;0.0;0.0;0.0;0.0;0.0;0.0;0.0;0.0;0.0;;0.0;130.0;0.0;0.0;0.0;5.0;2018-06-30;;;;;49.2947078;3.8919507;51582;0000;515820000;Z
51226;2018-07;51;51582;2018;90;2.0;;;0428AK;0441AK;;1;406.0;0.0;0.0;0.0;0.0;1.0;0.0;0.0;1.0;0.0;1.0;;;0.0;0.0;0.0;0.0;0.0;0.0;0.0;0.0;0.0;0.0;;0.0;111.0;0.0;0.0;0.0;5.0;2018-07-31;;;;;49.29408823441258;3.891740566350803;51582;0000;515820000;Z
51227;2018-07;51;51582;2018;90;2.0;;;0443AK;;;1;658.0;0.0;0.0;0.0;0.0;1.0;0.0;0.0;1.0;0.0;1.0;;;0.0;0.0;0.0;0.0;0.0;0.0;0.0;0.0;0.0;0.0;;0.0;110.0;0.0;0.0;0.0;5.0;2018-07-31;;;;;49.29459298982003;3.892278574625683;51582;0000;515820000;Z
51228;2018-07;51;51582;2018;90;2.0;;;0414AK;;;1;474.0;0.0;0.0;0.0;0.0;1.0;0.0;0.0;1.0;0.0;1.0;;;0.0;0.0;0.0;0.0;0.0;0.0;0.0;0.0;0.0;0.0;;0.0;145.0;0.0;0.0;0.0;5.0;2018-07-31;;;;;49.2939185;3.8922554;51582;0000;515820000;Z
72244;2019-03;51;51582;2019;90;2.0;;;442AK;;;1;560.0;0.0;0.0;0.0;0.0;1.0;0.0;0.0;1.0;0.0;1.0;1.0;;1.0;0.0;0.0;0.0;0.0;0.0;0.0;0.0;0.0;0.0;;0.0;141.0;0.0;0.0;0.0;5.0;2019-03-31;;;;;49.2947078;3.8919507;51582;0000;515820000;Z
72245;2019-03;51;51582;2019;90;2.0;;;419AK;;;1;487.0;0.0;0.0;0.0;0.0;1.0;0.0;0.0;1.0;0.0;1.0;2.0;;1.0;0.0;0.0;0.0;0.0;0.0;0.0;0.0;0.0;0.0;;0.0;143.0;0.0;0.0;0.0;5.0;2019-03-31;;;;;49.29408823441258;3.891740566350803;51582;0000;515820000;Z
77538;2019-05;51;51582;2019;10;2.0;;;442AK;;;2;560.0;0.0;0.0;0.0;0.0;1.0;0.0;0.0;1.0;0.0;1.0;1.0;1.0;1.0;0.0;0.0;0.0;0.0;0.0;0.0;0.0;0.0;0.0;;0.0;141.0;0.0;0.0;0.0;5.0;2019-05-31;2019-05-03;;;;49.29459298982003;3.892278574625683;51582;0000;515820000;Z
80254;2019-06;51;51582;2018;10;2.0;;;0436AK;;;2;530.0;0.0;0.0;0.0;0.0;0.0;1.0;0.0;1.0;0.0;1.0;;1.0;0.0;0.0;0.0;0.0;0.0;0.0;0.0;0.0;0.0;0.0;;0.0;127.0;0.0;0.0;0.0;5.0;2019-06-30;2018-07-17;;;;49.2947078;3.8919507;51582;0000;515820000;Z
51229;2018-07;51;51660;2018;90;2.0;;;7AH;;;2;4438.0;0.0;0.0;0.0;0.0;0.0;0.0;0.0;0.0;12.0;12.0;;2.0;0.0;0.0;0.0;0.0;0.0;0.0;0.0;0.0;0.0;0.0;;418.0;0.0;1250.0;0.0;0.0;14.0;2018-07-31;2018-04-27;;;;49.34377000636596;4.224910030246207;51660;0000;516600000;Z
53993;2018-08;51;51196;2018;90;2.0;SAS LIBG;83988966400018;601AE;;;1;651.0;0.0;0.0;0.0;2.0;0.0;0.0;0.0;2.0;0.0;2.0;;;0.0;1.0;0.0;0.0;0.0;0.0;0.0;0.0;0.0;0.0;;114.0;284.0;0.0;0.0;0.0;14.0;2018-08-31;;;;;48.98767000482775;3.988180022681206;51196;0000;511960000;Z
61862;2018-11;51;51196;2018;90;2.0;SAS LIBG;83988966400018;601AE;;;2;651.0;0.0;0.0;0.0;2.0;0.0;0.0;0.0;2.0;0.0;2.0;;2.0;0.0;1.0;0.0;0.0;0.0;0.0;0.0;0.0;0.0;0.0;;114.0;59.0;388.0;0.0;0.0;14.0;2018-11-30;2018-10-22;;;;48.98767000482775;3.988180022681206;51196;0000;511960000;Z
92321;2019-11;51;51196;2019;10;2.0;;;44AE;;;2;0.0;0.0;0.0;0.0;0.0;0.0;0.0;0.0;1.0;0.0;1.0;;2.0;0.0;0.0;0.0;0.0;0.0;0.0;0.0;0.0;0.0;0.0;;375.0;303.0;0.0;375.0;0.0;14.0;2019-11-30;2019-11-26;;;;48.98773999371926;3.9900500252796576;51196;0000;511960000;Z
53996;2018-08;51;51586;2018;90;2.0;;40313916500019;78ZB;;;1;19355.0;0.0;0.0;0.0;0.0;0.0;0.0;0.0;1.0;0.0;1.0;;;0.0;0.0;0.0;0.0;0.0;0.0;0.0;0.0;0.0;0.0;;0.0;247.0;0.0;0.0;0.0;14.0;2018-08-31;;;;;49.291091607079395;3.7488369439888833;51586;0000;515860000;Z
67107;2019-01;51;51586;2018;10;2.0;;40313916500019;78ZB;;;2;19355.0;0.0;0.0;0.0;0.0;0.0;0.0;0.0;1.0;0.0;1.0;;1.0;0.0;0.0;0.0;0.0;0.0;0.0;0.0;0.0;0.0;0.0;;0.0;247.0;0.0;0.0;0.0;14.0;2019-01-31;2019-01-16;;;;49.291091607079395;3.7488369439888833;51586;0000;515860000;Z
59227;2018-10;51;51365;2018;90;2.0;SAS HTB REPRESENTEE PAR MONSIEUR BERDIN THIBAUD;53225107100025;0007AB;;;1;400.0;0.0;0.0;0.0;0.0;1.0;0.0;0.0;1.0;0.0;1.0;;;0.0;0.0;0.0;0.0;0.0;0.0;0.0;0.0;0.0;0.0;;0.0;144.0;0.0;0.0;0.0;5.0;2018-10-31;;;;;49.22612299347211;3.96110291080194;51365;0000;513650000;Z
64522;2018-12;51;51365;2018;10;2.0;SAS HTB REPRESENTEE PAR MONSIEUR BERDIN THIBAUD;53225107100025;0007AB;;;2;400.0;0.0;0.0;0.0;0.0;1.0;0.0;0.0;1.0;0.0;1.0;;1.0;0.0;0.0;0.0;0.0;0.0;0.0;0.0;0.0;0.0;0.0;;0.0;144.0;0.0;0.0;0.0;5.0;2018-12-31;2018-12-07;;;;49.22612299347211;3.96110291080194;51365;0000;513650000;Z
64523;2018-12;51;51365;2018;90;2.0;PLURIAL NOVILIA REPRESENTEE PAR MONSIEUR COURTAILL;33548067900109;0406AA;0405AA;;1;507.0;0.0;0.0;2.0;0.0;0.0;0.0;0.0;1.0;0.0;1.0;;;0.0;0.0;1.0;0.0;0.0;0.0;0.0;0.0;0.0;0.0;;0.0;172.0;0.0;0.0;0.0;5.0;2018-12-31;;;;;49.22612299347211;3.96110291080194;51365;0000;513650000;Z
64524;2018-12;51;51365;2018;90;2.0;PLURIAL NOVILIA REPRESENTE PAR MONSIEUR COURTAILLI;33548067900109;0186AB;0185AB;;1;509.0;0.0;0.0;2.0;0.0;0.0;0.0;0.0;1.0;0.0;1.0;;;0.0;0.0;1.0;0.0;0.0;0.0;0.0;0.0;0.0;0.0;;0.0;171.0;0.0;0.0;0.0;5.0;2018-12-31;;;;;49.22612299347211;3.96110291080194;51365;0000;513650000;Z
59228;2018-10;51;51488;2018;90;2.0;TANDEM PLURIEL;53311370000025;08940A;;;2;500.0;0.0;0.0;0.0;2.0;0.0;0.0;0.0;2.0;0.0;2.0;;1.0;0.0;1.0;0.0;0.0;0.0;0.0;0.0;0.0;0.0;0.0;;0.0;270.0;0.0;0.0;0.0;7.0;2018-10-31;2018-10-23;;;;49.11003299879865;3.9732290026494743;51488;0000;514880000;Z
95398;2019-12;51;51488;2019;10;2.0;;;08880A;;;2;857.0;0.0;0.0;0.0;0.0;0.0;1.0;0.0;1.0;0.0;1.0;;1.0;1.0;0.0;0.0;0.0;0.0;0.0;0.0;0.0;0.0;0.0;;0.0;124.0;0.0;0.0;0.0;5.0;2019-12-31;2019-12-20;;;;49.1087879;3.9772024;51488;0000;514880000;Z
59229;2018-10;51;51612;2018;10;2.0;Groupement forestier de la fontaine;79411779600019;;;;3;0.0;0.0;0.0;0.0;0.0;0.0;0.0;1.0;1.0;0.0;1.0;;1.0;0.0;0.0;0.0;0.0;0.0;0.0;0.0;0.0;0.0;0.0;;237.0;116.0;0.0;237.0;0.0;12.0;2018-10-31;2018-06-19;2018-07-23;;;48.9591188460883;4.010615499558427;51612;0000;516120000;Z
61859;2018-11;51;51072;2018;90;2.0;SMFM;83893891800011;01170C;;;1;859.0;0.0;0.0;0.0;0.0;1.0;0.0;0.0;1.0;0.0;1.0;;;0.0;0.0;0.0;0.0;0.0;0.0;0.0;0.0;0.0;0.0;;0.0;153.0;0.0;0.0;0.0;5.0;2018-11-30;;;;;49.198104021869554;3.891205940043022;51072;0000;510720000;Z
61860;2018-11;51;51081;2018;90;2.0;AJPS;40178777500014;0083ZA;;;1;660.0;0.0;0.0;0.0;1.0;0.0;0.0;0.0;1.0;0.0;1.0;;;0.0;0.0;0.0;0.0;0.0;0.0;0.0;0.0;0.0;0.0;;0.0;134.0;0.0;0.0;0.0;5.0;2018-11-30;;;;;49.274719908210976;3.821187869185453;51081;0000;510810000;Z
77534;2019-05;51;51081;2018;10;2.0;AJPS;40178777500014;0083ZA;;;2;660.0;0.0;0.0;0.0;1.0;0.0;0.0;0.0;1.0;0.0;1.0;;1.0;0.0;0.0;0.0;0.0;0.0;0.0;0.0;0.0;0.0;0.0;;0.0;134.0;0.0;0.0;0.0;5.0;2019-05-31;2019-01-10;;;;49.274719908210976;3.821187869185453;51081;0000;510810000;Z
61861;2018-11;51;51172;2016;21;2.0;PLURIAL MCCA;;0813AI;0813AI;0813AI;3;5580.0;1.0;34.0;26.0;13.0;0.0;0.0;0.0;2.0;72.0;74.0;3.0;1.0;0.0;1.0;1.0;0.0;0.0;0.0;0.0;0.0;0.0;0.0;;0.0;5077.0;0.0;0.0;0.0;14.0;2018-11-30;2016-11-24;2018-11-16;;;49.221910000416415;4.0548500158148215;51172;0103;511720103;H
67102;2019-01;51;51172;2019;90;2.0;MAISONS COOPERATIVE CHAMPAGNE ARDENNE;33568025200020;0124AI;;;1;3487.0;0.0;12.0;13.0;5.0;0.0;0.0;1.0;0.0;30.0;30.0;3.0;;0.0;1.0;0.0;0.0;0.0;0.0;0.0;0.0;0.0;0.0;;110.0;2160.0;0.0;110.0;0.0;14.0;2019-01-31;;;;;49.2200399;4.0514987;51172;0103;511720103;H
72237;2019-03;51;51172;2019;21;2.0;MAISONS COOPERATIVE CHAMPAGNE ARDENNE;33568025200020;0124AI;;;2;3487.0;0.0;12.0;13.0;5.0;0.0;0.0;1.0;0.0;30.0;30.0;3.0;1.0;0.0;1.0;0.0;0.0;0.0;0.0;0.0;0.0;0.0;0.0;;110.0;2160.0;0.0;110.0;0.0;14.0;2019-03-31;2019-03-20;;;;49.22003999781796;4.05140999893257;51172;0103;511720103;H
77535;2019-05;51;51172;2019;90;2.0;KALENDER IMMO;84796016800015;0035AS;0035AS;0035AS;1;427.0;0.0;0.0;0.0;0.0;0.0;1.0;0.0;1.0;0.0;1.0;3.0;;0.0;0.0;0.0;0.0;0.0;0.0;0.0;0.0;0.0;0.0;;0.0;249.0;0.0;0.0;0.0;5.0;2019-05-31;;;;;49.21634500000005;4.051050420000024;51172;0103;511720103;H
80246;2019-06;51;51172;2019;30;2.0;KALENDER IMMO;84796016800015;0035AS;0035AS;0035AS;2;427.0;0.0;0.0;0.0;0.0;0.0;1.0;0.0;1.0;0.0;1.0;3.0;1.0;0.0;0.0;0.0;0.0;0.0;0.0;0.0;0.0;0.0;0.0;;0.0;249.0;0.0;0.0;0.0;5.0;2019-06-30;2019-06-19;;;;49.21634500000005;4.051050420000024;51172;0103;511720103;H
83282;2019-07;51;51172;2019;90;2.0;M.C.C.A.;33568025200046;0122AS;;;1;510.0;0.0;0.0;0.0;0.0;1.0;0.0;0.0;1.0;0.0;1.0;2.0;;0.0;0.0;0.0;0.0;0.0;0.0;0.0;0.0;0.0;0.0;;0.0;111.0;0.0;0.0;0.0;5.0;2019-07-31;;;;;49.21634500000005;4.051050420000024;51172;0103;511720103;H
86187;2019-09;51;51172;2019;21;2.0;M.C.C.A.;33568025200046;0122AS;;;2;510.0;0.0;0.0;0.0;0.0;1.0;0.0;0.0;1.0;0.0;1.0;2.0;1.0;0.0;0.0;0.0;0.0;0.0;0.0;0.0;0.0;0.0;0.0;;0.0;111.0;0.0;0.0;0.0;5.0;2019-09-30;2019-09-03;;;;49.21634500000005;4.051050420000024;51172;0103;511720103;H
64518;2018-12;51;51102;2018;10;2.0;;;94B;95B;;2;931.0;0.0;0.0;0.0;1.0;0.0;0.0;0.0;1.0;0.0;1.0;1.0;1.0;1.0;0.0;0.0;0.0;0.0;0.0;0.0;0.0;0.0;0.0;;0.0;117.0;0.0;0.0;0.0;5.0;2018-12-31;2018-12-04;;;;49.349386385585525;3.9158155368796255;51102;0000;511020000;Z
64525;2018-12;51;51391;2018;90;2.0;MC2;401299243;0020AL;;;1;6479.0;0.0;0.0;0.0;0.0;0.0;0.0;0.0;1.0;0.0;1.0;;;0.0;0.0;0.0;0.0;0.0;0.0;0.0;0.0;0.0;0.0;;0.0;117.0;0.0;0.0;0.0;14.0;2018-12-31;;;;;49.2757866;3.9051461;51391;0000;513910000;Z
77537;2019-05;51;51391;2018;10;2.0;MC2;40129924300000;0020AL;;;2;6479.0;0.0;0.0;0.0;0.0;0.0;0.0;0.0;1.0;0.0;1.0;;2.0;0.0;0.0;0.0;0.0;0.0;0.0;0.0;0.0;0.0;0.0;;0.0;117.0;0.0;0.0;0.0;14.0;2019-05-31;2018-01-10;;;;49.27541998646939;3.9073499775991536;51391;0000;513910000;Z
64530;2018-12;51;51422;2018;90;2.0;LUDEN;544225581;0371AE;;;1;950.0;0.0;0.0;0.0;0.0;0.0;0.0;0.0;1.0;0.0;1.0;;;0.0;0.0;0.0;0.0;0.0;0.0;0.0;0.0;0.0;0.0;;0.0;190.0;0.0;0.0;0.0;5.0;2018-12-31;;;;;49.220441369178424;3.9257478790373357;51422;0000;514220000;Z
64531;2018-12;51;51610;2018;43;2.0;;;0682OB;;;2;1072.0;0.0;0.0;0.0;0.0;0.0;0.0;0.0;1.0;0.0;1.0;3.0;2.0;0.0;0.0;0.0;0.0;0.0;0.0;0.0;0.0;0.0;0.0;;0.0;1.0;131.0;0.0;0.0;14.0;2018-12-31;2018-03-23;;;;49.0640702;4.9071103;51610;0000;516100000;Z
67104;2019-01;51;51291;2018;10;2.0;;;45AC;46AC;;2;660.0;0.0;0.0;0.0;0.0;0.0;1.0;0.0;1.0;0.0;1.0;2.0;1.0;1.0;0.0;0.0;0.0;0.0;0.0;0.0;0.0;0.0;0.0;;0.0;131.0;;0.0;0.0;5.0;2019-01-31;2019-01-08;;;;49.33851550431098;3.9141156688469496;51291;0000;512910000;Z
72240;2019-03;51;51291;2018;30;2.0;;;109AA;;;2;171.0;0.0;0.0;0.0;0.0;0.0;1.0;0.0;1.0;0.0;1.0;2.0;2.0;0.0;0.0;1.0;0.0;0.0;0.0;0.0;0.0;0.0;1.0;;114.0;35.0;107.0;7.0;107.0;14.0;2019-03-31;2019-03-27;;;;49.339010007371655;3.907209999816132;51291;0000;512910000;Z
67105;2019-01;51;51344;2016;10;2.0;SCEV BRIAUX POL;38418705000016;60AM;56AM;61AM;3;589.0;0.0;1.0;0.0;0.0;0.0;0.0;0.0;1.0;0.0;1.0;;2.0;1.0;0.0;0.0;0.0;0.0;0.0;0.0;0.0;0.0;0.0;;236.0;115.0;0.0;0.0;0.0;14.0;2019-01-31;2016-07-26;2016-11-21;;;49.0546478;3.9324727;51344;0000;513440000;Z
67106;2019-01;51;51444;2018;90;2.0;SARL MEVLUT;80851052300026;741A;742A;;2;1130.0;0.0;0.0;0.0;0.0;0.0;0.0;0.0;3.0;0.0;3.0;;1.0;0.0;1.0;0.0;0.0;0.0;0.0;0.0;0.0;0.0;0.0;;0.0;396.0;0.0;0.0;0.0;7.0;2019-01-31;2019-01-31;;;;49.31512990833695;3.9438498595136915;51444;0000;514440000;Z
69540;2019-02;51;51230;2013;21;2.0;SA D'HLM;33548067900018;71AZ;;;3;15345.0;1.0;1.0;6.0;4.0;0.0;0.0;0.0;7.0;5.0;12.0;;1.0;0.0;0.0;1.0;0.0;0.0;0.0;0.0;0.0;0.0;0.0;;0.0;970.0;0.0;0.0;0.0;7.0;2019-02-28;2014-02-26;2019-02-15;;;49.028484563361246;3.9588407081536365;51230;0601;512300601;H
69541;2019-02;51;51230;2013;21;2.0;SA D'HLM;33548067900018;71AZ;72AZ;;3;20223.0;0.0;0.0;4.0;2.0;0.0;0.0;0.0;4.0;2.0;6.0;;1.0;0.0;0.0;1.0;0.0;0.0;0.0;0.0;0.0;0.0;0.0;;0.0;521.0;0.0;0.0;0.0;7.0;2019-02-28;2014-02-26;2019-02-15;;;49.028484563361246;3.9588407081536365;51230;0601;512300601;H
69542;2019-02;51;51230;2013;21;2.0;SA D'HLM;33548067900018;71AZ;72AZ;;3;20223.0;0.0;3.0;4.0;4.0;0.0;0.0;0.0;9.0;2.0;11.0;;1.0;0.0;0.0;1.0;0.0;0.0;0.0;0.0;0.0;0.0;0.0;;0.0;910.0;0.0;0.0;0.0;7.0;2019-02-28;2014-02-26;2019-02-15;;;49.028484563361246;3.9588407081536365;51230;0601;512300601;H
69543;2019-02;51;51230;2013;21;2.0;SA D'HLM;33548067900018;71AZ;68AZ;;3;15910.0;0.0;8.0;2.0;2.0;0.0;0.0;0.0;8.0;4.0;12.0;;1.0;0.0;0.0;1.0;0.0;0.0;0.0;0.0;0.0;0.0;0.0;;0.0;841.0;0.0;0.0;0.0;7.0;2019-02-28;2014-02-26;2019-02-15;;;49.028484563361246;3.9588407081536365;51230;0601;512300601;H
69544;2019-02;51;51230;2013;21;2.0;SA D'HLM;33548067900018;72AZ;68AZ;69AZ;3;5575.0;0.0;0.0;4.0;2.0;0.0;0.0;0.0;4.0;2.0;6.0;;1.0;0.0;0.0;1.0;0.0;0.0;0.0;0.0;0.0;0.0;0.0;;0.0;521.0;0.0;0.0;0.0;7.0;2019-02-28;2014-02-26;2019-02-15;;;49.0292344;3.9571659;51230;0601;512300601;H
69546;2019-02;51;51456;2019;90;2.0;;79139652600026;56ZM;;;1;7994.0;0.0;0.0;0.0;0.0;0.0;1.0;0.0;1.0;0.0;1.0;;;0.0;0.0;0.0;0.0;0.0;0.0;0.0;0.0;0.0;0.0;;0.0;0.0;330.0;0.0;0.0;10.0;2019-02-28;;;;;48.94005732146555;4.842575001270447;51456;0000;514560000;Z
72241;2019-03;51;51456;2019;32;2.0;;79139652600026;56ZM;;;2;7994.0;0.0;0.0;0.0;0.0;0.0;1.0;0.0;1.0;0.0;1.0;;2.0;0.0;0.0;0.0;0.0;0.0;0.0;0.0;0.0;0.0;0.0;;0.0;0.0;330.0;0.0;0.0;10.0;2019-03-31;2019-03-05;;;;48.94005732146555;4.842575001270447;51456;0000;514560000;Z
69547;2019-02;51;51503;2019;90;2.0;;;48AA;;;1;1488.0;0.0;0.0;0.0;0.0;0.0;0.0;0.0;1.0;0.0;1.0;;;1.0;0.0;0.0;0.0;0.0;0.0;0.0;0.0;0.0;0.0;;73.0;0.0;16.0;0.0;0.0;12.0;2019-02-28;;;;;49.2497355;4.4068696;51503;0000;515030000;Z
72239;2019-03;51;51250;2015;90;2.0;PLURIAL NOVILIA;33548067900018;;;;2;0.0;0.0;4.0;11.0;0.0;0.0;0.0;0.0;0.0;15.0;15.0;3.0;1.0;0.0;1.0;0.0;0.0;0.0;0.0;0.0;0.0;0.0;0.0;;406.0;964.0;0.0;406.0;0.0;12.0;2019-03-31;2016-03-21;;;;49.30513001946039;3.6813499795651694;51250;0102;512500102;H
72242;2019-03;51;51474;2016;90;2.0;SA PLURIAL NOVILIA;33548067900018;256AL;257AL;258AL;2;10719.0;4.0;39.0;53.0;22.0;1.0;0.0;0.0;0.0;119.0;119.0;3.0;1.0;0.0;1.0;0.0;0.0;0.0;0.0;0.0;0.0;0.0;0.0;;0.0;8770.0;0.0;0.0;0.0;7.0;2019-03-31;2016-10-05;;;;49.274181480441094;3.9987272742495046;51474;0000;514740000;Z
72246;2019-03;51;51633;2019;90;2.0;;;969C;971C;;1;257.0;0.0;0.0;0.0;0.0;1.0;0.0;0.0;1.0;0.0;1.0;2.0;;1.0;0.0;0.0;0.0;0.0;0.0;0.0;0.0;0.0;0.0;;0.0;148.0;0.0;0.0;0.0;5.0;2019-03-31;;;;;49.32686005914376;3.942781017288403;51633;0000;516330000;Z
80255;2019-06;51;51633;2019;10;2.0;;;969C;971C;;2;257.0;0.0;0.0;0.0;0.0;1.0;0.0;0.0;1.0;0.0;1.0;2.0;1.0;1.0;0.0;0.0;0.0;0.0;0.0;0.0;0.0;0.0;0.0;;0.0;148.0;0.0;0.0;0.0;5.0;2019-06-30;2019-06-17;;;;49.32686005914376;3.942781017288403;51633;0000;516330000;Z
77536;2019-05;51;51181;2019;90;2.0;;;393D;;;1;982.0;0.0;0.0;0.0;0.0;0.0;1.0;0.0;1.0;0.0;1.0;2.0;;1.0;0.0;0.0;0.0;0.0;0.0;0.0;0.0;0.0;0.0;;0.0;149.0;0.0;0.0;0.0;5.0;2019-05-31;;;;;49.2644001;3.8343488;51181;0000;511810000;Z
80251;2019-06;51;51434;2018;43;2.0;Mairie de Plivot;21510401900117;126AC;;;2;681.0;0.0;1.0;1.0;1.0;0.0;0.0;0.0;0.0;3.0;3.0;4.0;2.0;0.0;0.0;1.0;0.0;0.0;0.0;0.0;0.0;0.0;0.0;;243.0;29.0;217.0;26.0;217.0;14.0;2019-06-30;2018-11-05;;;;49.017951;4.0707961;51434;0000;514340000;Z
83284;2019-07;51;51647;2019;90;2.0;;;0399AT;;;1;425.0;0.0;0.0;0.0;1.0;0.0;0.0;0.0;1.0;0.0;1.0;;;0.0;0.0;0.0;0.0;0.0;0.0;0.0;0.0;0.0;0.0;;0.0;85.0;0.0;0.0;0.0;5.0;2019-07-31;;;;;48.7378449;4.6368366;51647;0000;516470000;Z
86189;2019-09;51;51647;2019;32;2.0;;;0399AT;;;2;425.0;0.0;0.0;0.0;1.0;0.0;0.0;0.0;1.0;0.0;1.0;;1.0;0.0;0.0;0.0;0.0;0.0;0.0;0.0;0.0;0.0;0.0;;0.0;85.0;0.0;0.0;0.0;5.0;2019-09-30;2019-09-17;;;;48.73484856974757;4.638847729834934;51647;0000;516470000;Z
86188;2019-09;51;51362;2019;90;2.0;;;1110A;1111A;;1;545.0;0.0;0.0;0.0;0.0;0.0;0.0;0.0;1.0;0.0;1.0;2.0;;1.0;0.0;0.0;0.0;0.0;0.0;0.0;0.0;0.0;0.0;;0.0;269.0;0.0;0.0;0.0;5.0;2019-09-30;;;;;49.2963513;3.9431105;51362;0000;513620000;Z
89141;2019-10;51;51299;2019;90;2.0;;;1525C;;;1;920.0;0.0;0.0;0.0;0.0;0.0;1.0;0.0;1.0;0.0;1.0;1.0;;1.0;0.0;0.0;0.0;0.0;0.0;0.0;0.0;0.0;0.0;;0.0;144.0;0.0;0.0;0.0;5.0;2019-10-31;;;;;49.35164842749632;4.1985510878280285;51299;0000;512990000;Z
89142;2019-10;51;51439;2019;90;2.0;;;240ZE;;;1;843.0;0.0;0.0;0.0;0.0;0.0;0.0;0.0;1.0;0.0;1.0;2.0;;1.0;0.0;0.0;0.0;0.0;0.0;0.0;0.0;0.0;0.0;;0.0;132.0;0.0;0.0;0.0;5.0;2019-10-31;;;;;49.34315500000008;4.176317440000048;51299;0000;512990000;Z
89143;2019-10;51;51505;2019;10;2.0;;;444Z;468Z;;2;659.0;0.0;0.0;0.0;0.0;0.0;0.0;0.0;1.0;0.0;1.0;;1.0;0.0;0.0;0.0;0.0;0.0;0.0;0.0;0.0;0.0;0.0;;0.0;116.0;0.0;0.0;0.0;5.0;2019-10-31;2019-10-18;;;;49.313314546914825;4.254316697879891;51505;0000;515050000;Z
92318;2019-11;51;51013;2019;10;2.0;;;8ZI;;;2;1636.0;0.0;0.0;0.0;0.0;1.0;0.0;0.0;1.0;0.0;1.0;;1.0;1.0;0.0;0.0;0.0;0.0;0.0;0.0;0.0;0.0;0.0;;0.0;148.0;0.0;0.0;0.0;5.0;2019-11-30;2019-11-19;;;;49.18008337032859;3.7252927553733852;51013;0000;510130000;Z
92323;2019-11;51;51279;2019;32;2.0;SCI FRANCESCO;;;;;2;0.0;0.0;0.0;0.0;0.0;0.0;0.0;0.0;2.0;0.0;2.0;;1.0;0.0;0.0;0.0;0.0;0.0;0.0;0.0;0.0;0.0;0.0;;0.0;199.0;0.0;0.0;0.0;7.0;2019-11-30;2019-09-10;;;;48.58143004522725;3.8493789397779046;51279;0000;512790000;Z
95397;2019-12;51;51431;2019;30;2.0;SCI NICOLINE;31508038200023;103ZB;104ZB;105ZB;2;12987.0;0.0;0.0;0.0;0.0;0.0;0.0;0.0;1.0;0.0;1.0;;1.0;0.0;0.0;0.0;0.0;0.0;0.0;0.0;0.0;0.0;0.0;;0.0;213.0;0.0;0.0;0.0;14.0;2019-12-31;2019-12-20;;;;49.01803764791783;3.96416792678934;51431;0000;514310000;Z
98483;2020-01;51;51337;2019;32;2.0;;44161156300012;137AA;136AA;;2;1718.0;0.0;0.0;1.0;0.0;0.0;0.0;0.0;1.0;0.0;1.0;;2.0;0.0;0.0;0.0;0.0;0.0;0.0;0.0;0.0;0.0;0.0;;0.0;0.0;43.0;0.0;0.0;10.0;2020-01-31;2020-01-04;;;;49.30694998209688;3.7227900250455264;51337;0000;513370000;Z
101141;2020-02;51;51314;2020;90;2.0;;84809090800015;9AA;;;1;2444.0;0.0;0.0;2.0;0.0;0.0;0.0;0.0;2.0;0.0;2.0;1.0;;0.0;0.0;1.0;0.0;0.0;0.0;0.0;0.0;0.0;0.0;;156.0;152.0;0.0;0.0;0.0;7.0;2020-02-29;;;;;49.21114000920724;3.745630040646347;51314;0000;513140000;Z
101142;2020-02;51;51536;2020;90;2.0;SCI MONTAGNE DE REIMS;88051158900017;33ZH;;;1;2518.0;0.0;1.0;0.0;0.0;0.0;0.0;0.0;1.0;0.0;1.0;2.0;;1.0;0.0;0.0;0.0;0.0;0.0;0.0;0.0;0.0;1.0;;0.0;57.0;0.0;0.0;0.0;14.0;2020-02-29;;;;;49.194458599908664;4.139502654923744;51536;0000;515360000;Z
101143;2020-02;51;51573;2019;90;2.0;;;199AD;;;2;1972.0;0.0;0.0;0.0;0.0;0.0;0.0;1.0;0.0;23.0;23.0;;1.0;0.0;0.0;0.0;0.0;0.0;0.0;0.0;0.0;0.0;0.0;;192.0;1823.0;0.0;192.0;0.0;12.0;2020-02-29;2020-01-14;;;;49.2532272;3.9869344;51573;0101;515730101;H
101144;2020-02;51;51576;2020;90;2.0;REIMS HABITAT;39279429300010;0523AD;;;1;791.0;0.0;0.0;0.0;2.0;0.0;0.0;0.0;0.0;2.0;2.0;;;0.0;0.0;1.0;0.0;0.0;0.0;0.0;0.0;0.0;0.0;;0.0;182.0;0.0;0.0;0.0;14.0;2020-02-29;;;;;49.04688551533503;4.121150658275525;51576;0000;515760000;Z
103681;2021-03;51;51071;2020;10;2.0;;;;;;2;0.0;0.0;0.0;0.0;0.0;0.0;0.0;0.0;1.0;0.0;1.0;;2.0;0.0;0.0;0.0;0.0;0.0;0.0;0.0;0.0;0.0;0.0;;0.0;295.0;0.0;0.0;0.0;5.0;2021-03-31;2020-09-29;;;;48.65915994357892;3.469267121055273;51071;0000;510710000;Z
103684;2021-03;51;51237;2020;32;2.0;;;;;;2;0.0;0.0;0.0;0.0;0.0;0.0;0.0;0.0;1.0;0.0;1.0;;2.0;1.0;0.0;0.0;0.0;0.0;0.0;0.0;0.0;0.0;0.0;;0.0;0.0;204.0;0.0;0.0;10.0;2021-03-31;2020-11-12;;;;48.73216000792206;3.558589966762156;51237;0000;512370000;Z
103685;2021-03;51;51256;2021;90;2.0;HENO;89209786600016;00270B;00280B;05470B;2;745.0;0.0;0.0;1.0;0.0;1.0;0.0;0.0;2.0;0.0;2.0;;2.0;0.0;0.0;1.0;0.0;0.0;0.0;0.0;0.0;0.0;0.0;;202.0;51.0;202.0;0.0;202.0;12.0;2021-03-31;2021-03-19;;;;49.08317126045466;4.075001478536769;51256;0000;512560000;Z
