type_annonceur;typedebien;typedetransaction;etage;surface;surface_terrain;nb_pieces;prix_bien;prix_maison;prix_terrain;mensualiteFinance;balcon;eau;bain;dpeL;dpeC;mapCoordonneesLatitude;mapCoordonneesLongitude;annonce_exclusive;nb_etages;parking;places_parking;cave;exposition;ges_class;annee_construction;nb_toilettes;nb_terraces;videophone;porte_digicode;surface_balcon;ascenseur;nb_logements_copro;charges_copro;chauffage_energie;chauffage_systeme;chauffage_mode;categorie_annonceur;logement_neuf;typedebien_lite;date;INSEE_COM;IRIS;CODE_IRIS;TYP_IRIS;DEP;loyer_m2_median_n6;nb_log_n6;taux_rendement_n6;loyer_m2_median_n7;nb_log_n7;taux_rendement_n7;prix_m2_vente
pr;a;v;2;48;;3;73000;;;0;0;1;0;VI;;47.64519;6.85523;Oui;3.0;;1.0;;0;;;;;;False;;False;6.0;200.0;;;;m;n;a;2020-04;90010;0402;900100402;H;90;8.6;11.0;0.068;9.09;68.0;0.072;1520.83
pr;a;v;0;18;;1;42000;;;0;0;1;1;F;348;47.64005;6.85842;Non;7.0;;;;0;C;;1.0;;;False;;True;101.0;200.0;Électrique;;Individuel;m;n;a;2020-04;90010;0402;900100402;H;90;16.67;5.0;0.086;13.42;30.0;0.069;2333.33
pr;a;v;6;98;;4;239600;;;0;1;0;2;D;220;47.64005;6.85842;Non;7.0;;2.0;;0;C;;2.0;;;False;;True;101.0;1800.0;Électrique;;Individuel;m;n;a;2020-04;90010;0402;900100402;H;90;7.8;1.0;0.038;8.84;19.0;0.043;2444.9
pr;a;v;0;133;;6;177000;;;0;1;1;2;VI;;47.65052;6.85481;Oui;2.0;;1.0;True;Nord-Sud;;;2.0;;;False;;False;2.0;460.0;Gaz;;Individuel;m;n;a;2020-04;90010;0402;900100402;H;90;;;;;;;1330.83
pr;a;v;2;69;;3;93000;;;0;1;0;1;F;409;47.62799;6.85161;Non;2.0;;1.0;True;Est-Ouest;G;;1.0;;;False;;False;60.0;2040.0;Gaz;;Collectif;m;n;a;2020-04;90010;0304;900100304;H;90;7.94;2.0;0.071;9.09;68.0;0.081;1347.83
pr;a;v;2;70;;3;147000;;;0;0;0;1;NS;;47.64985;6.86055;Non;3.0;;;True;Est-Ouest;;;1.0;;;False;;True;16.0;1800.0;Gaz;;Individuel;m;n;a;2020-04;90010;0504;900100504;H;90;9.26;2.0;0.053;9.09;68.0;0.052;2100.0
pr;a;v;0;85;;4;114000;;;0;0;0;1;D;212.0;47.65784;6.85105;Non;2.0;;2.0;True;0;B;;1.0;;;False;;False;;;Électrique;;Individuel;m;n;a;2020-04;90010;0101;900100101;H;90;;;;8.84;19.0;0.079;1341.18
pr;a;v;0;70;;3;98000;;;0;0;1;0;D;203;47.73381;6.96834;Oui;;;1.0;True;Est;F;1945.0;1.0;1.0;;;;False;31.0;;Fioul;Radiateur;Collectif;a;n;a;2020-04;90089;0000;900890000;Z;90;;;;;;;1400.0
pr;m;v;0;260;1500.0;9;374500;;;0;0;1;3;C;113;47.69594;6.83386;Oui;1.0;;2.0;True;Sud;D;;3.0;;;False;;;;;Gaz;;Individuel;m;n;m;2020-04;90093;0000;900930000;Z;90;;;;;;;1440.38
pr;m;v;0;90;680.0;4;166700;;;0;0;0;1;C;142.0;47.67734;6.8218;Non;;;1.0;True;Est-Ouest;D;;1.0;;;False;;;;;Fioul;;Individuel;m;n;m;2020-04;90093;0000;900930000;Z;90;;;;;;;1852.22
pr;a;v;4;85;;4;106000;;;0;1;0;1;E;262.0;47.65575;6.84586;Non;4.0;;2.0;True;0;F;;1.0;;;False;;False;114.0;2580.0;Gaz;;Individuel;m;n;a;2020-04;90010;0102;900100102;H;90;9.88;1.0;0.095;8.84;19.0;0.085;1247.06
pr;m;v;0;212;340.0;9;229140;;;0;1;1;1;D;199;47.65527;6.84776;Non;2.0;;1.0;True;sud-ouest;F;;2.0;;;False;;;;;Gaz;;Individuel;m;n;m;2020-04;90010;0102;900100102;H;90;;;;10.0;1.0;0.111;1080.85
pr;a;v;1;64;;3;75000;;;0;1;1;1;E;300;47.65503;6.84289;Non;4.0;;1.0;True;0;F;;1.0;;;False;;False;136.0;1720.0;Gaz;;Individuel;m;n;a;2020-04;90010;0102;900100102;H;90;8.66;4.0;0.089;9.09;68.0;0.093;1171.88
pr;m;v;0;164;416.0;7;208400;;;0;0;1;1;E;266.0;47.63267;6.85518;Non;1.0;;1.0;True;0;F;;2.0;;;False;;;;;Fioul;;Individuel;m;n;m;2020-04;90010;0501;900100501;H;90;;;;;;;1270.73
pr;a;v;2;94;;4;146000;;;0;1;0;1;D;230;47.63199;6.85867;Non;4.0;;3.0;True;0;B;;1.0;;;True;;False;40.0;1084.0;Électrique;;Individuel;m;n;a;2020-04;90010;0501;900100501;H;90;9.12;7.0;0.07;8.84;19.0;0.068;1553.19
pr;a;v;0;72;;3;110000;;;462;0;0;0;D;182;47.51927;7.01124;Oui;;;;;0;E;;;;;;;;16.0;;;;;a;;a;2020-04;90033;0103;900330103;H;90;8.75;4.0;0.069;8.75;6.0;0.069;1527.78
pr;m;v;0;189;3276.0;6;452400;;;0;0;1;1;D;224;47.56445;6.96259;Non;1.0;;4.0;True;0;C;1992.0;2.0;1.0;;False;;;;;;;Individuel;a;n;m;2020-04;90051;0000;900510000;Z;90;;;;;;;2393.65
pr;m;v;0;150;;6;170000;;;747;0;0;0;F;427;47.5779;6.95279;Oui;;;;;0;G;;;;;;;;;;;;;a;;m;2020-04;90051;0000;900510000;Z;90;;;;;;;1133.33
pr;m;v;0;100;;6;110000;;;475;0;0;0;0;;47.49768;6.98601;Oui;;;;;0;;;;;;;;;;;;;;a;;m;2020-04;90033;0102;900330102;H;90;;;;;;;1100.0
pr;m;v;0;140;30000.0;5;395000;;;0;0;2;1;E;;47.68545;6.87916;Non;1.0;;;;0;F;;1.0;;;;;;;;Fioul;;;a;n;m;2020-04;90037;0000;900370000;Z;90;10.41;1.0;0.044;10.41;1.0;0.044;2821.43
pr;m;v;0;160;;6;230000;;;994;0;0;0;0;;47.48393;6.98097;Oui;;;;;0;;;;;;;;;;;;;;a;;m;2020-04;90063;0000;900630000;Z;90;;;;;;;1437.5
pr;a;v;2;82;;4;199000;;;0;1;0;1;D;154.0;47.63921;6.85167;Non;2.0;;1.0;True;0;E;;1.0;;;False;;True;57.0;1560.0;Gaz;;Individuel;m;n;a;2020-04;90010;0403;900100403;H;90;9.32;2.0;0.046;8.84;19.0;0.044;2426.83
pr;m;v;0;81;;4;189400;;;0;0;0;0;0;;47.55971;6.85204;Non;;;;;0;;;;;;;;;;;;;;ca;;m;2020-04;90022;0000;900220000;Z;90;;;;;;;2338.27
pr;m;v;0;88;;5;193400;;;0;0;0;0;0;;47.55971;6.85204;Non;;;;;0;;;;;;;;;;;;;;ca;;m;2020-04;90022;0000;900220000;Z;90;;;;;;;2197.73
pr;m;v;0;81;;4;174450;;;0;0;0;0;0;;47.51099;7.00862;Non;;;;;0;;;;;;;;;;;;;;ca;;m;2020-04;90033;0101;900330101;H;90;;;;;;;2153.7
pr;a;v;2;52;;2;61100;;;0;0;0;1;E;258.0;47.62003;6.8631;Oui;2.0;;2.0;;0;C;2009.0;;0.0;;;;False;83.0;330.6;Électrique;Convecteur;Individuel;a;n;a;2020-04;90032;0000;900320000;Z;90;9.78;7.0;0.1;9.78;7.0;0.1;1175.0
pr;a;v;1;65;;3;90000;;;0;1;0;1;E;315;47.65231;6.85431;Non;5.0;;1.0;True;0;F;;1.0;;;False;;False;60.0;1100.0;Gaz;;Individuel;m;n;a;2020-04;90010;0103;900100103;H;90;10.67;3.0;0.092;9.09;68.0;0.079;1384.62
pr;a;v;2;96;;4;99000;;;0;1;0;1;E;254;47.65193;6.84883;Non;2.0;;1.0;True;Nord-Sud;F;;1.0;;;False;;False;12.0;3000.0;Gaz;;Individuel;m;n;a;2020-04;90010;0103;900100103;H;90;8.24;1.0;0.096;8.84;19.0;0.103;1031.25
pr;m;v;0;212;1491.0;6;106000;;;0;0;1;1;VI;;47.64008;7.01099;Non;;;;;0;;;1.0;;;False;;;;;;;;m;n;m;2020-04;90049;0000;900490000;Z;90;;;;;;;500.0
pr;m;v;0;252;2033.0;9;297000;;;0;1;0;2;D;188;47.63645;7.01232;Non;1.0;;1.0;True;Est-Ouest;C;;2.0;;;False;;;;;Bois;;Individuel;m;n;m;2020-04;90049;0000;900490000;Z;90;;;;;;;1178.57
pr;m;v;0;148;510.0;7;254000;;;0;0;1;1;D;206;47.64085;6.84104;Oui;1.0;;1.0;True;Sud;E;;2.0;;;False;;;;;Gaz;;Individuel;m;n;m;2020-04;90010;0202;900100202;H;90;;;;;;;1716.22
pr;m;v;0;140;953.0;6;212000;;;0;0;1;1;E;279.0;47.63365;6.81969;Non;3.0;;2.0;True;0;D;1954.0;2.0;1.0;;;;;;;Gaz;Radiateur;Individuel;a;n;m;2020-04;90039;0000;900390000;Z;90;;;;;;;1514.29
pr;a;v;0;95;;4;151000;;;0;0;1;1;D;169;47.63799;6.81413;Non;2.0;;1.0;;Est-Ouest;E;;1.0;;;False;;False;47.0;1080.0;Gaz;;Individuel;m;n;a;2020-04;90039;0000;900390000;Z;90;8.8;2.0;0.066;8.8;2.0;0.066;1589.47
pr;m;v;0;180;1504.0;7;250000;;;0;0;1;2;D;167;47.71672;6.97838;Non;1.0;;3.0;True;0;D;;2.0;;;False;;;;;Fioul;;Individuel;m;n;m;2020-04;90086;0000;900860000;Z;90;;;;;;;1388.89
pr;a;v;1;79;;3;200000;;;0;1;0;1;D;230;47.67323;6.7999;Non;2.0;;2.0;;sud-est;C;;1.0;;;True;;True;43.0;1061.0;Électrique;;Individuel;m;n;a;2020-04;90042;0000;900420000;Z;90;;;;;;;2531.65
pr;m;v;0;89;450.0;4;193000;;;0;0;0;1;NS;;47.66126;6.86109;Non;1.0;;1.0;;0;;;1.0;;;False;;;;;Bois;;Individuel;m;n;m;2020-03;90075;0000;900750000;Z;90;;;;;;;2168.54
pr;m;v;0;210;3700.0;7;452500;;;0;0;1;1;D;224;47.57259;6.95058;Non;1.0;;;;0;C;;2.0;;;;;;;;;;Individuel;a;n;m;2020-03;90051;0000;900510000;Z;90;;;;;;;2154.76
pr;a;v;0;81;;4;174450;;;0;0;0;0;0;;47.51099;7.00862;Non;;;;;0;;;;;;;;;;;;;;ca;o;a;2020-03;90033;0101;900330101;H;90;;;;7.44;3.0;0.041;2153.7
pr;m;v;0;185;1455.0;5;343200;;;0;0;0;2;E;272;47.66676;6.78573;Non;1.0;;1.0;;Est-Ouest;C;;2.0;;;False;;;;;Électrique;;Individuel;m;n;m;2020-03;90042;0000;900420000;Z;90;;;;;;;1855.14
pr;a;v;0;81;;4;187100;;;0;0;0;0;0;;47.55971;6.85204;Non;;;;;0;;;;;;;;;;;;;;ca;o;a;2020-03;90022;0000;900220000;Z;90;;;;;;;2309.88
pr;a;v;0;88;;5;193400;;;0;0;0;0;0;;47.55971;6.85204;Non;;;;;0;;;;;;;;;;;;;;ca;o;a;2020-03;90022;0000;900220000;Z;90;;;;;;;2197.73
pr;m;v;0;116;250.0;6;234000;;;0;0;1;0;B;87;47.5585;6.83625;Non;1.0;;1.0;;0;A;2019.0;2.0;;;;;;;;;;Individuel;a;n;m;2020-03;90022;0000;900220000;Z;90;;;;;;;2017.24
pr;m;v;0;104;;5;130000;;;574;0;0;0;D;215;47.7667;6.81667;Oui;;;;;0;E;;;;;;;;;;;;;a;n;m;2020-03;90065;0000;900650000;Z;90;;;;;;;1250.0
pr;m;v;0;104;444.0;5;137000;;;0;0;0;1;D;215;47.76231;6.81919;Oui;2.0;;1.0;True;Sud-Est;E;1930.0;2.0;;;;;;;;Gaz;Radiateur;;a;n;m;2020-03;90065;0000;900650000;Z;90;;;;;;;1317.31
pr;m;v;0;92;;5;90000;;;408;0;0;0;G;451;47.65493;6.94196;Non;;;;;0;G;;;;;;;;;;;;;a;n;m;2020-03;90080;0000;900800000;Z;90;;;;;;;978.26
pr;a;v;3;65;;4;30000;;;0;1;1;0;0;;47.63494;6.8441;Oui;4.0;;;True;0;;1970.0;1.0;;;;;False;8.0;1800.0;Gaz;Radiateur;Collectif;a;n;a;2020-03;90010;0301;900100301;H;90;7.45;1.0;0.194;8.84;19.0;0.23;461.54
pr;a;v;4;64;;3;71000;;;0;0;0;1;D;226;47.63423;6.84536;Non;10.0;;;True;0;E;;1.0;;;;;True;20.0;1576.0;Gaz;Radiateur;Collectif;a;n;a;2020-03;90010;0301;900100301;H;90;8.17;2.0;0.088;9.09;68.0;0.098;1109.38
pr;a;v;0;64;;4;35000;;;0;0;0;1;E;257;47.63598;6.84096;Non;;;;;0;F;;;;;False;;False;;;;;;m;n;a;2020-03;90010;0301;900100301;H;90;7.45;1.0;0.163;8.84;19.0;0.194;546.88
pr;a;v;3;67;;3;75000;;;0;0;0;1;D;218;47.66617;6.84639;Oui;3.0;;2.0;True;0;E;;1.0;;;False;;True;88.0;1680.0;Gaz;;Individuel;m;n;a;2020-03;90099;0000;900990000;Z;90;8.5;5.0;0.091;8.5;5.0;0.091;1119.4
pr;m;v;0;92;639.0;4;181900;;;0;1;1;2;F;443;47.68016;6.85798;Non;;;3.0;True;0;G;1970.0;2.0;;;;;;;;Gaz;Radiateur;Individuel;a;n;m;2020-03;90099;0000;900990000;Z;90;;;;;;;1977.17
pr;a;v;0;35;;2;66000;;;0;0;1;0;VI;;47.66383;6.84898;Non;1.0;;;True;0;G;;1.0;;;;;False;10.0;400.0;Électrique;Radiateur;Individuel;a;n;a;2020-03;90099;0000;900990000;Z;90;12.67;1.0;0.081;12.67;1.0;0.081;1885.71
pr;m;v;0;133;661.0;6;275000;;;0;0;1;1;B;56.0;47.68707;6.82158;Non;1.0;;4.0;False;Nord-Sud;B;2015.0;2.0;1.0;;False;;;;;Gaz;;Individuel;a;n;m;2020-03;90093;0000;900930000;Z;90;;;;;;;2067.67
pr;m;v;0;175;;9;380000;;;1575;0;0;0;F;377;47.68726;6.81874;Non;;;;;0;G;;;;;;;;;;;;;a;n;m;2020-03;90093;0000;900930000;Z;90;;;;;;;2171.43
pr;a;v;2;68;;3;155150;;;0;1;0;1;D;177;47.61887;6.82793;Non;3.0;;2.0;;0;E;2007.0;1.0;;;True;;True;24.0;1476.0;Gaz;Radiateur;Individuel;a;n;a;2020-03;90008;0000;900080000;Z;90;;;;;;;2281.62
pr;mn;v;0;160;1633.0;6;559179;380001.0;179178.0;0;0;0;0;0;;47.62552;6.83673;0;;;;;0;;;;;;;;;;;;;;cm;o;m;2020-03;90008;0000;900080000;Z;90;;;;;;;3494.87
pr;m;v;0;100;400.0;5;147000;;;0;0;0;1;VI;;47.56271;6.92008;Oui;;;;False;0;VI;;2.0;;;;;;;;Fioul;;;m;n;m;2020-03;90017;0000;900170000;Z;90;;;;;;;1470.0
pr;mn;v;0;92;600.0;6;195000;147000.0;48000.0;0;0;0;0;0;;47.62744;6.93357;0;;;;;0;;;;;;;;;;;;;;cm;o;m;2020-03;90026;0000;900260000;Z;90;;;;;;;2119.57
pr;mn;v;0;90;600.0;5;195000;147000.0;48000.0;0;0;0;0;0;;47.62744;6.93357;0;;;;;0;;;;;;;;;;;;;;cm;o;m;2020-03;90026;0000;900260000;Z;90;8.89;1.0;0.049;8.89;1.0;0.049;2166.67
pr;mn;v;0;100;600.0;4;190000;142000.0;48000.0;0;0;0;0;0;;47.62744;6.93357;0;;;;;0;;;;;;;;;;;;;;cm;o;m;2020-03;90026;0000;900260000;Z;90;;;;;;;1900.0
pr;m;v;0;260;1500.0;9;374500;;;0;0;1;3;C;113;47.62592;6.86157;Oui;1.0;;2.0;True;Sud;D;;3.0;;;False;;;;;Gaz;;Individuel;m;n;m;2020-03;90010;0501;900100501;H;90;10.0;1.0;0.083;10.0;1.0;0.083;1440.38
pr;a;v;0;40;;2;63000;;;0;0;0;0;D;206.6;47.63625;6.85603;Non;;;;;0;E;;;;;False;;False;;;;;;m;n;a;2020-03;90010;0501;900100501;H;90;11.66;12.0;0.089;10.0;89.0;0.076;1575.0
pr;a;v;4;72;;3;94000;;;0;1;1;1;D;208;47.63058;6.85815;Non;4.0;;1.0;True;Nord-Sud;E;;1.0;;;False;;False;165.0;2400.0;Gaz;;Individuel;m;n;a;2020-03;90010;0501;900100501;H;90;9.56;13.0;0.088;9.09;68.0;0.084;1305.56
pr;a;v;0;100;;3;187000;;;0;0;0;1;VI;;47.63603;6.85657;Non;1.0;;;False;0;G;1989.0;1.0;;;;;False;;;Électrique;Radiateur;Individuel;a;n;a;2020-03;90010;0501;900100501;H;90;9.56;13.0;0.061;9.09;68.0;0.058;1870.0
pr;a;v;0;179;;7;230000;;;967;0;0;0;D;221;47.63703;6.85724;Non;;;;;0;E;;;;;;;;26.0;;;;;a;n;a;2020-03;90010;0501;900100501;H;90;;;;;;;1284.92
pr;a;v;5;90;;4;117990;;;0;1;0;1;F;365;47.63261;6.85302;Non;5.0;;;;0;G;;1.0;;;False;;True;38.0;3120.0;Gaz;;Collectif;m;n;a;2020-03;90010;0501;900100501;H;90;9.12;7.0;0.083;8.84;19.0;0.081;1311.0
pr;m;v;0;110;;4;134000;;;0;0;1;0;D;;47.54318;6.96542;Oui;1.0;;4.0;;0;F;;1.0;;;;;;;;Gaz;;;a;n;m;2020-03;90053;0000;900530000;Z;90;;;;;;;1218.18
pr;a;v;4;61;;4;59000;;;0;0;0;1;E;282;47.63759;6.83469;Oui;4.0;;;True;0;F;1965.0;1.0;;;;;False;24.0;1800.0;Gaz;Radiateur;Collectif;a;n;a;2020-03;90010;0202;900100202;H;90;;;;8.84;19.0;0.11;967.21
pr;m;v;0;100;170.0;5;147000;;;0;0;0;1;D;176;47.53389;6.95649;Non;2.0;;;False;0;D;;2.0;;;;;;;;Fioul;;;m;n;m;2020-03;90053;0000;900530000;Z;90;;;;;;;1470.0
pr;m;v;0;160;250.0;6;222500;;;0;0;1;1;C;146;47.53763;6.96626;Oui;3.0;;2.0;False;Sud;A;1922.0;1.0;;;;;;;;Électrique;Radiateur;Individuel;a;n;m;2020-03;90053;0000;900530000;Z;90;;;;;;;1390.62
pr;a;v;5;56;;3;76882;;;0;0;0;0;E;251.0;47.63673;6.83488;Non;;;;True;Sud;F;;;;;False;;False;45.0;3390.0;;;;a;n;a;2020-03;90010;0202;900100202;H;90;9.67;3.0;0.085;9.09;68.0;0.079;1372.89
pr;a;v;3;45;;2;59000;;;0;0;1;0;D;157;47.64794;6.85705;Oui;1.0;;1.0;True;0;E;;1.0;;;False;;False;;1020.0;;;;a;n;a;2020-03;90010;0402;900100402;H;90;10.78;7.0;0.099;10.0;89.0;0.092;1311.11
pr;a;pi;0;45;;2;50000;;;252;0;0;0;D;157;47.64818;6.85695;Non;;;;;0;E;;;;;;;;;;;;;a;n;a;2020-03;90010;0402;900100402;H;90;10.78;7.0;0.116;10.0;89.0;0.108;1111.11
pr;m;v;0;208;5000.0;8;460000;;;0;0;0;0;0;;47.74461;6.95598;Non;;;;False;0;;;;;;;;;;;;;;a;n;m;2020-03;90089;0000;900890000;Z;90;;;;;;;2211.54
pr;m;v;0;121;1450.0;6;299000;;;0;0;1;1;C;136.0;47.73669;6.96723;Oui;;;2.0;False;0;D;2000.0;2.0;;;;;;;;Fioul;;Individuel;a;n;m;2020-03;90089;0000;900890000;Z;90;;;;;;;2471.07
pr;a;v;1;84;;5;66000;;;0;0;0;1;0;;47.65995;6.84335;Oui;4.0;;0.0;;0;;;1.0;0.0;;False;;False;7.0;500.0;Gaz;;Individuel;a;n;a;2020-03;90010;0101;900100101;H;90;;;;7.42;15.0;0.113;785.71
pr;a;v;1;135;;6;110000;;;0;0;0;1;D;224.0;47.65952;6.84367;Oui;2.0;;;True;0;E;1960.0;1.0;;;;;;8.0;600.0;Gaz;;Individuel;a;n;a;2020-03;90010;0101;900100101;H;90;;;;;;;814.81
pr;m;v;0;111;;5;210000;;;0;0;0;0;0;;47.72209;6.92575;Non;1.0;;;False;Sud;;1975.0;;;;;;;;;Électrique;Radiateur;Individuel;a;n;m;2020-03;90041;0000;900410000;Z;90;;;;;;;1891.89
pr;m;v;0;245;2144.0;11;191000;;;0;0;0;0;D;226;47.71842;6.92409;Oui;1.0;;;False;Sud;E;1900.0;;;;;;;;;Fioul;Radiateur;Individuel;a;n;m;2020-03;90041;0000;900410000;Z;90;;;;;;;779.59
pr;a;v;3;45;;2;27000;;;0;0;0;0;NS;;47.63126;6.868;Non;3.0;;;True;0;NS;;1.0;;;;;;5.0;;;;;a;n;a;2020-03;90010;0503;900100503;H;90;12.16;1.0;0.243;10.0;89.0;0.2;600.0
pr;a;v;1;77;;3;158000;;;0;0;1;0;D;194;47.63117;6.86621;Non;4.0;;;True;0;E;;1.0;1.0;;;;False;;1920.0;Gaz;Radiateur;Collectif;a;n;a;2020-03;90010;0503;900100503;H;90;;;;9.09;68.0;0.053;2051.95
pr;a;v;2;63;;4;99975;;;0;0;1;0;VI;;47.47419;6.93435;Non;;;2.0;True;0;;;1.0;;;;;;;;;;Individuel;a;n;a;2020-03;90009;0101;900090101;H;90;;;;;;;1586.9
pr;a;v;0;83;;4;139900;;;0;1;0;1;F;428.0;47.48606;6.91527;Oui;;;;False;Sud;D;1985.0;2.0;1.0;;;;False;4.0;830.0;;;Individuel;a;n;a;2020-03;90009;0101;900090101;H;90;;;;;;;1685.54
pr;a;v;0;71;;3;112000;;;0;1;0;1;E;274;47.65488;6.85176;Oui;3.0;;1.0;;Ouest;C;2009.0;1.0;;;True;;True;40.0;1200.0;;;Individuel;a;n;a;2020-03;90010;0102;900100102;H;90;8.66;4.0;0.066;9.09;68.0;0.069;1577.46
pr;a;v;3;63;;2;55000;;;0;0;1;0;0;;47.65463;6.84913;Oui;3.0;;;False;Est;;1940.0;1.0;;;;;False;;240.0;Électrique;Radiateur;Individuel;a;n;a;2020-03;90010;0102;900100102;H;90;9.0;13.0;0.124;10.0;89.0;0.137;873.02
pr;a;v;2;56;;2;61000;;;0;0;0;1;E;283.0;47.65619;6.85006;Non;2.0;;1.0;;Sud-Ouest;C;2007.0;;0.0;;;;False;282.0;900.0;Électrique;Convecteur;Individuel;a;n;a;2020-03;90010;0102;900100102;H;90;9.0;13.0;0.099;10.0;89.0;0.11;1089.29
pr;m;v;0;63;;4;140000;;;619;0;0;0;0;;47.67847;6.91142;Non;;;;;0;;;;;;;;;;;;;;a;n;m;2020-03;90087;0000;900870000;Z;90;;;;;;;2222.22
pr;a;v;5;45;;3;45000;;;0;1;0;1;D;209.0;47.63143;6.83748;Non;10.0;;;True;0;E;;1.0;;;False;;True;90.0;1944.0;;;;m;n;a;2020-03;90010;0204;900100204;H;90;;;;9.09;68.0;0.109;1000.0
pr;m;v;0;100;567.0;4;150000;;;0;0;0;1;D;;47.71883;6.87999;Non;;;;;0;C;1980.0;1.0;;;;;;;;Électrique;;Individuel;a;n;m;2020-03;90054;0000;900540000;Z;90;;;;;;;1500.0
pr;m;v;0;110;4400.0;5;195000;;;0;0;1;0;E;290;47.72551;6.8901;Oui;;;2.0;False;0;G;1898.0;1.0;;;;;;;;Fioul;;Individuel;a;n;m;2020-03;90054;0000;900540000;Z;90;;;;;;;1772.73
pr;m;v;0;100;450.0;4;210000;;;0;0;0;1;D;;47.71983;6.82969;Non;1.0;;3.0;;0;D;;1.0;;;;;;;;Gaz;;Individuel;a;n;m;2020-03;90023;0000;900230000;Z;90;;;;;;;2100.0
pr;m;v;0;128;1099.0;6;343000;;;0;0;0;1;C;146.0;47.58091;6.93617;Non;1.0;;1.0;;Sud;B;;2.0;;;False;;;;;;;Individuel;m;n;m;2020-03;90021;0000;900210000;Z;90;;;;;;;2679.69
pr;m;v;0;132;325.0;6;155000;;;0;0;1;1;E;245.0;47.71668;7.01955;Oui;1.0;;;False;Nord;C;2012.0;2.0;;;;;;;;Électrique;Radiateur;Individuel;a;n;m;2020-03;90058;0000;900580000;Z;90;;;;;;;1174.24
pr;m;v;0;200;1100.0;7;280800;;;0;0;1;1;D;183;47.70136;6.94161;Non;3.0;;4.0;;0;E;;3.0;;;False;;;;;;Pompe à chaleur;Individuel;m;n;m;2020-03;90003;0000;900030000;Z;90;;;;;;;1404.0
pr;m;v;0;230;14000.0;7;520000;;;0;0;0;3;C;103;47.69378;6.93601;Non;1.0;;;False;0;B;2004.0;3.0;;;;;;;;;;;a;n;m;2020-03;90003;0000;900030000;Z;90;;;;;;;2260.87
pr;m;v;0;213;1516.0;8;348000;;;0;0;1;1;C;123;47.70004;6.93032;Oui;;;2.0;False;0;D;1850.0;2.0;;;;;;;;Fioul;;Individuel;a;n;m;2020-03;90003;0000;900030000;Z;90;;;;;;;1633.8
pr;a;v;0;85;;3;95000;;;0;0;0;1;G;515;47.65066;6.85302;Oui;;;;True;0;C;;2.0;;;False;;False;8.0;150.0;Électrique;;Individuel;m;n;a;2020-03;90010;0103;900100103;H;90;10.67;3.0;0.115;9.09;68.0;0.098;1117.65
pr;a;v;1;74;;3;100700;;;0;1;0;1;D;223;47.65069;6.85116;Oui;3.0;;;True;0;E;1950.0;1.0;;;False;;False;12.0;1200.0;Gaz;Radiateur;Individuel;a;n;a;2020-03;90010;0103;900100103;H;90;10.67;3.0;0.094;9.09;68.0;0.08;1360.81
pr;m;v;0;156;679.0;4;449000;;;0;0;1;1;C;120;47.59659;6.86891;Non;2.0;;3.0;True;0;D;2007.0;2.0;1.0;;False;;;;;Gaz;;Individuel;a;n;m;2020-03;90001;0000;900010000;Z;90;;;;;;;2878.21
pr;a;v;0;83;208.0;4;248000;;;0;0;0;1;VI;;47.64515;6.80032;Non;1.0;;;True;0;VI;;1.0;;;;;False;;;Gaz;;Individuel;a;n;a;2020-03;90039;0000;900390000;Z;90;8.8;2.0;0.035;8.8;2.0;0.035;2987.95
pr;a;v;0;78;;3;240000;;;0;0;0;1;VI;;47.64515;6.80032;Non;1.0;;;True;0;VI;;1.0;;;;;False;;;Gaz;;Individuel;a;n;a;2020-03;90039;0000;900390000;Z;90;10.25;5.0;0.04;10.25;5.0;0.04;3076.92
pr;a;v;0;77;56.0;4;230000;;;0;0;0;1;VI;;47.6313;6.81231;Non;1.0;;;True;0;VI;;1.0;;;;;False;;;Gaz;;Individuel;a;n;a;2020-03;90039;0000;900390000;Z;90;8.8;2.0;0.035;8.8;2.0;0.035;2987.01
pr;m;v;0;127;800.0;6;232000;;;0;0;0;1;D;227.0;47.72943;6.99009;Oui;1.0;;2.0;False;Sud-Est-Ouest;C;2010.0;2.0;1.0;;;;;;;;;;a;n;m;2020-03;90066;0000;900660000;Z;90;;;;;;;1826.77
pr;m;v;0;130;800.0;6;289000;;;0;0;0;0;B;85.0;47.65728;6.96614;Non;;;;False;0;A;;;;;;;;;;;;;a;n;m;2020-03;90059;0000;900590000;Z;90;;;;;;;2223.08
pr;m;v;0;180;2100.0;6;340000;;;0;0;2;1;C;91;47.68791;6.97781;Non;;;2.0;False;0;C;2012.0;2.0;;;;;;;;;;Individuel;a;n;m;2020-03;90060;0000;900600000;Z;90;;;;;;;1888.89
pr;a;v;0;70;;3;132500;;;0;0;0;1;VI;;47.6472;6.84804;Oui;3.0;;1.0;True;0;VI;;1.0;;;False;;True;63.0;2138.0;Électrique;;Individuel;a;n;a;2020-03;90010;0401;900100401;H;90;8.54;10.0;0.054;9.09;68.0;0.058;1892.86
pr;a;v;1;100;;4;77500;;;0;0;0;1;C;116;47.64698;6.85168;Non;3.0;;1.0;True;0;D;;1.0;;;False;;False;17.0;1085.0;Gaz;;Individuel;m;n;a;2020-03;90010;0401;900100401;H;90;9.5;1.0;0.147;8.84;19.0;0.137;775.0
pr;a;v;0;66;;3;121900;;;0;0;0;1;VI;;47.6472;6.84804;Oui;3.0;;1.0;True;0;G;1930.0;1.0;;;False;;True;63.0;2138.0;Gaz;Radiateur;Collectif;a;n;a;2020-03;90010;0401;900100401;H;90;8.54;10.0;0.056;9.09;68.0;0.059;1846.97
pr;a;v;5;60;;4;45000;;;0;0;0;1;VI;;47.64279;6.8422;Non;;;1.0;True;0;;;1.0;;;;;True;;;Gaz;Radiateur;Collectif;a;n;a;2020-03;90010;0205;900100205;A;90;8.24;1.0;0.132;8.84;19.0;0.141;750.0
pr;a;v;1;44;;2;75000;;;0;0;2;1;NS;;47.64279;6.8422;Non;;;;True;0;;;1.0;;;;;;;;Gaz;Radiateur;Collectif;a;n;a;2020-03;90010;0205;900100205;A;90;11.32;2.0;0.08;10.0;89.0;0.07;1704.55
pr;a;v;1;68;;3;83850;;;0;0;0;1;E;294;47.64279;6.8422;Non;;;1.0;True;0;F;;1.0;;;;;True;240.0;;Gaz;;Individuel;a;n;a;2020-03;90010;0205;900100205;A;90;17.39;1.0;0.169;9.09;68.0;0.089;1233.09
pr;a;v;0;105;;5;100000;;;0;0;0;1;E;232.0;47.6386;6.86161;Non;4.0;;1.0;True;0;E;;1.0;;;False;;True;106.0;3580.0;Gaz;;Collectif;m;n;a;2020-03;90010;0502;900100502;H;90;9.33;3.0;0.118;7.42;15.0;0.093;952.38
pr;a;v;0;51;;3;85000;;;0;0;1;0;D;173;47.63326;6.86388;Oui;4.0;;;True;0;E;1900.0;1.0;;;False;;False;2.0;600.0;Gaz;Radiateur;Individuel;a;n;a;2020-02;90010;0502;900100502;H;90;8.57;4.0;0.062;9.09;68.0;0.065;1666.67
pr;a;v;0;22;;1;30000;;;0;0;1;0;0;;47.63363;6.86574;Oui;;;;False;0;;;1.0;;;;;;;;;;Collectif;a;n;a;2020-02;90010;0502;900100502;H;90;14.33;1.0;0.126;13.42;30.0;0.118;1363.64
pr;a;v;3;58;;3;34000;;;0;1;0;1;0;;47.6344;6.84935;Oui;4.0;;;True;0;;1950.0;1.0;;;;;False;60.0;;Gaz;Radiateur;Collectif;a;n;a;2020-02;90010;0303;900100303;H;90;7.38;2.0;0.151;9.09;68.0;0.186;586.21
pr;a;v;2;166;;7;220000;;;0;0;0;1;VI;;47.63422;6.85128;Oui;2.0;;;True;0;VI;;;;;False;;False;;1408.88;;;;a;n;a;2020-02;90010;0303;900100303;H;90;;;;;;;1325.3
pr;a;v;0;73;;4;72000;;;0;0;1;0;VI;;47.63321;6.84839;Oui;6.0;;;True;Est-Ouest;VI;1960.0;1.0;;;False;;False;77.0;1000.0;Gaz;Radiateur;Individuel;a;n;a;2020-02;90010;0303;900100303;H;90;13.48;2.0;0.164;8.84;19.0;0.108;986.3
pr;a;v;2;166;;7;220000;;;916;0;0;1;0;0;47.63438;6.85095;0;;;;;0;;;;;;;;;;;;;;a;n;a;2020-02;90010;0303;900100303;H;90;;;;;;;1325.3
pr;a;v;0;80;;4;70000;;;326;0;0;0;D;224;47.64376;6.84371;Oui;;;;;0;E;;;;;;;;8.0;;;;;a;n;a;2020-02;90010;0205;900100205;A;90;8.24;1.0;0.113;8.84;19.0;0.121;875.0
pr;a;v;3;56;;3;59000;;;0;0;0;1;C;;47.64279;6.8422;Non;;;1.0;True;0;D;;1.0;;;;;;;;Gaz;;Individuel;a;n;a;2020-02;90010;0205;900100205;A;90;17.39;1.0;0.198;9.09;68.0;0.104;1053.57
pr;m;v;0;400;7200.0;11;644800;;;0;0;0;3;D;195;47.64279;6.8422;Non;1.0;;;;0;C;;;;;;;;;;;;Individuel;a;n;m;2020-02;90010;0205;900100205;A;90;;;;;;;1612.0
pr;m;v;0;270;877.0;7;384800;;;0;0;2;1;E;327;47.64868;6.85216;Oui;;;;True;0;F;1930.0;3.0;2.0;;False;;;;;Gaz;Radiateur;Individuel;a;n;m;2020-02;90010;0401;900100401;H;90;;;;;;;1425.19
pr;a;v;0;70;;3;55000;;;0;0;0;0;VI;;47.64835;6.85292;Oui;1.0;;;True;0;VI;1930.0;;;;False;;False;15.0;12.0;Gaz;Radiateur;Individuel;m;n;a;2020-02;90010;0401;900100401;H;90;8.54;10.0;0.131;9.09;68.0;0.139;785.71
pr;a;v;0;52;12.0;3;158000;;;0;0;0;1;D;186;47.6346;6.82311;Oui;3.0;;;True;0;E;2016.0;1.0;;;;;True;36.0;756.0;Gaz;Radiateur;Individuel;a;n;a;2020-02;90039;0000;900390000;Z;90;10.25;5.0;0.04;10.25;5.0;0.04;3038.46
pr;m;v;0;180;1640.0;7;305000;;;0;0;1;1;VI;;47.62783;6.8186;Oui;;;;False;0;G;;2.0;;;;;;;;Gaz;Radiateur;Individuel;a;n;m;2020-02;90039;0000;900390000;Z;90;;;;;;;1694.44
pr;m;v;0;80;472.0;4;105350;;;0;1;0;1;G;666;47.6272;6.81831;Non;1.0;;3.0;True;0;D;1950.0;1.0;;;False;;;;;Électrique;Radiateur;Individuel;a;n;m;2020-02;90039;0000;900390000;Z;90;;;;;;;1316.88
pr;m;v;0;170;693.0;7;229000;;;0;0;0;1;C;120.6;47.63512;6.82232;Oui;3.0;;;True;0;D;1950.0;;1.0;;;;;;;Gaz;Radiateur;Individuel;a;n;m;2020-02;90039;0000;900390000;Z;90;;;;;;;1347.06
pr;m;v;0;170;693.0;7;229000;;;0;0;0;1;C;121.0;47.62603;6.81855;Non;3.0;;0.0;False;0;D;1950.0;;1.0;;;;;;;;;;a;n;m;2020-02;90039;0000;900390000;Z;90;;;;;;;1347.06
pr;m;v;0;113;840.0;6;295000;;;0;0;0;0;B;51;47.70006;7.00844;Oui;1.0;;;False;0;A;2019.0;;;;False;;;;;;;;m;n;m;2020-02;90002;0000;900020000;Z;90;;;;;;;2610.62
pr;a;v;1;92;;5;115000;;;483;1;0;1;D;229;47.65295;6.85333;0;;;;;0;;;;;;;;;;;;;;a;n;a;2020-02;90010;0103;900100103;H;90;;;;7.42;15.0;0.071;1250.0
pr;a;v;1;92;;5;115000;;;0;1;0;1;E;231;47.65253;6.85315;Oui;;;;True;Sud;E;;;;;False;;False;39.0;2876.32;;;;a;n;a;2020-02;90010;0103;900100103;H;90;;;;7.42;15.0;0.071;1250.0
pr;a;v;3;50;;3;60000;;;0;0;1;0;E;275;47.65159;6.85228;Non;;;0.0;;0;G;1930.0;;0.0;;;;False;;;;;;a;n;a;2020-02;90010;0103;900100103;H;90;10.67;3.0;0.107;9.09;68.0;0.091;1200.0
pr;a;v;3;55;;2;55000;;;0;0;0;1;0;;47.65041;6.84939;Non;;;0.0;;0;;1940.0;;0.0;;;;False;;;;;;a;n;a;2020-02;90010;0103;900100103;H;90;10.0;5.0;0.12;10.0;89.0;0.12;1000.0
pr;a;v;0;41;;2;65000;;;0;0;1;0;VI;;47.65175;6.85089;Non;1.0;;;True;0;VI;1948.0;1.0;;;;;False;19.0;754.0;Gaz;Radiateur;Individuel;a;n;a;2020-02;90010;0103;900100103;H;90;10.0;5.0;0.076;10.0;89.0;0.076;1585.37
pr;a;v;3;55;;2;55000;;;0;0;0;1;NS;;47.6518;6.85092;Oui;3.0;;;False;0;NS;1940.0;1.0;;;;;;;330.0;Gaz;Radiateur;Individuel;a;n;a;2020-02;90010;0103;900100103;H;90;10.0;5.0;0.12;10.0;89.0;0.12;1000.0
pr;a;v;0;50;;3;60000;;;0;0;1;0;E;275;47.65213;6.8532;Non;3.0;;;True;0;G;1930.0;1.0;;;;;False;6.0;1200.0;Fioul;Radiateur;Collectif;a;n;a;2020-02;90010;0103;900100103;H;90;10.67;3.0;0.107;9.09;68.0;0.091;1200.0
pr;a;v;0;63;;3;139000;;;0;1;0;1;VI;;47.64716;6.8559;Oui;3.0;;;True;Sud-Est;VI;2005.0;1.0;;;True;;True;;1300.0;Gaz;Radiateur;Individuel;a;n;a;2020-02;90010;0402;900100402;H;90;8.6;11.0;0.047;9.09;68.0;0.049;2206.35
pr;m;v;0;67;342.0;3;125000;;;0;1;0;1;F;410;47.64742;6.85552;Oui;1.0;;1.0;True;sud-est;C;;1.0;;;False;;;8.0;525.0;Électrique;;Individuel;m;n;m;2020-02;90010;0402;900100402;H;90;;;;;;;1865.67
pr;m;v;0;165;;8;214000;;;0;0;0;0;E;276.0;47.6432;6.8606;Non;3.0;;0.0;False;0;A;;;0.0;;;;;;;;;;a;n;m;2020-02;90010;0402;900100402;H;90;;;;;;;1296.97
pr;m;v;0;165;;8;214000;;;0;0;0;0;E;276.0;47.64411;6.85895;Oui;3.0;;;False;Sud-Est;A;;;;;;;;;;Électrique;Radiateur;Individuel;a;n;m;2020-02;90010;0402;900100402;H;90;;;;;;;1296.97
pr;a;v;0;26;;1;39000;;;0;0;1;0;VI;;47.63986;6.8576;Non;3.0;;;;0;VI;1900.0;1.0;;;;;False;14.0;350.0;Électrique;Radiateur;Individuel;a;n;a;2020-02;90010;0402;900100402;H;90;16.67;5.0;0.133;13.42;30.0;0.107;1500.0
pr;m;v;0;125;;6;240000;;;998;0;2;2;D;0;47.51123;7.00919;0;;;;;0;;;;;;;;;;;;;;a;n;m;2020-02;90033;0101;900330101;H;90;;;;;;;1920.0
pr;m;v;0;125;600.0;7;157000;;;0;0;1;1;D;189.0;47.51404;7.02134;Non;2.0;;;True;0;E;;2.0;;;;;;;;Gaz;;;m;n;m;2020-02;90033;0101;900330101;H;90;;;;;;;1256.0
pr;a;pi;2;96;300.0;5;99000;;;0;0;0;1;VI;;47.67256;6.84144;Non;2.0;;;True;0;VI;1940.0;1.0;;;;;False;4.0;;Fioul;;;m;n;a;2020-02;90099;0000;900990000;Z;90;;;;;;;1031.25
pr;m;v;0;110;675.0;5;233500;;;0;0;1;1;D;229;47.67058;6.85238;Non;1.0;;1.0;False;0;C;1996.0;2.0;1.0;;False;;;;;Électrique;Radiateur;Individuel;a;n;m;2020-02;90099;0000;900990000;Z;90;;;;;;;2122.73
pr;m;v;0;250;2800.0;7;315000;;;0;0;0;2;D;191;47.65472;6.84749;Non;2.0;;6.0;False;0;E;1990.0;;2.0;;;;;;;;;;a;n;m;2020-02;90010;0102;900100102;H;90;;;;;;;1260.0
pr;m;v;0;250;2800.0;7;315000;;;0;0;0;2;D;191;47.65509;6.84788;Non;2.0;;6.0;False;Sud;E;1990.0;3.0;2.0;;;;;;;Gaz;Sol;Individuel;a;n;m;2020-02;90010;0102;900100102;H;90;;;;;;;1260.0
pr;a;v;0;22;;1;30000;;;0;0;1;0;0;;47.63109;6.85605;Oui;;;0.0;;0;;;;0.0;;;;False;;;;;;a;n;a;2020-02;90010;0501;900100501;H;90;13.03;11.0;0.115;13.42;30.0;0.118;1363.64
pr;a;v;1;65;;2;61000;;;0;0;1;0;NS;;47.634;6.85574;Oui;2.0;;;True;0;NS;;1.0;;;;;False;;220.0;Gaz;Radiateur;Individuel;a;n;a;2020-02;90010;0501;900100501;H;90;11.66;12.0;0.149;10.0;89.0;0.128;938.46
pr;a;v;1;39;;2;65000;;;0;0;1;0;D;206;47.63602;6.85614;Non;2.0;;;True;0;E;1900.0;1.0;1.0;;True;;False;43.0;1292.0;Gaz;Radiateur;Individuel;a;n;a;2020-02;90010;0501;900100501;H;90;11.66;12.0;0.084;10.0;89.0;0.072;1666.67
pr;a;v;0;91;;4;120000;;;528;0;0;0;E;266;47.63092;6.86189;Non;;;;;0;E;;;;;;;;156.0;;;;;a;n;a;2020-02;90010;0501;900100501;H;90;9.12;7.0;0.083;8.84;19.0;0.08;1318.68
pr;a;v;2;65;;2;61000;;;0;0;1;0;0;;47.63541;6.85456;Non;;;0.0;;0;;;;0.0;;;;False;;;;;;a;n;a;2020-02;90010;0501;900100501;H;90;11.66;12.0;0.149;10.0;89.0;0.128;938.46
pr;a;v;0;45;;2;90000;;;0;0;0;1;C;103;47.63145;6.86177;Oui;4.0;;1.0;;Sud;B;2010.0;1.0;1.0;;;;True;84.0;800.0;Électrique;;Individuel;a;n;a;2020-02;90010;0501;900100501;H;90;11.66;12.0;0.07;10.0;89.0;0.06;2000.0
pr;a;v;0;84;;4;76000;;;0;0;0;1;VI;;47.63484;6.84154;Oui;3.0;;;True;0;G;1960.0;1.0;;;;;False;80.0;1800.0;Gaz;Radiateur;;a;n;a;2020-02;90010;0302;900100302;H;90;;;;8.84;19.0;0.117;904.76
pr;m;v;0;210;1000.0;6;277000;;;0;0;1;2;D;201;47.50229;6.99427;Non;1.0;;;;0;E;;3.0;;;;;;;;Fioul;;Individuel;a;n;m;2020-02;90033;0102;900330102;H;90;;;;;;;1319.05
pr;a;v;0;64;;3;161000;;;0;0;0;0;0;;47.53662;6.97487;Non;;;;;0;;;;;;;;;;;;;;ca;o;a;2020-02;90053;0000;900530000;Z;90;;;;;;;2515.62
pr;a;v;0;42;;2;115000;;;0;0;0;0;0;;47.53662;6.97487;Non;;;;;0;;;;;;;;;;;;;;ca;o;a;2020-02;90053;0000;900530000;Z;90;;;;;;;2738.1
pr;a;v;0;43;;2;123000;;;0;0;0;0;0;;47.53662;6.97487;Non;;;;;0;;;;;;;;;;;;;;ca;o;a;2020-02;90053;0000;900530000;Z;90;;;;;;;2860.47
pr;a;v;0;62;;3;157000;;;0;0;0;0;0;;47.53662;6.97487;Non;;;;;0;;;;;;;;;;;;;;ca;o;a;2020-02;90053;0000;900530000;Z;90;;;;;;;2532.26
pr;a;v;0;65;;3;161000;;;0;0;0;0;0;;47.53662;6.97487;Non;;;;;0;;;;;;;;;;;;;;ca;o;a;2020-02;90053;0000;900530000;Z;90;;;;;;;2476.92
pr;a;v;1;150;;5;192600;;;0;0;0;0;0;;47.55552;6.93126;Non;;;2.0;;0;;2020.0;;0.0;;;;False;;;;;;a;n;a;2020-02;90072;0000;900720000;Z;90;;;;;;;1284.0
pr;m;v;0;110;250.0;5;75000;;;0;0;0;1;VI;;47.54366;6.93488;Oui;2.0;;;True;0;VI;1912.0;2.0;;;;;;;;Fioul;;;m;n;m;2020-02;90072;0000;900720000;Z;90;;;;;;;681.82
pr;m;v;0;95;589.0;6;178450;;;0;0;0;1;F;432.0;47.54405;6.9346;Oui;;;2.0;;0;F;1975.0;1.0;0.0;;;;;;;Gaz;;Individuel;a;n;m;2020-02;90072;0000;900720000;Z;90;;;;;;;1878.42
pr;a;v;2;37;;3;59000;;;0;0;1;0;0;;47.53729;6.93406;Non;;;1.0;;0;;1930.0;;0.0;;;;False;;;;;;a;n;a;2020-02;90072;0000;900720000;Z;90;;;;;;;1594.59
pr;a;v;2;37;;3;59000;;;0;0;1;0;NS;;47.54405;6.94452;Non;2.0;;1.0;True;0;NS;1930.0;1.0;;;;;False;4.0;240.0;Électrique;Radiateur;Individuel;a;n;a;2020-02;90072;0000;900720000;Z;90;;;;;;;1594.59
pr;a;v;0;55;;3;95000;;;0;0;1;0;NS;;47.54405;6.94452;Non;2.0;;1.0;True;0;NS;1930.0;1.0;;;;;False;4.0;240.0;Électrique;Sol;Individuel;a;n;a;2020-02;90072;0000;900720000;Z;90;;;;;;;1727.27
pr;a;v;1;50;;3;79000;;;0;0;1;0;NS;;47.53703;6.9303;Non;2.0;;;True;0;NS;1930.0;1.0;;;;;False;4.0;250.0;Électrique;Radiateur;Individuel;a;n;a;2020-02;90072;0000;900720000;Z;90;;;;;;;1580.0
pr;a;v;2;98;;5;162000;;;0;0;0;1;0;;47.53729;6.93406;Non;;;0.0;;0;;1930.0;;0.0;;;;False;;;;;;a;n;a;2020-02;90072;0000;900720000;Z;90;;;;;;;1653.06
pr;m;v;0;110;;5;75000;;;318;0;0;1;0;0;47.54584;6.9329;0;;;;;0;;;;;;;;;;;;;;a;n;m;2020-02;90072;0000;900720000;Z;90;;;;;;;681.82
pr;m;v;0;100;800.0;5;181900;;;0;0;0;1;NS;;47.55281;6.84288;Non;1.0;;2.0;False;0;NS;1935.0;1.0;;;;;;;;Gaz;Radiateur;Individuel;a;n;m;2020-02;90022;0000;900220000;Z;90;;;;;;;1819.0
pr;m;v;0;100;800.0;5;181900;;;0;0;0;1;0;;47.56026;6.84273;Non;1.0;;2.0;False;0;;1935.0;;0.0;;;;;;;;;;a;n;m;2020-02;90022;0000;900220000;Z;90;;;;;;;1819.0
pr;m;v;0;100;800.0;4;182750;;;0;0;0;0;D;218.0;47.54927;6.84325;Non;;;;;0;E;1930.0;;;;;;;;;;;;a;n;m;2020-02;90022;0000;900220000;Z;90;;;;;;;1827.5
pr;a;v;0;89;153.0;4;193416;;;0;0;1;1;VI;;47.5656;6.84694;Non;;;;False;0;G;2020.0;2.0;1.0;;False;;False;8.0;;Gaz;;Individuel;a;n;a;2020-02;90022;0000;900220000;Z;90;;;;;;;2173.21
pr;m;v;0;213;2880.0;7;315000;;;0;0;0;2;D;191;47.64076;6.84552;Non;;;;False;0;E;1987.0;2.0;;;;;;;;;;;a;n;m;2020-02;90010;0202;900100202;H;90;;;;;;;1478.87
pr;a;v;3;59;;3;78000;;;0;0;0;1;VI;;47.63813;6.83714;Non;3.0;;2.0;True;0;G;1930.0;1.0;;;False;;False;60.0;521.4;Électrique;Radiateur;Individuel;a;n;a;2020-02;90010;0202;900100202;H;90;9.67;3.0;0.088;9.09;68.0;0.083;1322.03
pr;m;v;0;150;900.0;7;199000;;;0;0;0;1;E;246;47.50668;7.00534;Non;;;;True;0;G;1938.0;2.0;;;;;;;;Fioul;;;m;n;m;2020-02;90033;0103;900330103;H;90;;;;;;;1326.67
pr;a;v;0;131;;5;198000;;;825;0;1;1;0;0;47.50744;6.99859;0;;;;;0;;;;;;;;;;;;;;a;n;a;2020-02;90033;0103;900330103;H;90;;;;;;;1511.45
pr;a;v;4;58;;3;34000;;;0;1;0;1;0;;47.63245;6.84682;Non;;;0.0;;0;;1950.0;;0.0;;;;False;;;;;;a;n;a;2020-02;90010;0301;900100301;H;90;8.17;2.0;0.167;9.09;68.0;0.186;586.21
pr;a;v;0;56;;3;76500;;;324;0;0;1;0;0;47.63563;6.83957;0;;;;;0;;;;;;;;;;;;;;a;n;a;2020-02;90010;0301;900100301;H;90;8.17;2.0;0.072;9.09;68.0;0.08;1366.07
pr;m;v;0;160;850.0;7;294000;;;0;0;1;1;D;225;47.57579;6.97038;Oui;1.0;;;True;0;E;2004.0;2.0;;;;;;;;Fioul;;;m;n;m;2020-02;90018;0000;900180000;Z;90;;;;;;;1837.5
pr;m;v;0;160;;7;294000;;;1221;0;1;1;D;225;47.57903;6.97473;0;;;;;0;;;;;;;;;;;;;;a;n;m;2020-02;90018;0000;900180000;Z;90;;;;;;;1837.5
pr;m;v;0;62;257.0;3;148000;;;0;0;0;1;C;145;47.65538;6.88172;Non;1.0;;2.0;False;0;D;;2.0;;;;;;;;Gaz;;;a;n;m;2020-02;90075;0000;900750000;Z;90;8.74;6.0;0.044;8.74;6.0;0.044;2387.1
pr;a;v;2;61;;2;60000;;;0;0;0;1;E;268.0;47.48807;6.92516;Oui;2.0;;0.0;;0;C;;1.0;0.0;;False;;False;12.0;480.0;Gaz;Chaudière;Individuel;a;n;a;2020-02;90009;0102;900090102;H;90;;;;9.07;5.0;0.111;983.61
pr;a;v;5;59;;3;45000;;;0;1;0;1;D;209;47.62855;6.84108;Non;;;;False;0;E;;1.0;;;;;False;;;;;;a;n;a;2020-02;90010;0204;900100204;H;90;;;;9.09;68.0;0.143;762.71
pr;a;v;1;66;;3;65000;;;0;0;0;1;NS;;47.73598;6.96919;Oui;2.0;;1.0;False;0;NS;;1.0;;;;;;5.0;;Gaz;Radiateur;Individuel;a;n;a;2020-02;90089;0000;900890000;Z;90;;;;;;;984.85
pr;a;v;0;70;;4;88000;;;0;0;0;1;F;409;47.62806;6.84979;Non;3.0;;;True;0;G;1970.0;1.0;;;;;False;12.0;1000.0;Gaz;Radiateur;Collectif;a;n;a;2020-02;90010;0304;900100304;H;90;;;;8.84;19.0;0.084;1257.14
pr;a;v;0;78;;4;98000;;;0;1;0;1;VI;;47.6582;6.84824;Non;4.0;;;True;0;VI;;1.0;;;False;;True;63.0;2216.0;Gaz;Radiateur;Collectif;a;n;a;2020-02;90010;0101;900100101;H;90;;;;8.84;19.0;0.084;1256.41
pr;a;v;3;44;;2;75900;;;0;0;0;1;E;330;47.65108;6.86286;Oui;3.0;;1.0;;0;D;2006.0;;0.0;;;;True;90.0;995.0;Électrique;Convecteur;Individuel;a;n;a;2020-02;90010;0504;900100504;H;90;10.5;8.0;0.073;10.0;89.0;0.07;1725.0
pr;m;v;0;102;750.0;5;232000;;;0;0;0;1;E;291;47.65015;6.86398;Oui;1.0;;1.0;False;0;C;2003.0;1.0;;;;;;;;;;;m;n;m;2020-02;90010;0504;900100504;H;90;;;;9.62;1.0;0.051;2274.51
pr;a;v;1;95;;4;108000;;;0;1;1;0;E;300;47.64684;6.86281;Oui;2.0;;;True;0;G;;1.0;;;;;False;12.0;1200.0;Gaz;;;a;n;a;2020-02;90010;0504;900100504;H;90;;;;8.84;19.0;0.093;1136.84
pr;a;v;2;81;;5;119900;;;0;1;0;1;D;156;47.64972;6.8589;Non;;;0.0;;0;E;2003.0;;0.0;;;;False;;;;;;a;n;a;2020-02;90010;0504;900100504;H;90;;;;7.42;15.0;0.06;1480.25
pr;a;v;2;81;;5;119900;;;0;2;0;1;D;156;47.65053;6.86079;Oui;2.0;;;True;0;E;2003.0;1.0;;;;7.0;False;40.0;1596.0;Gaz;Radiateur;Individuel;a;n;a;2020-02;90010;0504;900100504;H;90;;;;7.42;15.0;0.06;1480.25
pr;a;v;3;71;;3;130000;;;0;0;0;1;C;122;47.64296;6.8726;Oui;3.0;;;True;Sud;D;2005.0;1.0;1.0;;;;False;30.0;1800.0;Gaz;Radiateur;Collectif;a;n;a;2020-02;90010;0504;900100504;H;90;9.26;2.0;0.061;9.09;68.0;0.06;1830.99
pr;a;v;3;71;;3;130000;;;0;0;0;1;C;122;47.64365;6.87009;Non;;;0.0;;0;D;2005.0;;1.0;;;;False;;;;;;a;n;a;2020-02;90010;0504;900100504;H;90;9.26;2.0;0.061;9.09;68.0;0.06;1830.99
pr;a;v;0;74;;3;144000;;;0;0;0;1;C;138;47.64191;6.86707;Non;2.0;;;;0;G;1950.0;1.0;1.0;;False;;False;8.0;;Gaz;Radiateur;Individuel;a;n;a;2020-02;90010;0504;900100504;H;90;9.26;2.0;0.057;9.09;68.0;0.056;1945.95
pr;a;v;0;70;;4;39000;;;0;0;1;0;D;203;47.63213;6.84022;Oui;16.0;;;True;0;E;1967.0;1.0;;;False;;True;210.0;2640.0;Gaz;Radiateur;Collectif;a;n;a;2020-02;90010;0203;900100203;H;90;;;;8.84;19.0;0.19;557.14
pr;m;v;0;113;2000.0;4;254000;;;0;0;0;1;0;;47.62903;6.90324;Non;2.0;;0.0;False;0;;2008.0;;1.0;;;;;;;;;;a;n;m;2020-02;90026;0000;900260000;Z;90;;;;;;;2247.79
pr;m;v;0;113;2000.0;4;254000;;;0;1;0;1;0;;47.62778;6.91431;Non;2.0;;;True;0;;2008.0;1.0;1.0;;;7.0;;;;;;Individuel;a;n;m;2020-02;90026;0000;900260000;Z;90;;;;;;;2247.79
pr;m;v;0;35;;3;20000;;;131;0;0;0;0;;47.71607;6.81126;Non;;;;;0;;;;;;;;;;;;;;a;n;m;2020-02;90057;0000;900570000;Z;90;;;;;;;571.43
pr;m;v;0;200;1420.0;10;239000;;;0;0;1;2;D;222;47.69913;6.80857;Non;1.0;;2.0;True;0;C;;2.0;;;False;;;;;Électrique;;Individuel;m;n;m;2020-02;90057;0000;900570000;Z;90;;;;;;;1195.0
pr;m;v;0;191;2018.0;7;380000;;;0;0;1;1;D;213;47.46943;6.9588;Oui;2.0;;2.0;True;0;D;1800.0;4.0;2.0;;False;;;;;Fioul;Radiateur;Individuel;a;n;m;2020-02;90090;0000;900900000;Z;90;;;;;;;1989.53
pr;m;v;0;100;450.0;4;210000;;;0;0;0;1;D;;47.71503;6.83498;Oui;1.0;;3.0;;0;D;;1.0;;;;;;;;Gaz;;Individuel;a;n;m;2020-02;90023;0000;900230000;Z;90;;;;;;;2100.0
pr;m;v;0;139;3250.0;5;229500;;;0;0;1;0;C;95;47.70721;6.84016;Oui;2.0;;;True;0;A;;1.0;;;False;;;;;Électrique;;Individuel;a;n;m;2020-02;90023;0000;900230000;Z;90;;;;;;;1651.08
pr;m;v;0;139;3250.0;5;229500;;;0;0;1;0;C;95;47.71247;6.84359;Non;2.0;;;True;0;A;;1.0;;;False;;;;;Électrique;;Individuel;a;n;m;2020-02;90023;0000;900230000;Z;90;;;;;;;1651.08
pr;m;v;0;120;650.0;5;199000;;;0;0;0;1;D;224;47.5914;7.04784;Oui;1.0;;;False;0;E;;2.0;;;;;;;;;;;m;n;m;2020-02;90025;0000;900250000;Z;90;;;;;;;1658.33
pr;m;v;0;92;251.0;3;143500;;;0;0;0;1;D;205.0;47.66031;6.83471;Non;1.0;;1.0;False;0;F;1960.0;1.0;;;False;;;;;;;;a;n;m;2020-02;90010;0104;900100104;D;90;;;;;;;1559.78
pr;m;v;0;140;971.0;6;213000;;;0;0;0;1;D;186;47.61668;6.77961;Oui;;;;False;0;F;1957.0;2.0;;;;;;;;Fioul;Radiateur;Individuel;a;n;m;2020-02;90020;0000;900200000;Z;90;;;;;;;1521.43
pr;m;v;0;95;667.0;5;193980;;;0;0;0;2;D;214.0;47.64302;6.93938;Oui;;;3.0;False;0;B;2009.0;1.0;;;False;;;;;Électrique;Radiateur;Individuel;a;n;m;2020-02;90012;0000;900120000;Z;90;;;;;;;2041.89
pr;m;v;0;130;839.0;7;149800;;;0;0;1;1;E;303.0;47.72636;6.85262;Non;;;;;0;E;1890.0;2.0;;;False;;;;;Fioul;;Individuel;a;n;m;2020-02;90088;0000;900880000;Z;90;;;;;;;1152.31
pr;m;v;0;93;;4;195000;;;0;0;0;1;VI;;47.73052;6.85105;Oui;;;;;0;;;1.0;;;;;;;;;;;a;n;m;2020-02;90088;0000;900880000;Z;90;;;;;;;2096.77
pr;m;v;0;150;1100.0;6;348000;;;0;0;0;1;C;146;47.57746;6.93214;Non;1.0;;2.0;False;0;B;2013.0;2.0;2.0;;False;;;;;;;Individuel;a;n;m;2020-02;90021;0000;900210000;Z;90;;;;;;;2320.0
pr;m;v;0;61;50.0;3;144450;;;0;0;0;0;D;169;47.63738;6.99417;Non;1.0;;;;0;E;;;;;;;;20.0;10.0;;;;a;n;m;2020-02;90049;0000;900490000;Z;90;;;;;;;2368.03
pr;m;v;0;80;436.0;4;176000;;;0;0;0;1;D;225;47.6383;7.00776;Non;1.0;;5.0;False;0;B;;2.0;;;;;;;;Fioul;;;a;n;m;2020-02;90049;0000;900490000;Z;90;;;;;;;2200.0
pr;m;v;0;240;510.0;9;220000;;;0;0;0;3;D;220;47.74078;6.82703;Oui;2.0;;;False;0;B;1940.0;3.0;3.0;;;;;;;Gaz;Radiateur;Individuel;a;n;m;2020-02;90052;0000;900520000;Z;90;;;;;;;916.67
pr;a;v;1;72;;5;119000;;;0;0;1;1;E;283;47.74188;6.82628;Oui;2.0;;;True;0;F;1900.0;1.0;;;;;;7.0;;Gaz;;Individuel;a;n;a;2020-02;90052;0000;900520000;Z;90;7.83;1.0;0.057;7.83;1.0;0.057;1652.78
pr;a;v;5;59;;3;55000;;;0;1;0;1;D;209;47.63136;6.83826;Non;;;;False;0;E;;1.0;;;;;False;;;;;;a;n;a;2020-01;90010;0204;900100204;H;90;;;;9.09;68.0;0.117;932.2
pr;a;v;5;62;;3;109000;;;0;0;1;0;0;;47.63896;6.86059;Non;;;0.0;;0;;1902.0;;0.0;;;;True;;;;;;a;n;a;2020-01;90010;0502;900100502;H;90;8.57;4.0;0.058;9.09;68.0;0.062;1758.06
pr;a;v;1;62;;3;109000;;;0;0;1;0;VI;;47.6392;6.86231;Non;5.0;;;True;0;VI;1902.0;1.0;;;;;True;15.0;68.0;Gaz;Radiateur;Individuel;a;n;a;2020-01;90010;0502;900100502;H;90;8.57;4.0;0.058;9.09;68.0;0.062;1758.06
pr;a;v;1;29;;2;63000;;;0;0;1;0;A;13;47.63629;6.86078;Non;4.0;;;True;0;A;1990.0;1.0;1.0;;;;True;20.0;840.0;Gaz;Radiateur;Collectif;a;n;a;2020-01;90010;0502;900100502;H;90;9.77;10.0;0.054;10.0;89.0;0.055;2172.41
pr;a;v;4;30;;2;63000;;;0;0;1;0;A;13;47.64183;6.86175;Non;;;0.0;;0;A;1990.0;;1.0;;;;True;;;;;;a;n;a;2020-01;90010;0502;900100502;H;90;9.77;10.0;0.056;10.0;89.0;0.057;2100.0
pr;a;v;2;85;;4;140000;;;0;0;0;1;NS;;47.63802;6.8637;Non;2.0;;;True;0;NS;;1.0;;;;;;2.0;360.0;Électrique;Radiateur;Individuel;a;n;a;2020-01;90010;0502;900100502;H;90;8.2;2.0;0.06;8.84;19.0;0.064;1647.06
pr;a;v;5;84;;4;114000;;;0;0;0;1;E;231.0;47.63976;6.86453;Oui;;;1.0;;0;E;1977.0;;2.0;;;;True;;;;;;a;n;a;2020-01;90010;0502;900100502;H;90;8.2;2.0;0.073;8.84;19.0;0.078;1357.14
pr;a;v;0;105;;5;150000;;;0;0;1;1;E;;47.63688;6.86718;Non;4.0;;;True;Sud-Ouest;F;1970.0;1.0;;;;;True;40.0;3000.0;;Radiateur;Collectif;a;n;a;2020-01;90010;0502;900100502;H;90;9.33;3.0;0.078;7.42;15.0;0.062;1428.57
pr;a;v;1;62;;2;107500;;;0;0;1;0;E;269.0;47.63956;6.86211;Non;3.0;;;True;0;F;;1.0;;;;;True;27.0;811.0;Gaz;Radiateur;Individuel;a;n;a;2020-01;90010;0502;900100502;H;90;9.77;10.0;0.068;10.0;89.0;0.069;1733.87
pr;a;v;2;65;;4;43000;;;0;0;0;1;D;229;47.63826;6.86264;Oui;5.0;;;False;0;E;;1.0;;;;;;90.0;2160.0;Gaz;;Collectif;a;n;a;2020-01;90010;0502;900100502;H;90;8.2;2.0;0.149;8.84;19.0;0.16;661.54
pr;a;v;3;64;;4;45000;;;0;0;0;1;E;300;47.63164;6.86491;Non;3.0;;;True;0;F;1970.0;1.0;;;;;False;;2400.0;;Radiateur;Collectif;a;n;a;2020-01;90010;0502;900100502;H;90;8.2;2.0;0.14;8.84;19.0;0.151;703.12
pr;a;v;0;70;;3;138300;;;0;0;0;1;E;279;47.63756;6.85857;Oui;5.0;;;True;Est-Ouest;F;1950.0;1.0;;;False;;True;;;Gaz;Radiateur;Individuel;a;n;a;2020-01;90010;0502;900100502;H;90;8.57;4.0;0.052;9.09;68.0;0.055;1975.71
pr;a;v;1;120;;4;200000;;;0;0;2;0;D;170.0;47.64031;6.86076;Oui;;;;True;0;E;;1.0;;;False;;True;27.0;1599.0;Gaz;Radiateur;Individuel;a;n;a;2020-01;90010;0502;900100502;H;90;8.2;2.0;0.059;8.84;19.0;0.064;1666.67
pr;a;v;1;115;;4;198875;;;0;0;0;0;C;129.0;47.63881;6.86205;Non;4.0;;;True;0;D;;;;;;;False;24.0;840.0;Gaz;Radiateur;Individuel;a;n;a;2020-01;90010;0502;900100502;H;90;8.2;2.0;0.057;8.84;19.0;0.061;1729.35
pr;a;v;0;82;;5;173000;;;0;0;0;1;NS;;47.55285;6.87689;Non;0.0;;1.0;;0;;;1.0;1.0;;False;;False;4.0;200.0;Gaz;Sol;Individuel;a;n;a;2020-01;90097;0000;900970000;Z;90;;;;;;;2109.76
pr;a;v;4;93;;4;121800;;;0;0;0;0;VI;;47.55541;6.9326;Non;4.0;;2.0;True;0;VI;;;;;;;True;40.0;960.0;Gaz;Radiateur;Individuel;a;n;a;2020-01;90072;0000;900720000;Z;90;;;;;;;1309.68
pr;a;v;4;56;;3;74000;;;0;0;0;0;0;;47.55552;6.93126;Non;;;2.0;;0;;;;0.0;;;;True;;;;;;a;n;a;2020-01;90072;0000;900720000;Z;90;;;;;;;1321.43
pr;a;v;4;65;;2;85000;;;0;0;0;0;0;;47.55552;6.93126;Non;;;2.0;;0;;;;0.0;;;;True;;;;;;a;n;a;2020-01;90072;0000;900720000;Z;90;;;;;;;1307.69
pr;a;v;4;92;;4;120800;;;0;0;0;0;VI;;47.55541;6.9326;Non;4.0;;2.0;True;0;VI;;;;;;;True;40.0;960.0;Gaz;Radiateur;Individuel;a;n;a;2020-01;90072;0000;900720000;Z;90;;;;;;;1313.04
pr;a;v;3;95;;4;124500;;;0;0;0;0;VI;;47.55541;6.9326;Non;4.0;;2.0;True;0;VI;;;;;;;True;40.0;960.0;Gaz;Radiateur;Individuel;a;n;a;2020-01;90072;0000;900720000;Z;90;;;;;;;1310.53
pr;a;v;4;92;;4;120800;;;0;0;0;0;0;;47.55552;6.93126;Non;;;2.0;;0;;;;0.0;;;;True;;;;;;a;n;a;2020-01;90072;0000;900720000;Z;90;;;;;;;1313.04
pr;a;v;4;93;;4;121800;;;0;0;0;0;0;;47.55552;6.93126;Non;;;2.0;;0;;;;0.0;;;;True;;;;;;a;n;a;2020-01;90072;0000;900720000;Z;90;;;;;;;1309.68
pr;a;v;4;51;;2;66800;;;0;0;0;0;0;;47.55552;6.93126;Non;;;2.0;;0;;;;0.0;;;;True;;;;;;a;n;a;2020-01;90072;0000;900720000;Z;90;;;;;;;1309.8
pr;a;v;4;95;;4;124500;;;0;0;0;0;0;;47.55552;6.93126;Non;;;2.0;;0;;;;0.0;;;;True;;;;;;a;n;a;2020-01;90072;0000;900720000;Z;90;;;;;;;1310.53
pr;a;v;4;101;;4;131700;;;0;0;0;0;0;;47.55552;6.93126;Non;;;2.0;;0;;;;0.0;;;;True;;;;;;a;n;a;2020-01;90072;0000;900720000;Z;90;;;;;;;1303.96
pr;a;v;4;69;;3;91000;;;0;0;0;0;0;;47.55552;6.93126;Non;;;2.0;;0;;;;0.0;;;;True;;;;;;a;n;a;2020-01;90072;0000;900720000;Z;90;;;;;;;1318.84
pr;a;v;4;58;;4;76000;;;0;0;0;0;0;;47.55552;6.93126;Non;;;2.0;;0;;;;0.0;;;;True;;;;;;a;n;a;2020-01;90072;0000;900720000;Z;90;;;;;;;1310.34
pr;a;v;4;68;;2;89900;;;0;0;0;0;0;;47.55552;6.93126;Non;;;2.0;;0;;;;0.0;;;;True;;;;;;a;n;a;2020-01;90072;0000;900720000;Z;90;;;;;;;1322.06
pr;a;v;2;136;;7;177000;;;0;0;0;0;NS;;47.55541;6.9326;Non;4.0;;2.0;True;0;NS;;;;;;;True;25.0;1440.0;Gaz;Radiateur;Individuel;a;n;a;2020-01;90072;0000;900720000;Z;90;;;;;;;1301.47
pr;a;v;4;136;;7;177000;;;0;0;0;0;0;;47.55552;6.93126;Non;;;2.0;;0;;;;0.0;;;;True;;;;;;a;n;a;2020-01;90072;0000;900720000;Z;90;;;;;;;1301.47
pr;a;v;4;59;;2;78000;;;0;0;0;0;0;;47.55552;6.93126;Non;;;2.0;;0;;;;0.0;;;;True;;;;;;a;n;a;2020-01;90072;0000;900720000;Z;90;;;;;;;1322.03
pr;m;v;0;168;2346.0;8;336000;;;0;0;0;2;B;75.0;47.68438;7.02584;Oui;;;8.0;;0;B;;;;;;;;;;;;Individuel;a;n;m;2020-01;90100;0000;901000000;Z;90;;;;;;;2000.0
pr;m;v;0;248;1800.0;7;415000;;;0;0;0;2;C;146;47.66532;7.00591;Non;3.0;;2.0;False;0;D;1862.0;1.0;1.0;;False;;;;;Gaz;Radiateur;Individuel;a;n;m;2020-01;90047;0000;900470000;Z;90;;;;;;;1673.39
pr;m;v;0;116;3700.0;6;300000;;;0;0;0;0;E;303;47.51551;7.06524;Oui;1.0;;;False;0;C;2009.0;;;;False;;;;;Électrique;Radiateur;;m;n;m;2020-01;90046;0000;900460000;Z;90;;;;;;;2586.21
pr;a;v;0;86;;3;178000;;;0;0;1;1;C;126;47.64279;6.8422;Non;1.0;;2.0;False;0;D;;2.0;;;;;False;;;Gaz;;;a;n;a;2020-01;90010;0205;900100205;A;90;17.39;1.0;0.101;9.09;68.0;0.053;2069.77
pr;a;v;0;58;;3;65500;;;0;0;1;0;E;292;47.64279;6.8422;Non;;;;True;0;F;;1.0;;;;;False;;;Gaz;;;a;n;a;2020-01;90010;0205;900100205;A;90;17.39;1.0;0.185;9.09;68.0;0.097;1129.31
pr;a;v;1;85;;4;87000;;;0;0;0;1;E;330.0;47.64279;6.8422;Non;;;1.0;True;0;F;;1.0;;;;;;4.0;85.0;Fioul;;Individuel;a;n;a;2020-01;90010;0205;900100205;A;90;8.24;1.0;0.097;8.84;19.0;0.104;1023.53
pr;a;v;1;55;;3;39500;;;0;0;0;1;E;295;47.64279;6.8422;Non;;;;True;0;F;;1.0;;;;;;;;Gaz;Radiateur;Collectif;a;n;a;2020-01;90010;0205;900100205;A;90;17.39;1.0;0.291;9.09;68.0;0.152;718.18
pr;a;v;0;70;;4;160000;;;0;0;0;1;C;137;47.64279;6.8422;Non;;;3.0;;0;D;;1.0;;;;;;4.0;300.0;Gaz;;Individuel;a;n;a;2020-01;90010;0205;900100205;A;90;8.24;1.0;0.043;8.84;19.0;0.046;2285.71
pr;a;v;0;55;;3;99000;;;0;1;0;1;D;214;47.64682;6.8447;Oui;5.0;;1.0;True;Ouest;B;2010.0;1.0;;;False;;True;84.0;800.0;Électrique;;;a;n;a;2020-01;90010;0205;900100205;A;90;17.39;1.0;0.116;9.09;68.0;0.061;1800.0
pr;a;v;2;224;;10;248000;;;0;0;1;1;VI;;47.64279;6.8422;Non;;;1.0;True;0;;;2.0;;;;;;3.0;;Gaz;;Individuel;a;n;a;2020-01;90010;0205;900100205;A;90;;;;;;;1107.14
pr;a;v;1;95;;5;108000;;;0;0;0;1;0;;47.64769;6.83283;Non;;;0.0;;0;;1900.0;;0.0;;;;False;;;;;;a;n;a;2020-01;90029;0000;900290000;Z;90;;;;;;;1136.84
pr;a;v;1;95;;5;108000;;;0;0;0;1;NS;;47.65178;6.82615;Non;1.0;;;False;0;NS;1900.0;2.0;;;;;False;;500.0;Gaz;Radiateur;Individuel;a;n;a;2020-01;90029;0000;900290000;Z;90;;;;;;;1136.84
pr;a;v;1;95;;5;129900;;;0;0;0;2;D;186;47.64194;6.83849;Oui;2.0;;1.0;True;0;E;;2.0;;;;;False;;1200.0;Gaz;Radiateur;Individuel;a;n;a;2020-01;90010;0201;900100201;H;90;;;;7.42;15.0;0.065;1367.37
pr;m;v;0;120;;5;199000;;;829;0;0;1;D;224;47.59073;7.04691;0;;;;;0;;;;;;;;;;;;;;a;n;m;2020-01;90025;0000;900250000;Z;90;;;;;;;1658.33
pr;a;v;0;83;212.54;4;232000;;;0;0;0;1;B;;47.63867;6.81608;Non;1.0;;2.0;True;0;B;;1.0;1.0;;;;;4.0;;Gaz;;Individuel;a;n;a;2020-01;90039;0000;900390000;Z;90;8.8;2.0;0.038;8.8;2.0;0.038;2795.18
pr;a;v;2;98;;4;164475;;;0;2;0;1;D;201;47.6446;6.81872;Non;2.0;;1.0;False;0;E;2000.0;1.0;;;False;;;29.0;42.0;Gaz;Radiateur;Individuel;a;n;a;2020-01;90039;0000;900390000;Z;90;8.8;2.0;0.063;8.8;2.0;0.063;1678.32
pr;a;v;0;77;55.57;4;215000;;;0;0;0;1;B;;47.63867;6.81608;Non;1.0;;2.0;True;0;B;;1.0;1.0;;;;;4.0;;Gaz;;Individuel;a;n;a;2020-01;90039;0000;900390000;Z;90;8.8;2.0;0.038;8.8;2.0;0.038;2792.21
pr;a;v;2;108;;4;150000;;;0;0;0;1;D;156;47.63137;6.81916;Non;;;1.0;;0;E;1988.0;;0.0;;;;False;;;;;;a;n;a;2020-01;90039;0000;900390000;Z;90;8.8;2.0;0.076;8.8;2.0;0.076;1388.89
pr;a;v;2;108;;4;150000;;;0;0;0;1;D;156;47.62689;6.82481;Non;2.0;;1.0;False;0;E;1988.0;1.0;;;;;False;;70.0;Gaz;Radiateur;Individuel;a;n;a;2020-01;90039;0000;900390000;Z;90;8.8;2.0;0.076;8.8;2.0;0.076;1388.89
pr;a;v;1;89;100.0;4;123000;;;0;0;0;1;D;181.0;47.63696;6.81731;Oui;1.0;;2.0;False;Sud-Est-Ouest;E;1975.0;1.0;1.0;;;;False;2.0;;Gaz;Radiateur;Individuel;a;n;a;2020-01;90039;0000;900390000;Z;90;8.8;2.0;0.076;8.8;2.0;0.076;1382.02
pr;a;v;0;87;;4;120000;;;0;1;0;1;D;224.0;47.63605;6.82313;Oui;2.0;;1.0;False;0;E;;1.0;;;;;False;;;Gaz;;;m;n;a;2020-01;90039;0000;900390000;Z;90;8.8;2.0;0.077;8.8;2.0;0.077;1379.31
pr;a;v;0;82;208.02;4;230000;;;0;0;0;1;B;;47.63867;6.81608;Non;1.0;;2.0;True;0;B;;1.0;1.0;;;;;4.0;;Gaz;;Individuel;a;n;a;2020-01;90039;0000;900390000;Z;90;8.8;2.0;0.038;8.8;2.0;0.038;2804.88
pr;a;v;1;63;;3;86000;;;0;0;0;1;D;182.0;47.62957;6.81635;Non;1.0;;1.0;;0;E;;;1.0;;False;;;6.0;920.0;Gaz;Radiateur;;a;n;a;2020-01;90039;0000;900390000;Z;90;10.25;5.0;0.09;10.25;5.0;0.09;1365.08
pr;a;v;2;87;;3;120750;;;0;1;0;1;D;224;47.64329;6.81377;Non;2.0;;;False;0;E;;1.0;;;;;False;;;Gaz;;;a;n;a;2020-01;90039;0000;900390000;Z;90;10.25;5.0;0.089;10.25;5.0;0.089;1387.93
pr;a;v;3;46;;2;86000;;;0;0;1;0;D;222;47.65072;6.85396;Non;3.0;;1.0;True;0;B;2007.0;;;;True;;True;45.0;720.0;Électrique;Radiateur;Individuel;a;n;a;2020-01;90010;0103;900100103;H;90;10.0;5.0;0.064;10.0;89.0;0.064;1869.57
pr;a;v;3;41;;2;52640;;;0;0;0;1;D;219;47.65194;6.85083;Non;3.0;;;True;0;E;;;;;False;;False;28.0;360.0;Gaz;Radiateur;Individuel;a;n;a;2020-01;90010;0103;900100103;H;90;10.0;5.0;0.093;10.0;89.0;0.093;1283.9
pr;a;v;1;80;;3;79000;;;0;0;0;1;D;209;47.65201;6.85255;Oui;3.0;;;;0;F;1960.0;1.0;;;;;;24.0;2748.0;Gaz;Radiateur;Collectif;a;n;a;2020-01;90010;0103;900100103;H;90;10.67;3.0;0.13;9.09;68.0;0.111;987.5
pr;a;v;2;70;;3;71500;;;0;0;1;0;NS;;47.6518;6.85092;Oui;3.0;;;True;0;NS;1940.0;1.0;;;;;;;330.0;Gaz;Radiateur;Individuel;a;n;a;2020-01;90010;0103;900100103;H;90;10.67;3.0;0.125;9.09;68.0;0.107;1021.43
pr;a;v;3;70;;3;71500;;;0;0;1;0;0;;47.65041;6.84939;Non;;;0.0;;0;;1940.0;;0.0;;;;False;;;;;;a;n;a;2020-01;90010;0103;900100103;H;90;10.67;3.0;0.125;9.09;68.0;0.107;1021.43
pr;m;v;0;130;;6;164000;;;0;0;0;2;D;;47.72195;6.87353;Non;1.0;;;;0;D;;2.0;;;;;;;;Fioul;;Individuel;a;n;m;2020-01;90054;0000;900540000;Z;90;;;;;;;1261.54
pr;m;v;0;125;524.0;4;243800;;;0;0;0;1;D;160;47.6389;6.90141;Non;1.0;;;True;0;C;2005.0;2.0;1.0;;False;;;;;Gaz;;;a;n;m;2020-01;90076;0000;900760000;Z;90;;;;;;;1950.4
pr;m;v;0;131;4320.0;6;249400;;;0;1;0;1;D;194;47.57228;7.0144;Non;2.0;;;;0;A;1965.0;1.0;1.0;;;;;;;;Radiateur;Individuel;a;n;m;2020-01;90101;0000;901010000;Z;90;;;;;;;1903.82
pr;m;v;0;138;218.0;5;179990;;;0;0;0;1;D;229;47.71398;7.01453;Oui;;;;False;0;C;2008.0;2.0;;;;;;;;Gaz;Sol;Individuel;a;n;m;2020-01;90058;0000;900580000;Z;90;;;;;;;1304.28
pr;m;v;0;111;341.0;5;229000;;;0;0;0;1;C;108;47.69813;6.93284;Oui;1.0;;2.0;False;0;E;;1.0;;;;;;;;Fioul;Radiateur;Individuel;a;n;m;2020-01;90003;0000;900030000;Z;90;;;;;;;2063.06
pr;m;v;0;140;1340.0;6;290000;;;0;0;0;0;E;231;47.56305;7.01569;Oui;1.0;;;False;0;B;1979.0;;;;False;;;;;Électrique;;;m;n;m;2020-01;90014;0000;900140000;Z;90;;;;;;;2071.43
pr;m;v;0;120;1482.0;7;156000;;;0;0;1;1;E;311;47.59896;6.86989;Non;3.0;;0.0;False;0;F;1940.0;;2.0;;;;;;;;;;a;n;m;2020-01;90001;0000;900010000;Z;90;;;;;;;1300.0
pr;m;v;0;120;1482.0;7;156000;;;0;0;1;1;E;311;47.60719;6.87149;Oui;3.0;;;True;0;F;1940.0;2.0;2.0;;;;;;;Gaz;Radiateur;Individuel;a;n;m;2020-01;90001;0000;900010000;Z;90;;;;;;;1300.0
pr;m;v;0;110;775.0;5;249100;;;0;0;0;1;C;142;47.60052;6.86104;Non;;;5.0;;0;D;2006.0;1.0;1.0;;False;;;;;Gaz;Radiateur;;a;n;m;2020-01;90001;0000;900010000;Z;90;7.04;2.0;0.037;7.04;2.0;0.037;2264.55
pr;m;v;0;108;332.0;6;196100;;;0;0;0;1;D;191;47.64589;6.93591;Oui;2.0;;;False;0;E;1970.0;1.0;1.0;;;;;;;Gaz;Radiateur;Individuel;a;n;m;2020-01;90012;0000;900120000;Z;90;;;;;;;1815.74
pr;m;v;0;160;6.26;8;250000;;;0;0;1;1;D;178;47.71098;6.84668;Non;1.0;;3.0;False;Sud;A;1930.0;3.0;;;;;;;;;Radiateur;Individuel;a;n;m;2020-01;90023;0000;900230000;Z;90;;;;;;;1562.5
pr;m;v;0;212;19500.0;5;214000;;;0;0;0;1;VI;;47.7157;6.84045;Non;;;;True;0;G;;2.0;;;False;;;;;Gaz;Radiateur;Individuel;a;n;m;2020-01;90023;0000;900230000;Z;90;;;;;;;1009.43
pr;m;v;0;130;;6;175000;;;0;0;0;1;C;92;47.60689;6.99408;Non;1.0;;6.0;True;0;D;1947.0;2.0;;;;;;;;Fioul;Radiateur;Individuel;a;n;m;2020-01;90071;0000;900710000;Z;90;;;;;;;1346.15
pr;m;v;0;230;1665.0;7;420000;;;0;0;1;1;B;88;47.60886;6.99465;Non;2.0;;5.0;False;Sud;A;2008.0;2.0;2.0;;;;;;;;Sol;Individuel;a;n;m;2020-01;90071;0000;900710000;Z;90;;;;;;;1826.09
pr;m;v;0;146;11664.0;6;291500;;;0;1;1;1;D;167;47.701;6.81271;Non;1.0;;;True;0;B;2013.0;2.0;;;False;;;;;Électrique;;Individuel;a;n;m;2020-01;90057;0000;900570000;Z;90;;;;;;;1996.58
pr;m;v;0;335;2628.0;9;214000;;;0;0;0;2;E;252;47.70429;6.82217;Oui;2.0;;4.0;False;0;F;1900.0;2.0;;;;;;;;Fioul;Radiateur;Individuel;a;n;m;2020-01;90057;0000;900570000;Z;90;;;;;;;638.81
pr;m;v;0;335;2628.0;9;214000;;;0;0;0;2;E;252;47.70715;6.8206;Oui;2.0;;4.0;False;0;F;1900.0;;0.0;;;;;;;;;;a;n;m;2020-01;90057;0000;900570000;Z;90;;;;;;;638.81
pr;m;v;0;185;891.0;6;215575;;;0;0;0;2;F;392;47.48878;6.92524;Oui;2.0;;3.0;True;0;C;1972.0;1.0;1.0;;False;;;;;Électrique;Radiateur;Individuel;a;n;m;2020-01;90009;0102;900090102;H;90;;;;;;;1165.27
pr;a;v;1;44;;2;45000;;;0;0;0;1;E;310;47.48807;6.92516;Oui;0.0;;0.0;;0;B;1900.0;1.0;0.0;;False;;False;10.0;696.0;Électrique;;Individuel;a;n;a;2020-01;90009;0102;900090102;H;90;;;;9.07;5.0;0.106;1022.73
pr;m;v;0;295;;11;145000;;;0;0;0;1;VI;;47.49674;6.93126;Non;2.0;;;True;0;VI;;2.0;;;;;;;;Fioul;;;m;n;m;2020-01;90009;0102;900090102;H;90;;;;;;;491.53
pr;a;v;1;75;;4;45000;;;0;0;0;0;VI;;47.63748;6.8716;Oui;;;;True;0;VI;;;;;False;;False;72.0;2213.76;;;;a;n;a;2020-01;90010;0503;900100503;H;90;;;;8.84;19.0;0.177;600.0
pr;a;v;2;100;;5;77000;;;0;0;0;1;NS;;47.63371;6.86934;Non;3.0;;;True;0;NS;1930.0;1.0;;;;;;;200.0;Gaz;Radiateur;Individuel;a;n;a;2020-01;90010;0503;900100503;H;90;;;;7.42;15.0;0.116;770.0
pr;a;v;1;75;;4;45000;;;194;0;0;0;0;0;47.63814;6.8733;0;;;;;0;;;;;;;;;;;;;;a;n;a;2020-01;90010;0503;900100503;H;90;;;;8.84;19.0;0.177;600.0
pr;a;v;3;50;;3;50000;;;0;0;1;0;NS;;47.63371;6.86934;Non;3.0;;;True;0;NS;1930.0;;;;;;;;200.0;Gaz;Radiateur;Individuel;a;n;a;2020-01;90010;0503;900100503;H;90;;;;9.09;68.0;0.109;1000.0
pr;a;v;0;52;;2;93000;;;0;0;0;1;D;195.0;47.63126;6.868;Non;;;;True;0;E;;1.0;;;;;False;4.0;1200.0;Gaz;Radiateur;Individuel;a;n;a;2020-01;90010;0503;900100503;H;90;12.16;1.0;0.082;10.0;89.0;0.067;1788.46
pr;m;v;0;76;400.0;4;116600;;;0;0;1;0;E;248;47.48609;6.9275;Oui;;;2.0;True;0;C;1949.0;1.0;4.0;;False;;;;;;Radiateur;Individuel;a;n;m;2020-01;90009;0101;900090101;H;90;;;;;;;1534.21
pr;a;v;2;130;;5;127200;;;0;0;0;1;VI;;47.4829;6.91457;Oui;3.0;;;;0;G;;1.0;;;True;;;48.0;3142.0;Fioul;;Collectif;a;n;a;2020-01;90009;0101;900090101;H;90;;;;;;;978.46
pr;m;v;0;90;358.0;5;108000;;;0;0;1;0;G;456;47.4819;6.92714;Non;;;;False;Sud-Est-Ouest;D;1975.0;1.0;;;;;;;;Électrique;Radiateur;Individuel;a;n;m;2020-01;90009;0101;900090101;H;90;;;;;;;1200.0
pr;a;v;0;55;;3;82500;;;0;0;0;1;VI;;47.48757;6.92469;Oui;2.0;;1.0;;Sud;VI;1900.0;;0.0;;;;False;12.0;0.0;Gaz;Radiateur;Individuel;a;n;a;2020-01;90009;0101;900090101;H;90;8.36;4.0;0.067;8.36;4.0;0.067;1500.0
pr;a;v;0;88;1190.0;4;140000;;;0;0;0;1;C;145.0;47.4835;6.93036;Oui;1.0;;;False;0;E;1900.0;2.0;;;;;False;3.0;226.0;Fioul;Radiateur;Individuel;a;n;a;2020-01;90009;0101;900090101;H;90;;;;;;;1590.91
pr;m;v;0;69;500.0;3;65000;;;0;0;1;0;G;533;47.48452;6.926;Non;;;1.0;;0;G;;1.0;;;;;;;;Fioul;;Individuel;a;n;m;2020-01;90009;0101;900090101;H;90;;;;;;;942.03
pr;a;v;2;75;;4;60000;;;0;0;0;0;C;131;47.48452;6.926;Non;;;;;0;D;;;;;;;;;;;;Individuel;a;n;a;2020-01;90009;0101;900090101;H;90;;;;;;;800.0
pr;a;v;8;66;;3;91375;;;0;0;0;1;D;194;47.63596;6.83509;Non;8.0;;;True;0;E;1972.0;1.0;;;True;;True;97.0;2224.0;Gaz;;;a;n;a;2020-01;90010;0203;900100203;H;90;;;;9.09;68.0;0.079;1384.47
pr;a;v;8;45;;2;50400;;;0;1;0;1;E;279;47.63172;6.83637;Non;18.0;;;True;0;F;;1.0;;;False;;True;270.0;1566.0;Gaz;Radiateur;;a;n;a;2020-01;90010;0203;900100203;H;90;10.0;1.0;0.107;10.0;89.0;0.107;1120.0
pr;a;v;0;70;;3;187500;;;0;0;1;0;D;192;47.59968;6.9156;Non;;;;;0;E;;;;;False;;False;;;;;;m;n;a;2020-01;90104;0000;901040000;Z;90;;;;;;;2678.57
pr;m;v;0;203;995.0;8;239200;;;0;1;1;1;D;197;47.60304;6.91663;Non;1.0;;2.0;True;Sud;E;;2.0;;;False;;;;;Fioul;;Individuel;m;n;m;2020-01;90104;0000;901040000;Z;90;;;;;;;1178.33
pr;m;v;0;210;1000.0;10;296800;;;0;0;1;1;0;;47.61154;6.92195;Non;3.0;;;True;0;;1977.0;2.0;;;;;;;;Fioul;Radiateur;Individuel;a;n;m;2020-01;90104;0000;901040000;Z;90;;;;;;;1413.33
pr;m;v;0;88;310.0;4;166625;;;0;0;0;1;D;216;47.6533;6.84845;Non;;;;True;0;D;1930.0;1.0;1.0;;False;;;;;Gaz;Radiateur;Individuel;a;n;m;2020-01;90010;0102;900100102;H;90;;;;7.54;1.0;0.048;1893.47
pr;a;v;2;33;;2;53000;;;0;0;0;1;G;459;47.65457;6.84791;Oui;2.0;;;True;0;D;1956.0;1.0;;;False;;False;12.0;138.0;Électrique;Radiateur;Individuel;a;n;a;2020-01;90010;0102;900100102;H;90;9.0;13.0;0.067;10.0;89.0;0.075;1606.06
pr;a;v;0;64;;2;55000;;;236;0;0;1;0;0;47.65321;6.84782;0;;;;;0;;;;;;;;;;;;;;a;n;a;2020-01;90010;0102;900100102;H;90;9.0;13.0;0.126;10.0;89.0;0.14;859.38
pr;a;v;2;85;;4;140000;;;0;0;0;1;0;;47.6545;6.8453;Non;;;0.0;;0;;;;0.0;;;;False;;;;;;a;n;a;2020-01;90010;0102;900100102;H;90;9.88;1.0;0.072;8.84;19.0;0.064;1647.06
pr;a;v;4;60;;3;49000;;;0;0;0;1;0;;47.65642;6.85051;Oui;;;0.0;;0;;;;0.0;;;;False;;;;;;a;n;a;2020-01;90010;0102;900100102;H;90;8.66;4.0;0.127;9.09;68.0;0.134;816.67
pr;m;v;0;275;1285.0;10;181050;;;0;0;1;1;VI;;47.68608;6.91002;Non;2.0;;;;0;;;2.0;;;;;;;;Gaz;;Individuel;a;n;m;2020-01;90087;0000;900870000;Z;90;;;;;;;658.36
pr;a;v;1;70;;3;110000;;;0;0;0;1;D;191;47.67279;6.90965;Non;3.0;;;True;0;E;2006.0;2.0;;;False;;False;46.0;633.54;Gaz;Radiateur;Individuel;a;n;a;2020-01;90087;0000;900870000;Z;90;;;;;;;1571.43
pr;a;v;0;64;;2;55000;;;0;0;0;1;VI;;47.65355;6.8478;Oui;2.0;;;True;0;VI;;;;;False;;True;45.0;1399.0;;;;a;n;a;2020-01;90010;0102;900100102;H;90;9.0;13.0;0.126;10.0;89.0;0.14;859.38
pr;a;v;3;100;;5;77000;;;0;0;0;1;0;;47.6541;6.84953;Non;;;0.0;;0;;1930.0;;0.0;;;;False;;;;;;a;n;a;2020-01;90010;0102;900100102;H;90;;;;7.42;15.0;0.116;770.0
pr;a;v;0;91;;4;108500;;;0;0;0;0;VI;;47.65318;6.84551;Oui;2.0;;;True;0;VI;1900.0;;;;False;;False;4.0;1020.0;Gaz;Radiateur;Individuel;m;n;a;2020-01;90010;0102;900100102;H;90;9.88;1.0;0.099;8.84;19.0;0.089;1192.31
pr;a;v;4;90;;4;108639;;;0;0;0;1;VI;;47.65396;6.84417;Oui;;;;True;0;VI;;;;;False;;False;;2932.0;;;;a;n;a;2020-01;90010;0102;900100102;H;90;9.88;1.0;0.098;8.84;19.0;0.088;1207.1
pr;a;v;3;50;;3;50000;;;0;0;1;0;0;;47.6541;6.84953;Non;;;0.0;;0;;1930.0;;0.0;;;;False;;;;;;a;n;a;2020-01;90010;0102;900100102;H;90;8.66;4.0;0.104;9.09;68.0;0.109;1000.0
pr;a;v;0;90;100.0;5;119000;;;0;1;0;1;E;235;47.53071;6.99718;Oui;2.0;;1.0;True;0;D;;1.0;;;;;False;;;Gaz;;;m;n;a;2020-01;90056;0000;900560000;Z;90;;;;;;;1322.22
pr;a;v;0;65;;4;50000;;;0;1;1;0;E;300;47.63302;6.84127;Oui;5.0;;;True;0;F;1965.0;1.0;;;False;;False;26.0;2400.0;Gaz;;Collectif;a;n;a;2020-01;90010;0302;900100302;H;90;;;;8.84;19.0;0.138;769.23
pr;a;v;3;64;;4;45000;;;0;0;0;1;E;300;47.63129;6.84249;Non;;;0.0;;0;F;1970.0;;0.0;;;;False;;;;;;a;n;a;2020-01;90010;0302;900100302;H;90;;;;8.84;19.0;0.151;703.12
pr;a;v;0;56;;3;25000;;;0;1;0;1;VI;;47.63228;6.84505;Oui;4.0;;;;Est-Ouest;VI;1960.0;1.0;;;False;;False;120.0;2600.0;Gaz;;Collectif;a;n;a;2020-01;90010;0302;900100302;H;90;8.08;3.0;0.217;9.09;68.0;0.244;446.43
pr;m;v;0;135;1000.0;6;169000;;;0;0;1;1;NS;;47.56092;6.925;Oui;2.0;;;True;0;NS;;2.0;;;;;;;;Fioul;;;m;n;m;2020-01;90017;0000;900170000;Z;90;;;;;;;1251.85
pr;m;v;0;111;770.0;5;243800;;;0;0;1;1;E;317;47.55629;6.91309;Non;1.0;;;False;0;C;2006.0;2.0;;;;;;;;Électrique;Radiateur;Individuel;a;n;m;2020-01;90017;0000;900170000;Z;90;;;;;;;2196.4
pr;m;v;0;110;100.0;5;229000;;;0;0;0;1;NS;;47.6157;6.83646;Non;;;;False;0;NS;2019.0;2.0;;;;;;;;Gaz;;;m;n;m;2020-01;90008;0000;900080000;Z;90;;;;;;;2081.82
pr;m;v;0;110;;5;210000;;;0;0;0;2;0;;47.62532;6.83625;Non;;;;False;0;;2017.0;2.0;;;;;;;;Gaz;;Individuel;a;n;m;2020-01;90008;0000;900080000;Z;90;;;;;;;1909.09
pr;m;v;0;152;542.0;7;187500;;;0;1;0;1;D;230;47.62539;6.82444;Oui;1.0;;1.0;True;sud-ouest;E;;2.0;;;False;;;;;Gaz;;Individuel;m;n;m;2020-01;90008;0000;900080000;Z;90;;;;;;;1233.55
pr;m;v;0;140;500.0;5;242000;;;0;0;0;0;D;229;47.62659;6.83971;Oui;2.0;;;False;0;E;1960.0;;;;False;;;;;Gaz;Radiateur;;m;n;m;2020-01;90008;0000;900080000;Z;90;;;;;;;1728.57
pr;a;v;0;63;;3;173000;;;0;0;0;0;0;;47.62016;6.83555;Non;;;;;0;;;;;;;;;;;;;;ca;o;a;2020-01;90008;0000;900080000;Z;90;;;;;;;2746.03
pr;an;v;0;47;;2;125000;;;0;0;0;0;0;;47.62016;6.83555;0;;;;;0;;;;;;;;;;;;;;ca;o;a;2020-01;90008;0000;900080000;Z;90;;;;;;;2659.57
pr;a;v;0;66;;3;183000;;;0;0;0;0;0;;47.62016;6.83555;Non;;;;;0;;;;;;;;;;;;;;ca;o;a;2020-01;90008;0000;900080000;Z;90;;;;;;;2772.73
pr;m;v;0;102;725.0;5;238000;;;0;0;0;1;E;291;47.62003;6.83206;Oui;1.0;;1.0;False;0;C;2003.0;2.0;;;;;;;;;;;m;n;m;2020-01;90008;0000;900080000;Z;90;;;;;;;2333.33
pr;a;v;0;42;;2;120000;;;0;0;0;0;0;;47.62016;6.83555;Non;;;;;0;;;;;;;;;;;;;;ca;o;a;2020-01;90008;0000;900080000;Z;90;;;;;;;2857.14
pr;m;v;0;150;520.0;8;187000;;;0;0;1;1;D;157;47.61757;6.83276;Oui;3.0;;;;0;E;1932.0;2.0;;;;;;;;Gaz;Radiateur;Individuel;a;n;m;2020-01;90008;0000;900080000;Z;90;;;;;;;1246.67
pr;m;v;0;185;1000.0;10;259000;;;0;0;1;1;E;264;47.62977;6.83339;Non;;;;False;0;C;1970.0;2.0;;;;;;;;Fioul;;;m;n;m;2020-01;90008;0000;900080000;Z;90;;;;;;;1400.0
pr;a;v;1;49;;2;63000;;;0;0;1;0;E;235;47.63276;6.85259;Non;2.0;;;True;0;E;;;;;False;;False;64.0;744.0;Gaz;Radiateur;Individuel;a;n;a;2020-01;90010;0303;900100303;H;90;9.4;1.0;0.088;10.0;89.0;0.093;1285.71
pr;a;v;3;82;;4;120000;;;0;0;0;1;D;206.0;47.63419;6.85063;Non;;;1.0;;0;E;;;0.0;;;;False;;;;;;a;n;a;2020-01;90010;0303;900100303;H;90;13.48;2.0;0.111;8.84;19.0;0.072;1463.41
pr;a;v;1;126;;4;139750;;;0;1;0;1;VI;;47.63267;6.84845;Non;3.0;;;True;0;G;;1.0;;;False;;True;107.0;3426.0;Gaz;Radiateur;Collectif;a;n;a;2020-01;90010;0303;900100303;H;90;13.48;2.0;0.146;8.84;19.0;0.096;1109.13
pr;m;v;0;150;1500.0;7;250000;;;0;0;1;2;D;215;47.72261;6.92301;Oui;2.0;;3.0;False;Est-Ouest;B;1824.0;2.0;2.0;;;;;;;;;Individuel;a;n;m;2020-01;90041;0000;900410000;Z;90;;;;;;;1666.67
pr;m;v;0;174;1260.0;7;329800;;;0;0;1;1;D;208;47.69099;6.84035;Oui;1.0;;4.0;True;Nord-Sud;E;1971.0;2.0;1.0;;False;;;;;Gaz;Radiateur;Individuel;a;n;m;2020-01;90093;0000;900930000;Z;90;;;;;;;1895.4
pr;a;v;0;103;;5;135000;;;0;0;0;1;0;;47.69442;6.82388;Non;;;0.0;;0;;1900.0;;1.0;;;;False;;;;;;a;n;a;2020-01;90093;0000;900930000;Z;90;;;;;;;1310.68
pr;a;v;0;103;;5;135000;;;0;0;0;1;0;;47.69598;6.83603;Oui;;;;True;0;;1900.0;1.0;1.0;;;;False;2.0;120.0;Gaz;Radiateur;Individuel;a;n;a;2020-01;90093;0000;900930000;Z;90;;;;;;;1310.68
pr;m;v;0;250;7500.0;8;490000;;;0;0;3;0;F;377;47.68699;6.83227;Non;1.0;;;True;Sud;G;;3.0;1.0;;;;;;;;;Individuel;a;n;m;2020-01;90093;0000;900930000;Z;90;;;;;;;1960.0
pr;a;v;1;90;;3;138000;;;0;0;1;0;D;202;47.69118;6.84471;Non;2.0;;2.0;False;0;B;2010.0;1.0;;;;;;;600.0;Électrique;Radiateur;Individuel;a;n;a;2020-01;90093;0000;900930000;Z;90;;;;;;;1533.33
pr;a;v;2;90;;3;138000;;;0;0;1;0;D;202;47.68938;6.84506;Non;;;2.0;;0;B;2010.0;;0.0;;;;False;;;;;;a;n;a;2020-01;90093;0000;900930000;Z;90;;;;;;;1533.33
pr;a;v;0;82;;3;165000;;;0;0;1;0;E;289;47.69441;6.8324;Oui;2.0;;2.0;;Sud;C;2010.0;;1.0;;False;;False;24.0;480.0;Électrique;Radiateur;Individuel;a;n;a;2020-01;90093;0000;900930000;Z;90;;;;;;;2012.2
pr;a;v;2;100;;5;93000;;;0;0;0;1;VI;;47.66444;6.83867;Non;2.0;;;False;0;VI;1900.0;1.0;;;;;False;4.0;;Gaz;Radiateur;Individuel;a;n;a;2020-01;90099;0000;900990000;Z;90;;;;;;;930.0
pr;a;v;3;98;;5;88000;;;0;1;0;1;0;;47.66444;6.83867;Non;4.0;;;True;Nord-Sud;;1970.0;1.0;;;;11.0;False;2.0;846.0;Gaz;Radiateur;Collectif;a;n;a;2020-01;90099;0000;900990000;Z;90;;;;;;;897.96
pr;a;v;2;57;;3;69000;;;0;0;0;1;D;165;47.66722;6.85386;Non;;;1.0;;0;E;1940.0;;0.0;;;;False;;;;;;a;n;a;2020-01;90099;0000;900990000;Z;90;8.5;5.0;0.084;8.5;5.0;0.084;1210.53
pr;a;v;0;55;;3;69000;;;0;0;0;1;D;224;47.67235;6.83574;Non;1.0;;1.0;True;0;D;;1.0;;;;;False;;;Gaz;;;m;n;a;2020-01;90099;0000;900990000;Z;90;8.5;5.0;0.081;8.5;5.0;0.081;1254.55
pr;a;v;3;37;;2;55000;;;0;0;0;1;0;;47.66156;6.83848;Non;;;0.0;;0;;;;0.0;;;;False;;;;;;a;n;a;2020-01;90099;0000;900990000;Z;90;12.67;1.0;0.102;12.67;1.0;0.102;1486.49
pr;a;v;0;41;;2;47000;;;0;0;0;0;E;240;47.6724;6.83683;Non;1.0;;1.0;True;0;B;1994.0;1.0;;;;;;7.0;240.0;Électrique;;Individuel;a;n;a;2020-01;90099;0000;900990000;Z;90;12.67;1.0;0.133;12.67;1.0;0.133;1146.34
pr;a;v;1;63;;3;111300;;;0;0;1;0;F;415.0;47.66822;6.84388;Oui;2.0;;;True;0;C;1930.0;;1.0;;False;;False;8.0;480.0;Électrique;;Individuel;a;n;a;2020-01;90099;0000;900990000;Z;90;8.5;5.0;0.058;8.5;5.0;0.058;1766.67
pr;m;v;0;114;175.0;5;152000;;;0;0;0;1;D;186;47.66076;6.85275;Non;2.0;;3.0;True;0;E;1930.0;1.0;;;False;;;;;Gaz;Radiateur;Individuel;a;n;m;2020-01;90099;0000;900990000;Z;90;;;;;;;1333.33
pr;a;v;1;82;;4;135000;;;0;0;1;0;E;301.0;47.67045;6.84235;Non;;;1.0;False;Sud-Est;F;1978.0;1.0;;;;;False;8.0;1248.0;Gaz;;Individuel;a;n;a;2020-01;90099;0000;900990000;Z;90;;;;;;;1646.34
pr;a;v;1;41;;2;47000;;;0;0;0;0;E;240;47.66275;6.84032;Oui;;;1.0;;0;B;1994.0;;0.0;;;;False;;;;;;a;n;a;2020-01;90099;0000;900990000;Z;90;12.67;1.0;0.133;12.67;1.0;0.133;1146.34
pr;a;v;0;180;;5;251000;;;0;0;1;0;D;201.0;47.66229;6.85607;Non;;;0.0;;0;A;;;0.0;;;;False;;;;;;a;n;a;2020-01;90099;0000;900990000;Z;90;;;;;;;1394.44
pr;a;v;1;57;;3;69000;;;0;0;0;1;D;165;47.67158;6.84331;Non;2.0;;1.0;True;0;E;1940.0;1.0;;;;;False;6.0;;Gaz;Radiateur;Individuel;a;n;a;2020-01;90099;0000;900990000;Z;90;8.5;5.0;0.084;8.5;5.0;0.084;1210.53
pr;a;v;1;37;;2;55000;;;0;0;0;1;NS;;47.67581;6.85187;Non;3.0;;;True;0;NS;;1.0;;;;;;;540.0;Électrique;Radiateur;Individuel;a;n;a;2020-01;90099;0000;900990000;Z;90;12.67;1.0;0.102;12.67;1.0;0.102;1486.49
pr;m;v;0;350;917.0;12;535000;;;0;0;1;1;D;161;47.66685;6.85323;Non;2.0;;;True;Est-Ouest;E;1910.0;2.0;1.0;;False;;;;;Fioul;Radiateur;Individuel;a;n;m;2020-01;90099;0000;900990000;Z;90;;;;;;;1528.57
pr;a;v;1;150;;5;189000;;;0;0;0;1;D;201.0;47.66407;6.85365;Non;;;0.0;;0;A;;;1.0;;;;False;;;;;;a;n;a;2020-01;90099;0000;900990000;Z;90;;;;;;;1260.0
pr;a;v;2;101;;5;172000;;;0;0;0;1;D;186.0;47.67955;6.84784;Non;;;1.0;;0;E;2001.0;;1.0;;;;False;;;;;;a;n;a;2020-01;90099;0000;900990000;Z;90;;;;;;;1702.97
pr;a;v;2;101;;5;172000;;;0;0;0;1;D;186.0;47.6677;6.846;Non;2.0;;1.0;True;0;E;2001.0;2.0;1.0;;;4.0;False;;1200.0;Gaz;Radiateur;Individuel;a;n;a;2020-01;90099;0000;900990000;Z;90;;;;;;;1702.97
pr;a;v;0;180;;5;251000;;;0;0;1;0;D;201.0;47.67181;6.84981;Non;;;;False;0;A;;1.0;;;;;;;;;;;a;n;a;2020-01;90099;0000;900990000;Z;90;;;;;;;1394.44
pr;a;v;1;56;;3;86400;;;0;0;0;1;E;327;47.67602;6.85392;Non;;;1.0;True;0;B;;;;;;;;6.0;785.0;Électrique;;Individuel;a;n;a;2020-01;90099;0000;900990000;Z;90;8.5;5.0;0.066;8.5;5.0;0.066;1542.86
pr;m;v;0;170;500.0;6;236250;;;0;0;0;1;VI;;47.6289;6.92805;Oui;2.0;;;False;0;G;1830.0;2.0;;;False;;;;;Fioul;Radiateur;Individuel;a;n;m;2020-01;90026;0000;900260000;Z;90;;;;;;;1389.71
pr;a;v;2;46;;2;88000;;;0;0;1;0;E;246;47.63464;6.85513;Non;;;0.0;;0;F;1996.0;;0.0;;;;True;;;;;;a;n;a;2020-01;90010;0501;900100501;H;90;11.66;12.0;0.073;10.0;89.0;0.063;1913.04
pr;a;v;1;57;;3;105000;;;0;0;0;1;C;149;47.63562;6.85355;Non;2.0;;1.0;True;Sud;D;;1.0;;;False;;False;57.0;1011.0;Gaz;;Individuel;m;n;a;2020-01;90010;0501;900100501;H;90;9.56;13.0;0.062;9.09;68.0;0.059;1842.11
pr;a;v;3;75;;4;88150;;;0;0;0;1;E;290;47.63572;6.85512;Non;3.0;;;True;0;B;1930.0;1.0;;;False;;False;13.0;1041.0;Électrique;;Individuel;a;n;a;2020-01;90010;0501;900100501;H;90;9.12;7.0;0.093;8.84;19.0;0.09;1175.33
pr;a;v;0;65;;4;77000;;;0;0;0;1;VI;;47.63554;6.8567;Oui;3.0;;;True;Nord-Sud;VI;1930.0;1.0;;;False;;;24.0;1400.92;Gaz;Radiateur;Individuel;a;n;a;2020-01;90010;0501;900100501;H;90;9.12;7.0;0.092;8.84;19.0;0.09;1184.62
pr;a;v;0;70;;3;65000;;;0;0;0;0;VI;;47.63205;6.85743;Oui;;;;False;0;VI;;;;;False;;False;;1108.0;;;;a;n;a;2020-01;90010;0501;900100501;H;90;9.56;13.0;0.124;9.09;68.0;0.118;928.57
pr;a;v;0;48;;2;62000;;;0;1;1;0;E;254;47.63132;6.85661;Oui;4.0;;;;Sud;F;1960.0;1.0;;;False;;True;68.0;1800.0;Gaz;Radiateur;Collectif;a;n;a;2020-01;90010;0501;900100501;H;90;11.66;12.0;0.108;10.0;89.0;0.093;1291.67
pr;m;v;0;300;7797.0;11;660000;;;0;0;0;0;D;220;47.63606;6.85756;Non;;;;True;0;A;1789.0;;;;;;;;;;;;a;n;m;2020-01;90010;0501;900100501;H;90;;;;;;;2200.0
pr;a;v;2;123;;5;145789;;;0;1;1;1;D;180.0;47.63353;6.85768;Non;7.0;;;False;0;E;;;;;False;;False;62.0;3440.0;;;;a;n;a;2020-01;90010;0501;900100501;H;90;10.62;2.0;0.108;7.42;15.0;0.075;1185.28
pr;a;v;3;120;;5;190000;;;0;1;0;1;C;109.0;47.63657;6.85627;Non;;;0.0;;0;D;1930.0;;0.0;;;;False;;;;;;a;n;a;2020-01;90010;0501;900100501;H;90;10.62;2.0;0.08;7.42;15.0;0.056;1583.33
pr;a;v;4;56;;2;79000;;;0;0;0;1;0;;47.6352;6.85499;Non;;;1.0;;0;;1970.0;;0.0;;;;True;;;;;;a;n;a;2020-01;90010;0501;900100501;H;90;11.66;12.0;0.099;10.0;89.0;0.085;1410.71
pr;a;v;2;56;;2;79000;;;0;0;0;1;0;;47.63638;6.85512;Oui;4.0;;1.0;True;0;;1970.0;1.0;;;;;True;30.0;1600.0;Électrique;Sol;Collectif;a;n;a;2020-01;90010;0501;900100501;H;90;11.66;12.0;0.099;10.0;89.0;0.085;1410.71
pr;a;v;2;43;;1;68000;;;0;0;0;1;E;326;47.63562;6.85533;Non;2.0;;;True;0;C;;1.0;;;True;;False;57.0;680.0;Électrique;;Individuel;a;n;a;2020-01;90010;0501;900100501;H;90;13.03;11.0;0.099;13.42;30.0;0.102;1581.4
pr;a;v;2;85;;4;130000;;;0;0;0;1;0;;47.63538;6.85873;Non;;;0.0;;0;;;;0.0;;;;False;;;;;;a;n;a;2020-01;90010;0501;900100501;H;90;9.12;7.0;0.072;8.84;19.0;0.069;1529.41
pr;a;v;1;44;;2;60000;;;0;0;0;1;E;301;47.63421;6.85475;Oui;3.0;;;True;0;C;;1.0;;;False;;False;57.0;709.0;Électrique;;Individuel;a;n;a;2020-01;90010;0501;900100501;H;90;11.66;12.0;0.103;10.0;89.0;0.088;1363.64
pr;a;v;2;79;;4;90000;;;0;0;0;0;VI;;47.63502;6.85614;Oui;3.0;;;True;0;VI;;;;;False;;True;8.0;720.0;Gaz;;Collectif;m;n;a;2020-01;90010;0501;900100501;H;90;9.12;7.0;0.096;8.84;19.0;0.093;1139.24
pr;a;v;0;70;;3;65000;;;277;0;0;0;0;0;47.63176;6.85713;0;;;;;0;;;;;;;;;;;;;;a;n;a;2020-01;90010;0501;900100501;H;90;9.56;13.0;0.124;9.09;68.0;0.118;928.57
pr;m;v;0;152;;5;149050;;;0;0;0;1;G;498;47.53221;6.98186;Non;;;0.0;;0;C;1916.0;1.0;0.0;;;;;;;Électrique;;;a;n;m;2020-01;90053;0000;900530000;Z;90;;;;;;;980.59
pr;m;v;0;200;1200.0;8;274000;;;0;0;1;1;E;235;47.54;6.97273;Oui;2.0;;;True;0;E;;3.0;;;;;;;;Fioul;;;m;n;m;2020-01;90053;0000;900530000;Z;90;;;;;;;1370.0
pr;a;v;1;85;;3;127000;;;0;1;0;1;E;235;47.53899;6.96538;Oui;1.0;;1.0;False;0;D;;1.0;;;;;False;;;Gaz;;;m;n;a;2020-01;90053;0000;900530000;Z;90;;;;;;;1494.12
pr;m;v;0;180;1400.0;5;342500;;;0;0;2;0;E;272;47.66337;6.7901;Non;2.0;;4.0;False;0;C;1974.0;2.0;1.0;;False;;;;;Électrique;Radiateur;Individuel;a;n;m;2020-01;90042;0000;900420000;Z;90;;;;;;;1902.78
pr;m;v;0;90;680.0;4;173000;;;0;0;0;1;C;142;47.67373;6.80252;Non;;;1.0;False;0;D;;1.0;;;;;;;;Fioul;;;a;n;m;2020-01;90042;0000;900420000;Z;90;;;;;;;1922.22
pr;m;v;0;90;1222.0;4;140000;;;0;0;0;1;D;220;47.65455;6.7895;Non;;;;;0;E;1972.0;2.0;;;;;;;;Fioul;Radiateur;Individuel;a;n;m;2020-01;90042;0000;900420000;Z;90;;;;;;;1555.56
pr;m;v;0;90;680.0;4;171200;;;0;0;0;1;C;142;47.67618;6.82333;Non;;;;True;0;D;1975.0;1.0;1.0;;False;;;;;Fioul;Radiateur;Individuel;a;n;m;2020-01;90042;0000;900420000;Z;90;;;;;;;1902.22
pr;m;v;0;80;700.0;5;159000;;;0;0;1;0;E;235;47.50495;6.95055;Oui;1.0;;;True;0;E;;1.0;;;;;;;;Fioul;;;m;n;m;2020-01;90045;0000;900450000;Z;90;;;;;;;1987.5
pr;m;v;0;250;1000.0;8;304000;;;0;0;3;2;NS;;47.7164;6.97585;Non;1.0;;3.0;;0;;;2.0;;;;;;;;Électrique;;Individuel;a;n;m;2020-01;90086;0000;900860000;Z;90;;;;;;;1216.0
pr;m;v;0;112;840.0;6;303000;;;0;0;0;0;A;50;47.69774;7.01125;Oui;1.0;;;False;0;A;2019.0;;;;False;;;;;;;;m;n;m;2020-01;90002;0000;900020000;Z;90;;;;;;;2705.36
pr;a;v;0;44;;2;80000;;;0;1;1;0;D;224;47.63501;6.84329;Oui;3.0;;;False;Est;C;2008.0;1.0;;;False;;True;30.0;720.0;Électrique;;Individuel;a;n;a;2020-01;90010;0301;900100301;H;90;;;;10.0;89.0;0.066;1818.18
pr;a;v;4;85;;3;36960;;;0;1;1;0;E;238;47.63435;6.84721;Non;5.0;;;True;0;E;1974.0;1.0;;;False;;True;20.0;2877.0;Gaz;Radiateur;Collectif;a;n;a;2020-01;90010;0301;900100301;H;90;8.17;2.0;0.225;9.09;68.0;0.251;434.82
pr;a;v;0;53;;3;40000;;;0;1;0;0;F;406;47.63212;6.84759;Oui;10.0;;;True;0;G;1960.0;;;;True;;True;50.0;1080.0;Gaz;Radiateur;Individuel;m;n;a;2020-01;90010;0301;900100301;H;90;8.17;2.0;0.13;9.09;68.0;0.145;754.72
pr;a;v;5;65;;4;43000;;;0;0;0;1;D;229;47.63513;6.8398;Non;;;0.0;;0;E;;;0.0;;;;False;;;;;;a;n;a;2020-01;90010;0301;900100301;H;90;7.45;1.0;0.135;8.84;19.0;0.16;661.54
pr;a;v;3;60;;3;45000;;;194;1;0;1;E;287;47.63336;6.84807;0;;;;;0;;;;;;;;;;;;;;a;n;a;2020-01;90010;0301;900100301;H;90;8.17;2.0;0.131;9.09;68.0;0.146;750.0
pr;a;v;1;82;;4;120000;;;0;0;0;1;D;206.0;47.63437;6.84868;Non;3.0;;1.0;True;0;E;;1.0;;;;;;12.0;2160.0;Gaz;Radiateur;Collectif;a;n;a;2020-01;90010;0301;900100301;H;90;7.45;1.0;0.061;8.84;19.0;0.072;1463.41
pr;a;v;3;60;;3;45000;;;0;1;0;1;E;287;47.63362;6.84761;Oui;;;;True;0;F;;;;;False;;False;;984.0;;;;a;n;a;2020-01;90010;0301;900100301;H;90;8.17;2.0;0.131;9.09;68.0;0.146;750.0
pr;a;v;10;53;;3;35000;;;0;0;0;1;D;160;47.63509;6.84585;Non;;;0.0;;0;E;1955.0;;0.0;;;;True;;;;;;a;n;a;2020-01;90010;0301;900100301;H;90;8.17;2.0;0.148;9.09;68.0;0.165;660.38
pr;a;v;3;53;;3;35000;;;0;0;0;1;D;160;47.63218;6.84662;Non;10.0;;;True;0;E;1955.0;1.0;;;;;True;60.0;1520.0;Gaz;Radiateur;Collectif;a;n;a;2020-01;90010;0301;900100301;H;90;8.17;2.0;0.148;9.09;68.0;0.165;660.38
pr;a;v;4;33;;2;66000;;;0;1;0;1;F;340;47.63728;6.84216;Oui;4.0;;1.0;False;0;C;2000.0;1.0;;;;3.0;False;;660.0;Électrique;Radiateur;Individuel;a;n;a;2020-01;90010;0202;900100202;H;90;10.91;12.0;0.065;10.0;89.0;0.06;2000.0
pr;a;v;4;34;;2;66000;;;0;1;0;1;F;340;47.63728;6.84247;Oui;;;1.0;;0;C;2000.0;;0.0;;;;False;;;;;;a;n;a;2020-01;90010;0202;900100202;H;90;10.91;12.0;0.067;10.0;89.0;0.062;1941.18
pr;a;v;1;66;;3;162000;;;0;0;0;1;D;169;47.64029;6.84161;Non;3.0;;1.0;True;0;E;2008.0;1.0;;;;;True;15.0;;Gaz;;;m;n;a;2020-01;90010;0202;900100202;H;90;9.67;3.0;0.047;9.09;68.0;0.044;2454.55
pr;m;v;0;195;1008.0;10;259000;;;0;0;1;1;E;264;47.63808;6.8383;Non;;;;True;0;C;1970.0;2.0;;;;;;;;;Radiateur;Individuel;a;n;m;2020-01;90010;0202;900100202;H;90;;;;;;;1328.21
pr;a;v;1;57;;3;49000;;;0;1;0;1;D;201;47.63742;6.83546;Non;;;1.0;True;0;E;;;;;False;;False;45.0;2000.0;;;;a;n;a;2020-01;90010;0202;900100202;H;90;9.67;3.0;0.135;9.09;68.0;0.127;859.65
pr;a;v;0;36;;2;55000;;;0;1;0;1;C;125;47.63976;6.84215;Non;3.0;;1.0;False;0;A;2005.0;1.0;;;;3.0;True;50.0;753.0;Électrique;Radiateur;Individuel;a;n;a;2020-01;90010;0202;900100202;H;90;10.91;12.0;0.086;10.0;89.0;0.079;1527.78
pr;a;v;3;37;;2;55000;;;0;1;0;1;C;125;47.63847;6.84533;Non;;;1.0;;0;A;2005.0;;0.0;;;;True;;;;;;a;n;a;2020-01;90010;0202;900100202;H;90;10.91;12.0;0.088;10.0;89.0;0.081;1486.49
pr;m;v;0;141;486.0;7;228000;;;0;0;0;1;C;148;47.63971;7.00545;Oui;1.0;;2.0;False;0;E;;2.0;;;;;;;;Fioul;;;a;n;m;2020-01;90049;0000;900490000;Z;90;;;;;;;1617.02
pr;m;v;0;141;486.0;7;228000;;;0;0;0;0;C;148;47.64021;7.00291;Oui;;;;;0;E;2003.0;;;;;;;;;;;;a;n;m;2020-01;90049;0000;900490000;Z;90;;;;;;;1617.02
pr;m;v;0;106;660.0;5;253340;;;0;0;0;1;E;309;47.61029;6.85523;Non;;;;False;0;C;2003.0;2.0;1.0;;False;;;;;Électrique;;Individuel;a;n;m;2020-01;90032;0000;900320000;Z;90;;;;;;;2390.0
pr;m;v;0;102;726.0;4;240000;;;0;0;0;1;E;291;47.61219;6.87794;Non;2.0;;1.0;False;Sud-Est;C;2003.0;2.0;1.0;;;;;;;;;Individuel;a;n;m;2020-01;90032;0000;900320000;Z;90;;;;;;;2352.94
pr;a;v;3;98;;4;125000;;;0;0;0;1;E;328.0;47.62123;6.87165;Non;;;0.0;;0;F;;;0.0;;;;False;;;;;;a;n;a;2020-01;90032;0000;900320000;Z;90;;;;;;;1275.51
pr;a;v;2;56;;3;95560;;;0;0;0;1;D;186;47.61703;6.86546;Oui;2.0;;1.0;;0;E;;;0.0;;False;;False;3.0;300.0;Gaz;Chaudière;Individuel;a;n;a;2020-01;90032;0000;900320000;Z;90;9.38;3.0;0.066;9.38;3.0;0.066;1706.43
pr;m;v;0;80;;3;108001;;;454;0;1;0;0;0;47.74223;6.77711;0;;;;;0;;;;;;;;;;;;;;a;n;m;2020-01;90006;0000;900060000;Z;90;;;;;;;1350.01
pr;a;v;1;46;;2;88000;;;0;0;1;0;E;246;47.63944;6.85226;Non;2.0;;;True;0;F;1996.0;1.0;;;;;True;50.0;600.0;Gaz;Radiateur;Individuel;a;n;a;2020-01;90010;0403;900100403;H;90;9.09;4.0;0.057;10.0;89.0;0.063;1913.04
pr;a;v;0;39;;2;44000;;;0;0;0;0;E;309;47.64103;6.85693;Oui;1.0;;;False;0;F;;;;;False;;False;3.0;800.0;;;;a;n;a;2020-01;90010;0403;900100403;H;90;9.09;4.0;0.097;10.0;89.0;0.106;1128.21
pr;m;v;0;140;256.0;6;478800;;;0;1;0;1;E;232;47.63696;6.85533;Oui;2.0;;3.0;;Sud;E;1936.0;2.0;1.0;;False;;;;;Gaz;Radiateur;Individuel;a;n;m;2020-01;90010;0403;900100403;H;90;;;;;;;3420.0
pr;a;v;2;82;;3;206700;;;0;0;0;0;D;154;47.63884;6.85139;Non;;;0.0;;0;E;;;0.0;;;;True;;;;;;a;n;a;2020-01;90010;0403;900100403;H;90;9.48;2.0;0.045;9.09;68.0;0.043;2520.73
pr;a;v;2;82;;3;206700;;;0;0;0;0;D;154;47.63923;6.85076;Non;2.0;;;False;0;E;;1.0;;;;;True;20.0;1559.0;Gaz;;Individuel;a;n;a;2020-01;90010;0403;900100403;H;90;9.48;2.0;0.045;9.09;68.0;0.043;2520.73
pr;m;v;0;125;600.0;7;233000;;;0;0;0;1;0;;47.51915;7.01396;Non;2.0;;0.0;False;0;;1930.0;;0.0;;;;;;;;;;a;n;m;2020-01;90033;0103;900330103;H;90;;;;;;;1864.0
pr;m;v;0;130;260.0;8;200000;;;0;0;0;1;0;;47.51316;7.00051;Non;3.0;;0.0;False;0;;1972.0;;0.0;;;;;;;;;;a;n;m;2020-01;90033;0103;900330103;H;90;;;;;;;1538.46
pr;m;v;0;275;2000.0;9;405000;;;0;0;0;1;D;195;47.51825;7.00613;Non;4.0;;;True;0;E;1938.0;;;;;;;;;Gaz;Radiateur;Individuel;a;n;m;2020-01;90033;0103;900330103;H;90;;;;;;;1472.73
pr;m;v;0;275;2000.0;9;405000;;;0;0;0;1;D;195;47.51826;6.99809;Non;4.0;;0.0;False;0;E;1938.0;;0.0;;;;;;;;;;a;n;m;2020-01;90033;0103;900330103;H;90;;;;;;;1472.73
pr;a;v;1;115;;5;175725;;;0;0;1;1;C;111.0;47.50621;6.99692;Oui;;;1.0;True;0;D;;2.0;;;;;;;;Gaz;;Individuel;a;n;a;2020-01;90033;0103;900330103;H;90;;;;;;;1528.04
pr;a;v;0;89;79.0;4;179300;;;0;0;1;1;B;;47.51121;6.99791;Non;;;;;0;B;;1.0;;;;;;4.0;1.0;Gaz;;Individuel;a;n;a;2020-01;90033;0103;900330103;H;90;6.88;1.0;0.041;7.44;3.0;0.044;2014.61
pr;a;v;0;82;;4;189900;;;0;0;0;1;0;;47.50595;7.00545;Non;;;1.0;;0;;2020.0;;0.0;;;;False;;;;;;a;n;a;2020-01;90033;0103;900330103;H;90;6.88;1.0;0.036;7.44;3.0;0.039;2315.85
pr;a;v;0;82;76.0;4;169900;;;0;0;1;1;B;;47.51121;6.99791;Non;;;;;0;B;;1.0;;;;;;4.0;1.0;Gaz;;Individuel;a;n;a;2020-01;90033;0103;900330103;H;90;6.88;1.0;0.04;7.44;3.0;0.043;2071.95
pr;a;v;0;82;76.0;4;169900;;;0;0;1;1;VI;;47.51138;6.99817;Non;1.0;;1.0;False;0;G;2019.0;2.0;1.0;;False;;False;4.0;;Gaz;;Individuel;a;n;a;2020-01;90033;0103;900330103;H;90;6.88;1.0;0.04;7.44;3.0;0.043;2071.95
pr;a;v;0;82;;4;189900;;;0;0;0;1;NS;;47.519;7.00893;Non;;;1.0;False;0;NS;2020.0;2.0;;;;;;;;Gaz;Sol;Individuel;a;n;a;2020-01;90033;0103;900330103;H;90;6.88;1.0;0.036;7.44;3.0;0.039;2315.85
pr;a;v;5;75;;4;162180;;;0;1;1;0;D;228;47.63731;6.85322;Non;5.0;;1.0;True;0;E;1930.0;1.0;;;;;True;60.0;1576.0;Gaz;;;m;n;a;2020-01;90010;0403;900100403;H;90;9.32;2.0;0.052;8.84;19.0;0.049;2162.4
pr;a;v;0;80;;4;89500;;;378;0;0;1;E;313;47.64104;6.85537;0;;;;;0;;;;;;;;;;;;;;a;n;a;2020-01;90010;0403;900100403;H;90;9.32;2.0;0.1;8.84;19.0;0.095;1118.75
pr;a;v;1;78;;4;159000;;;664;0;1;0;D;194;47.63702;6.85499;0;;;;;0;;;;;;;;;;;;;;a;n;a;2020-01;90010;0403;900100403;H;90;9.32;2.0;0.055;8.84;19.0;0.052;2038.46
pr;m;v;0;107;;6;207500;;;864;0;1;0;E;278;47.58728;6.8396;0;;;;;0;;;;;;;;;;;;;;a;n;m;2020-01;90035;0000;900350000;Z;90;;;;;;;1939.25
pr;a;v;0;83;;4;183900;;;0;0;0;1;NS;;47.56681;6.83738;Non;;;1.0;False;0;NS;2020.0;2.0;;;;;;;;Gaz;Sol;Individuel;a;n;a;2020-01;90022;0000;900220000;Z;90;;;;;;;2215.66
pr;a;v;0;83;;4;183900;;;0;0;0;1;0;;47.55661;6.84209;Non;;;1.0;;0;;2020.0;;0.0;;;;False;;;;;;a;n;a;2020-01;90022;0000;900220000;Z;90;;;;;;;2215.66
pr;a;v;0;82;110.0;5;185181;;;0;0;1;1;B;;47.56569;6.84677;Non;;;1.0;;0;B;;1.0;1.0;;;;;4.0;1.0;Gaz;;Individuel;a;n;a;2020-01;90022;0000;900220000;Z;90;;;;;;;2258.3
pr;a;v;0;82;;5;183900;;;0;0;0;1;NS;;47.56461;6.85545;Non;0.0;;1.0;;0;;;1.0;1.0;;False;;False;4.0;200.0;Gaz;Sol;Individuel;a;n;a;2020-01;90022;0000;900220000;Z;90;;;;;;;2242.68
pr;m;v;0;60;90.0;4;91000;;;0;0;0;1;F;406;47.55834;6.84684;Non;2.0;;;False;0;B;;1.0;;;;;;;;;;;m;n;m;2020-01;90022;0000;900220000;Z;90;;;;;;;1516.67
pr;a;v;1;80;;3;144450;;;0;0;1;0;C;136;47.55051;6.8509;Non;;;2.0;True;0;B;2002.0;1.0;1.0;;False;;False;123.0;1740.0;;;Collectif;a;n;a;2020-01;90022;0000;900220000;Z;90;;;;;;;1805.62
pr;an;v;0;81;;4;186650;;;0;0;0;0;0;;47.55973;6.85203;0;;;;;0;;;;;;;;;;;;;;ca;o;a;2020-01;90022;0000;900220000;Z;90;;;;;;;2304.32
pr;m;v;0;125;600.0;7;233000;;;0;0;0;1;VI;;47.50978;7.02117;Non;2.0;;;True;0;VI;1930.0;2.0;;;;;;;;Gaz;Radiateur;Individuel;a;n;m;2020-01;90033;0101;900330101;H;90;;;;;;;1864.0
pr;m;v;0;114;599.0;7;240000;;;0;0;0;2;D;210;47.51406;7.02058;Non;;;;True;0;E;1996.0;2.0;;;;;;;;Gaz;Radiateur;Individuel;a;n;m;2020-01;90033;0101;900330101;H;90;;;;;;;2105.26
pr;a;v;0;82;;5;169000;;;0;0;0;1;NS;;47.51655;7.00679;Non;0.0;;1.0;;0;;;1.0;1.0;;False;;False;4.0;200.0;Gaz;Sol;Individuel;a;n;a;2020-01;90033;0101;900330101;H;90;;;;;;;2060.98
pr;a;v;2;101;;4;135200;;;0;0;0;1;C;137.0;47.51007;7.01784;Non;2.0;;1.0;;0;D;;1.0;;;False;;False;3.0;240.0;Gaz;;;m;n;a;2020-01;90033;0101;900330101;H;90;;;;7.44;3.0;0.067;1338.61
pr;a;v;2;115;;5;162000;;;0;0;0;0;D;171.0;47.50552;7.0124;Oui;2.0;;;True;0;D;;;;;False;;False;4.0;12.0;Gaz;Radiateur;Individuel;m;n;a;2020-01;90033;0101;900330101;H;90;;;;;;;1408.7
pr;an;v;0;85;;4;180350;;;0;0;0;0;0;;47.51136;7.00917;0;;;;;0;;;;;;;;;;;;;;ca;o;a;2020-01;90033;0101;900330101;H;90;;;;7.44;3.0;0.042;2121.76
pr;m;v;0;225;;10;360000;;;1492;1;2;1;E;272;47.75355;6.84814;0;;;;;0;;;;;;;;;;;;;;a;n;m;2020-01;90102;0000;901020000;Z;90;;;;;;;1600.0
pr;m;v;0;120;827.0;7;192000;;;0;0;1;0;D;172;47.73781;6.84327;Non;1.0;;4.0;False;Sud-Est-Ouest;E;1999.0;2.0;1.0;;;;;;;Fioul;Radiateur;;a;n;m;2020-01;90102;0000;901020000;Z;90;;;;;;;1600.0
pr;m;v;0;143;760.0;5;339000;;;0;0;0;0;D;219;47.6586;6.87485;Oui;1.0;;;False;0;C;2008.0;;;;False;;;;;Électrique;Radiateur;;m;n;m;2020-01;90075;0000;900750000;Z;90;;;;;;;2370.63
pr;m;v;0;110;437.0;5;237999;;;0;0;1;1;D;223;47.66155;6.88885;Oui;;;;False;0;A;2011.0;2.0;;;;;;;;Électrique;;Individuel;a;n;m;2020-01;90075;0000;900750000;Z;90;;;;;;;2163.63
pr;a;v;1;110;;4;99000;;;0;0;1;1;0;;47.51099;6.99199;Non;;;;False;0;;;1.0;;;;;;;;Gaz;Radiateur;Individuel;a;n;a;2020-01;90033;0102;900330102;H;90;8.26;2.0;0.11;7.44;3.0;0.099;900.0
pr;a;v;0;53;;2;60000;;;0;0;0;1;0;;47.50693;6.98767;Oui;;;;True;0;;;;;;;;;9.0;1025.0;Gaz;;Individuel;a;n;a;2020-01;90033;0102;900330102;H;90;9.24;2.0;0.098;9.67;3.0;0.103;1132.08
pr;m;v;0;130;260.0;8;200000;;;0;0;0;1;VI;;47.50226;6.99339;Non;3.0;;;False;0;VI;1972.0;2.0;;;;;;;;Gaz;Radiateur;Individuel;a;n;m;2020-01;90033;0102;900330102;H;90;;;;;;;1538.46
pr;m;v;0;166;2300.0;8;126000;;;0;1;0;1;VI;;47.7371;6.83802;Oui;2.0;;2.0;False;Sud-Est-Ouest;VI;1940.0;1.0;;;;;;;;;;;a;n;m;2020-01;90052;0000;900520000;Z;90;;;;;;;759.04
pr;a;v;0;67;21.61;3;139000;;;0;0;0;1;C;129;47.74176;6.82844;Non;1.0;;;False;0;D;2007.0;1.0;;;;;False;10.0;1900.0;Gaz;Radiateur;Individuel;a;n;a;2020-01;90052;0000;900520000;Z;90;7.77;1.0;0.045;7.77;1.0;0.045;2074.63
pr;a;v;0;97;;4;139000;;;0;0;1;0;D;154.0;47.73381;6.96834;Oui;;;;False;Sud;A;1900.0;1.0;;;;;;5.0;450.0;;;Individuel;a;n;a;2020-01;90089;0000;900890000;Z;90;;;;;;;1432.99
pr;m;v;0;110;385.0;5;215000;;;0;0;1;1;0;;47.73114;6.96666;Oui;2.0;;2.0;False;Sud;;1900.0;2.0;;;;;;;;;;;a;n;m;2020-01;90089;0000;900890000;Z;90;;;;;;;1954.55
pr;a;v;0;156;400.0;5;118000;;;0;1;0;1;VI;;47.75226;6.93584;Oui;1.0;;1.0;True;Est-Ouest;VI;;1.0;;;;6.0;False;3.0;40.0;Gaz;Radiateur;Individuel;a;n;a;2020-01;90089;0000;900890000;Z;90;10.82;1.0;0.172;10.82;1.0;0.172;756.41
pr;a;v;0;54;;3;72000;;;0;0;1;0;E;318;47.62549;6.84937;Non;3.0;;;True;0;F;1970.0;1.0;;;False;;False;48.0;1556.0;Gaz;Radiateur;Collectif;a;n;a;2020-01;90010;0304;900100304;H;90;7.94;2.0;0.072;9.09;68.0;0.082;1333.33
pr;a;v;0;50;;3;92450;;;0;0;1;0;E;282;47.64535;6.85631;Oui;3.0;;;True;0;F;1904.0;1.0;;;;;;16.0;2040.0;Gaz;Radiateur;Individuel;a;n;a;2020-01;90010;0402;900100402;H;90;8.6;11.0;0.056;9.09;68.0;0.059;1849.0
pr;a;v;1;57;;3;57000;;;0;0;0;1;C;138;47.64396;6.84841;Oui;1.0;;;True;0;D;1930.0;1.0;;;;;False;3.0;;;;;a;n;a;2020-01;90010;0402;900100402;H;90;8.6;11.0;0.103;9.09;68.0;0.109;1000.0
pr;a;v;2;99;;4;147275;;;0;0;1;0;D;230.0;47.64848;6.85804;Non;4.0;;;True;0;C;1980.0;1.0;1.0;;False;;True;118.0;2400.0;Électrique;Radiateur;Individuel;a;n;a;2020-01;90010;0402;900100402;H;90;7.8;1.0;0.063;8.84;19.0;0.071;1487.63
pr;a;v;4;100;;4;160000;;;0;0;0;1;VI;;47.63998;6.85862;Oui;5.0;;;True;0;G;1900.0;1.0;1.0;;False;;True;;1257.0;Gaz;Radiateur;Individuel;a;n;a;2020-01;90010;0402;900100402;H;90;7.8;1.0;0.058;8.84;19.0;0.066;1600.0
pr;a;v;0;75;;3;144000;;;0;0;0;1;C;138;47.64472;6.85655;Non;;;2.0;;0;D;;1.0;;;;;;4.0;300.0;Gaz;;Individuel;a;n;a;2020-01;90010;0402;900100402;H;90;8.6;11.0;0.054;9.09;68.0;0.057;1920.0
pr;a;v;3;82;;3;148000;;;0;1;1;1;VI;;47.64878;6.85518;Non;3.0;;1.0;True;0;;;1.0;;;False;;False;66.0;2270.0;Gaz;;Individuel;m;n;a;2020-01;90010;0402;900100402;H;90;8.6;11.0;0.057;9.09;68.0;0.06;1804.88
pr;a;v;3;38;;2;63000;;;0;0;0;0;0;;47.64871;6.85639;0;3.0;;;;0;;;;;;;;;;;;;;a;n;a;2020-01;90010;0402;900100402;H;90;10.78;7.0;0.078;10.0;89.0;0.072;1657.89
pr;a;pi;0;98;;6;108000;;;0;0;0;0;E;309;47.64587;6.85562;Non;2.0;;;True;0;F;1900.0;1.0;;;;;False;6.0;1492.0;Gaz;;;m;n;a;2020-01;90010;0402;900100402;H;90;;;;;;;1102.04
pr;a;v;0;101;;4;169000;;;0;0;1;0;E;322.0;47.64848;6.85804;Non;3.0;;;True;Sud;C;;1.0;1.0;;;;True;50.0;1570.0;Électrique;Radiateur;Collectif;a;n;a;2020-01;90010;0402;900100402;H;90;7.8;1.0;0.056;8.84;19.0;0.063;1673.27
pr;a;v;3;73;;2;129000;;;0;1;0;1;D;206.0;47.64619;6.85631;Non;3.0;;1.0;True;0;F;1970.0;1.0;;;True;;False;101.0;2200.0;Gaz;Radiateur;;a;n;a;2020-01;90010;0402;900100402;H;90;10.78;7.0;0.073;10.0;89.0;0.068;1767.12
pr;a;v;3;105;;5;154000;;;0;0;0;1;D;183.0;47.6442;6.85574;Non;;;0.0;;0;E;1900.0;;0.0;;;;False;;;;;;a;n;a;2020-01;90010;0402;900100402;H;90;;;;7.42;15.0;0.061;1466.67
pr;a;v;3;105;;5;154000;;;0;0;0;1;D;183.0;47.64366;6.85528;Non;3.0;;;True;Sud-Est-Ouest;E;1900.0;1.0;;;;;False;17.0;720.0;Gaz;Radiateur;Individuel;a;n;a;2020-01;90010;0402;900100402;H;90;;;;7.42;15.0;0.061;1466.67
pr;a;v;6;192;;6;399000;;;0;0;0;0;D;212.0;47.64205;6.85945;Non;7.0;;;True;0;E;;;;;False;;False;74.0;4036.0;;;;a;n;a;2020-01;90010;0402;900100402;H;90;;;;;;;2078.12
pr;an;v;0;68;;3;180000;;;0;0;0;0;0;;47.65074;6.85797;0;;;;;0;;;;;;;;;;;;;;ca;o;a;2020-01;90010;0504;900100504;H;90;9.26;2.0;0.042;9.09;68.0;0.041;2647.06
pr;a;v;4;55;;2;99000;;;0;0;0;1;NS;;47.65242;6.86222;Oui;4.0;;1.0;False;Sud-Est;NS;;1.0;;;;;True;2.0;1200.0;Électrique;Radiateur;Individuel;a;n;a;2020-01;90010;0504;900100504;H;90;10.5;8.0;0.07;10.0;89.0;0.067;1800.0
pr;a;v;0;75;;3;135990;;;0;0;0;1;C;138;47.64154;6.87129;Non;;;2.0;;Sud;D;;1.0;;;False;;False;;;Gaz;;Individuel;m;n;a;2020-01;90010;0504;900100504;H;90;9.26;2.0;0.061;9.09;68.0;0.06;1813.2
pr;a;v;4;55;;2;99000;;;0;0;0;1;0;;47.65237;6.86087;Non;;;1.0;;0;;;;0.0;;;;True;;;;;;a;n;a;2020-01;90010;0504;900100504;H;90;10.5;8.0;0.07;10.0;89.0;0.067;1800.0
pr;a;v;0;64;;3;80999;;;0;0;0;1;D;154.0;47.65684;6.84096;Oui;4.0;;;True;0;E;1970.0;1.0;;;;;False;136.0;2160.0;Gaz;Radiateur;Collectif;a;n;a;2020-01;90010;0101;900100101;H;90;9.07;6.0;0.086;9.09;68.0;0.086;1265.61
pr;a;v;0;50;;3;55000;;;0;0;0;1;E;258;47.66031;6.84346;Oui;;;;True;0;F;;1.0;;;;;False;6.0;360.0;;;;a;n;a;2020-01;90010;0101;900100101;H;90;9.07;6.0;0.099;9.09;68.0;0.099;1100.0
pr;a;v;0;50;;3;55000;;;0;0;0;1;E;258;47.66027;6.8427;Oui;;;0.0;;0;F;;;0.0;;;;False;;;;;;a;n;a;2020-01;90010;0101;900100101;H;90;9.07;6.0;0.099;9.09;68.0;0.099;1100.0
pr;a;v;5;79;;4;99000;;;0;0;0;1;0;;47.65857;6.84995;Non;;;0.0;;0;;1975.0;;1.0;;;;True;;;;;;a;n;a;2020-01;90010;0101;900100101;H;90;;;;8.84;19.0;0.085;1253.16
pr;a;v;0;89;400.0;4;124000;;;0;0;0;1;D;218.0;47.56571;6.94446;Non;2.0;;;;0;B;2014.0;1.0;;;;;False;5.0;140.0;Électrique;Radiateur;Individuel;a;n;a;2020-01;90051;0000;900510000;Z;90;;;;;;;1393.26
pr;a;v;0;82;;4;207000;;;0;0;0;0;0;;47.53662;6.97487;Non;;;;;0;;;;;;;;;;;;;;ca;o;a;2019-12;90053;0000;900530000;Z;90;;;;;;;2524.39
pr;m;v;0;200;;8;274000;;;1138;0;1;1;E;235;47.54247;6.9673;0;;;;;0;;;;;;;;;;;;;;a;n;m;2019-12;90053;0000;900530000;Z;90;;;;;;;1370.0
pr;a;v;4;82;;4;119110;;;500;0;0;1;C;150;47.63735;6.85678;0;;;;;0;;;;;;;;;;;;;;a;n;a;2019-12;90010;0403;900100403;H;90;9.32;2.0;0.077;8.84;19.0;0.073;1452.56
pr;a;v;2;40;;3;31500;;;138;0;0;1;0;0;47.61702;6.86152;0;;;;;0;;;;;;;;;;;;;;a;n;a;2019-12;90032;0000;900320000;Z;90;9.38;3.0;0.143;9.38;3.0;0.143;787.5
pr;m;v;0;88;;5;159000;;;664;0;1;0;D;216;47.65489;6.84711;0;;;;;0;;;;;;;;;;;;;;a;n;m;2019-12;90010;0102;900100102;H;90;;;;9.62;1.0;0.064;1806.82
pr;a;v;2;68;;3;151000;;;631;0;0;1;D;177;47.61891;6.83607;0;;;;;0;;;;;;;;;;;;;;a;n;a;2019-12;90008;0000;900080000;Z;90;;;;;;;2220.59
pr;a;v;1;97;;4;119880;;;503;0;0;1;C;136;47.63401;6.82998;0;;;;;0;;;;;;;;;;;;;;a;n;a;2019-12;90039;0000;900390000;Z;90;8.8;2.0;0.085;8.8;2.0;0.085;1235.88
pr;m;v;0;92;;5;149500;;;625;0;0;1;E;326;47.66083;6.84548;0;;;;;0;;;;;;;;;;;;;;a;n;m;2019-12;90010;0101;900100101;H;90;9.62;1.0;0.071;9.62;1.0;0.071;1625.0
pr;a;v;4;58;;3;95500;;;403;0;0;1;0;0;47.63525;6.85149;0;;;;;0;;;;;;;;;;;;;;a;n;a;2019-12;90010;0202;900100202;H;90;9.67;3.0;0.07;9.09;68.0;0.066;1646.55
pr;m;v;0;120;;6;226825;;;944;0;0;1;D;174;47.66318;6.88615;0;;;;;0;;;;;;;;;;;;;;a;n;m;2019-12;90075;0000;900750000;Z;90;;;;;;;1890.21
pr;a;v;2;179;;7;257500;;;1070;1;1;1;D;221;47.63669;6.85639;0;;;;;0;;;;;;;;;;;;;;a;n;a;2019-11;90010;0501;900100501;H;90;;;;;;;1438.55
pr;a;v;4;81;;4;86500;;;365;2;0;1;0;0;47.66961;6.84001;0;;;;;0;;;;;;;;;;;;;;a;n;a;2019-11;90099;0000;900990000;Z;90;;;;;;;1067.9
pr;a;v;4;90;;4;95500;;;403;0;0;1;0;0;47.63804;6.86564;0;;;;;0;;;;;;;;;;;;;;a;n;a;2019-11;90010;0502;900100502;H;90;8.2;2.0;0.093;8.84;19.0;0.1;1061.11
pr;a;v;1;56;;2;103500;;;436;0;0;1;0;0;47.63792;6.85333;0;;;;;0;;;;;;;;;;;;;;a;n;a;2019-11;90010;0403;900100403;H;90;9.09;4.0;0.059;10.0;89.0;0.065;1848.21
pr;a;v;2;81;;4;199000;;;829;0;1;0;D;154;47.63789;6.8546;0;;;;;0;;;;;;;;;;;;;;a;n;a;2019-11;90010;0403;900100403;H;90;9.32;2.0;0.046;8.84;19.0;0.043;2456.79
pr;a;v;0;90;;5;119000;;;499;1;0;1;E;235;47.52599;7.001;0;;;;;0;;;;;;;;;;;;;;a;n;a;2019-11;90056;0000;900560000;Z;90;;;;;;;1322.22
pr;a;v;4;90;;4;108639;;;457;0;0;1;0;0;47.65416;6.84356;0;;;;;0;;;;;;;;;;;;;;a;n;a;2019-11;90010;0102;900100102;H;90;9.88;1.0;0.098;8.84;19.0;0.088;1207.1
pr;a;v;2;74;;4;46500;;;200;1;0;1;E;236;47.63734;6.83527;0;;;;;0;;;;;;;;;;;;;;a;n;a;2019-11;90010;0202;900100202;H;90;;;;8.84;19.0;0.169;628.38
pr;a;v;3;89;;4;82500;;;349;1;0;1;B;81;47.64762;6.8513;0;;;;;0;;;;;;;;;;;;;;a;n;a;2019-11;90010;0401;900100401;H;90;9.5;1.0;0.123;8.84;19.0;0.114;926.97
pr;m;v;0;80;;5;143500;;;600;0;0;1;0;0;47.65938;6.83635;0;;;;;0;;;;;;;;;;;;;;a;n;m;2019-11;90010;0101;900100101;H;90;9.62;1.0;0.064;9.62;1.0;0.064;1793.75
pr;m;v;0;130;;6;157000;;;656;0;0;1;E;237;47.61795;6.86269;0;;;;;0;;;;;;;;;;;;;;a;n;m;2019-11;90032;0000;900320000;Z;90;;;;;;;1207.69
pr;m;v;0;80;;5;159000;;;664;0;1;0;E;235;47.50505;6.95155;0;;;;;0;;;;;;;;;;;;;;a;n;m;2019-11;90045;0000;900450000;Z;90;;;;;;;1987.5
pr;m;v;0;110;;6;212000;;;883;0;1;1;D;193;47.69716;7.01592;0;;;;;0;;;;;;;;;;;;;;a;n;m;2019-10;90002;0000;900020000;Z;90;;;;;;;1927.27
pr;m;v;0;205;;7;338000;;;1402;0;1;1;D;224;47.56605;6.94549;0;;;;;0;;;;;;;;;;;;;;a;n;m;2019-10;90051;0000;900510000;Z;90;;;;;;;1648.78
pr;a;v;4;82;;4;73000;;;310;1;0;1;D;177;47.66966;6.83827;0;;;;;0;;;;;;;;;;;;;;a;n;a;2019-10;90099;0000;900990000;Z;90;;;;;;;890.24
pr;a;v;0;91;;4;141000;;;590;2;0;1;E;266;47.63307;6.86373;0;;;;;0;;;;;;;;;;;;;;a;n;a;2019-10;90010;0502;900100502;H;90;8.2;2.0;0.064;8.84;19.0;0.068;1549.45
pr;a;v;0;95;;4;121000;;;508;0;1;0;0;0;47.61692;6.86414;0;;;;;0;;;;;;;;;;;;;;a;n;a;2019-09;90032;0000;900320000;Z;90;;;;;;;1273.68
pr;a;v;1;68;;3;59500;;;254;0;0;1;0;0;47.61575;6.86109;0;;;;;0;;;;;;;;;;;;;;a;n;a;2019-09;90032;0000;900320000;Z;90;9.38;3.0;0.129;9.38;3.0;0.129;875.0
pr;a;v;0;86;;4;98150;;;413;0;0;0;D;221;47.63422;6.86016;0;;;;;0;;;;;;;;;;;;;;a;n;a;2019-09;90010;0501;900100501;H;90;9.12;7.0;0.096;8.84;19.0;0.093;1141.28
pr;m;v;0;100;;5;149000;;;623;0;0;1;0;0;47.56202;6.91913;0;;;;;0;;;;;;;;;;;;;;a;n;m;2019-09;90017;0000;900170000;Z;90;;;;;;;1490.0
pr;m;v;0;220;;9;159900;;;668;0;1;1;D;162;47.74206;6.82872;0;;;;;0;;;;;;;;;;;;;;a;n;m;2019-09;90052;0000;900520000;Z;90;;;;;;;726.82
pr;mn;v;0;81;;4;183900;;;0;0;0;0;0;;47.55972;6.85189;0;;;;;0;;;;;;;;;;;;;;cm;o;m;2019-09;90022;0000;900220000;Z;90;;;;;;;2270.37
pr;an;v;0;81;;4;185400;;;0;0;0;0;0;;47.55972;6.85189;0;;;;;0;;;;;;;;;;;;;;ca;o;a;2019-09;90022;0000;900220000;Z;90;;;;;;;2288.89
pr;an;v;0;88;;5;193900;;;0;0;0;0;0;;47.55972;6.85189;0;;;;;0;;;;;;;;;;;;;;ca;o;a;2019-09;90022;0000;900220000;Z;90;;;;;;;2203.41
pr;mn;v;0;88;;5;195200;;;0;0;0;0;0;;47.55972;6.85189;0;;;;;0;;;;;;;;;;;;;;cm;o;m;2019-09;90022;0000;900220000;Z;90;;;;;;;2218.18
pr;a;v;0;78;;4;139900;;;586;0;1;1;C;142;47.63758;6.86023;0;;;;;0;;;;;;;;;;;;;;a;n;a;2019-09;90010;0502;900100502;H;90;8.2;2.0;0.055;8.84;19.0;0.059;1793.59
pr;an;v;0;88;;4;186750;;;0;0;0;0;0;;47.51111;7.00891;0;;;;;0;;;;;;;;;;;;;;ca;o;a;2019-09;90033;0101;900330101;H;90;;;;7.44;3.0;0.042;2122.16
pr;an;v;0;81;;4;183450;;;0;0;0;0;0;;47.51111;7.00891;0;;;;;0;;;;;;;;;;;;;;ca;o;a;2019-09;90033;0101;900330101;H;90;;;;7.44;3.0;0.039;2264.81
pr;mn;v;0;81;;4;175700;;;0;0;0;0;0;;47.51111;7.00891;0;;;;;0;;;;;;;;;;;;;;cm;o;m;2019-09;90033;0101;900330101;H;90;;;;;;;2169.14
pr;mn;v;0;88;;4;186750;;;0;0;0;0;0;;47.51111;7.00891;0;;;;;0;;;;;;;;;;;;;;cm;o;m;2019-09;90033;0101;900330101;H;90;;;;;;;2122.16
pr;a;v;1;85;;3;132000;;;553;1;0;1;E;235;47.54247;6.9673;0;;;;;0;;;;;;;;;;;;;;a;n;a;2019-08;90053;0000;900530000;Z;90;;;;;;;1552.94
pr;a;v;0;23;;1;35000;;;153;0;1;0;0;0;47.54247;6.9673;0;;;;;0;;;;;;;;;;;;;;a;n;a;2019-08;90053;0000;900530000;Z;90;13.21;1.0;0.104;13.21;1.0;0.104;1521.74
pr;a;v;1;55;;2;92000;;;388;1;0;1;E;235;47.54247;6.9673;0;;;;;0;;;;;;;;;;;;;;a;n;a;2019-08;90053;0000;900530000;Z;90;;;;;;;1672.73
pr;a;v;4;86;;4;199500;;;831;0;0;1;0;0;47.63676;6.85975;0;;;;;0;;;;;;;;;;;;;;a;n;a;2019-08;90010;0502;900100502;H;90;8.2;2.0;0.042;8.84;19.0;0.046;2319.77
pr;a;v;2;75;;4;168500;;;703;0;1;0;0;0;47.62042;6.83456;0;;;;;0;;;;;;;;;;;;;;a;n;a;2019-08;90008;0000;900080000;Z;90;;;;;;;2246.67
pr;a;v;0;80;;4;92800;;;391;0;0;1;D;209;47.65232;6.85162;0;;;;;0;;;;;;;;;;;;;;a;n;a;2019-08;90010;0103;900100103;H;90;8.24;1.0;0.085;8.84;19.0;0.091;1160.0
pr;a;v;0;62;;2;76500;;;324;0;1;0;F;355;47.64987;6.85545;0;;;;;0;;;;;;;;;;;;;;a;n;a;2019-08;90010;0402;900100402;H;90;10.78;7.0;0.105;10.0;89.0;0.097;1233.87
pr;m;v;0;135;;6;169000;;;705;0;1;1;0;0;47.56202;6.91913;0;;;;;0;;;;;;;;;;;;;;a;n;m;2019-08;90017;0000;900170000;Z;90;;;;;;;1251.85
pr;a;v;1;44;;2;65500;;;279;0;1;0;0;0;47.64924;6.85093;0;;;;;0;;;;;;;;;;;;;;a;n;a;2019-08;90010;0401;900100401;H;90;11.97;7.0;0.096;10.0;89.0;0.081;1488.64
pr;a;v;2;132;;5;247500;;;1029;0;1;0;C;134;47.63518;6.8579;0;;;;;0;;;;;;;;;;;;;;a;n;a;2019-08;90010;0501;900100501;H;90;10.62;2.0;0.068;7.42;15.0;0.047;1875.0
pr;a;v;0;79;;4;186000;;;775;0;1;0;B;67;47.61199;6.90864;0;;;;;0;;;;;;;;;;;;;;a;n;a;2019-08;90104;0000;901040000;Z;90;;;;;;;2354.43
pr;a;v;3;153;;6;222500;;;893;1;1;1;D;155;47.64035;6.86119;0;;;;;0;;;;;;;;;;;;;;a;n;a;2019-07;90010;0502;900100502;H;90;;;;;;;1454.25
pr;m;v;0;150;;7;176000;;;709;0;0;1;0;0;47.61523;6.86217;0;;;;;0;;;;;;;;;;;;;;a;n;m;2019-07;90032;0000;900320000;Z;90;;;;;;;1173.33
pr;a;v;2;68;;3;64500;;;265;0;0;1;0;0;47.63874;6.8563;0;;;;;0;;;;;;;;;;;;;;a;n;a;2019-06;90010;0403;900100403;H;90;9.48;2.0;0.12;9.09;68.0;0.115;948.53
pr;m;v;0;95;;5;204000;;;820;0;1;0;F;366;47.62782;6.86216;0;;;;;0;;;;;;;;;;;;;;a;n;m;2019-06;90010;0501;900100501;H;90;;;;9.62;1.0;0.054;2147.37
pr;a;v;0;52;;2;84500;;;345;0;0;1;D;194;47.63977;6.86256;0;;;;;0;;;;;;;;;;;;;;a;n;a;2019-06;90010;0502;900100502;H;90;9.77;10.0;0.072;10.0;89.0;0.074;1625.0
pr;a;v;2;34;;2;54500;;;225;0;0;1;G;572;47.65262;6.8535;0;;;;;0;;;;;;;;;;;;;;a;n;a;2019-06;90010;0103;900100103;H;90;10.0;5.0;0.075;10.0;89.0;0.075;1602.94
pr;m;v;0;100;;5;232100;;;932;0;0;1;E;264;47.6963;6.86739;0;;;;;0;;;;;;;;;;;;;;a;n;m;2019-06;90037;0000;900370000;Z;90;10.41;1.0;0.054;10.41;1.0;0.054;2321.0
pr;m;v;0;180;;6;237500;;;953;0;0;1;0;0;47.62991;6.86806;0;;;;;0;;;;;;;;;;;;;;a;n;m;2019-06;90010;0503;900100503;H;90;;;;;;;1319.44
pr;a;v;3;80;;5;55000;;;227;0;0;1;D;225;47.64376;6.84371;0;;;;;0;;;;;;;;;;;;;;a;n;a;2019-06;90010;0205;900100205;A;90;8.28;2.0;0.145;7.42;15.0;0.13;687.5
pr;a;v;0;90;;4;89900;;;366;1;0;1;B;81;47.64662;6.85355;0;;;;;0;;;;;;;;;;;;;;a;n;a;2019-05;90010;0401;900100401;H;90;9.5;1.0;0.114;8.84;19.0;0.106;998.89
pr;a;v;1;54;;2;48000;;;200;0;0;0;C;150;47.63401;6.85453;0;;;;;0;;;;;;;;;;;;;;a;n;a;2019-05;90010;0501;900100501;H;90;11.66;12.0;0.157;10.0;89.0;0.135;888.89
pr;a;v;0;95;;5;142000;;;573;0;0;1;C;128;47.63494;6.86287;0;;;;;0;;;;;;;;;;;;;;a;n;a;2019-05;90010;0502;900100502;H;90;9.33;3.0;0.075;7.42;15.0;0.06;1494.74
pr;a;v;3;80;;5;61000;;;251;0;0;1;D;225;47.6352;6.84192;0;;;;;0;;;;;;;;;;;;;;a;n;a;2019-05;90010;0301;900100301;H;90;7.01;3.0;0.11;7.42;15.0;0.117;762.5
pr;a;v;1;69;;4;45000;;;188;0;0;0;E;266;47.63696;6.83625;0;;;;;0;;;;;;;;;;;;;;a;n;a;2019-05;90010;0202;900100202;H;90;;;;8.84;19.0;0.163;652.17
pr;a;v;2;64;;3;98500;;;400;1;0;1;C;147;47.65037;6.85885;0;;;;;0;;;;;;;;;;;;;;a;n;a;2019-05;90010;0504;900100504;H;90;9.26;2.0;0.072;9.09;68.0;0.071;1539.06
pr;mn;v;0;81;;4;173350;;;0;0;0;0;0;;47.60412;6.82038;0;;;;;0;;;;;;;;;;;;;;cm;o;m;2019-04;90004;0000;900040000;Z;90;;;;;;;2140.12
pr;m;v;0;150;;7;250000;;;1003;0;1;2;D;215;47.7189;6.92167;0;;;;;0;;;;;;;;;;;;;;a;n;m;2019-04;90041;0000;900410000;Z;90;;;;;;;1666.67
pr;m;v;0;150;;7;409000;;;1635;1;1;1;D;156;47.48694;6.97795;0;;;;;0;;;;;;;;;;;;;;a;n;m;2019-04;90063;0000;900630000;Z;90;;;;;;;2726.67
pr;mn;v;0;89;;5;188400;;;0;0;0;0;0;;47.55973;6.85174;0;;;;;0;;;;;;;;;;;;;;cm;o;m;2019-04;90022;0000;900220000;Z;90;;;;;;;2116.85
pr;mn;v;0;82;;4;182900;;;0;0;0;0;0;;47.55973;6.85174;0;;;;;0;;;;;;;;;;;;;;cm;o;m;2019-04;90022;0000;900220000;Z;90;;;;;;;2230.49
pr;m;v;0;220;;9;160500;;;647;0;1;1;D;162;47.74218;6.82867;0;;;;;0;;;;;;;;;;;;;;a;n;m;2019-03;90052;0000;900520000;Z;90;;;;;;;729.55
pr;a;v;2;98;;6;116600;;;472;0;0;1;E;309;47.64482;6.85318;0;;;;;0;;;;;;;;;;;;;;a;n;a;2019-02;90010;0401;900100401;H;90;;;;;;;1189.8
pr;a;v;4;88;;5;45000;;;188;2;0;1;D;177;47.6329;6.84777;0;;;;;0;;;;;;;;;;;;;;a;n;a;2019-02;90010;0301;900100301;H;90;7.01;3.0;0.165;7.42;15.0;0.174;511.36
pr;m;v;0;120;;7;247000;;;991;0;0;2;E;236;47.53145;6.92014;0;;;;;0;;;;;;;;;;;;;;a;n;m;2019-02;90069;0000;900690000;Z;90;;;;;;;2058.33
