DEP;INSEE_COM;type_annonceur;categorie_annonceur;typedebien;typedetransaction;nb_pieces;dpeL;surface_median;prix_bien_median;prix_m2_vente_median;loyer_m2_median_n7;taux_rendement_moy;balcon_moy;eau_moy;bain_moy;nb_log_en_vente
10;10003;pr;a;m;v;3;G;63.0;128000.0;2031.75;;;0.0;0.0;1.0;1
10;10003;pr;a;m;v;3;VI;65.0;106000.0;1630.77;;;0.0;1.0;0.0;1
10;10003;pr;a;m;v;4;E;120.0;119900.0;999.17;7.04;0.085;0.0;0.0;1.0;1
10;10003;pr;a;m;v;4;F;77.0;82500.0;1066.72;7.04;0.08;0.0;0.0;1.0;2
10;10003;pr;a;m;v;5;0;95.0;335000.0;3526.32;;;0.0;1.0;0.0;1
10;10003;pr;a;m;v;5;C;129.0;145000.0;1124.03;;;0.0;1.0;1.0;1
10;10003;pr;a;m;v;5;D;172.0;167000.0;970.93;;;0.0;0.0;2.0;1
10;10003;pr;a;m;v;5;E;122.0;179000.0;1475.41;;;0.0;0.0;0.33;3
10;10003;pr;a;m;v;6;0;110.0;189000.0;1718.18;;;0.0;0.0;1.0;1
10;10003;pr;a;m;v;6;D;150.0;158000.0;1053.33;;;0.0;1.0;0.0;1
10;10003;pr;a;m;v;7;D;196.5;243350.0;1248.26;;;0.0;0.5;1.5;2
10;10003;pr;a;m;v;8;F;180.0;168000.0;933.33;;;0.0;1.0;1.0;1
10;10003;pr;a;m;v;9;D;195.0;318000.0;1630.77;;;0.0;0.0;2.0;1
10;10003;pr;m;m;v;3;VI;60.0;45000.0;750.0;;;0.0;0.0;1.0;1
10;10003;pr;m;m;v;4;F;72.0;129000.0;1791.67;7.04;0.047;0.0;0.0;0.0;1
10;10003;pr;m;m;v;5;D;116.0;168000.0;1448.28;;;0.0;0.0;0.0;1
10;10003;pr;m;m;v;5;G;92.0;55000.0;597.83;;;0.0;1.0;0.0;1
10;10003;pr;m;m;v;6;D;140.0;148000.0;1053.33;;;0.0;1.0;0.0;3
10;10005;pr;m;m;v;4;D;160.0;119999.0;749.99;;;0.0;0.0;0.0;1
10;10006;pr;a;a;v;2;D;48.0;69200.0;1441.66;6.0;0.05;0.0;1.0;0.0;2
10;10006;pr;a;m;v;4;D;106.5;154750.0;1493.79;;;0.0;0.5;0.5;2
10;10006;pr;a;m;v;5;E;145.0;169000.0;1165.52;;;1.0;0.0;1.0;1
10;10006;pr;a;m;v;6;D;140.0;143000.0;1021.43;;;0.0;0.0;1.0;1
10;10006;pr;a;m;v;7;D;155.0;242000.0;1561.29;;;0.0;0.0;0.0;1
10;10006;pr;a;m;v;8;0;215.0;230000.0;1069.77;;;0.0;0.0;0.0;1
10;10006;pr;a;m;v;8;VI;215.0;235000.0;1093.02;;;0.0;0.0;1.0;1
10;10006;pr;m;m;v;4;E;80.0;129000.0;1612.5;;;0.0;0.0;0.0;1
10;10006;pr;m;m;v;5;E;145.0;158000.0;1089.66;;;0.0;0.0;0.0;1
10;10006;pr;m;m;v;6;D;213.0;338000.0;1586.85;;;0.0;0.0;0.0;1
10;10006;pr;m;m;v;7;D;161.0;180000.0;1118.01;;;0.0;0.0;0.0;1
10;10012;pr;a;m;v;5;D;250.0;290000.0;1160.0;;;0.0;1.0;1.0;1
10;10013;pr;a;m;v;4;F;200.0;65000.0;325.0;;;0.0;1.0;0.0;1
10;10013;pr;a;m;v;6;D;154.0;217000.0;1409.09;;;1.0;0.0;1.0;1
10;10013;pr;a;m;v;7;D;146.0;217000.0;1486.3;;;0.33;0.0;1.0;3
10;10015;pr;a;m;v;6;E;136.0;280000.0;2058.82;;;0.0;1.0;1.0;1
10;10015;pr;a;m;v;7;0;195.0;125000.0;641.03;;;0.0;1.0;0.0;1
10;10018;pr;a;m;v;3;0;80.0;69000.0;862.5;;;0.0;1.0;1.0;1
10;10018;pr;a;m;v;5;0;145.0;168000.0;1375.86;;;0.0;0.67;1.67;3
10;10018;pr;a;m;v;5;C;117.0;230050.0;1966.24;;;0.0;1.0;1.0;1
10;10018;pr;a;m;vp;10;C;308.0;472000.0;1532.47;;;0.0;2.0;1.0;1
10;10019;pr;a;m;v;5;D;85.0;139000.0;1635.29;;;0.0;0.0;1.0;1
10;10019;pr;m;m;v;5;D;128.0;239200.0;1868.75;;;0.0;1.0;0.0;2
10;10022;pr;m;m;v;2;E;100.0;85000.0;850.0;;;0.0;1.0;0.0;2
10;10023;pr;a;m;v;4;VI;120.0;108900.0;907.5;;;0.0;1.0;0.0;1
10;10023;pr;a;m;v;5;F;170.0;88000.0;517.65;;;0.0;1.0;0.0;1
10;10023;pr;m;m;v;5;F;170.0;88000.0;517.65;;;0.0;0.0;0.0;1
10;10028;pr;a;m;v;7;E;190.0;139500.0;734.21;;;0.0;0.0;3.0;1
10;10030;pr;m;m;v;4;D;95.0;225000.0;2368.42;;;0.0;0.0;0.0;1
10;10031;pr;a;a;v;2;D;44.0;119500.0;2715.91;;;0.0;0.0;1.0;1
10;10031;pr;a;m;v;4;0;122.0;162000.0;1327.87;;;0.0;0.0;1.0;1
10;10033;pr;a;m;v;11;E;275.0;215000.0;781.82;;;0.0;0.0;1.0;1
10;10033;pr;a;m;v;4;B;161.0;125000.0;776.4;7.34;0.113;0.0;0.0;1.0;1
10;10033;pr;a;m;v;5;C;190.0;190000.0;1000.0;7.21;0.087;1.0;0.0;0.0;1
10;10033;pr;a;m;v;5;E;91.0;73700.0;809.89;7.21;0.107;2.0;0.0;1.0;1
10;10033;pr;a;m;v;5;F;91.0;73700.0;809.89;7.21;0.107;2.0;0.0;1.0;1
10;10033;pr;a;m;v;5;VI;85.0;73700.0;867.06;7.21;0.1;2.0;0.0;1.0;1
10;10033;pr;a;m;v;6;0;175.0;140000.0;800.0;;;0.0;0.0;1.0;1
10;10033;pr;a;m;v;6;C;180.0;245000.0;1361.11;;;0.0;1.0;0.0;1
10;10033;pr;m;a;v;4;D;100.0;106500.0;1065.0;6.01;0.068;0.0;0.0;0.0;1
10;10033;pr;m;m;v;4;B;161.0;119000.0;739.13;7.34;0.119;0.0;0.0;0.0;1
10;10033;pr;m;m;v;6;C;180.0;225000.0;1250.0;;;0.0;0.0;0.0;1
10;10033;pr;m;m;v;6;VI;175.0;140000.0;800.0;;;0.0;0.0;0.0;1
10;10034;pr;a;a;v;1;F;36.0;36000.0;1000.0;;;0.0;1.0;0.0;1
10;10034;pr;a;a;v;1;G;34.5;26500.0;761.36;;;0.0;1.0;0.5;2
10;10034;pr;a;a;v;2;0;45.0;60000.0;1333.33;7.04;0.063;0.0;1.0;0.0;1
10;10034;pr;a;a;v;2;E;50.0;47000.0;940.0;7.04;0.09;1.0;0.0;1.0;1
10;10034;pr;a;a;v;3;D;66.0;45180.0;684.54;8.6;0.154;0.5;0.5;0.5;2
10;10034;pr;a;m;v;1;NS;531.0;703500.0;1324.86;;;0.0;0.0;0.0;1
10;10034;pr;a;m;v;13;0;340.0;240000.0;705.88;;;0.0;0.0;0.0;1
10;10034;pr;a;m;v;3;VI;80.5;57250.0;702.08;;;0.0;1.0;0.0;2
10;10034;pr;a;m;v;4;D;94.0;148000.0;1574.47;;;0.0;1.0;0.0;1
10;10034;pr;a;m;v;4;E;108.5;111400.0;977.73;;;0.0;0.0;1.0;2
10;10034;pr;a;m;v;5;D;93.0;149000.0;1602.15;;;0.0;1.0;0.0;1
10;10034;pr;a;m;v;6;0;165.0;224700.0;1361.82;;;0.0;2.0;0.0;1
10;10034;pr;a;m;v;7;D;205.0;237500.0;1158.54;;;0.0;0.0;0.0;1
10;10034;pr;a;m;v;9;C;230.0;199900.0;869.13;;;0.0;1.0;1.0;1
10;10034;pr;m;a;v;2;VI;45.0;55000.0;1222.22;7.04;0.069;0.0;0.0;0.0;1
10;10034;pr;m;m;v;1;NS;87.0;53500.0;519.04;;;0.0;0.0;0.0;2
10;10034;pr;m;m;v;13;NS;340.0;245000.0;720.59;;;0.0;1.0;0.0;1
10;10034;pr;m;m;v;3;NS;107.5;44750.0;429.82;;;0.0;0.5;0.0;2
10;10034;pr;m;m;v;4;D;115.0;125990.0;1095.57;;;0.0;0.33;0.0;3
10;10034;pr;m;m;v;5;E;120.0;126500.0;1089.16;;;0.0;0.0;0.5;2
10;10035;pr;a;m;v;3;D;110.0;80000.0;727.27;;;0.0;0.0;1.0;1
10;10035;pr;a;m;v;5;D;155.0;145000.0;935.48;;;0.0;0.0;1.0;1
10;10035;pr;m;m;v;3;D;110.0;80000.0;727.27;;;0.0;0.0;0.0;1
10;10035;pr;m;m;v;5;D;155.0;129000.0;832.26;;;0.0;0.0;0.0;1
10;10037;pr;a;m;v;4;E;89.0;120000.0;1348.31;;;0.0;0.0;1.0;1
10;10037;pr;a;m;v;4;F;100.0;125000.0;1250.0;;;0.0;1.0;1.0;1
10;10037;pr;a;m;v;5;E;81.0;133000.0;1641.98;;;0.0;0.0;1.0;1
10;10037;pr;m;m;v;4;F;100.0;125000.0;1250.0;;;0.0;0.0;0.0;1
10;10038;pr;a;m;v;8;D;180.0;199400.0;1107.78;;;0.0;2.0;1.0;1
10;10040;pr;a;m;v;3;0;97.0;76000.0;783.51;;;0.0;0.0;1.0;1
10;10040;pr;a;m;v;4;0;80.0;55000.0;687.5;;;0.0;0.0;1.0;1
10;10042;pr;a;m;v;2;VI;74.0;69000.0;932.43;;;0.0;1.0;0.0;1
10;10042;pr;a;m;v;4;VI;90.0;75000.0;833.33;;;0.0;1.0;0.0;1
10;10049;pr;a;m;v;5;C;187.0;150000.0;802.14;;;0.0;0.0;1.0;1
10;10049;pr;a;m;v;7;0;200.0;251200.0;1256.0;;;0.0;2.0;0.0;1
10;10049;pr;cm;m;v;4;0;85.0;165000.0;1941.18;;;0.0;0.0;0.0;1
10;10050;pr;a;m;v;11;0;292.0;234000.0;801.37;;;0.0;1.0;1.0;1
10;10050;pr;a;m;v;5;E;145.0;195000.0;1344.83;;;1.0;1.0;1.0;1
10;10050;pr;m;m;v;5;E;145.0;185000.0;1275.86;;;0.0;0.0;0.0;1
10;10051;pr;a;m;v;1;0;200.0;49000.0;245.0;;;0.0;0.0;0.0;1
10;10051;pr;a;m;v;10;D;220.0;359000.0;1631.82;;;0.0;1.0;1.0;1
10;10051;pr;a;m;v;5;E;104.0;196500.0;1889.42;;;0.0;1.0;1.0;1
10;10051;pr;a;m;v;5;F;108.0;162000.0;1500.0;;;0.0;1.0;0.0;1
10;10051;pr;a;m;v;6;C;180.0;248200.0;1378.89;;;0.0;1.0;1.0;1
10;10051;pr;a;m;v;7;C;180.0;238000.0;1322.22;;;0.0;0.0;1.0;1
10;10051;pr;a;m;v;8;C;242.0;320000.0;1322.31;;;0.0;0.0;0.0;1
10;10051;pr;a;m;v;8;E;172.0;236300.0;1373.84;;;0.0;1.0;1.0;1
10;10051;pr;m;m;v;3;F;76.0;153500.0;2019.74;;;0.0;0.0;0.0;1
10;10051;pr;m;m;v;3;VI;103.0;80000.0;776.7;;;0.0;0.0;0.0;1
10;10051;pr;m;m;v;4;D;133.0;211000.0;1586.47;;;0.0;0.0;0.0;1
10;10054;pr;a;m;v;8;D;288.0;210000.0;729.17;;;0.0;1.0;3.0;1
10;10055;pr;a;m;v;10;0;430.0;349000.0;811.63;;;0.0;5.0;1.0;1
10;10055;pr;a;m;v;5;VI;92.0;111000.0;1206.52;;;0.0;0.0;0.0;1
10;10057;pr;a;m;v;7;C;181.0;258000.0;1425.41;;;0.0;0.0;1.0;1
10;10058;pr;a;m;v;4;VI;95.0;95000.0;1000.0;;;0.0;2.0;0.0;1
10;10059;pr;a;m;v;3;F;101.0;96500.0;955.45;;;0.0;1.0;0.0;1
10;10060;pr;a;m;v;4;D;117.0;127500.0;1089.74;;;0.0;0.0;1.0;1
10;10060;pr;a;m;v;5;D;102.5;155000.0;1528.98;;;0.0;0.0;0.5;2
10;10060;pr;a;m;v;6;D;90.0;160000.0;1777.78;8.63;0.058;0.0;0.0;1.0;1
10;10060;pr;a;m;v;7;E;156.0;340000.0;2179.49;;;0.0;1.0;1.0;1
10;10060;pr;a;m;v;8;C;400.0;785000.0;1962.5;;;0.0;0.0;0.0;1
10;10060;pr;a;m;vp;8;C;400.0;785000.0;1962.5;;;0.0;1.0;1.0;1
10;10061;pr;a;m;v;7;G;115.0;109000.0;947.83;;;0.0;2.0;0.0;1
10;10064;pr;a;m;v;9;D;300.0;360000.0;1200.0;;;1.0;0.0;3.0;1
10;10064;pr;m;m;v;3;D;81.0;50000.0;617.28;6.59;0.128;0.0;0.0;0.0;1
10;10064;pr;m;m;v;4;F;66.0;76000.0;1151.52;;;0.0;1.0;0.0;1
10;10064;pr;m;m;v;4;VI;85.0;105000.0;1235.29;;;0.0;0.0;1.0;1
10;10064;pr;m;m;v;5;F;115.0;157000.0;1365.22;;;0.0;0.0;1.0;1
10;10064;pr;m;m;v;5;VI;130.0;81000.0;623.08;;;0.0;0.0;1.0;1
10;10064;pr;m;m;v;6;B;153.0;166400.0;1087.58;;;0.0;1.0;1.0;1
10;10064;pr;m;m;v;6;D;180.0;209000.0;1161.11;;;0.0;0.0;0.0;1
10;10064;pr;m;m;v;7;E;125.0;106000.0;848.0;;;0.0;1.0;1.0;1
10;10064;pr;m;m;v;9;D;300.0;395000.0;1316.67;;;0.0;0.0;2.0;1
10;10064;pr;m;m;v;9;VI;150.0;98000.0;653.33;;;0.0;0.0;2.0;1
10;10066;pr;a;m;v;4;D;97.0;159000.0;1639.18;;;0.0;0.0;0.0;1
10;10066;pr;a;m;v;6;E;175.0;349000.0;1994.29;;;0.0;1.0;1.0;1
10;10067;pr;a;m;v;10;C;280.0;334000.0;1192.86;;;0.0;1.0;2.0;1
10;10067;pr;a;m;v;3;0;55.0;149500.0;2718.18;;;0.0;0.0;0.0;1
10;10067;pr;a;m;v;5;D;108.5;298000.0;2747.07;;;0.0;0.0;1.0;2
10;10067;pr;a;m;v;5;NS;211.0;394000.0;1867.3;;;0.0;0.0;2.0;1
10;10067;pr;a;m;v;6;B;135.0;269000.0;1992.59;;;0.0;0.0;1.0;1
10;10067;pr;a;m;v;9;C;280.0;346000.0;1235.71;;;0.0;2.0;0.0;1
10;10067;pr;cm;m;v;3;0;85.0;170000.0;2000.0;;;0.0;0.0;0.0;1
10;10071;pr;a;m;v;10;0;440.0;270000.0;613.64;;;0.0;2.0;2.0;1
10;10071;pr;m;m;v;9;F;440.0;260000.0;590.91;;;0.0;0.0;3.0;1
10;10080;pr;a;m;v;3;VI;60.0;88000.0;1466.67;;;0.0;0.0;0.0;1
10;10080;pr;a;m;v;5;D;100.0;81000.0;810.0;;;0.0;0.0;1.0;1
10;10080;pr;a;m;v;6;0;240.0;169000.0;704.17;;;0.0;1.0;1.0;1
10;10080;pr;a;m;v;8;VI;180.0;59900.0;332.78;;;0.0;0.0;1.0;1
10;10080;pr;cm;m;v;4;B;85.0;168000.0;1976.47;;;0.0;0.0;0.0;1
10;10081;pr;a;a;v;3;0;47.0;59000.0;1255.32;7.22;0.069;0.0;1.0;0.0;1
10;10081;pr;a;a;v;3;C;64.0;72000.0;1125.0;7.22;0.077;1.0;1.0;0.0;1
10;10081;pr;a;a;v;3;D;71.0;98500.0;1387.32;7.22;0.063;0.0;0.33;0.67;3
10;10081;pr;a;a;v;3;E;57.5;76500.0;1296.04;7.22;0.067;0.33;0.5;0.17;6
10;10081;pr;a;a;v;4;D;79.0;91000.0;1151.9;6.82;0.07;0.2;0.0;0.8;5
10;10081;pr;a;a;v;4;E;54.0;85800.0;1588.89;6.82;0.052;0.0;1.0;0.0;1
10;10081;pr;a;m;v;4;0;86.5;158500.0;1851.83;;;0.0;1.0;0.5;2
10;10081;pr;a;m;v;4;D;104.0;179500.0;1725.96;;;0.0;1.0;1.0;1
10;10081;pr;a;m;v;5;A;96.0;199000.0;2072.92;;;0.0;1.0;0.0;1
10;10081;pr;a;m;v;5;C;88.0;193500.0;2198.86;;;0.0;0.5;0.5;2
10;10081;pr;a;m;v;5;D;115.0;215000.0;1869.57;;;0.0;0.0;1.0;1
10;10081;pr;a;m;v;5;NS;80.0;159000.0;1987.5;;;0.0;0.0;1.0;1
10;10081;pr;a;m;v;6;D;172.0;199000.0;1156.98;;;0.0;2.0;0.0;1
10;10081;pr;a;m;v;6;F;100.0;198000.0;1980.0;;;0.0;0.0;0.0;1
10;10081;pr;a;m;v;7;D;169.0;199000.0;1177.51;;;0.0;2.0;0.0;1
10;10081;pr;a;m;v;8;D;195.0;199000.0;1020.51;;;0.0;2.0;2.0;1
10;10081;pr;ca;a;v;2;0;41.0;100225.0;2444.51;9.48;0.047;0.0;0.0;0.0;1
10;10081;pr;ca;a;v;3;0;61.0;136271.0;2233.95;7.22;0.039;0.0;0.0;0.0;1
10;10081;pr;ca;an;v;2;0;41.0;100225.0;2444.51;9.48;0.047;0.0;0.0;0.0;2
10;10081;pr;ca;an;v;3;0;61.0;136271.0;2233.95;7.22;0.039;0.0;0.0;0.0;2
10;10081;pr;m;a;v;1;C;38.0;35500.0;934.21;12.59;0.162;0.0;0.0;0.0;1
10;10081;pr;m;a;v;3;D;67.0;53000.0;791.04;7.22;0.11;1.0;0.0;0.0;1
10;10081;pr;m;a;v;4;D;72.0;72000.0;1000.0;6.82;0.082;0.0;0.0;0.0;1
10;10083;pr;a;m;v;4;E;85.0;149900.0;1763.53;;;0.0;1.0;0.0;1
10;10083;pr;a;m;v;5;0;150.0;242000.0;1613.33;;;0.0;1.0;0.0;1
10;10084;pr;a;m;v;10;C;280.0;360000.0;1285.71;;;0.0;2.0;1.0;1
10;10084;pr;a;m;v;10;D;304.0;404000.0;1328.95;;;0.0;0.0;0.0;1
10;10084;pr;a;m;v;5;D;149.0;215000.0;1442.95;;;0.0;0.0;1.0;1
10;10084;pr;a;m;v;6;D;172.0;360000.0;2093.02;;;0.0;1.0;1.0;1
10;10084;pr;a;m;v;6;E;105.0;209000.0;1990.48;;;0.0;1.0;0.0;1
10;10084;pr;a;m;v;7;0;170.0;320000.0;1882.35;;;0.0;1.0;1.0;1
10;10084;pr;a;m;v;9;D;295.0;395000.0;1338.98;;;0.0;2.0;1.0;1
10;10084;pr;a;m;vp;8;C;280.0;360000.0;1285.71;;;0.0;2.0;1.0;1
10;10085;pr;a;m;v;4;0;85.0;101000.0;1188.24;;;0.0;0.0;0.0;1
10;10086;pr;a;m;v;5;C;115.0;215000.0;1869.57;;;0.0;1.0;1.0;1
10;10087;pr;a;m;v;6;VI;180.0;172000.0;955.56;;;0.0;0.0;0.0;1
10;10089;pr;a;m;v;4;D;88.0;132500.0;1505.68;;;0.0;1.0;0.0;1
10;10089;pr;a;m;v;5;D;230.0;252000.0;1095.65;;;0.0;0.0;1.0;1
10;10089;pr;a;m;v;6;F;107.0;179000.0;1672.9;;;0.0;0.0;1.0;1
10;10090;pr;a;m;v;6;D;280.0;377000.0;1346.43;;;0.0;2.0;1.0;1
10;10090;pr;a;m;v;8;C;275.0;410000.0;1490.91;;;0.0;0.0;0.0;1
10;10091;pr;a;m;v;9;0;230.0;169900.0;738.7;;;0.0;0.0;1.0;1
10;10094;pr;m;m;v;4;E;62.0;39500.0;637.1;;;0.0;1.0;0.0;1
10;10094;pr;m;m;v;7;D;151.0;166400.0;1101.99;;;0.0;1.0;1.0;1
10;10094;pr;m;m;v;8;VI;135.0;80000.0;592.59;;;0.0;0.0;1.0;1
10;10098;pr;a;m;v;6;F;122.0;58500.0;479.51;;;0.0;0.0;1.0;1
10;10098;pr;m;m;v;8;C;208.0;219000.0;1052.88;;;0.0;0.0;0.0;1
10;10099;pr;a;m;v;3;0;84.0;68500.0;821.42;;;0.0;1.0;0.5;2
10;10099;pr;a;m;v;4;D;109.0;149000.0;1366.97;;;0.0;0.0;2.0;1
10;10099;pr;a;m;v;4;E;101.0;94000.0;930.69;;;0.0;0.0;1.0;2
10;10099;pr;a;m;v;5;0;123.0;77000.0;626.02;;;0.0;0.0;1.0;1
10;10099;pr;a;m;v;6;0;168.0;39000.0;232.14;;;0.0;0.0;0.0;1
10;10099;pr;a;m;v;8;E;167.0;128000.0;766.47;;;0.0;3.0;0.0;1
10;10099;pr;m;m;v;5;VI;180.0;155000.0;861.11;;;0.0;0.0;0.0;1
10;10099;pr;m;m;v;8;D;223.0;289500.0;1298.21;;;1.0;1.0;1.0;1
10;10100;pr;a;m;v;10;VI;160.0;262000.0;1637.5;;;0.0;0.0;0.0;1
10;10100;pr;a;m;v;5;0;114.0;194000.0;1701.75;;;0.0;1.0;0.0;1
10;10100;pr;a;m;v;5;E;114.0;190500.0;1671.05;;;0.0;1.0;0.0;1
10;10100;pr;a;m;v;6;G;144.0;199000.0;1381.94;;;0.0;0.0;0.5;2
10;10100;pr;a;m;v;7;D;114.0;189000.0;1657.89;;;0.0;2.0;0.0;1
10;10100;pr;a;m;vp;6;D;235.0;580000.0;2468.09;;;0.0;0.0;2.0;1
10;10102;pr;a;m;v;5;C;105.0;160000.0;1523.81;;;0.0;1.0;0.0;1
10;10103;pr;a;m;v;5;C;105.0;160000.0;1523.81;;;0.0;1.0;0.0;1
10;10103;pr;m;m;v;5;C;105.0;152000.0;1447.62;;;0.0;0.0;0.0;1
10;10104;pr;a;m;v;7;E;140.0;235000.0;1678.57;;;0.0;0.0;2.0;1
10;10104;pr;a;m;vp;10;F;300.0;1023750.0;3412.5;;;0.0;1.0;3.0;1
10;10105;pr;a;m;v;3;VI;90.0;91920.0;1021.33;;;0.0;0.0;0.0;1
10;10110;pr;a;a;v;3;E;110.0;150000.0;1363.64;;;0.0;1.0;0.0;1
10;10114;pr;a;m;v;5;0;81.0;91000.0;1123.46;;;0.0;0.0;0.0;1
10;10114;pr;m;m;v;4;F;89.0;159000.0;1786.52;;;0.0;0.0;0.0;1
10;10114;pr;m;m;v;4;VI;90.0;56000.0;622.22;;;0.0;0.0;0.0;1
10;10115;pr;a;m;v;5;D;108.0;220000.0;2037.04;7.7;0.045;0.0;1.0;1.0;1
10;10115;pr;a;m;v;5;E;90.0;169000.0;1877.78;7.7;0.049;0.0;1.0;0.0;1
10;10115;pr;a;m;v;5;G;85.0;169900.0;1998.82;7.7;0.046;0.0;0.0;1.0;1
10;10115;pr;a;m;v;6;C;127.0;218500.0;1720.47;;;0.0;0.0;0.5;2
10;10115;pr;a;m;v;6;D;113.0;220000.0;1946.9;;;0.0;0.0;0.0;1
10;10115;pr;a;m;v;8;C;270.0;346000.0;1281.48;;;0.0;1.0;2.0;1
10;10115;pr;a;m;v;9;C;265.0;372000.0;1403.77;;;0.0;0.0;0.0;1
10;10115;pr;a;m;vp;6;C;220.0;468000.0;2127.27;;;0.0;2.0;0.0;1
10;10118;pr;cm;mn;v;4;0;60.0;114980.0;1916.33;;;0.0;0.0;0.0;1
10;10120;pr;a;m;v;4;G;123.0;104000.0;845.53;;;0.0;0.0;0.0;1
10;10120;pr;a;m;v;4;VI;94.0;62000.0;659.57;;;0.0;0.0;0.0;1
10;10122;pr;a;m;v;3;G;58.0;59500.0;1025.86;;;0.0;0.0;1.0;1
10;10123;pr;a;m;v;11;C;600.0;998000.0;1663.33;;;0.0;0.0;5.0;1
10;10123;pr;m;m;v;11;C;624.0;998000.0;1599.36;;;0.0;0.0;7.0;2
10;10124;pr;a;m;v;9;D;254.0;217000.0;854.33;;;0.0;3.0;0.0;1
10;10124;pr;m;m;v;5;C;142.0;230000.0;1619.72;;;0.0;0.0;0.0;1
10;10125;pr;m;m;v;5;D;105.0;155000.0;1476.19;;;0.0;0.0;0.0;1
10;10129;pr;a;m;v;6;C;177.0;329000.0;1858.76;;;0.0;1.0;1.0;1
10;10129;pr;a;m;v;7;C;247.0;259000.0;1048.58;;;0.0;1.0;1.0;1
10;10129;pr;a;m;v;8;C;175.0;329000.0;1880.0;;;0.0;1.0;1.0;1
10;10130;pr;a;m;v;7;D;230.0;230000.0;1000.0;;;0.0;1.0;1.0;1
10;10133;pr;m;m;v;2;VI;100.0;148500.0;1485.0;;;0.0;0.0;0.0;1
10;10136;pr;a;m;v;3;G;50.0;65000.0;1300.0;;;0.0;1.0;0.0;1
10;10140;pr;a;m;v;4;0;121.0;153500.0;1269.74;;;0.0;1.0;1.0;2
10;10140;pr;a;m;v;4;F;94.0;149000.0;1585.11;;;0.0;0.0;1.0;1
10;10140;pr;a;m;v;4;G;70.0;59000.0;842.86;;;0.0;0.0;1.0;1
10;10140;pr;a;m;v;4;VI;101.0;86500.0;846.24;;;0.0;1.5;0.0;2
10;10140;pr;a;m;v;5;E;93.0;119500.0;1284.95;;;0.0;0.0;1.0;1
10;10140;pr;a;m;v;7;D;139.0;188500.0;1356.12;;;0.0;1.0;1.0;1
10;10140;pr;a;m;v;9;NS;385.0;480000.0;1246.75;;;0.0;0.0;0.0;1
10;10140;pr;m;m;v;3;E;102.0;42000.0;411.76;;;0.0;0.0;0.0;1
10;10140;pr;m;m;v;4;G;91.0;47000.0;516.48;;;0.0;0.0;0.0;1
10;10140;pr;m;m;v;7;E;131.0;178500.0;1362.6;;;0.0;0.0;0.0;1
10;10141;pr;a;m;v;14;VI;490.0;546000.0;1114.29;;;0.0;0.0;0.0;1
10;10141;pr;a;m;v;5;D;123.0;160000.0;1300.81;;;0.0;2.0;0.0;1
10;10141;pr;a;m;v;5;VI;270.0;246000.0;911.11;;;0.0;1.0;1.0;1
10;10141;pr;a;m;v;6;0;239.0;211000.0;882.85;;;0.0;0.0;1.0;1
10;10141;pr;a;m;v;6;VI;147.0;89380.0;608.03;;;0.0;2.0;0.0;1
10;10141;pr;m;m;v;14;C;280.0;374000.0;1335.71;;;0.0;4.0;1.0;1
10;10141;pr;m;m;v;2;NS;96.0;21000.0;218.75;;;0.0;0.0;0.0;1
10;10141;pr;m;m;v;3;VI;70.0;50500.0;721.43;;;0.0;0.0;0.0;1
10;10141;pr;m;m;v;4;E;88.0;149500.0;1698.86;;;0.0;0.0;1.0;1
10;10141;pr;m;m;v;4;G;88.0;64990.0;738.52;;;0.0;0.0;1.0;1
10;10141;pr;m;m;v;5;D;170.0;228500.0;1344.12;;;0.0;2.0;0.0;1
10;10141;pr;m;m;v;6;D;150.0;85500.0;570.0;;;0.0;2.0;0.0;1
10;10141;pr;m;m;v;6;NS;242.0;239000.0;987.6;;;0.0;0.0;0.0;1
10;10141;pr;m;m;v;7;C;242.0;249000.0;1028.93;;;0.0;0.0;1.0;1
10;10141;pr;m;m;v;7;D;145.0;63500.0;437.93;;;0.0;1.0;0.0;1
10;10141;pr;m;m;v;8;D;220.0;102000.0;463.64;;;0.0;2.0;0.0;1
10;10142;pr;a;a;v;3;VI;61.0;63000.0;1032.79;;;0.0;0.0;1.0;1
10;10142;pr;a;m;v;11;E;265.0;345000.0;1301.89;;;0.0;3.0;1.0;1
10;10142;pr;a;m;v;3;E;66.0;85250.0;1270.55;8.27;0.082;0.0;0.0;0.5;2
10;10142;pr;a;m;v;4;D;81.0;99000.0;1222.22;7.53;0.074;0.0;0.0;1.0;1
10;10142;pr;a;m;v;5;B;175.0;205000.0;1171.43;;;0.0;1.0;1.0;1
10;10142;pr;a;m;v;5;D;900.0;169000.0;187.78;;;0.0;1.0;0.0;1
10;10142;pr;a;m;v;6;F;201.0;120000.0;597.01;;;0.0;1.0;1.0;1
10;10142;pr;a;m;v;6;VI;130.0;157000.0;1207.69;;;0.0;1.0;1.0;1
10;10142;pr;a;m;v;7;D;310.0;399000.0;1287.1;;;0.0;3.0;1.0;1
10;10142;pr;a;m;v;7;VI;139.0;76000.0;546.76;;;0.0;0.0;1.0;1
10;10142;pr;m;m;v;5;VI;130.0;71000.0;546.15;;;0.0;0.0;0.0;1
10;10142;pr;m;m;v;6;E;101.0;146000.0;1445.54;;;0.0;0.0;0.0;1
10;10145;pr;a;m;v;4;D;74.0;129000.0;1743.24;;;0.0;0.0;1.0;1
10;10145;pr;a;m;v;6;E;100.0;142000.0;1420.0;;;0.0;1.0;1.0;1
10;10147;pr;a;m;v;4;D;160.0;240000.0;1500.0;;;0.0;1.0;1.0;1
10;10147;pr;a;m;v;9;0;260.0;215000.0;826.92;;;0.0;0.0;1.0;1
10;10150;pr;a;m;v;3;G;55.0;70000.0;1272.73;;;1.0;0.0;0.0;1
10;10151;pr;a;m;v;6;0;119.0;229000.0;1924.37;;;0.0;0.0;1.0;1
10;10151;pr;m;a;v;2;VI;36.0;38990.0;1221.94;;;0.0;0.67;0.0;3
10;10153;pr;a;m;v;4;D;90.0;152100.0;1690.0;7.6;0.054;0.0;1.0;0.0;1
10;10153;pr;a;m;v;6;G;170.0;265000.0;1558.82;;;0.0;1.0;1.0;1
10;10153;pr;a;m;v;7;D;180.0;204700.0;1137.22;;;0.0;1.0;1.0;1
10;10156;pr;a;m;v;4;E;85.0;198000.0;2329.41;;;0.0;0.0;1.0;1
10;10156;pr;a;m;v;5;E;85.0;195000.0;2294.12;7.92;0.041;0.0;0.0;1.0;1
10;10156;pr;a;m;v;7;E;170.0;248000.0;1458.82;;;0.0;2.0;0.0;1
10;10158;pr;a;m;v;5;VI;120.0;170000.0;1416.67;;;0.0;0.0;0.0;1
10;10158;pr;m;m;v;4;C;130.0;195000.0;1500.0;;;0.0;0.0;0.0;1
10;10164;pr;a;m;v;5;C;225.5;242500.0;1076.19;4.29;0.048;0.0;0.5;1.0;2
10;10164;pr;a;m;v;5;E;135.0;130000.0;962.96;4.29;0.053;0.0;0.0;0.0;1
10;10164;pr;a;m;v;5;VI;130.0;99400.0;764.62;4.29;0.067;0.0;1.0;1.0;1
10;10165;pr;a;m;v;5;D;234.0;220000.0;940.17;5.9;0.075;0.0;1.0;0.0;1
10;10165;pr;a;m;v;6;E;200.0;267750.0;1338.75;;;0.0;1.0;1.0;1
10;10166;pr;a;m;v;5;D;86.0;149000.0;1732.56;;;0.0;0.0;1.0;1
10;10170;pr;a;m;v;1;NS;285.0;152600.0;535.44;;;0.0;0.0;0.0;1
10;10170;pr;a;m;v;10;VI;303.0;152600.0;503.63;;;0.0;1.0;1.0;1
10;10170;pr;a;m;v;5;VI;125.5;88035.0;674.0;;;0.0;1.0;0.0;2
10;10171;pr;a;m;v;10;0;164.0;175000.0;1067.07;;;0.0;2.0;0.0;1
10;10171;pr;m;m;v;4;E;83.0;26000.0;313.25;;;0.0;0.0;1.0;1
10;10171;pr;m;m;v;5;D;195.0;124000.0;635.9;;;0.0;1.0;1.0;1
10;10172;pr;a;m;v;6;D;140.0;172000.0;1228.57;;;0.0;0.0;1.0;1
10;10173;pr;a;m;v;5;VI;100.0;165000.0;1650.0;;;0.0;0.0;0.0;1
10;10177;pr;a;m;v;6;D;155.0;349000.0;2251.61;;;0.0;1.0;1.0;2
10;10179;pr;a;m;v;6;D;135.0;168000.0;1244.44;;;0.0;1.0;0.0;1
10;10181;pr;a;m;v;2;F;57.0;72600.0;1273.68;;;0.0;1.0;0.0;1
10;10181;pr;a;m;v;4;0;130.0;59000.0;453.85;;;0.0;0.0;1.0;1
10;10184;pr;m;m;v;6;D;100.0;116000.0;1160.0;;;0.0;0.0;1.0;1
10;10186;pr;a;m;v;6;0;191.0;383000.0;2005.24;;;0.0;1.0;1.0;1
10;10186;pr;m;m;v;8;A;172.0;265000.0;1540.7;;;0.0;0.0;0.0;1
10;10188;pr;a;m;v;11;D;350.0;367000.0;1048.57;;;0.0;1.0;0.0;1
10;10188;pr;a;m;v;4;C;88.0;123000.0;1397.73;;;0.0;1.0;0.0;1
10;10188;pr;m;m;v;11;D;350.0;367000.0;1048.57;;;0.0;0.0;0.0;2
10;10188;pr;m;m;v;5;VI;130.0;127500.0;980.77;;;0.0;0.0;0.0;1
10;10190;pr;a;m;v;4;C;117.0;230000.0;1965.81;;;0.0;0.0;0.0;1
10;10190;pr;m;m;v;4;C;117.0;235000.0;2008.55;;;0.0;0.0;0.0;1
10;10191;pr;a;m;v;4;D;108.0;119900.0;1110.19;8.65;0.093;0.0;1.0;0.0;1
10;10191;pr;a;m;v;4;G;72.0;162000.0;2250.0;8.65;0.046;0.0;1.0;0.0;1
10;10191;pr;a;m;v;6;C;170.0;325000.0;1911.76;8.67;0.054;0.0;1.0;1.0;1
10;10192;pr;m;m;v;7;D;174.0;139000.0;798.85;;;0.0;0.0;0.0;1
10;10193;pr;a;m;v;3;0;74.0;59000.0;797.3;;;0.0;0.0;0.0;1
10;10193;pr;a;m;v;5;F;100.0;154300.0;1543.0;;;0.0;1.0;0.0;1
10;10193;pr;m;m;v;8;A;198.0;126000.0;636.36;;;0.0;1.0;0.0;2
10;10201;pr;a;m;v;3;VI;62.0;66000.0;1064.52;;;0.0;0.0;0.0;1
10;10204;pr;a;m;v;6;E;138.0;160000.0;1159.42;;;0.0;0.0;2.0;1
10;10209;pr;a;m;v;11;0;450.0;367500.0;816.67;;;0.0;1.0;1.0;1
10;10209;pr;a;m;v;4;D;138.5;257000.0;1785.6;;;0.0;0.5;0.5;2
10;10209;pr;a;m;v;5;C;88.0;175000.0;1988.64;;;0.0;0.0;1.0;1
10;10209;pr;a;m;v;5;D;130.0;250000.0;1923.08;;;0.0;0.0;0.0;1
10;10209;pr;a;m;v;5;F;115.0;209500.0;1821.74;;;0.0;0.0;1.0;1
10;10209;pr;a;m;v;6;C;328.0;686000.0;2091.46;;;0.0;0.0;2.0;1
10;10209;pr;a;m;v;6;E;170.0;262000.0;1541.18;;;0.0;1.0;1.0;1
10;10209;pr;m;m;v;10;C;350.0;677000.0;1934.29;;;0.0;0.0;0.0;1
10;10209;pr;m;m;v;6;E;170.0;262000.0;1541.18;;;0.0;0.0;0.0;1
10;10209;pr;m;m;v;8;C;256.0;394000.0;1539.06;;;0.0;0.0;0.0;1
10;10211;pr;a;m;v;12;B;460.0;733400.0;1594.35;;;0.0;2.0;2.0;1
10;10211;pr;a;m;v;5;0;92.0;196000.0;2130.43;;;0.0;0.0;1.0;1
10;10211;pr;a;m;v;6;C;115.0;240000.0;2086.96;;;0.0;0.0;1.0;1
10;10212;pr;a;m;v;5;0;144.0;230000.0;1597.22;;;0.0;1.0;0.0;1
10;10212;pr;a;m;v;6;D;118.0;163000.0;1381.36;;;0.0;1.0;0.0;2
10;10212;pr;a;m;v;8;0;165.0;230000.0;1393.94;;;0.0;2.0;1.0;1
10;10213;pr;m;m;v;5;VI;160.0;119000.0;743.75;;;0.0;0.0;0.0;1
10;10216;pr;a;m;v;4;E;170.0;178000.0;1047.06;7.28;0.083;0.0;0.0;1.0;1
10;10218;pr;a;m;v;4;VI;86.0;89000.0;1034.88;;;0.0;1.0;1.0;1
10;10220;pr;a;m;v;3;F;75.0;136300.0;1817.33;;;0.0;1.0;0.0;1
10;10220;pr;a;m;v;5;D;160.0;178000.0;1112.5;;;0.0;0.0;1.0;1
10;10220;pr;a;m;v;5;F;200.0;272000.0;1360.0;;;0.0;0.0;1.0;1
10;10220;pr;a;m;v;6;E;117.0;140000.0;1196.58;;;1.0;0.0;1.0;1
10;10220;pr;a;m;v;8;C;253.0;385000.0;1521.74;;;0.0;1.0;1.0;1
10;10220;pr;a;m;v;9;C;264.0;385000.0;1458.33;;;0.0;1.0;1.0;1
10;10220;pr;m;m;v;2;D;120.0;97000.0;808.33;;;0.0;0.0;0.0;1
10;10221;pr;m;m;v;5;VI;98.0;61000.0;622.45;;;0.0;0.0;1.0;2
10;10222;pr;a;m;v;13;D;419.0;277000.0;661.1;;;0.0;4.0;2.0;1
10;10222;pr;a;m;v;5;0;117.0;165000.0;1410.26;;;0.0;1.0;0.0;1
10;10222;pr;a;m;v;5;C;190.0;159000.0;836.84;;;0.0;0.0;1.0;1
10;10222;pr;a;m;v;5;D;155.0;119000.0;767.74;;;0.0;0.0;1.0;1
10;10222;pr;a;m;v;9;0;227.0;225000.0;990.68;;;0.0;2.5;0.0;2
10;10222;pr;a;m;v;9;C;289.0;445000.0;1539.79;;;0.0;1.0;2.0;1
10;10223;pr;a;m;v;7;D;129.0;176000.0;1364.34;;;0.0;0.0;1.0;1
10;10223;pr;m;m;v;8;D;250.0;197500.0;790.0;;;0.0;1.0;1.0;1
10;10224;pr;a;m;v;4;E;115.0;128000.0;1113.04;;;0.0;0.0;0.0;1
10;10224;pr;a;m;v;4;F;98.0;94500.0;964.29;;;0.0;0.0;1.0;1
10;10224;pr;a;m;v;5;C;212.0;272000.0;1283.02;;;0.0;2.0;1.0;1
10;10224;pr;a;m;v;5;E;112.0;195500.0;1748.88;;;0.0;0.0;1.0;2
10;10224;pr;a;m;v;6;B;130.0;167800.0;1290.77;;;0.0;0.0;1.0;1
10;10224;pr;a;m;v;8;E;187.0;183990.0;983.9;;;0.0;0.0;1.0;1
10;10224;pr;m;m;v;5;D;120.0;185000.0;1541.67;;;0.0;0.0;0.0;1
10;10226;pr;a;m;v;5;E;151.0;216000.0;1430.46;;;0.0;1.0;1.0;1
10;10227;pr;a;m;v;5;E;85.0;126000.0;1482.35;;;0.0;0.0;0.0;1
10;10227;pr;a;m;v;6;0;119.0;75000.0;630.25;;;0.0;1.0;0.0;1
10;10227;pr;a;m;v;6;VI;119.0;65000.0;546.22;;;0.0;1.0;0.0;1
10;10228;pr;m;m;v;6;D;346.0;269360.0;778.5;;;0.0;0.0;3.0;2
10;10229;pr;m;m;v;4;0;93.0;139000.0;1494.62;;;0.0;0.0;1.0;1
10;10230;pr;a;m;v;5;D;96.0;238000.0;2479.17;;;0.0;0.0;1.0;1
10;10230;pr;a;m;v;5;E;97.0;200000.0;2061.86;;;0.0;1.0;0.0;1
10;10230;pr;a;m;v;6;D;95.0;222000.0;2336.84;;;0.0;1.0;0.0;1
10;10231;pr;a;m;v;7;D;221.0;242000.0;1095.02;;;0.0;2.0;1.0;1
10;10233;pr;a;m;v;3;C;100.0;178500.0;1785.0;;;0.0;0.0;1.0;1
10;10233;pr;a;m;v;3;F;72.0;45000.0;625.0;;;0.0;1.0;0.0;1
10;10233;pr;a;m;v;5;E;135.0;79999.0;592.59;;;0.0;1.0;1.0;1
10;10233;pr;a;m;v;6;F;230.0;171000.0;743.48;;;0.0;0.0;1.0;1
10;10233;pr;m;m;v;4;NS;114.0;124990.0;1096.4;;;0.0;0.0;1.0;2
10;10233;pr;m;m;v;5;D;130.0;215000.0;1653.85;;;0.0;0.0;0.0;2
10;10234;pr;a;m;v;8;D;155.0;225000.0;1451.61;;;0.0;0.0;1.0;1
10;10237;pr;a;m;v;11;0;300.0;373000.0;1243.33;;;0.0;5.0;5.0;1
10;10238;pr;a;m;v;3;E;72.0;152000.0;2111.11;;;0.0;1.0;0.0;1
10;10240;pr;a;m;v;4;0;123.0;189000.0;1536.59;;;0.0;1.0;0.0;1
10;10240;pr;a;m;v;4;VI;123.0;189000.0;1536.59;;;0.0;1.0;0.0;1
10;10245;pr;a;m;v;5;0;145.0;357000.0;2462.07;;;0.0;2.0;0.0;1
10;10245;pr;a;m;v;6;0;240.0;320000.0;1333.33;;;0.0;0.0;0.0;1
10;10245;pr;a;m;v;7;E;190.0;262500.0;1381.58;;;0.0;1.0;1.0;1
10;10245;pr;a;m;v;8;E;217.5;268000.0;1244.55;;;0.0;0.0;2.0;2
10;10247;pr;a;m;v;4;0;140.0;189450.0;1353.21;;;0.0;0.0;0.0;1
10;10248;pr;a;m;v;5;VI;190.0;439900.0;2315.26;;;0.0;1.0;1.0;1
10;10249;pr;a;m;v;4;E;106.0;169000.0;1594.34;;;0.0;0.0;1.0;1
10;10249;pr;m;m;v;5;D;110.0;75500.0;686.36;;;0.0;1.0;0.0;1
10;10249;pr;m;m;v;5;NS;130.0;76500.0;588.46;;;0.0;0.0;0.0;1
10;10251;pr;a;m;v;5;D;170.0;199000.0;1170.59;;;0.0;0.0;2.0;1
10;10251;pr;a;m;v;5;E;120.0;173000.0;1441.67;;;0.0;0.0;1.0;1
10;10251;pr;m;m;v;10;D;325.0;480000.0;1476.92;;;0.0;0.0;0.0;1
10;10253;pr;m;m;v;10;G;175.0;81000.0;462.86;;;0.0;0.0;1.0;1
10;10253;pr;m;m;v;4;E;90.0;106000.0;1177.78;;;0.0;0.0;1.0;2
10;10254;pr;a;m;v;4;A;126.0;119000.0;944.44;;;0.0;1.0;0.0;1
10;10255;pr;a;m;v;10;0;410.0;550000.0;1341.46;;;0.0;0.0;2.0;1
10;10256;pr;a;m;v;6;0;111.0;175500.0;1581.08;;;1.0;0.0;1.0;1
10;10256;pr;a;m;v;7;D;183.0;179000.0;978.14;;;0.0;1.0;1.0;1
10;10258;pr;m;m;v;3;C;78.0;86000.0;1102.56;;;0.0;0.0;1.0;1
10;10258;pr;m;m;v;4;VI;180.0;179000.0;994.44;;;0.0;0.0;0.0;1
10;10260;pr;a;m;v;6;C;240.0;339000.0;1412.5;;;0.0;1.0;1.0;1
10;10260;pr;a;m;v;7;0;165.0;249000.0;1509.09;7.92;0.063;0.0;1.0;1.0;1
10;10260;pr;a;m;v;7;C;229.5;339000.0;1480.22;7.92;0.064;0.0;1.0;1.0;2
10;10260;pr;a;m;v;7;D;160.0;249000.0;1556.25;7.92;0.061;0.0;1.0;1.0;1
10;10260;pr;a;m;v;8;0;230.0;330000.0;1434.78;;;0.0;0.0;0.0;1
10;10260;pr;m;m;v;9;D;228.0;200000.0;877.19;;;0.0;0.0;0.0;1
10;10261;pr;a;m;v;3;E;67.0;60500.0;902.99;;;0.0;1.0;0.0;1
10;10261;pr;a;m;v;4;E;82.0;109000.0;1329.27;;;0.0;0.0;1.0;1
10;10261;pr;a;m;v;4;VI;85.0;69000.0;811.76;;;0.0;0.0;0.0;1
10;10261;pr;a;m;v;6;D;152.0;125750.0;827.3;;;0.0;1.0;0.0;1
10;10261;pr;a;m;v;8;VI;162.0;39000.0;240.74;;;0.0;0.0;1.0;1
10;10261;pr;m;m;v;3;VI;128.0;21500.0;167.97;;;0.0;0.0;0.0;1
10;10262;pr;a;m;v;8;E;319.0;278200.0;872.1;;;0.0;1.0;1.0;1
10;10263;pr;a;m;v;5;G;75.0;119000.0;1586.67;;;0.0;0.0;1.0;1
10;10263;pr;a;m;v;6;D;126.0;99000.0;785.71;;;0.0;1.0;0.0;1
10;10265;pr;a;a;v;1;E;35.0;62000.0;1771.43;;;0.0;1.0;0.0;1
10;10265;pr;a;a;v;2;D;50.0;72000.0;1440.0;;;1.0;0.0;1.0;1
10;10265;pr;a;a;v;4;NS;93.0;169000.0;1817.2;;;0.0;1.0;0.0;1
10;10265;pr;a;a;v;5;VI;113.0;169000.0;1495.58;;;0.0;1.0;0.0;1
10;10265;pr;a;m;v;3;E;62.0;172000.0;2774.19;;;0.0;1.0;0.0;1
10;10265;pr;a;m;v;3;VI;63.0;149300.0;2369.84;;;0.0;1.0;1.0;1
10;10265;pr;a;m;v;4;0;93.0;149500.0;1607.53;;;0.0;0.0;1.0;1
10;10265;pr;a;m;v;5;0;108.0;155000.0;1435.19;8.29;0.069;0.0;0.0;1.0;1
10;10265;pr;a;m;v;5;VI;111.0;194400.0;1751.35;8.29;0.057;0.0;1.0;1.0;1
10;10265;pr;a;m;v;6;E;154.0;239000.0;1551.95;;;0.0;0.0;1.0;1
10;10265;pr;a;m;v;7;0;113.0;185000.0;1637.17;;;0.0;1.0;0.0;1
10;10265;pr;a;m;v;8;0;150.0;230000.0;1533.33;;;0.0;1.0;1.0;1
10;10265;pr;a;m;v;8;E;180.5;270250.0;1489.54;;;0.5;0.5;2.0;2
10;10266;pr;a;m;v;7;VI;170.0;147000.0;864.71;;;0.0;2.0;0.0;1
10;10266;pr;a;m;v;8;0;190.0;66000.0;347.37;;;0.0;0.0;0.0;1
10;10266;pr;m;m;v;2;F;26.0;52000.0;2000.0;;;0.0;0.0;1.0;1
10;10268;pr;a;a;v;4;E;125.0;204700.0;1637.6;;;0.0;1.0;0.0;1
10;10268;pr;a;m;v;13;VI;329.5;314200.0;978.86;;;0.5;0.0;1.5;2
10;10268;pr;a;m;v;15;E;184.0;299000.0;1625.0;;;0.0;0.0;2.0;1
10;10268;pr;a;m;v;3;0;55.0;76000.0;1381.82;9.08;0.079;0.0;1.0;0.0;1
10;10268;pr;a;m;v;3;C;133.0;165000.0;1240.6;9.08;0.088;0.0;1.0;0.0;1
10;10268;pr;a;m;v;3;E;75.0;136500.0;1820.0;9.08;0.06;0.0;1.0;0.0;1
10;10268;pr;a;m;v;4;D;121.0;140000.0;1211.87;6.84;0.064;0.0;0.75;0.5;4
10;10268;pr;a;m;v;5;0;109.0;110000.0;1009.17;;;0.0;0.0;0.0;1
10;10268;pr;a;m;v;5;D;142.5;235657.5;1793.74;;;0.0;0.5;1.0;2
10;10268;pr;a;m;v;5;VI;80.0;110000.0;1375.0;;;0.0;0.0;1.0;1
10;10268;pr;a;m;v;6;D;228.0;129000.0;565.79;;;0.0;0.0;2.0;1
10;10268;pr;a;m;v;7;D;199.0;199000.0;1000.0;;;0.0;1.0;1.0;1
10;10268;pr;m;m;v;4;D;181.0;232000.0;1281.77;6.84;0.064;0.0;0.0;0.0;1
10;10268;pr;m;m;v;4;VI;80.0;75000.0;937.5;6.84;0.088;0.0;0.0;0.0;1
10;10270;pr;a;m;v;5;0;103.0;191500.0;2051.68;7.74;0.064;0.0;0.5;0.5;2
10;10271;pr;a;m;v;4;0;60.0;66500.0;1108.33;;;0.0;1.0;0.0;1
10;10274;pr;a;m;v;3;A;100.0;189000.0;1890.0;;;0.0;0.0;1.0;1
10;10275;pr;a;m;v;3;E;85.0;108000.0;1270.59;;;0.0;0.0;1.0;1
10;10275;pr;a;m;v;4;F;85.0;79500.0;935.29;;;1.0;0.0;1.0;1
10;10275;pr;m;m;v;3;E;85.0;108000.0;1270.59;;;0.0;0.0;0.0;1
10;10276;pr;a;m;v;10;D;324.0;370000.0;1141.98;;;0.0;4.0;0.0;1
10;10278;pr;a;m;v;3;0;83.0;121000.0;1457.83;;;0.0;0.0;1.0;1
10;10278;pr;a;m;v;4;NS;70.0;119000.0;1700.0;;;0.0;0.0;1.0;1
10;10278;pr;a;m;v;8;D;232.0;267000.0;1150.86;;;0.0;0.0;0.0;1
10;10282;pr;a;m;v;5;C;75.0;201000.0;2680.0;;;0.0;0.0;1.0;1
10;10282;pr;a;m;v;5;NS;130.0;181050.0;1392.69;;;0.0;0.0;1.0;1
10;10284;pr;a;m;v;5;E;89.0;144500.0;1623.6;;;0.0;1.0;0.0;1
10;10287;pr;m;m;v;6;D;144.0;150000.0;1041.67;;;0.0;0.0;0.0;1
10;10288;pr;a;m;v;3;VI;62.0;18000.0;290.32;;;0.0;1.0;0.0;1
10;10289;pr;a;m;v;4;0;95.0;76000.0;800.0;;;0.0;0.0;1.0;1
10;10289;pr;m;m;v;5;D;190.0;169000.0;889.47;;;0.0;0.0;0.0;1
10;10290;pr;a;m;v;5;VI;131.0;76000.0;580.15;;;0.0;0.0;1.0;1
10;10290;pr;a;m;v;6;0;140.0;120000.0;857.14;;;0.0;0.0;1.0;1
10;10297;pr;a;a;v;3;0;71.0;144900.0;2040.85;8.7;0.051;0.0;0.0;1.0;1
10;10297;pr;a;a;v;3;D;70.0;81500.0;1164.29;8.7;0.09;0.0;1.0;0.0;1
10;10297;pr;a;a;v;4;D;75.0;103500.0;1380.0;;;0.0;0.0;1.0;1
10;10297;pr;a;a;v;4;E;83.0;129000.0;1565.35;;;0.0;0.0;1.0;2
10;10297;pr;a;a;v;5;E;101.0;210000.0;2079.21;8.74;0.05;0.0;1.0;1.0;1
10;10297;pr;a;a;v;6;C;190.0;349000.0;1836.84;;;0.0;1.0;0.0;1
10;10297;pr;a;m;v;3;E;78.0;137500.0;1762.82;;;0.0;1.0;0.0;1
10;10297;pr;a;m;v;4;0;79.0;105000.0;1329.11;;;0.0;1.0;0.0;1
10;10297;pr;a;m;v;4;D;80.5;147750.0;1835.64;;;0.5;1.0;0.0;2
10;10297;pr;a;m;v;4;E;85.0;149000.0;1752.94;;;0.0;1.0;0.0;1
10;10297;pr;a;m;v;4;G;75.0;151200.0;2016.0;;;0.0;0.0;1.0;1
10;10297;pr;a;m;v;5;0;95.0;178500.0;1878.95;7.34;0.047;0.0;0.0;1.0;1
10;10297;pr;a;m;v;5;D;137.0;249000.0;1817.52;7.34;0.048;0.0;2.0;0.0;1
10;10297;pr;a;m;v;6;C;157.0;302500.0;1926.75;7.77;0.048;0.0;1.0;1.0;1
10;10297;pr;a;m;v;8;D;192.0;267500.0;1393.23;;;0.0;2.0;0.0;1
10;10297;pr;a;m;v;9;D;280.0;385000.0;1375.0;;;0.0;0.0;2.0;1
10;10297;pr;a;m;v;9;E;165.0;320000.0;1939.39;;;0.0;1.0;1.0;1
10;10297;pr;a;m;v;9;F;270.0;550000.0;2037.04;;;0.0;1.0;2.0;1
10;10297;pr;m;a;v;6;C;190.0;349000.0;1836.84;;;0.0;0.0;0.0;1
10;10297;pr;m;m;v;5;E;72.0;157000.0;2180.56;7.34;0.04;0.0;2.0;0.0;1
10;10297;pr;m;m;v;6;D;103.0;165000.0;1601.94;7.77;0.058;0.0;0.0;0.0;1
10;10298;pr;a;m;v;11;0;280.0;380000.0;1357.14;;;0.0;0.0;0.0;1
10;10298;pr;a;m;v;3;NS;83.0;44400.0;534.94;;;0.0;0.0;0.0;1
10;10298;pr;a;m;v;4;F;80.0;65000.0;812.5;;;0.0;1.0;0.0;1
10;10298;pr;a;m;v;4;VI;72.0;74800.0;1038.89;;;0.0;1.0;1.0;1
10;10299;pr;a;m;v;4;D;141.0;169000.0;1198.58;;;0.0;1.0;1.0;1
10;10299;pr;a;m;v;9;D;268.0;325000.0;1212.69;;;0.0;0.0;3.0;1
10;10303;pr;a;m;v;5;E;90.0;120000.0;1333.33;;;0.0;0.0;1.0;1
10;10303;pr;m;m;v;5;E;90.0;120000.0;1333.33;;;0.0;0.0;0.0;1
10;10306;pr;a;m;v;5;F;77.0;130000.0;1688.31;;;0.0;1.0;0.0;1
10;10306;pr;m;m;v;5;F;77.0;130000.0;1688.31;;;0.0;0.0;0.0;1
10;10307;pr;a;m;v;6;0;130.0;249000.0;1915.38;;;0.0;0.0;0.0;1
10;10307;pr;a;m;v;7;0;150.0;221500.0;1476.67;;;0.0;1.0;0.0;1
10;10309;pr;a;m;v;6;C;190.0;179900.0;946.84;;;0.0;1.0;1.0;1
10;10312;pr;a;m;v;1;0;96.0;29900.0;311.46;;;0.0;0.0;0.0;1
10;10312;pr;a;m;v;1;NS;96.0;29900.0;311.46;;;0.0;0.0;0.0;1
10;10312;pr;a;m;v;3;0;65.0;33000.0;507.69;;;0.0;0.0;1.0;1
10;10313;pr;a;m;v;6;NS;150.0;69500.0;463.33;;;0.0;1.0;0.0;1
10;10313;pr;m;m;v;3;VI;70.0;112000.0;1600.0;;;0.0;0.0;0.0;1
10;10313;pr;m;m;v;4;VI;97.0;130000.0;1340.21;;;0.0;0.0;0.0;1
10;10314;pr;a;m;v;10;C;160.0;163300.0;1020.62;;;0.0;0.0;0.0;1
10;10317;pr;a;m;v;4;F;82.0;43200.0;526.83;;;0.0;1.0;0.0;1
10;10317;pr;a;m;v;5;VI;210.0;135000.0;642.86;4.14;0.077;0.0;2.0;0.0;1
10;10317;pr;a;m;v;6;E;99.0;71500.0;722.22;;;0.0;1.0;0.0;1
10;10317;pr;a;m;v;6;VI;98.0;71500.0;729.59;;;0.0;0.33;0.67;3
10;10317;pr;a;m;v;7;C;171.0;190800.0;1115.79;;;0.0;1.0;1.0;1
10;10317;pr;a;m;v;7;VI;188.0;63900.0;339.89;;;0.0;1.0;1.0;1
10;10317;pr;m;m;v;3;G;63.0;25000.0;396.83;;;0.0;0.0;0.0;1
10;10317;pr;m;m;v;4;NS;150.0;58000.0;386.67;;;0.0;0.0;0.0;1
10;10317;pr;m;m;v;5;NS;268.0;97000.0;361.94;4.14;0.137;0.0;0.0;0.0;1
10;10319;pr;a;m;v;4;F;129.0;98000.0;759.69;;;0.0;1.0;1.0;1
10;10319;pr;m;m;v;3;G;87.0;59000.0;678.16;;;0.0;0.0;0.0;1
10;10319;pr;m;m;v;4;D;73.0;79990.0;1095.75;;;0.0;0.0;0.0;1
10;10320;pr;a;m;v;7;C;250.0;298000.0;1192.0;;;0.0;1.0;1.0;1
10;10321;pr;a;m;v;11;D;400.0;334000.0;835.0;;;0.0;0.0;0.0;1
10;10321;pr;a;m;v;5;D;108.0;194000.0;1796.3;10.48;0.07;0.0;1.0;1.0;1
10;10321;pr;a;m;v;5;E;105.0;255000.0;2428.57;10.48;0.052;0.0;1.0;0.0;1
10;10321;pr;a;m;v;6;D;120.0;235000.0;1958.33;10.0;0.061;0.0;1.0;0.0;1
10;10321;pr;a;m;v;7;C;200.0;376200.0;1885.0;;;0.0;1.0;0.67;3
10;10321;pr;m;m;v;7;C;146.0;324000.0;2219.18;;;0.0;1.0;1.0;1
10;10323;pr;a;a;v;2;E;48.0;50000.0;1041.67;8.75;0.101;0.0;0.0;1.0;1
10;10323;pr;a;a;v;3;D;77.0;68500.0;889.61;6.96;0.094;0.0;0.0;1.0;1
10;10323;pr;a;a;v;4;E;71.0;45000.0;633.8;6.3;0.119;0.0;0.0;1.0;1
10;10323;pr;a;m;v;10;C;329.0;336000.0;1021.28;;;0.0;0.0;0.0;1
10;10323;pr;a;m;v;11;D;214.0;241000.0;1126.17;;;0.0;0.0;0.0;1
10;10323;pr;a;m;v;2;0;31.0;44000.0;1419.35;;;0.0;1.0;0.0;1
10;10323;pr;a;m;v;3;D;79.5;91900.0;1177.84;7.69;0.088;0.0;0.0;1.0;2
10;10323;pr;a;m;v;3;E;82.5;72500.0;903.68;7.69;0.114;0.0;0.75;0.25;4
10;10323;pr;a;m;v;3;F;73.0;139990.0;1917.67;7.69;0.048;0.0;0.0;0.0;1
10;10323;pr;a;m;v;4;0;82.5;65750.0;776.59;7.18;0.108;0.25;1.0;0.0;4
10;10323;pr;a;m;v;4;C;94.0;99990.0;1063.72;7.18;0.081;0.0;0.0;1.0;1
10;10323;pr;a;m;v;4;D;89.0;111000.0;1185.34;7.18;0.069;0.0;0.6;0.4;5
10;10323;pr;a;m;v;4;E;89.5;116250.0;1090.6;7.18;0.078;0.12;0.62;0.75;8
10;10323;pr;a;m;v;4;F;83.0;77750.0;928.27;7.18;0.099;0.0;0.5;0.5;2
10;10323;pr;a;m;v;5;0;55.0;91000.0;1654.55;8.11;0.059;0.0;1.0;1.0;1
10;10323;pr;a;m;v;5;B;108.0;175000.0;1620.37;8.11;0.06;0.0;1.0;1.0;2
10;10323;pr;a;m;v;5;C;170.0;169500.0;997.06;8.11;0.098;0.0;0.0;0.0;1
10;10323;pr;a;m;v;5;D;112.5;141000.0;1119.22;8.11;0.084;0.0;0.75;0.75;4
10;10323;pr;a;m;v;5;E;102.5;112000.0;1270.73;8.11;0.082;0.08;0.33;0.42;12
10;10323;pr;a;m;v;5;F;86.0;96000.0;1209.23;8.11;0.086;0.0;1.0;0.5;2
10;10323;pr;a;m;v;6;0;120.0;81350.0;657.24;;;0.5;0.5;1.5;2
10;10323;pr;a;m;v;6;C;155.0;199000.0;1283.87;;;0.0;1.0;0.0;1
10;10323;pr;a;m;v;6;D;140.0;147000.0;1050.8;;;0.0;1.0;1.0;2
10;10323;pr;a;m;v;6;E;135.0;137250.0;1026.64;;;0.5;0.5;1.0;2
10;10323;pr;a;m;v;6;F;115.0;131000.0;1139.13;;;0.0;1.0;0.0;1
10;10323;pr;a;m;v;7;0;170.0;158500.0;932.36;;;0.0;0.0;0.5;2
10;10323;pr;a;m;v;7;D;145.0;137000.0;1032.38;;;0.0;0.75;1.25;4
10;10323;pr;a;m;v;8;0;100.0;91000.0;910.0;;;0.0;0.0;1.0;1
10;10323;pr;a;m;v;8;VI;300.0;407000.0;1356.67;;;2.0;0.0;1.0;1
10;10323;pr;m;a;v;2;VI;43.0;39990.0;930.0;8.75;0.113;0.0;1.0;0.0;1
10;10323;pr;m;a;v;3;VI;60.0;46990.0;795.22;6.96;0.106;0.0;0.5;0.0;2
10;10323;pr;m;a;v;7;NS;163.0;128000.0;785.28;;;0.0;0.0;0.0;1
10;10323;pr;m;m;v;3;D;75.0;110990.0;1479.87;7.69;0.062;0.0;0.0;1.0;1
10;10323;pr;m;m;v;3;E;78.0;82000.0;1025.0;7.69;0.099;0.0;0.0;0.33;3
10;10323;pr;m;m;v;3;F;65.0;107490.0;1616.64;7.69;0.059;0.0;0.5;0.0;2
10;10323;pr;m;m;v;3;NS;265.0;89990.0;339.58;7.69;0.272;0.0;0.0;0.0;1
10;10323;pr;m;m;v;3;VI;44.0;48990.0;1113.41;7.69;0.083;0.0;1.0;0.0;1
10;10323;pr;m;m;v;4;D;83.0;93990.0;1119.1;7.18;0.079;0.0;0.0;0.5;2
10;10323;pr;m;m;v;4;E;85.0;101000.0;1155.88;7.18;0.072;0.0;0.5;0.33;6
10;10323;pr;m;m;v;4;F;74.0;73990.0;999.86;7.18;0.086;0.0;1.0;0.0;1
10;10323;pr;m;m;v;4;G;68.0;97000.0;1426.47;7.18;0.06;0.0;0.0;0.0;1
10;10323;pr;m;m;v;4;NS;93.0;95990.0;1032.15;7.18;0.083;0.0;1.0;0.0;1
10;10323;pr;m;m;v;4;VI;97.0;112000.0;1154.64;7.18;0.075;0.0;1.0;0.0;1
10;10323;pr;m;m;v;5;B;108.0;170000.0;1574.07;8.11;0.062;0.0;0.0;0.0;1
10;10323;pr;m;m;v;5;E;115.0;119000.0;1352.17;8.11;0.081;0.0;0.0;0.0;3
10;10323;pr;m;m;v;6;C;169.0;365000.0;2159.76;;;0.0;1.0;1.0;1
10;10323;pr;m;m;v;6;D;191.0;174990.0;916.18;;;0.0;0.0;0.0;1
10;10323;pr;m;m;v;6;E;192.5;204000.0;1095.96;;;0.0;0.0;0.0;2
10;10323;pr;m;m;v;8;G;130.0;87000.0;669.23;;;0.0;0.0;0.0;1
10;10324;pr;a;m;v;4;E;86.0;158000.0;1837.21;;;0.0;0.0;1.0;1
10;10325;pr;a;a;v;2;B;40.0;109500.0;2737.47;11.54;0.051;0.0;1.0;0.0;2
10;10325;pr;a;m;v;4;D;90.0;206000.0;2288.89;;;0.0;1.0;0.0;1
10;10325;pr;a;m;v;7;C;203.0;283500.0;1396.55;;;0.0;0.0;0.0;1
10;10325;pr;a;m;v;7;D;138.0;280000.0;2028.99;;;0.0;0.0;1.0;1
10;10325;pr;m;m;v;5;F;93.0;215000.0;2311.83;10.54;0.055;0.0;0.0;0.0;1
10;10329;pr;a;m;v;4;E;93.0;215000.0;2311.83;;;0.0;0.0;1.0;1
10;10333;pr;a;a;pi;2;C;55.0;80000.0;1454.55;10.68;0.088;0.0;0.0;0.0;1
10;10333;pr;a;a;v;2;C;69.0;110000.0;1594.2;10.68;0.08;1.0;1.0;0.0;1
10;10333;pr;a;a;v;2;D;47.0;61000.0;1315.02;10.68;0.099;0.5;0.0;5.5;2
10;10333;pr;a;a;v;3;0;69.0;90000.0;1304.35;9.22;0.085;0.0;0.0;1.0;1
10;10333;pr;a;a;v;3;C;100.0;152000.0;1520.0;9.22;0.073;0.0;1.0;0.0;1
10;10333;pr;a;a;v;3;D;66.0;87000.0;1279.41;9.22;0.087;0.4;0.2;0.8;5
10;10333;pr;a;a;v;3;E;63.0;93500.0;1481.15;9.22;0.072;0.25;0.25;0.5;4
10;10333;pr;a;a;v;3;G;55.0;67500.0;1227.27;9.22;0.09;1.0;0.0;1.0;1
10;10333;pr;a;a;v;3;NS;71.0;66000.0;929.58;9.22;0.119;0.0;0.0;0.0;1
10;10333;pr;a;a;v;3;VI;88.0;186900.0;2123.86;9.22;0.052;0.0;1.0;0.0;1
10;10333;pr;a;a;v;4;0;79.0;99000.0;1253.16;8.96;0.086;0.0;0.0;1.0;1
10;10333;pr;a;a;v;4;B;93.0;124500.0;1338.71;8.96;0.08;0.0;1.0;0.0;1
10;10333;pr;a;a;v;4;C;74.0;90000.0;1216.22;8.96;0.088;0.0;1.0;0.0;1
10;10333;pr;a;a;v;4;D;77.5;92000.0;1188.1;8.96;0.09;0.5;1.0;0.0;2
10;10333;pr;a;a;v;4;VI;52.0;157500.0;3028.85;8.96;0.035;0.0;0.0;0.0;1
10;10333;pr;a;a;v;5;C;96.0;183000.0;1865.74;;;0.5;0.5;1.0;2
10;10333;pr;a;m;v;3;F;51.0;84000.0;1647.06;;;0.0;0.0;1.0;1
10;10333;pr;a;m;v;4;0;86.0;140450.0;1665.24;11.14;0.079;0.0;0.25;0.5;4
10;10333;pr;a;m;v;4;D;118.0;293600.0;2488.14;11.14;0.054;0.0;1.0;1.0;1
10;10333;pr;a;m;v;4;E;75.0;175000.0;2393.66;11.14;0.058;0.0;0.5;1.0;2
10;10333;pr;a;m;v;4;NS;58.0;109000.0;1881.36;11.14;0.071;0.0;0.5;0.5;2
10;10333;pr;a;m;v;5;0;125.5;236000.0;1822.46;7.79;0.052;0.0;0.5;1.0;2
10;10333;pr;a;m;v;5;B;125.0;299000.0;2392.0;7.79;0.039;0.0;1.0;1.0;1
10;10333;pr;a;m;v;5;VI;154.0;314000.0;2038.96;7.79;0.046;0.0;1.0;0.0;1
10;10333;pr;a;m;v;6;0;154.0;299000.0;1941.56;8.82;0.055;0.0;0.0;0.0;1
10;10333;pr;a;m;v;6;D;120.0;168000.0;1400.0;8.82;0.076;0.0;0.0;1.0;1
10;10333;pr;a;m;v;6;E;110.0;217500.0;1977.27;8.82;0.054;0.0;1.0;1.0;1
10;10333;pr;a;m;v;6;VI;168.0;294000.0;1750.0;8.82;0.06;0.0;0.0;1.0;1
10;10333;pr;a;m;v;7;B;172.0;354000.0;2058.14;;;0.0;1.0;1.0;1
10;10333;pr;a;m;v;7;C;151.0;283000.0;1874.17;;;0.0;0.0;1.0;1
10;10333;pr;a;m;v;7;E;163.5;293000.0;1785.54;;;0.0;0.0;0.5;2
10;10333;pr;a;m;v;8;F;185.0;315000.0;1702.7;;;0.0;0.0;2.0;2
10;10333;pr;a;m;v;9;D;205.0;250000.0;1219.51;;;0.0;0.0;0.0;1
10;10333;pr;a;m;vp;6;C;202.0;485000.0;2400.99;8.82;0.044;0.0;1.0;1.0;2
10;10333;pr;ca;a;v;2;0;48.0;122204.0;2545.92;10.68;0.05;0.0;0.0;0.0;1
10;10333;pr;ca;a;v;3;0;63.0;157371.0;2497.95;9.22;0.044;0.0;0.0;0.0;1
10;10333;pr;ca;an;v;2;0;48.0;122204.0;2545.92;10.68;0.05;0.0;0.0;0.0;3
10;10333;pr;ca;an;v;3;0;62.5;155010.5;2480.02;9.22;0.044;0.0;0.0;0.0;2
10;10333;pr;m;a;v;3;C;63.0;95000.0;1507.94;9.22;0.073;1.0;0.0;0.0;1
10;10333;pr;m;a;v;3;D;73.0;99000.0;1356.16;9.22;0.085;0.33;0.0;0.0;3
10;10333;pr;m;a;v;4;C;98.0;149000.0;1520.41;8.96;0.071;1.0;0.0;0.0;1
10;10333;pr;m;a;v;5;D;75.0;98500.0;1313.33;;;0.0;0.0;1.0;1
10;10333;pr;m;m;v;3;D;93.0;177000.0;1903.23;;;0.0;0.0;0.0;1
10;10333;pr;m;m;v;4;D;79.0;155000.0;1962.03;11.14;0.068;0.0;0.0;0.0;1
10;10333;pr;m;m;v;4;E;85.0;155000.0;1823.53;11.14;0.073;0.0;0.0;0.0;1
10;10333;pr;m;m;v;6;C;220.0;560000.0;2545.45;8.82;0.042;0.0;0.0;0.0;1
10;10333;pr;m;m;v;8;E;200.0;310000.0;1550.0;;;0.0;0.0;0.0;1
10;10334;pr;a;m;v;3;0;80.0;124000.0;1550.0;;;0.0;0.0;0.0;1
10;10334;pr;a;m;v;9;D;195.0;224700.0;1152.31;;;1.0;1.0;1.0;1
10;10335;pr;m;m;v;2;F;57.0;32500.0;570.18;;;0.0;0.0;0.0;1
10;10336;pr;a;m;v;4;D;141.0;275000.0;1950.35;;;0.0;1.0;1.0;1
10;10339;pr;a;m;v;4;E;117.0;158000.0;1350.43;;;0.0;1.0;0.0;1
10;10339;pr;a;m;v;6;C;256.0;339150.0;1324.8;;;0.0;1.0;1.0;1
10;10339;pr;a;m;v;8;C;256.0;337800.0;1319.53;;;0.0;1.0;1.0;1
10;10340;pr;a;m;v;11;C;230.0;414500.0;1802.17;;;0.0;0.0;0.0;1
10;10340;pr;a;m;v;6;C;158.0;299000.0;1892.41;7.57;0.048;0.0;1.0;1.0;1
10;10340;pr;a;m;v;6;D;157.0;190000.0;1210.19;7.57;0.075;0.0;2.0;0.0;1
10;10340;pr;cm;m;v;4;B;83.5;173800.0;2081.46;;;0.0;0.0;0.0;2
10;10340;pr;m;m;v;6;C;150.0;299000.0;1993.33;7.57;0.046;0.0;1.0;1.0;1
10;10341;pr;a;m;v;7;F;140.0;199000.0;1421.43;;;0.0;1.0;1.0;1
10;10341;pr;m;m;v;5;VI;160.0;159000.0;993.75;;;0.0;0.0;1.0;1
10;10342;pr;a;m;v;7;C;256.0;335000.0;1308.59;;;0.0;1.0;1.0;1
10;10343;pr;a;a;v;1;C;44.0;70000.0;1590.91;13.93;0.105;0.0;0.0;1.0;2
10;10343;pr;a;a;v;2;0;39.0;57500.0;1474.36;10.2;0.084;0.5;0.0;1.0;2
10;10343;pr;a;a;v;2;F;54.0;129600.0;2400.0;10.2;0.051;1.0;1.0;0.0;1
10;10343;pr;a;a;v;2;VI;39.0;65000.0;1666.67;10.2;0.073;1.0;0.0;0.0;1
10;10343;pr;a;a;v;3;0;87.0;141000.0;1620.69;8.21;0.061;0.0;0.0;1.0;1
10;10343;pr;a;a;v;3;C;67.5;93750.0;1387.54;8.21;0.071;1.0;1.0;0.0;2
10;10343;pr;a;a;v;3;D;66.0;77000.0;1166.66;8.21;0.084;0.0;0.0;0.5;2
10;10343;pr;a;a;v;4;C;174.0;154000.0;885.06;7.01;0.095;1.0;1.0;1.0;1
10;10343;pr;a;a;v;4;D;78.0;79900.0;1024.36;7.01;0.082;0.0;0.0;1.0;1
10;10343;pr;a;a;v;5;D;101.5;154500.0;1515.69;10.55;0.086;0.5;0.5;0.5;2
10;10343;pr;a;a;v;6;C;126.0;178900.0;1419.84;;;0.0;1.0;1.0;1
10;10343;pr;a;m;v;3;0;111.0;145950.0;1314.86;;;0.0;0.0;0.0;1
10;10343;pr;a;m;v;3;VI;54.0;145000.0;2685.19;;;0.0;1.0;0.0;1
10;10343;pr;a;m;v;4;C;174.0;154000.0;885.06;2.0;0.027;1.0;1.0;1.0;1
10;10343;pr;a;m;v;5;D;105.0;176500.0;1680.95;10.35;0.074;0.0;0.0;1.0;1
10;10343;pr;a;m;v;6;0;160.0;297500.0;1859.38;7.86;0.051;0.0;0.5;0.5;2
10;10343;pr;a;m;v;6;C;120.0;164500.0;1380.07;7.86;0.068;0.0;0.5;1.5;2
10;10343;pr;a;m;v;7;0;150.0;225000.0;1562.5;;;0.0;0.0;1.5;2
10;10343;pr;a;m;v;7;F;248.0;272500.0;1098.79;;;0.0;1.0;1.0;1
10;10343;pr;a;m;v;8;C;185.0;205200.0;1109.19;;;0.0;1.0;1.0;1
10;10343;pr;a;m;v;9;VI;155.0;253000.0;1632.26;;;0.0;0.0;0.0;1
10;10343;pr;m;a;v;3;D;65.0;98500.0;1515.38;8.21;0.065;0.0;0.0;0.0;1
10;10343;pr;m;m;v;4;E;112.0;210000.0;1875.0;2.0;0.013;0.0;0.0;0.0;1
10;10343;pr;m;m;v;6;E;130.0;194000.0;1492.31;7.86;0.063;0.0;0.0;0.0;1
10;10347;pr;a;m;v;6;E;227.0;348900.0;1537.0;;;0.0;2.0;1.0;1
10;10349;pr;a;m;v;1;0;143.0;88500.0;618.88;;;0.0;0.0;0.0;1
10;10349;pr;a;m;v;10;C;318.0;590000.0;1855.35;;;0.0;1.0;2.0;1
10;10349;pr;a;m;v;5;D;105.0;142000.0;1352.38;;;0.0;0.0;1.0;1
10;10349;pr;a;m;v;5;VI;85.0;185000.0;2176.47;;;0.0;1.0;0.0;1
10;10349;pr;a;m;v;6;B;121.0;252000.0;2082.64;;;0.0;1.0;1.0;2
10;10349;pr;a;m;v;7;D;159.0;221500.0;1393.08;;;0.0;1.0;1.0;1
10;10349;pr;a;m;v;7;E;167.0;251000.0;1526.32;;;0.0;1.0;0.0;2
10;10349;pr;a;m;v;8;C;188.5;312500.0;1655.59;;;0.0;2.0;1.0;2
10;10349;pr;a;m;v;9;B;184.0;335000.0;1820.65;;;0.0;2.0;1.0;1
10;10349;pr;a;m;vp;7;C;320.0;644800.0;2015.0;;;0.0;0.0;1.0;1
10;10349;pr;cm;m;v;4;B;85.0;168000.0;1976.47;;;0.0;0.0;0.0;1
10;10350;pr;a;m;v;3;A;86.0;60000.0;697.67;;;0.0;0.0;2.0;1
10;10350;pr;a;m;v;4;E;114.0;63000.0;552.63;;;0.0;0.0;1.0;1
10;10350;pr;a;m;v;5;D;119.0;131000.0;1100.84;;;0.0;2.0;1.0;1
10;10350;pr;a;m;v;6;D;114.0;125000.0;1096.49;;;0.0;1.0;1.0;1
10;10350;pr;a;m;v;6;E;155.0;265000.0;1709.68;;;0.0;0.0;1.0;1
10;10350;pr;a;m;v;7;E;124.0;91500.0;737.9;;;0.0;0.0;1.0;1
10;10350;pr;a;m;vp;5;D;242.0;438000.0;1809.92;;;0.0;2.0;1.0;2
10;10352;pr;a;m;v;4;F;73.0;158500.0;2171.23;;;0.0;0.0;1.0;1
10;10352;pr;a;m;v;5;C;221.0;615000.0;2782.81;8.75;0.038;0.0;1.0;1.0;1
10;10352;pr;a;m;v;5;D;95.0;165000.0;1736.84;8.75;0.06;0.0;2.0;0.0;1
10;10353;pr;a;m;v;4;G;78.0;155000.0;1987.18;;;0.0;1.0;0.0;1
10;10353;pr;a;m;v;5;D;100.0;192000.0;1920.0;;;0.0;0.0;0.0;1
10;10353;pr;a;m;v;5;F;85.0;149000.0;1752.94;;;0.33;0.33;0.67;3
10;10353;pr;a;m;v;6;C;194.0;194000.0;1000.0;;;0.0;0.0;1.0;1
10;10353;pr;a;m;v;9;C;200.0;329000.0;1645.0;;;0.0;0.0;2.0;1
10;10353;pr;m;m;v;5;D;100.0;179000.0;1790.0;;;0.0;0.0;0.0;1
10;10356;pr;a;m;v;4;E;76.0;99000.0;1302.63;;;0.0;0.0;0.0;1
10;10357;pr;a;a;v;2;B;36.0;97000.0;2694.44;;;1.0;0.0;1.0;1
10;10357;pr;a;m;v;4;0;65.0;99000.0;1523.08;;;0.0;1.0;0.0;1
10;10357;pr;a;m;v;4;D;122.0;250800.0;2027.93;;;0.0;1.5;0.0;2
10;10357;pr;a;m;v;4;E;64.0;134500.0;2101.56;;;0.0;1.0;0.0;1
10;10357;pr;a;m;v;4;NS;80.0;99000.0;1237.5;;;0.0;1.0;0.0;1
10;10357;pr;a;m;v;5;C;125.0;227900.0;1823.2;;;0.0;0.0;1.0;1
10;10357;pr;a;m;v;5;E;90.0;175000.0;1944.44;;;0.0;0.0;1.0;1
10;10357;pr;a;m;v;6;D;120.0;209000.0;1741.67;;;0.0;0.0;1.0;1
10;10357;pr;a;m;v;7;C;235.0;407500.0;1734.04;;;0.0;1.0;1.0;2
10;10357;pr;a;m;v;8;0;187.0;300000.0;1604.28;;;0.0;0.0;1.0;1
10;10358;pr;a;m;v;7;B;220.0;326000.0;1481.82;;;0.0;1.0;1.0;1
10;10359;pr;a;m;v;4;D;91.0;152600.0;1676.92;;;0.0;1.0;1.0;1
10;10359;pr;a;m;v;4;E;135.0;120000.0;888.89;;;0.0;1.0;0.0;1
10;10360;pr;a;m;v;5;E;93.0;199000.0;2139.78;;;0.0;0.0;1.0;1
10;10360;pr;a;m;v;6;0;90.0;267500.0;2972.22;;;0.0;0.0;1.0;1
10;10360;pr;a;m;v;6;D;125.0;259792.5;2081.93;;;0.0;0.5;0.5;2
10;10361;pr;a;m;v;6;F;160.0;292500.0;1828.12;;;0.0;0.0;1.0;1
10;10362;pr;a;a;v;1;G;36.0;63000.0;1750.0;15.24;0.105;0.0;1.0;0.0;1
10;10362;pr;a;a;v;2;0;57.0;87000.0;1526.32;11.54;0.091;0.0;1.0;0.0;1
10;10362;pr;a;a;v;2;D;40.0;59495.0;1494.25;11.54;0.096;0.0;0.0;1.0;2
10;10362;pr;a;a;v;2;E;42.0;60250.0;1434.52;11.54;0.097;0.0;0.5;0.5;2
10;10362;pr;a;a;v;2;F;40.0;58000.0;1450.0;11.54;0.096;0.0;1.0;0.0;1
10;10362;pr;a;a;v;2;G;39.5;66500.0;1686.46;11.54;0.082;0.0;0.5;0.5;2
10;10362;pr;a;a;v;3;D;65.0;109500.0;2100.0;9.3;0.057;0.33;1.0;0.33;3
10;10362;pr;a;a;v;3;E;44.0;89000.0;1308.82;9.3;0.079;0.0;0.33;0.33;3
10;10362;pr;a;a;v;3;VI;58.0;87000.0;1500.0;9.3;0.074;0.0;1.0;0.0;1
10;10362;pr;a;a;v;4;0;69.0;100500.0;1462.75;7.75;0.064;0.5;0.5;0.5;2
10;10362;pr;a;a;v;4;C;97.0;194000.0;2000.0;7.75;0.046;1.0;2.0;0.0;1
10;10362;pr;a;a;v;4;D;70.0;84500.0;1207.14;7.75;0.077;1.0;0.0;1.0;1
10;10362;pr;a;a;v;4;E;68.5;119250.0;1806.82;7.75;0.051;0.75;0.5;0.75;4
10;10362;pr;a;a;v;5;C;135.0;345000.0;2555.56;8.0;0.038;0.0;2.0;0.0;1
10;10362;pr;a;a;v;5;D;126.5;217000.0;1706.93;8.0;0.056;0.5;1.5;1.0;2
10;10362;pr;a;a;v;5;E;107.0;239000.0;2233.64;8.0;0.043;0.0;1.0;1.0;1
10;10362;pr;a;a;v;5;F;105.0;170000.0;1440.0;8.0;0.065;0.0;0.0;1.0;3
10;10362;pr;a;m;v;3;D;70.0;156000.0;2228.57;10.28;0.055;0.0;1.0;0.0;1
10;10362;pr;a;m;v;3;F;65.0;99999.0;1538.45;10.28;0.08;0.0;1.0;0.0;1
10;10362;pr;a;m;v;4;0;69.0;154000.0;2225.0;8.33;0.047;0.0;0.5;0.5;2
10;10362;pr;a;m;v;4;D;81.5;162250.0;1985.24;8.33;0.05;0.0;0.5;0.5;2
10;10362;pr;a;m;v;4;E;150.0;250000.0;1666.67;8.33;0.06;0.0;0.0;1.0;1
10;10362;pr;a;m;v;4;F;77.0;176750.0;2299.83;8.33;0.044;0.0;1.0;0.0;2
10;10362;pr;a;m;v;4;VI;70.0;189000.0;2700.0;8.33;0.037;0.0;0.0;1.0;1
10;10362;pr;a;m;v;5;0;120.0;256000.0;2133.33;8.25;0.046;0.0;1.0;1.0;1
10;10362;pr;a;m;v;5;D;91.0;185000.0;2032.97;8.25;0.049;0.0;1.0;1.0;1
10;10362;pr;a;m;v;6;D;170.0;320000.0;1882.35;8.47;0.054;0.0;1.0;1.0;1
10;10362;pr;a;m;v;8;C;250.0;438000.0;1752.0;;;0.0;1.0;1.0;2
10;10362;pr;a;m;vp;6;E;220.0;499000.0;2268.18;8.47;0.045;0.0;1.0;1.0;1
10;10362;pr;m;a;v;1;F;22.0;39000.0;1772.73;15.24;0.103;0.0;0.0;0.0;1
10;10362;pr;m;a;v;1;VI;22.0;39000.0;1772.73;15.24;0.103;0.0;0.0;0.0;1
10;10362;pr;m;a;v;2;E;50.0;94500.0;1890.0;11.54;0.073;0.0;0.0;0.0;1
10;10362;pr;m;a;v;2;G;37.0;66500.0;1797.3;11.54;0.077;0.0;0.0;0.0;1
10;10362;pr;m;a;v;2;VI;43.0;85000.0;1976.74;11.54;0.07;0.0;0.0;0.0;1
10;10362;pr;m;a;v;3;VI;83.0;174500.0;2102.41;9.3;0.053;0.0;0.0;0.0;1
10;10362;pr;m;m;v;4;VI;97.0;200000.0;2061.86;8.33;0.048;0.0;0.0;0.0;1
10;10363;pr;a;m;v;8;D;370.0;580000.0;1567.57;;;0.0;0.0;4.0;1
10;10367;pr;a;m;v;3;D;103.0;123000.0;1194.17;;;0.0;0.0;1.0;1
10;10367;pr;a;m;v;6;VI;100.0;81500.0;815.0;;;0.0;0.0;0.0;1
10;10368;pr;a;m;v;6;E;128.0;212000.0;1656.25;;;0.0;1.0;1.0;1
10;10369;pr;m;m;v;8;E;200.0;167000.0;835.0;;;0.0;1.0;1.0;1
10;10370;pr;a;m;v;6;0;135.0;118800.0;880.0;;;0.0;0.0;1.0;1
10;10371;pr;a;m;v;7;D;224.0;299000.0;1334.82;;;0.0;2.0;1.0;1
10;10373;pr;a;m;v;4;0;69.0;139500.0;2021.74;;;0.0;1.0;0.0;1
10;10373;pr;a;m;v;7;B;430.0;517000.0;1202.33;;;0.0;0.0;0.0;1
10;10373;pr;m;m;v;10;E;244.0;325000.0;1331.97;;;0.0;0.0;0.0;1
10;10381;pr;a;a;v;4;C;80.0;165000.0;2062.5;;;0.0;0.0;1.0;1
10;10381;pr;a;a;v;5;0;77.0;180500.0;2344.16;;;0.0;0.0;1.0;1
10;10381;pr;a;m;v;7;C;153.0;389000.0;2542.48;;;0.0;1.0;1.0;1
10;10381;pr;a;m;v;7;D;203.0;324900.0;1600.49;;;0.0;1.0;1.0;1
10;10381;pr;a;m;v;8;D;180.0;272000.0;1511.11;;;0.0;1.0;1.0;1
10;10381;pr;m;m;v;4;VI;80.0;168000.0;2100.0;;;0.0;0.0;0.0;1
10;10382;pr;a;m;v;4;VI;92.5;66600.0;724.76;;;0.0;0.5;0.5;2
10;10382;pr;a;m;v;5;E;67.0;88000.0;1313.43;;;0.0;0.0;1.0;1
10;10382;pr;a;m;v;7;VI;129.0;107250.0;789.44;;;0.0;0.5;0.5;2
10;10383;pr;a;m;v;12;VI;336.0;314000.0;934.52;;;0.0;3.0;1.0;1
10;10387;pr;a;a;v;1;0;28.0;60000.0;2500.0;13.79;0.068;0.2;0.2;0.6;5
10;10387;pr;a;a;v;1;C;35.0;58000.0;1657.14;13.79;0.1;0.0;0.0;1.0;1
10;10387;pr;a;a;v;1;D;37.0;49000.0;1484.85;13.79;0.106;0.33;0.33;0.67;3
10;10387;pr;a;a;v;1;E;27.0;46000.0;1703.7;13.79;0.101;0.33;1.0;0.0;3
10;10387;pr;a;a;v;1;F;20.5;47500.0;2336.96;13.79;0.071;0.0;0.0;1.0;2
10;10387;pr;a;a;v;1;G;18.0;50000.0;2777.78;13.79;0.06;0.0;0.0;0.0;1
10;10387;pr;a;a;v;10;0;451.0;469000.0;1039.91;;;0.0;0.0;0.0;1
10;10387;pr;a;a;v;14;C;461.0;399000.0;865.51;;;0.0;0.0;0.0;1
10;10387;pr;a;a;v;15;VI;405.0;475000.0;1172.84;;;0.0;0.0;0.0;1
10;10387;pr;a;a;v;2;0;40.5;69500.0;1661.88;11.13;0.079;0.08;0.42;0.33;12
10;10387;pr;a;a;v;2;B;45.0;127000.0;2822.22;11.13;0.047;0.0;0.0;1.0;1
10;10387;pr;a;a;v;2;C;52.0;89900.0;1696.34;11.13;0.077;0.0;0.8;0.2;5
10;10387;pr;a;a;v;2;D;45.0;83750.0;1781.36;11.13;0.073;0.14;0.79;0.29;14
10;10387;pr;a;a;v;2;E;48.0;70000.0;1428.57;11.13;0.091;0.26;0.32;0.53;19
10;10387;pr;a;a;v;2;F;45.0;64000.0;2044.44;11.13;0.078;0.0;0.33;0.33;3
10;10387;pr;a;a;v;2;G;43.5;78000.0;1798.92;11.13;0.074;0.0;0.5;0.0;2
10;10387;pr;a;a;v;2;NS;55.0;135000.0;2454.55;11.13;0.055;0.0;0.6;0.4;5
10;10387;pr;a;a;v;2;VI;39.0;49500.0;1269.23;11.13;0.105;0.0;1.0;0.0;1
10;10387;pr;a;a;v;3;0;63.0;115000.0;1903.85;9.12;0.059;0.24;0.47;0.59;17
10;10387;pr;a;a;v;3;A;92.0;169000.0;1836.96;9.12;0.06;0.0;0.0;0.0;1
10;10387;pr;a;a;v;3;B;97.0;299500.0;3046.03;9.12;0.045;0.0;0.5;0.25;4
10;10387;pr;a;a;v;3;C;67.0;95000.0;1417.91;9.12;0.078;0.8;0.2;0.8;5
10;10387;pr;a;a;v;3;D;66.0;101000.0;1550.5;9.12;0.072;0.4;0.35;0.45;20
10;10387;pr;a;a;v;3;E;57.0;98000.0;1410.71;9.12;0.07;0.22;0.67;0.22;9
10;10387;pr;a;a;v;3;F;55.0;60000.0;1092.36;9.12;0.1;0.0;0.5;0.5;2
10;10387;pr;a;a;v;3;NS;62.0;149000.0;2403.23;9.12;0.048;0.0;1.0;0.0;3
10;10387;pr;a;a;v;3;VI;65.0;83930.0;2311.93;9.12;0.065;0.0;0.0;0.33;3
10;10387;pr;a;a;v;4;0;76.0;92000.0;1212.5;8.55;0.081;0.08;0.54;0.77;13
10;10387;pr;a;a;v;4;B;92.0;334500.0;3659.28;8.55;0.028;0.0;1.5;0.0;2
10;10387;pr;a;a;v;4;C;83.5;121250.0;1385.86;8.55;0.075;1.1;0.7;0.5;10
10;10387;pr;a;a;v;4;D;76.0;101950.0;1355.2;8.55;0.075;0.37;0.23;0.8;30
10;10387;pr;a;a;v;4;E;70.0;95500.0;1382.91;8.55;0.074;0.19;0.5;0.5;16
10;10387;pr;a;a;v;4;F;68.5;100750.0;1490.2;8.55;0.073;0.0;0.75;0.0;4
10;10387;pr;a;a;v;4;NS;77.0;90000.0;1168.83;8.55;0.088;0.0;0.0;0.0;1
10;10387;pr;a;a;v;4;VI;74.5;121250.0;1591.18;8.55;0.065;0.17;0.67;0.17;6
10;10387;pr;a;a;v;5;0;129.0;227500.0;1704.7;7.88;0.063;0.0;0.83;0.67;6
10;10387;pr;a;a;v;5;C;106.0;139000.0;1311.32;7.88;0.072;0.6;0.2;0.4;5
10;10387;pr;a;a;v;5;D;95.0;165000.0;1505.38;7.88;0.066;0.41;0.29;0.76;17
10;10387;pr;a;a;v;5;E;124.0;211000.0;1772.73;7.88;0.054;0.0;0.67;0.33;3
10;10387;pr;a;a;v;5;F;88.0;86900.0;987.5;7.88;0.096;0.0;0.0;1.0;1
10;10387;pr;a;a;v;5;NS;109.0;205000.0;1880.73;7.88;0.05;0.0;1.0;0.6;5
10;10387;pr;a;a;v;5;VI;118.0;200000.0;1805.99;7.88;0.048;0.25;0.5;1.0;4
10;10387;pr;a;a;v;6;C;165.0;271500.0;1662.97;17.3;0.126;0.0;1.0;1.0;2
10;10387;pr;a;a;v;6;D;134.0;205000.0;1528.5;17.3;0.125;0.33;0.67;0.33;3
10;10387;pr;a;a;v;6;VI;107.0;256000.0;2392.52;17.3;0.087;0.0;1.0;1.0;1
10;10387;pr;a;a;v;7;VI;225.0;494000.0;2195.56;;;0.0;0.0;0.0;1
10;10387;pr;a;a;vp;7;C;184.0;340000.0;1847.83;;;0.0;0.0;1.0;1
10;10387;pr;a;m;v;10;VI;300.0;380000.0;1266.67;;;0.0;2.0;1.0;1
10;10387;pr;a;m;v;11;E;483.0;680000.0;1407.87;;;0.0;2.0;2.0;1
10;10387;pr;a;m;v;12;0;340.0;680000.0;2000.0;;;0.0;1.0;2.0;1
10;10387;pr;a;m;v;12;C;337.5;680000.0;2014.92;;;0.0;1.5;1.5;2
10;10387;pr;a;m;v;13;E;490.0;680000.0;1387.76;;;0.0;1.0;2.0;1
10;10387;pr;a;m;v;13;VI;400.0;810000.0;2025.0;;;0.0;0.0;6.0;1
10;10387;pr;a;m;v;20;VI;500.0;787500.0;1575.0;;;0.0;0.0;4.0;1
10;10387;pr;a;m;v;3;D;72.0;130000.0;1805.56;9.68;0.064;0.0;0.0;1.0;1
10;10387;pr;a;m;v;3;F;103.0;176750.0;1716.43;9.68;0.068;0.0;0.5;0.5;2
10;10387;pr;a;m;v;4;0;100.5;156250.0;1756.1;11.36;0.088;0.0;0.5;0.75;4
10;10387;pr;a;m;v;4;B;112.0;158000.0;1410.71;11.36;0.097;0.0;1.0;0.0;1
10;10387;pr;a;m;v;4;E;80.0;159999.0;1975.0;11.36;0.066;0.0;1.0;0.33;3
10;10387;pr;a;m;v;4;G;85.0;212000.0;2494.12;11.36;0.055;0.0;1.0;0.0;1
10;10387;pr;a;m;v;4;NS;81.5;151250.0;1865.46;11.36;0.074;0.0;0.5;1.0;2
10;10387;pr;a;m;v;4;VI;81.0;139100.0;1717.28;11.36;0.079;0.0;0.0;0.0;1
10;10387;pr;a;m;v;5;0;95.0;189000.0;2009.35;8.64;0.051;0.0;2.0;0.57;7
10;10387;pr;a;m;v;5;B;143.0;285000.0;1993.01;8.64;0.052;0.0;1.0;1.0;1
10;10387;pr;a;m;v;5;C;134.5;268500.0;2069.44;8.64;0.054;0.0;0.5;0.83;6
10;10387;pr;a;m;v;5;D;103.0;215000.0;1861.7;8.64;0.054;0.0;0.67;0.89;9
10;10387;pr;a;m;v;5;E;115.0;199000.0;1800.0;8.64;0.057;0.0;0.14;0.57;7
10;10387;pr;a;m;v;5;F;110.0;192500.0;1745.55;8.64;0.06;0.0;0.5;0.5;2
10;10387;pr;a;m;v;5;NS;127.5;293900.0;2294.39;8.64;0.046;0.0;0.0;0.5;2
10;10387;pr;a;m;v;6;0;136.0;175000.0;1789.47;7.39;0.06;0.0;1.33;0.33;3
10;10387;pr;a;m;v;6;B;140.0;285000.0;2035.71;7.39;0.044;0.0;1.0;1.0;1
10;10387;pr;a;m;v;6;C;152.5;292500.0;1931.58;7.39;0.047;0.0;0.5;1.0;2
10;10387;pr;a;m;v;6;D;129.0;219000.0;1708.96;7.39;0.05;0.0;1.0;1.0;3
10;10387;pr;a;m;v;6;E;153.5;249500.0;1608.84;7.39;0.058;0.0;1.5;1.0;2
10;10387;pr;a;m;v;6;NS;165.0;149900.0;908.48;7.39;0.098;0.0;2.0;0.0;1
10;10387;pr;a;m;v;7;0;166.5;178500.0;1209.09;8.64;0.134;0.0;1.0;0.5;2
10;10387;pr;a;m;v;7;C;151.5;270000.0;1789.66;8.64;0.058;0.0;1.0;1.0;2
10;10387;pr;a;m;v;7;D;162.5;352500.0;2222.49;8.64;0.054;0.0;1.0;0.75;4
10;10387;pr;a;m;v;7;E;194.0;265000.0;1398.69;8.64;0.071;0.0;1.67;0.33;3
10;10387;pr;a;m;v;7;VI;180.0;350000.0;1944.44;8.64;0.053;0.0;0.0;0.0;1
10;10387;pr;a;m;v;8;0;168.0;420000.0;2500.0;;;0.0;0.0;3.0;1
10;10387;pr;a;m;v;8;C;178.0;300000.0;1685.39;;;0.0;1.0;0.67;3
10;10387;pr;a;m;v;8;D;187.0;220000.0;1176.47;;;0.0;0.0;0.0;1
10;10387;pr;a;m;v;8;E;120.0;255000.0;2125.0;;;0.0;1.0;1.0;1
10;10387;pr;a;m;v;9;C;142.0;319000.0;2246.48;;;0.0;2.0;0.0;1
10;10387;pr;a;m;v;9;D;215.0;464500.0;2209.09;;;0.0;1.0;0.5;2
10;10387;pr;a;m;v;9;E;327.0;485000.0;1483.18;;;0.0;0.0;0.0;1
10;10387;pr;a;m;v;9;F;207.0;243000.0;1173.91;;;0.0;0.0;0.0;1
10;10387;pr;a;m;vp;10;C;370.0;675000.0;1824.32;;;0.0;3.0;0.0;1
10;10387;pr;a;m;vp;11;0;280.0;607600.0;2170.0;;;0.0;1.0;1.0;1
10;10387;pr;a;m;vp;12;D;440.0;795000.0;1806.82;;;0.0;2.0;1.0;1
10;10387;pr;a;m;vp;13;E;490.0;725000.0;1479.59;;;0.0;1.0;2.0;1
10;10387;pr;a;m;vp;17;D;440.0;795000.0;1806.82;;;0.0;1.0;1.0;1
10;10387;pr;a;m;vp;6;B;290.0;615000.0;2120.69;7.39;0.042;0.0;1.0;1.0;2
10;10387;pr;a;m;vp;8;D;335.0;618000.0;1844.78;;;0.0;2.0;1.0;1
10;10387;pr;a;m;vp;9;C;335.0;598000.0;1785.07;;;0.0;0.0;2.0;2
10;10387;pr;ca;a;v;1;0;23.5;77400.0;3303.0;13.79;0.05;0.0;0.0;0.0;2
10;10387;pr;ca;a;v;4;0;81.0;159000.0;1962.96;8.55;0.052;0.0;0.0;0.0;1
10;10387;pr;ca;an;v;1;0;21.5;72155.0;3260.48;13.79;0.052;0.0;0.0;0.0;10
10;10387;pr;ca;an;v;2;0;44.0;117610.0;3026.47;11.13;0.042;0.0;0.0;0.0;9
10;10387;pr;ca;an;v;3;0;77.0;269500.0;3499.5;9.12;0.033;0.0;0.0;0.0;4
10;10387;pr;ca;an;v;5;0;92.0;247900.0;2694.57;7.88;0.035;0.0;0.0;0.0;1
10;10387;pr;ca;an;v;6;0;147.0;620000.0;4217.69;17.3;0.049;0.0;0.0;0.0;1
10;10387;pr;cm;m;v;4;A;78.0;158900.0;2037.18;11.36;0.067;0.0;0.0;1.0;1
10;10387;pr;cm;m;v;5;A;89.0;175650.0;1972.74;8.64;0.053;0.0;0.0;0.5;2
10;10387;pr;cm;m;v;6;A;110.0;222400.0;2091.26;7.39;0.046;0.0;0.0;1.0;3
10;10387;pr;cm;m;v;7;A;139.0;226900.0;1632.37;8.64;0.064;0.0;0.0;1.0;1
10;10387;pr;m;a;v;10;VI;388.0;482500.0;1283.03;;;0.0;0.0;0.0;2
10;10387;pr;m;a;v;2;C;50.5;79250.0;1550.5;11.13;0.088;0.0;0.0;0.0;2
10;10387;pr;m;a;v;2;D;43.0;65000.0;1511.63;11.13;0.088;1.0;0.0;0.0;1
10;10387;pr;m;a;v;2;E;46.0;58000.0;1260.87;11.13;0.106;1.0;0.0;0.0;1
10;10387;pr;m;a;v;2;G;34.5;67950.0;1982.76;11.13;0.068;0.0;0.0;0.0;2
10;10387;pr;m;a;v;2;VI;70.0;135000.0;1843.75;11.13;0.073;0.0;0.0;0.0;3
10;10387;pr;m;a;v;3;C;85.5;169500.0;1966.36;9.12;0.058;0.0;0.0;0.0;2
10;10387;pr;m;a;v;3;D;66.0;76500.0;1289.64;9.12;0.083;0.25;0.0;0.0;4
10;10387;pr;m;a;v;3;E;63.0;99500.0;1579.37;9.12;0.069;1.0;0.0;0.0;1
10;10387;pr;m;a;v;3;F;68.0;86500.0;1272.06;9.12;0.086;0.0;0.0;0.0;1
10;10387;pr;m;a;v;4;C;87.0;121500.0;1387.7;8.55;0.076;0.0;0.0;0.0;2
10;10387;pr;m;a;v;4;D;72.0;134750.0;1886.58;8.55;0.059;0.5;0.0;0.0;2
10;10387;pr;m;a;v;4;VI;85.0;140000.0;1647.06;8.55;0.062;0.0;0.0;0.0;1
10;10387;pr;m;a;v;7;E;125.0;185500.0;1484.0;;;0.0;0.0;0.0;1
10;10387;pr;m;m;v;4;E;122.0;196500.0;1570.62;11.36;0.093;0.0;1.0;1.0;2
10;10387;pr;m;m;v;5;B;160.0;290000.0;1812.5;8.64;0.057;0.0;0.0;0.0;1
10;10387;pr;m;m;v;5;C;175.0;286000.0;1634.29;8.64;0.063;0.0;0.0;0.0;1
10;10387;pr;m;m;v;6;B;135.0;199000.0;1474.07;7.39;0.06;0.0;0.0;2.0;1
10;10387;pr;m;m;v;7;C;180.0;390000.0;2166.67;8.64;0.048;0.0;0.0;0.0;1
10;10387;pr;m;m;v;7;D;200.0;232000.0;1160.0;8.64;0.089;0.0;0.0;0.0;1
10;10391;pr;cm;mn;v;5;0;104.0;200000.0;1923.08;;;0.0;0.0;0.0;1
10;10392;pr;a;m;v;3;G;92.0;112000.0;1217.39;;;0.0;1.0;0.0;1
10;10392;pr;a;m;v;5;E;140.0;190500.0;1360.71;;;0.0;1.0;1.0;2
10;10392;pr;a;m;v;5;F;88.0;111500.0;1267.05;;;0.0;0.0;1.0;2
10;10393;pr;a;m;v;11;E;420.0;349000.0;830.95;;;2.0;3.0;1.0;1
10;10393;pr;m;m;v;5;VI;98.0;67000.0;683.67;;;0.0;0.0;1.0;1
10;10393;pr;m;m;v;6;VI;130.0;106000.0;815.38;;;0.0;0.0;1.0;2
10;10393;pr;m;m;v;7;E;141.0;151000.0;1070.92;;;0.0;0.0;1.0;1
10;10395;pr;a;m;v;5;0;150.0;168000.0;1120.0;;;0.0;1.0;0.0;1
10;10395;pr;a;m;v;5;VI;110.0;95000.0;863.64;;;0.0;0.0;0.0;1
10;10395;pr;a;m;v;7;VI;150.0;177000.0;1180.0;;;0.0;0.0;0.0;1
10;10399;pr;a;a;v;1;0;27.0;56000.0;2074.07;;;0.0;0.0;0.0;1
10;10399;pr;a;m;v;7;0;240.0;252000.0;1050.0;;;0.0;2.0;0.0;1
10;10400;pr;a;m;v;7;E;180.0;188000.0;1044.44;;;0.0;1.0;1.0;1
10;10401;pr;a;m;v;7;VI;156.0;135000.0;865.38;;;0.0;2.0;0.0;1
10;10401;pr;a;m;v;8;D;220.0;272500.0;1238.64;;;1.0;0.0;1.0;1
10;10401;pr;m;m;v;6;D;120.0;112000.0;933.33;;;0.0;0.0;0.0;1
10;10401;pr;m;m;v;6;F;80.0;115500.0;1443.75;;;0.0;1.0;0.0;1
10;10404;pr;a;m;v;4;D;100.0;74000.0;740.0;;;0.0;2.0;0.0;1
10;10404;pr;a;m;v;5;D;90.0;73500.0;816.67;;;0.0;0.0;0.0;1
10;10404;pr;m;m;v;3;D;100.0;74490.0;744.9;;;0.0;2.0;0.0;1
10;10406;pr;a;m;v;6;B;170.0;325000.0;1911.76;;;0.0;2.0;0.0;1
10;10406;pr;a;m;v;7;E;200.0;299000.0;1495.0;;;0.0;1.0;1.0;1
10;10406;pr;a;m;v;7;VI;320.0;398000.0;1243.75;;;0.0;0.0;0.0;1
10;10408;pr;a;m;v;6;0;170.0;230050.0;1353.24;;;0.0;0.0;1.0;1
10;10412;pr;a;m;v;7;D;223.0;295000.0;1322.87;;;0.0;0.0;0.0;1
10;10412;pr;a;m;v;9;C;425.0;940000.0;2221.53;;;0.0;2.5;4.5;2
10;10418;pr;a;m;v;3;0;60.0;77000.0;1283.33;;;0.0;1.0;0.0;1
10;10419;pr;a;m;v;5;0;91.0;186000.0;2043.96;;;0.0;1.0;0.0;1
10;10419;pr;a;m;v;5;D;118.5;203500.0;1716.14;;;0.0;0.0;1.0;2
10;10419;pr;a;m;v;5;VI;91.0;186000.0;2043.96;;;0.0;1.0;0.0;1
10;10419;pr;m;m;v;5;D;127.0;220000.0;1732.28;;;0.0;0.0;0.0;1
10;10419;pr;m;m;v;7;B;220.0;327000.0;1486.36;;;0.0;1.0;1.0;2
10;10420;pr;a;a;v;3;D;56.0;89900.0;1605.36;8.52;0.064;0.0;0.0;1.0;1
10;10420;pr;a;a;v;3;NS;77.0;44400.0;576.62;8.52;0.177;0.0;0.0;0.0;1
10;10420;pr;a;a;v;5;C;115.0;89900.0;781.74;5.77;0.089;0.0;0.0;1.0;1
10;10420;pr;a;m;v;3;E;90.0;70000.0;777.78;;;0.0;1.0;0.0;1
10;10420;pr;a;m;v;3;VI;62.5;83050.0;1316.17;;;0.0;0.5;0.5;2
10;10420;pr;a;m;v;4;0;105.0;108000.0;1028.57;6.15;0.072;0.0;1.0;0.0;1
10;10420;pr;a;m;v;4;A;92.0;97000.0;1054.35;6.15;0.07;0.0;0.0;1.0;1
10;10420;pr;a;m;v;5;D;114.0;123000.0;1078.95;7.08;0.079;0.0;1.0;1.0;1
10;10420;pr;a;m;v;5;E;120.0;162000.0;1350.0;7.08;0.063;0.0;1.0;1.0;1
10;10420;pr;a;m;v;6;VI;130.0;161000.0;1238.46;6.46;0.063;0.0;1.0;1.0;1
10;10420;pr;a;m;v;7;E;170.0;162000.0;952.94;;;0.0;0.0;2.0;1
10;10420;pr;cm;m;v;6;A;115.0;175900.0;1529.57;6.46;0.051;0.0;0.0;1.0;1
10;10421;pr;a;m;v;3;E;74.0;99000.0;1337.84;;;0.0;1.0;0.0;1
10;10421;pr;a;m;v;5;0;164.0;162000.0;987.8;;;0.0;0.0;0.0;1
10;10424;pr;m;m;v;5;F;105.0;86000.0;819.05;;;0.0;0.0;0.0;1
10;10425;pr;m;m;v;3;VI;110.0;148000.0;1345.45;;;0.0;0.0;0.0;1
10;10426;pr;a;m;v;2;0;55.0;25000.0;454.55;;;0.0;0.0;0.0;1
10;10426;pr;a;m;v;5;VI;98.0;129000.0;1316.33;;;0.0;0.0;1.0;1
10;10426;pr;m;m;v;2;VI;59.0;28500.0;481.24;;;0.0;0.0;0.0;2
10;10426;pr;m;m;v;5;D;120.0;165000.0;1375.0;;;0.0;0.0;0.0;1
10;10429;pr;a;m;v;6;E;130.0;175000.0;1346.15;;;0.0;0.0;1.0;1
10;10430;pr;a;m;v;7;D;190.0;229000.0;1205.26;;;0.0;1.0;1.0;1
10;10431;pr;a;m;v;3;F;66.0;148000.0;2242.42;;;0.0;0.0;1.0;2
10;10433;pr;a;m;v;6;VI;140.0;126000.0;900.0;;;0.0;0.0;0.0;1
10;10437;pr;a;m;v;4;D;93.0;49500.0;532.26;;;0.0;1.0;0.0;1
10;10437;pr;a;m;v;4;VI;86.0;82000.0;953.49;;;0.0;0.0;1.0;1
10;10437;pr;a;m;vp;7;C;225.0;428000.0;1902.22;;;0.0;1.0;1.0;1
10;10439;pr;a;m;v;3;F;80.0;60500.0;756.25;;;0.0;1.0;0.0;1
10;10441;pr;a;m;v;5;0;177.0;158000.0;892.66;;;0.0;0.0;1.0;1
10;10441;pr;a;m;v;7;F;149.0;219000.0;1469.8;;;0.0;1.0;1.0;1
10;10442;pr;a;m;v;4;NS;118.0;110000.0;932.2;;;0.0;0.0;0.0;1
10;10442;pr;a;m;v;7;VI;146.0;165000.0;1130.14;;;0.0;1.0;1.0;1
10;10443;pr;a;m;v;5;D;115.0;115000.0;1000.0;;;0.0;1.0;0.0;1
10;10444;pr;a;m;v;5;C;113.0;94500.0;836.28;8.2;0.118;0.0;1.0;1.0;1
10;10444;pr;m;m;v;5;D;117.0;138000.0;1179.49;8.2;0.083;0.0;0.0;0.0;1
