IRIS;REG;DEP;UU2010;COM;TRIRIS;GRD_QUART;TYP_IRIS;LAB_IRIS;P17_ACT1564;P17_ACTOCC1564;P17_CHOM1564;P17_INACT1564;P17_ETUD1564;P17_RETR1564;P17_AINACT1564;C17_ACT1564_CS1;C17_ACT1564_CS2;C17_ACT1564_CS3;C17_ACT1564_CS4;C17_ACT1564_CS5;C17_ACT1564_CS6;P17_ACTOCC15P_TP;P17_SAL15P_TP;P17_SAL15P_CDI;P17_SAL15P_CDD;P17_SAL15P_INTERIM;P17_SAL15P_EMPAID;P17_SAL15P_APPR;P17_NSAL15P_INDEP;P17_NSAL15P_EMPLOY;P17_NSAL15P_AIDFAM;P17_ACTOCC15P_ILT1;P17_ACTOCC15P_ILT2P;P17_ACTOCC15P_ILT2;P17_ACTOCC15P_ILT3;P17_ACTOCC15P_ILT4;P17_ACTOCC15P_ILT5;C17_ACTOCC15P;C17_ACTOCC15P_PAS;C17_ACTOCC15P_MAR;C17_ACTOCC15P_VELO;C17_ACTOCC15P_2ROUESMOT;C17_ACTOCC15P_VOIT;C17_ACTOCC15P_TCOM
850010000;52;85;85114;85001;ZZZZZZ;8500100;Z;5;571;460;111;305;33;193;79;30;71;35;76;141;136;97;79;275;44;6;2;9;76;66;1;270;209;172;4;33;0;394;25;25;10;15;313;5
850020000;52;85;85000;85002;ZZZZZZ;8500200;Z;5;876;780;96;212;58;98;56;40;70;20;170;295;320;139;124;524;71;26;11;13;71;65;3;191;593;558;14;20;1;860;65;25;0;10;750;10
850030101;52;85;85206;85003;ZZZZZZ;8500301;H;4;2129;1900;228;655;225;296;134;57;123;175;522;610;616;329;312;1457;133;35;10;47;107;109;2;673;1229;1163;45;22;0;1932;73;52;11;31;1745;21
850030102;52;85;85206;85003;ZZZZZZ;8500301;H;4;2564;2311;253;619;271;216;131;57;165;226;594;739;751;363;341;1763;168;39;16;55;126;154;3;827;1496;1427;48;22;0;2331;139;73;31;21;2046;21
850040000;52;85;85101;85004;ZZZZZZ;8500400;Z;5;793;637;156;450;68;275;107;34;73;44;142;323;142;121;100;431;63;12;2;11;87;40;0;193;453;425;5;22;2;592;24;10;0;10;543;5
850050000;52;85;85000;85005;ZZZZZZ;8500500;Z;5;488;448;40;117;37;52;28;25;30;10;65;135;220;88;77;326;25;6;9;8;43;33;1;124;327;298;3;26;0;445;45;0;0;0;400;0
850060000;52;85;85000;85006;ZZZZZZ;8500600;Z;5;846;728;118;240;62;113;65;60;35;60;170;210;285;134;123;508;72;20;9;12;61;50;1;167;566;523;30;11;2;695;20;30;5;5;630;5
850080000;52;85;85210;85008;ZZZZZZ;8500800;Z;5;3163;2876;287;852;345;333;174;39;220;367;862;866;661;500;470;2238;186;69;8;59;168;169;2;412;2487;2385;62;38;2;2771;113;54;15;24;2531;34
850090000;52;85;85000;85009;ZZZZZZ;8500900;Z;5;559;500;60;164;55;76;32;25;46;31;86;182;197;86;74;367;33;11;2;9;46;35;2;75;430;374;4;51;0;517;45;15;5;10;441;0
850100000;52;85;85000;85010;ZZZZZZ;8501000;Z;5;563;476;88;226;38;126;62;36;73;31;78;229;162;90;75;319;33;2;6;12;82;24;1;139;340;305;15;19;1;505;47;31;5;5;412;5
850110000;52;85;85000;85011;ZZZZZZ;8501100;Z;5;634;546;88;238;60;121;57;10;95;40;105;220;110;100;88;344;66;1;5;11;67;58;2;175;379;329;29;20;1;515;25;0;20;15;445;10
850120000;52;85;85301;85012;ZZZZZZ;8501200;Z;5;877;759;118;328;76;169;83;30;95;30;135;295;240;140;115;457;85;11;6;22;88;96;6;312;460;420;32;5;2;726;80;15;5;5;621;0
850130000;52;85;85000;85013;ZZZZZZ;8501300;Z;5;786;735;51;124;52;44;28;21;47;42;140;203;410;102;96;597;35;17;2;13;29;42;2;147;590;530;55;5;0;806;42;47;0;16;702;0
850140000;52;85;85000;85014;ZZZZZZ;8501400;Z;5;538;488;50;161;48;69;43;35;30;25;105;75;251;75;69;345;43;11;2;17;35;39;0;99;393;361;8;24;0;482;10;25;5;5;431;5
850150000;52;85;85000;85015;ZZZZZZ;8501500;Z;5;765;717;48;157;53;73;32;30;65;35;194;204;224;123;118;546;37;15;1;15;54;53;1;82;639;579;56;4;1;697;20;15;15;5;632;10
850160000;52;85;85000;85016;ZZZZZZ;8501600;Z;5;1054;966;88;276;91;131;54;25;80;109;288;383;288;191;171;687;77;32;6;23;82;70;0;214;761;730;21;10;0;1088;30;20;25;0;999;15
850170000;52;85;85000;85017;ZZZZZZ;8501700;Z;5;1230;1140;90;260;124;86;50;35;70;70;280;305;445;182;177;856;79;44;5;25;58;69;4;230;910;794;105;10;1;1095;60;15;10;20;985;5
850180000;52;85;85122;85018;ZZZZZZ;8501800;Z;5;1416;1252;164;593;111;333;148;110;146;55;166;497;567;245;217;775;154;22;9;37;153;110;7;518;750;630;94;24;2;1396;70;50;50;20;1185;20
850190000;52;85;85211;85019;ZZZZZZ;8501900;Z;5;3065;2856;209;769;332;309;128;20;143;360;800;824;938;455;426;2251;185;90;16;77;127;120;4;605;2265;2047;156;59;3;2863;123;44;44;20;2557;74
850200000;52;85;85118;85020;ZZZZZZ;8502000;Z;5;1877;1737;141;457;166;182;109;65;126;226;357;625;417;294;274;1341;106;41;6;54;110;86;2;432;1313;252;9;1051;1;1685;95;10;25;32;1497;25
850210000;52;85;85000;85021;ZZZZZZ;8502100;Z;5;977;933;45;208;96;77;35;5;45;69;257;237;336;141;131;733;57;29;1;27;42;45;1;87;847;381;455;11;0;915;20;5;10;10;811;59
850220000;52;85;85000;85022;ZZZZZZ;8502200;Z;5;495;421;74;185;43;104;38;20;30;20;110;165;125;93;80;276;33;8;7;13;57;28;1;100;324;306;5;13;0;440;30;0;5;5;400;0
850230000;52;85;85000;85023;ZZZZZZ;8502300;Z;5;178;166;12;65;18;28;18;0;5;10;29;63;78;37;31;115;16;9;0;4;16;7;1;26;142;138;1;3;0;170;29;5;0;0;136;0
850240000;52;85;85000;85024;ZZZZZZ;8502400;Z;5;927;839;87;219;66;100;52;25;60;25;256;271;296;139;127;595;61;25;9;13;77;57;3;170;671;419;237;13;2;849;25;50;5;0;759;10
850250000;52;85;85000;85025;ZZZZZZ;8502500;Z;5;1170;1069;101;253;95;110;48;45;90;85;220;265;435;185;177;797;65;42;4;22;80;57;2;239;830;648;166;16;0;985;80;30;20;25;820;10
850260000;52;85;85000;85026;ZZZZZZ;8502600;Z;5;712;629;83;203;64;95;45;15;51;61;152;259;193;109;99;464;47;15;5;14;50;33;4;98;534;521;5;8;0;650;10;30;0;5;599;5
850280000;52;85;85000;85028;ZZZZZZ;8502800;Z;5;305;269;36;64;25;21;18;11;46;11;63;73;95;51;49;211;9;9;2;5;23;11;2;51;221;121;0;100;0;288;16;5;5;11;251;0
850290000;52;85;85000;85029;ZZZZZZ;8502900;Z;5;837;762;75;353;72;168;113;90;60;35;115;260;350;145;123;463;81;18;4;16;93;90;6;327;444;236;194;11;3;821;30;20;20;10;735;5
850310000;52;85;85000;85031;ZZZZZZ;8503100;Z;5;1526;1413;113;340;101;161;79;70;66;101;257;418;600;279;267;1041;112;32;13;37;95;89;0;450;969;910;33;24;1;1431;146;30;30;35;1189;0
850330000;52;85;85000;85033;ZZZZZZ;8503300;Z;5;366;326;40;92;31;32;28;5;35;15;60;86;176;54;51;232;31;6;2;6;27;23;0;60;267;253;1;13;0;343;30;0;0;0;313;0
850340000;52;85;85000;85034;ZZZZZZ;8503400;Z;5;1643;1507;136;416;140;203;73;71;107;71;431;396;594;289;268;1127;112;36;8;29;103;95;5;442;1073;1040;13;20;0;1583;127;76;5;10;1359;5
850350000;52;85;85203;85035;ZZZZZZ;8503500;Z;5;1504;1300;204;658;119;392;146;18;170;161;377;382;308;241;200;821;122;26;5;30;179;134;4;461;859;773;49;32;5;1220;60;41;18;5;1096;0
850360000;52;85;85000;85036;ZZZZZZ;8503600;Z;5;269;231;38;84;34;35;15;15;10;10;35;83;94;39;36;164;22;10;3;2;16;16;0;32;199;191;2;5;1;197;19;0;0;0;177;0
850370000;52;85;85000;85037;ZZZZZZ;8503700;Z;5;296;279;17;104;31;59;14;37;27;0;37;53;96;59;52;201;19;9;0;5;31;15;1;50;231;195;4;31;0;230;16;11;0;5;198;0
850380000;52;85;85000;85038;ZZZZZZ;8503800;Z;5;1428;1353;75;294;127;108;59;59;89;89;366;272;573;227;211;1043;81;36;6;31;88;69;3;294;1063;902;146;14;1;1399;69;59;15;20;1196;40
850390000;52;85;85115;85039;ZZZZZZ;8503900;Z;5;1946;1808;138;476;187;189;100;50;60;120;335;495;775;343;325;1390;132;41;12;47;120;69;2;484;1329;748;539;40;2;1730;65;35;20;40;1535;35
850400000;52;85;85000;85040;ZZZZZZ;8504000;Z;5;425;376;49;151;33;66;52;10;40;15;75;135;150;73;62;262;40;12;4;3;35;24;2;104;278;251;9;17;1;394;25;10;0;5;349;5
850410000;52;85;85000;85041;ZZZZZZ;8504100;Z;5;146;135;11;49;14;23;12;0;5;5;20;30;50;29;26;80;13;5;2;3;18;15;2;48;90;76;0;13;1;110;5;5;0;5;95;0
850420000;52;85;85000;85042;ZZZZZZ;8504200;Z;5;835;721;115;261;64;121;75;10;55;30;171;257;322;139;131;514;63;34;6;12;57;42;3;181;552;263;5;284;0;715;50;35;10;5;604;10
850450000;52;85;85000;85045;ZZZZZZ;8504500;Z;5;436;396;39;124;34;71;20;0;30;20;103;133;148;85;69;281;39;9;2;9;36;23;1;58;342;327;10;5;0;389;20;10;5;5;350;0
850460000;52;85;85110;85046;ZZZZZZ;8504600;Z;5;1925;1800;125;425;184;151;89;55;104;159;560;471;516;281;263;1380;140;47;5;50;96;84;2;391;1412;1366;23;23;1;1756;55;60;20;30;1587;5
850470101;52;85;85402;85047;850041;8504701;H;1;1205;966;239;347;83;132;132;3;98;115;257;414;297;186;168;636;106;46;27;28;55;75;3;552;424;305;109;10;0;976;32;122;33;16;752;20
850470102;52;85;85402;85047;850041;8504701;H;1;2313;2026;287;743;266;263;214;25;153;199;513;738;646;383;366;1486;167;47;41;45;124;133;0;1156;888;647;205;35;1;2029;71;75;94;43;1716;28
850470103;52;85;85402;85047;850041;8504701;H;1;1171;1000;171;461;141;207;113;6;81;108;263;339;359;216;201;754;89;40;6;20;46;48;0;564;438;318;83;37;0;1003;41;14;29;16;882;21
850470104;52;85;85402;85047;850051;8504701;H;1;1608;1371;237;633;150;326;157;23;141;174;397;508;339;289;260;951;123;38;17;35;92;137;0;802;590;438;125;27;1;1389;68;44;22;28;1206;21
850470105;52;85;85402;85047;850051;8504701;H;1;689;505;184;296;73;100;123;0;46;53;129;184;260;107;102;358;52;11;5;21;31;27;0;317;188;137;46;5;0;505;23;42;24;11;406;0
850470106;52;85;85402;85047;850051;8504701;H;1;1674;1505;169;546;172;239;135;27;140;145;446;476;430;285;260;1143;98;22;6;28;108;110;6;838;682;517;133;33;0;1521;109;20;26;29;1326;12
850490000;52;85;85000;85049;ZZZZZZ;8504900;Z;5;786;663;123;253;60;113;81;20;76;35;106;227;277;126;122;479;48;22;12;20;51;35;0;144;525;280;2;241;1;655;40;20;5;15;574;0
850500000;52;85;85000;85050;ZZZZZZ;8505000;Z;5;732;628;104;260;53;126;81;20;60;15;160;245;280;122;115;447;61;25;15;13;37;31;2;161;470;456;4;10;0;675;65;25;0;10;575;0
850510000;52;85;85207;85051;ZZZZZZ;8505100;Z;5;3873;3436;437;1201;384;527;289;81;196;261;713;863;1544;637;596;2604;262;110;28;77;173;198;5;1813;1644;1539;49;53;3;3345;152;140;56;35;2897;65
850530000;52;85;85000;85053;ZZZZZZ;8505300;Z;5;110;93;17;31;9;11;12;15;0;5;5;29;54;25;19;57;5;2;0;3;20;9;0;28;68;52;2;12;3;107;10;5;0;0;92;0
850540000;52;85;85000;85054;ZZZZZZ;8505400;Z;5;441;395;46;116;26;54;36;0;36;15;81;75;217;68;62;275;35;10;2;13;31;24;4;79;317;307;7;2;1;374;25;5;0;0;334;10
850550000;52;85;85000;85055;ZZZZZZ;8505500;Z;5;479;436;43;104;38;40;26;15;60;35;94;125;164;81;74;314;33;13;7;9;28;34;1;55;384;357;19;8;0;462;30;0;0;0;432;0
850560000;52;85;85000;85056;ZZZZZZ;8505600;Z;5;156;145;11;58;18;23;18;10;5;5;15;44;59;25;21;98;16;2;3;2;12;13;0;26;120;111;3;5;1;128;10;0;0;0;118;0
850580000;52;85;85000;85058;ZZZZZZ;8505800;Z;5;371;339;33;79;33;27;19;10;30;35;60;120;100;60;53;257;27;7;1;4;28;17;0;50;291;282;3;6;0;345;20;0;5;5;315;0
850590000;52;85;85123;85059;ZZZZZZ;8505900;Z;5;939;813;127;393;89;148;157;10;44;54;216;266;334;146;135;589;95;22;3;26;54;41;0;371;459;385;8;67;0;826;34;74;10;20;679;10
850610000;52;85;85000;85061;ZZZZZZ;8506100;Z;5;699;636;63;202;76;79;48;25;35;76;217;202;142;111;102;465;42;15;1;22;60;31;3;94;546;529;10;6;1;632;0;30;0;20;576;5
850620000;52;85;85000;85062;ZZZZZZ;8506200;Z;5;526;486;40;125;42;44;40;0;47;43;109;166;142;83;73;337;43;12;2;16;47;27;2;58;429;310;110;9;0;469;19;14;0;9;427;0
850640000;52;85;85000;85064;ZZZZZZ;8506400;Z;5;1243;1191;51;298;79;143;75;60;60;91;211;342;428;184;169;892;60;36;3;29;90;84;1;272;924;841;42;38;2;1152;91;20;0;20;1016;5
850650000;52;85;85113;85065;ZZZZZZ;8506500;Z;5;1724;1599;124;370;128;144;99;55;105;100;341;336;807;282;269;1240;107;49;4;35;81;89;3;425;1183;1029;120;32;2;1598;80;50;15;25;1413;15
850660000;52;85;85000;85066;ZZZZZZ;8506600;Z;5;392;365;27;94;30;38;26;15;5;20;45;60;221;60;57;278;25;10;2;9;21;19;0;49;316;294;6;13;2;332;5;10;0;15;301;0
850670000;52;85;85000;85067;ZZZZZZ;8506700;Z;5;498;456;42;96;29;46;22;40;20;10;89;124;232;80;69;330;25;7;2;9;38;47;1;146;313;297;3;13;0;481;20;5;10;5;441;0
850700000;52;85;85109;85070;ZZZZZZ;8507000;Z;5;1440;1203;236;415;109;194;111;87;91;61;380;420;443;238;213;855;78;20;11;44;112;91;1;465;747;713;23;8;2;1293;108;66;10;20;1070;20
850710000;52;85;85105;85071;ZZZZZZ;8507100;Z;5;1593;1394;199;462;116;207;139;93;134;51;365;417;577;235;209;1007;91;36;15;27;124;98;2;398;1001;942;42;16;1;1446;93;57;21;15;1256;5
850720000;52;85;85000;85072;ZZZZZZ;8507200;Z;5;538;502;36;86;32;39;15;20;15;25;100;130;225;85;77;389;35;16;1;10;28;23;0;102;400;351;43;5;1;490;25;10;20;0;425;10
850730000;52;85;85000;85073;ZZZZZZ;8507300;Z;5;531;476;55;126;35;69;21;26;41;36;56;189;199;79;70;325;36;15;7;13;46;35;1;90;388;364;3;20;0;490;26;10;10;10;434;0
850740000;52;85;85000;85074;ZZZZZZ;8507400;Z;5;81;71;10;43;7;17;19;5;5;0;15;25;30;15;15;55;5;2;0;0;5;4;0;11;60;59;0;1;0;79;5;0;0;0;74;0
850760000;52;85;00365;85076;ZZZZZZ;8507600;Z;5;1695;1600;95;398;161;167;71;15;118;216;477;398;457;283;262;1240;109;35;5;42;79;92;4;320;1286;342;926;19;0;1606;69;69;39;20;1292;118
850770000;52;85;85000;85077;ZZZZZZ;8507700;Z;5;197;144;52;83;22;35;27;0;15;20;41;72;60;35;32;82;21;7;2;6;21;5;0;30;115;108;2;5;0;167;5;0;0;0;157;5
850780000;52;85;85000;85078;ZZZZZZ;8507800;Z;5;317;283;34;105;28;46;31;25;10;10;65;125;100;47;41;199;25;8;2;8;20;22;0;90;194;75;0;118;0;301;50;10;10;5;226;0
850800000;52;85;85000;85080;ZZZZZZ;8508000;Z;5;766;676;90;209;71;90;48;32;75;50;153;248;274;137;124;482;71;11;9;14;59;40;5;137;553;470;5;79;0;740;46;13;4;10;663;4
850810000;52;85;85124;85081;ZZZZZZ;8508100;Z;5;2229;2051;178;570;220;267;84;25;96;291;628;568;538;361;341;1649;138;30;7;37;95;98;4;368;1690;1584;78;24;4;1990;131;45;0;25;1753;35
850820000;52;85;85000;85082;ZZZZZZ;8508200;Z;5;1444;1340;104;251;82;125;44;40;89;134;317;352;589;212;199;1031;98;46;3;25;85;58;0;359;987;782;140;65;0;1382;40;94;25;15;1198;10
850830000;52;85;85112;85083;ZZZZZZ;8508300;Z;5;615;541;75;248;40;123;85;30;70;35;86;161;189;100;85;333;54;4;16;6;83;56;3;214;342;322;15;4;1;512;25;15;34;20;412;5
850840000;52;85;85212;85084;ZZZZZZ;8508400;Z;5;4636;4357;279;970;383;383;204;137;283;298;943;1111;1744;623;596;3427;286;146;14;114;208;182;7;1697;2687;2520;124;41;2;4291;212;210;88;68;3703;10
850860000;52;85;85000;85086;ZZZZZZ;8508600;Z;5;773;699;74;212;61;86;65;49;68;20;142;166;312;109;103;521;43;28;3;11;63;32;1;148;553;363;180;11;0;698;34;39;10;15;595;5
850870000;52;85;85000;85087;ZZZZZZ;8508700;Z;5;83;71;12;35;6;19;10;0;0;5;15;45;20;18;16;55;5;2;0;1;5;4;0;22;50;30;0;20;0;75;5;0;0;0;70;0
850880000;52;85;85401;85088;ZZZZZZ;8508800;Z;5;1959;1759;200;698;171;389;137;10;222;166;493;630;449;335;296;1260;134;26;9;35;152;158;6;327;1453;1368;47;32;5;1783;76;10;20;40;1626;10
850890000;52;85;85129;85089;ZZZZZZ;8508900;Z;5;2502;2320;182;620;240;271;109;69;119;267;662;627;727;364;334;1824;145;65;5;71;112;100;4;458;1869;1789;59;20;1;2303;69;79;54;25;2055;20
850900000;52;85;85209;85090;ZZZZZZ;8509000;Z;5;3275;3024;251;676;254;293;129;178;173;157;686;729;1401;458;416;2139;243;81;11;163;225;177;8;851;2196;1855;143;196;1;3176;173;131;29;62;2766;15
850920101;52;85;85304;85092;850131;8509201;H;1;721;602;119;382;163;116;104;2;52;126;166;219;140;110;100;433;41;8;14;16;50;49;0;427;184;123;11;49;0;604;41;53;17;5;468;20
850920102;52;85;85304;85092;850131;8509201;H;1;618;553;66;423;107;115;201;6;35;99;152;194;130;128;117;366;88;11;5;15;29;43;0;373;184;122;14;43;6;558;12;52;16;11;452;15
850920103;52;85;85304;85092;850131;8509201;H;1;785;639;146;370;104;153;113;12;71;68;177;229;215;128;116;433;73;21;11;9;46;45;3;464;178;112;3;62;0;641;30;35;27;9;526;14
850920104;52;85;85304;85092;850141;8509201;H;1;785;613;172;450;102;135;213;3;64;96;185;213;203;105;93;450;53;23;10;11;33;33;3;401;215;152;6;58;0;620;28;51;27;14;475;24
850920105;52;85;85304;85092;850141;8509201;H;1;435;276;159;210;42;72;96;2;8;29;53;125;206;66;64;180;48;13;14;20;4;4;0;180;104;78;1;26;0;284;11;23;18;7;221;4
850920106;52;85;85304;85092;850141;8509201;H;1;703;618;85;246;57;116;73;11;12;83;154;222;216;105;103;506;46;16;5;13;25;14;3;377;251;191;13;47;0;639;35;15;12;10;558;9
850920107;52;85;85304;85092;850141;8509201;H;1;1196;1091;105;314;116;108;90;6;69;94;178;621;223;128;104;834;122;18;4;9;51;50;8;816;280;192;6;83;0;1099;285;98;21;8;670;17
850930000;52;85;85000;85093;ZZZZZZ;8509300;Z;5;609;556;53;158;48;69;41;36;20;25;132;173;194;94;89;441;40;9;3;7;40;14;2;107;449;434;11;4;0;555;36;10;0;0;509;0
850940000;52;85;85000;85094;ZZZZZZ;8509400;Z;5;481;420;61;163;46;66;50;69;44;39;84;118;94;104;84;255;37;12;6;4;61;47;2;133;292;214;0;78;0;414;84;5;0;10;310;5
850950000;52;85;85000;85095;ZZZZZZ;8509500;Z;5;971;887;84;229;77;99;53;40;40;55;145;305;390;148;137;640;75;35;4;20;76;41;1;166;726;576;140;10;0;905;40;15;0;10;830;10
850960000;52;85;85128;85096;ZZZZZZ;8509600;Z;5;2403;2148;254;632;201;286;144;56;217;121;539;660;792;394;352;1537;155;46;18;42;202;152;10;564;1599;1168;408;23;0;2122;126;20;35;20;1895;25
850970000;52;85;85107;85097;ZZZZZZ;8509700;Z;5;1532;1447;85;346;99;172;75;44;132;108;383;334;565;214;206;1133;89;34;9;37;70;75;4;291;1160;946;186;27;0;1513;83;54;5;29;1315;26
850980000;52;85;85000;85098;ZZZZZZ;8509800;Z;5;981;922;59;240;94;108;38;24;54;39;273;322;273;148;133;747;47;28;4;14;57;24;5;83;844;807;27;10;0;935;29;10;0;10;877;10
850990000;52;85;85000;85099;ZZZZZZ;8509900;Z;5;516;474;42;135;42;54;39;29;29;34;158;105;168;71;64;370;29;8;0;7;42;22;0;55;423;402;9;11;1;483;14;14;0;0;455;0
851000000;52;85;85000;85100;ZZZZZZ;8510000;Z;5;893;804;89;345;95;148;103;15;108;73;230;303;186;151;138;575;64;27;0;23;62;55;3;174;634;611;15;8;1;850;39;44;10;20;738;0
851010000;52;85;85000;85101;ZZZZZZ;8510100;Z;5;222;189;33;80;22;35;23;5;16;16;73;67;52;41;36;128;15;4;0;6;23;17;1;20;174;164;2;7;0;187;5;0;0;5;172;5
851020000;52;85;85000;85102;ZZZZZZ;8510200;Z;5;345;294;51;74;24;23;28;20;10;20;49;108;138;52;47;210;25;26;0;4;22;13;0;24;274;225;44;5;0;295;0;5;0;5;285;0
851030000;52;85;85000;85103;ZZZZZZ;8510300;Z;5;1059;919;140;295;102;116;77;46;25;61;268;268;374;164;157;644;78;27;10;29;89;49;0;182;744;723;10;11;0;931;51;15;5;10;845;5
851040000;52;85;85000;85104;ZZZZZZ;8510400;Z;5;304;256;48;143;20;84;39;19;48;5;67;71;67;46;39;159;29;3;0;5;36;27;1;69;190;174;2;13;1;242;33;5;5;14;181;5
851050000;52;85;85000;85105;ZZZZZZ;8510500;Z;5;226;199;28;95;24;41;30;15;21;10;26;87;93;36;34;134;28;9;1;5;12;11;0;27;174;122;1;49;1;216;15;0;5;5;190;0
851060000;52;85;85112;85106;ZZZZZZ;8510600;Z;5;546;466;80;173;35;82;57;10;56;26;112;194;158;93;82;284;52;0;5;11;63;58;2;182;294;277;16;1;0;495;15;15;10;20;434;0
851080000;52;85;85102;85108;ZZZZZZ;8510800;Z;5;1651;1530;121;322;144;126;53;15;104;168;441;391;476;247;233;1211;105;41;3;31;65;74;3;260;1273;945;298;28;2;1496;74;20;20;15;1313;54
851090101;52;85;85303;85109;850151;8510901;H;1;749;685;64;281;68;148;65;6;51;109;182;170;216;133;130;527;61;31;4;7;40;29;0;433;264;187;68;9;0;684;29;47;17;4;573;15
851090102;52;85;85303;85109;850151;8510901;H;1;1929;1749;180;600;197;281;121;34;79;140;409;463;792;317;302;1387;122;62;20;38;64;63;0;1075;680;556;102;19;3;1755;65;52;104;39;1483;10
851090103;52;85;85303;85109;850151;8510901;H;1;1093;988;106;286;116;93;78;47;41;92;275;212;417;130;116;729;67;33;8;44;69;41;0;578;412;323;73;17;0;989;45;62;25;14;833;10
851090104;52;85;85303;85109;850161;8510901;H;1;1642;1486;155;442;211;123;109;35;118;185;430;380;479;237;233;1051;122;64;13;50;83;112;0;861;634;480;122;30;1;1488;49;69;38;16;1304;13
851090105;52;85;85303;85109;850161;8510901;H;1;1256;1156;100;323;142;112;68;27;92;189;346;230;361;148;135;810;84;65;10;34;77;80;3;645;517;385;101;30;0;1162;39;34;43;7;1034;4
851090106;52;85;85303;85109;850161;8510901;H;1;1057;971;86;303;102;122;79;15;89;116;246;260;325;160;156;699;100;30;7;23;52;69;3;571;411;319;66;26;0;983;59;13;12;14;868;16
851100000;52;85;85000;85110;ZZZZZZ;8511000;Z;5;351;295;56;119;34;43;42;0;20;30;45;125;145;55;49;219;28;13;2;3;18;18;1;78;224;209;1;14;0;299;25;25;0;35;214;0
851110000;52;85;85000;85111;ZZZZZZ;8511100;Z;5;665;565;100;228;71;88;70;35;55;25;91;212;298;93;83;385;62;24;5;13;44;39;1;119;455;140;6;309;0;620;50;30;20;5;499;15
851120000;52;85;85000;85112;ZZZZZZ;8511200;Z;5;1249;1097;152;424;131;201;92;20;122;124;314;364;357;219;197;803;72;19;8;34;104;65;0;196;910;873;17;20;1;1183;59;10;0;38;1061;15
851130101;52;85;85132;85113;ZZZZZZ;8511301;H;4;1239;1048;191;401;102;181;119;20;207;126;187;408;377;236;212;670;112;3;10;34;116;114;1;1009;50;23;8;17;2;1158;40;111;232;70;680;25
851130102;52;85;85132;85113;ZZZZZZ;8511301;H;4;855;747;108;350;70;178;103;15;76;96;136;292;242;174;149;495;83;1;4;8;87;73;4;706;48;11;13;23;1;746;20;30;100;60;519;15
851140000;52;85;85121;85114;ZZZZZZ;8511400;Z;5;603;497;106;426;43;280;103;5;105;70;115;160;130;120;98;305;55;9;5;10;65;59;2;250;260;239;4;13;4;485;30;20;30;10;375;20
851150000;52;85;85000;85115;ZZZZZZ;8511500;Z;5;292;261;31;74;23;34;17;10;0;20;65;65;120;49;47;197;21;6;3;7;14;14;0;67;195;181;5;9;0;255;5;20;0;5;225;0
851160000;52;85;85000;85116;ZZZZZZ;8511600;Z;5;176;149;27;64;11;34;19;0;15;20;34;59;49;26;22;96;15;2;3;2;17;14;2;23;127;118;5;4;0;137;10;0;0;5;122;0
851170000;52;85;85000;85117;ZZZZZZ;8511700;Z;5;274;240;34;95;23;43;29;5;20;15;65;75;80;49;44;164;20;5;1;1;30;21;1;45;198;189;2;7;0;240;10;5;0;0;225;0
851180000;52;85;85000;85118;ZZZZZZ;8511800;Z;5;1125;1022;103;374;134;161;79;20;60;105;361;332;301;179;166;778;62;19;5;24;83;47;3;154;868;828;26;11;2;1044;50;0;5;5;979;5
851190000;52;85;85000;85119;ZZZZZZ;8511900;Z;5;1186;1099;87;287;114;125;48;85;45;45;330;255;465;191;181;829;71;32;7;30;77;57;2;277;828;634;178;16;0;1155;70;70;35;30;945;5
851200000;52;85;85000;85120;ZZZZZZ;8512000;Z;5;649;569;80;163;55;69;39;26;46;20;184;205;149;100;89;392;53;6;2;15;67;32;3;125;446;423;10;12;0;548;67;20;15;5;441;0
851210000;52;85;85000;85121;ZZZZZZ;8512100;Z;5;483;418;65;146;47;59;40;0;49;58;89;113;233;82;67;273;41;9;6;14;56;24;2;121;304;258;8;37;1;467;39;0;10;10;403;4
851230000;52;85;85000;85123;ZZZZZZ;8512300;Z;5;133;118;15;34;11;15;8;0;10;20;20;50;25;23;20;91;7;1;1;5;10;5;0;12;108;59;2;47;0;100;0;5;0;0;90;5
851250000;52;85;85000;85125;ZZZZZZ;8512500;Z;5;187;171;16;53;11;30;12;20;15;5;20;75;90;39;37;130;12;2;1;2;16;9;0;37;135;110;1;24;0;210;20;35;0;0;155;0
851260000;52;85;85304;85126;ZZZZZZ;8512600;Z;5;634;578;56;172;67;73;32;15;15;60;180;185;150;94;92;446;45;13;5;13;31;26;1;85;495;447;3;43;2;550;20;10;0;10;505;5
851270000;52;85;85000;85127;ZZZZZZ;8512700;Z;5;742;654;88;359;57;196;105;21;82;72;175;221;169;119;104;382;69;17;5;18;109;60;2;265;397;367;7;24;0;693;51;26;15;5;595;0
851280101;52;85;85208;85128;ZZZZZZ;8512801;H;4;845;665;180;385;84;169;132;5;35;80;165;340;250;150;142;503;57;22;20;13;32;33;0;393;287;242;11;34;0;760;30;70;20;15;610;15
851280102;52;85;85208;85128;ZZZZZZ;8512801;H;4;771;639;132;403;121;150;132;10;40;60;115;270;245;152;140;449;76;20;14;15;37;34;1;387;259;227;5;27;0;610;5;55;20;15;505;10
851280103;52;85;85208;85128;ZZZZZZ;8512801;H;4;1201;1013;188;444;147;156;141;5;85;85;255;430;275;200;185;745;97;36;10;34;58;45;3;655;373;314;8;50;1;985;120;125;45;15;655;25
851280104;52;85;85208;85128;ZZZZZZ;8512801;H;4;958;753;205;370;104;122;144;5;80;65;225;265;280;173;154;485;79;19;9;17;74;80;1;443;321;272;4;44;1;755;25;105;20;10;590;5
851290000;52;85;85111;85129;ZZZZZZ;8512900;Z;5;1699;1592;107;424;176;153;94;94;74;114;381;352;564;246;232;1189;116;40;5;48;106;94;1;369;1229;1017;191;21;0;1495;84;54;15;15;1317;10
851300000;52;85;85000;85130;ZZZZZZ;8513000;Z;5;805;702;103;167;39;72;56;35;70;45;185;245;235;122;106;507;51;22;4;24;55;41;0;175;529;509;13;6;1;700;35;30;5;0;630;0
851310000;52;85;85000;85131;ZZZZZZ;8513100;Z;5;736;659;77;225;72;109;43;16;48;16;159;281;196;133;117;497;46;15;3;16;49;37;1;71;593;561;7;23;1;684;21;0;5;5;652;0
851320000;52;85;85000;85132;ZZZZZZ;8513200;Z;5;325;296;29;93;23;41;29;5;20;15;81;91;101;64;58;204;28;8;2;6;23;29;0;67;235;147;2;86;0;283;20;0;5;5;243;10
851330000;52;85;85000;85133;ZZZZZZ;8513300;Z;5;359;308;51;130;28;63;39;10;70;10;85;80;85;61;48;190;24;15;3;6;41;34;2;107;208;144;4;60;0;310;35;10;0;0;260;5
851340000;52;85;85000;85134;ZZZZZZ;8513400;Z;5;129;116;12;20;8;5;6;0;5;26;21;36;36;16;16;86;9;4;1;5;5;5;0;5;111;92;8;10;0;109;5;0;0;0;104;0
851350000;52;85;85103;85135;ZZZZZZ;8513500;Z;5;1112;966;146;440;123;195;122;15;65;91;192;419;373;186;167;731;77;22;4;24;60;61;0;216;763;731;14;16;1;1029;30;30;0;15;938;15
851360000;52;85;85000;85136;ZZZZZZ;8513600;Z;5;49;38;10;13;2;5;7;0;0;0;5;5;33;15;14;20;7;3;0;2;4;4;0;9;29;20;0;9;0;37;0;0;0;0;37;0
851370000;52;85;85000;85137;ZZZZZZ;8513700;Z;5;222;200;22;70;19;33;18;15;20;10;30;55;95;46;40;145;11;3;3;2;23;12;3;41;161;151;1;8;1;205;10;0;5;0;190;0
851380000;52;85;85000;85138;ZZZZZZ;8513800;Z;5;556;502;55;140;42;59;39;19;43;29;106;149;254;80;70;362;37;12;3;11;49;30;0;80;423;412;10;2;0;518;19;24;0;5;470;0
851390000;52;85;85000;85139;ZZZZZZ;8513900;Z;5;181;161;20;62;9;30;22;5;0;10;46;56;35;31;30;114;15;8;2;1;11;10;0;31;130;43;0;87;0;131;5;5;0;0;121;0
851400000;52;85;85000;85140;ZZZZZZ;8514000;Z;5;730;676;54;191;52;97;41;40;20;10;110;195;355;102;96;553;47;6;4;13;31;25;0;195;484;454;7;21;2;721;20;35;5;0;660;0
851410000;52;85;85000;85141;ZZZZZZ;8514100;Z;5;308;271;37;74;28;26;20;60;5;5;75;50;130;47;44;182;17;5;1;4;41;22;0;73;199;155;4;38;1;301;10;45;0;10;236;0
851420000;52;85;85000;85142;ZZZZZZ;8514200;Z;5;536;492;44;106;32;43;30;10;30;45;136;126;237;82;77;383;28;12;1;10;29;28;0;84;408;394;13;1;0;545;10;10;10;10;505;0
851430000;52;85;85000;85143;ZZZZZZ;8514300;Z;5;461;398;63;160;53;58;49;20;45;25;104;140;115;85;83;282;39;9;5;7;35;31;0;100;308;268;4;36;0;385;50;0;0;0;335;0
851440000;52;85;85000;85144;ZZZZZZ;8514400;Z;5;779;737;42;135;55;49;31;0;54;44;152;245;318;95;90;585;38;31;2;22;30;29;0;91;647;588;33;25;0;768;49;24;15;20;655;5
851450000;52;85;85000;85145;ZZZZZZ;8514500;Z;5;494;460;34;113;37;42;35;20;20;5;107;76;234;64;59;339;20;26;2;12;37;22;1;72;388;357;12;17;2;427;25;15;10;10;361;5
851460101;52;85;85302;85146;ZZZZZZ;8514601;H;4;1438;1270;168;477;271;103;104;0;95;195;425;328;415;226;211;907;110;42;8;50;82;74;5;627;650;344;277;26;3;1293;30;60;25;15;1124;40
851460102;52;85;85302;85146;ZZZZZZ;8514601;H;4;897;799;98;350;167;106;78;0;54;149;235;185;270;144;132;613;60;23;8;20;30;48;1;379;424;215;197;11;0;828;25;50;20;20;683;30
851460201;52;85;85302;85146;ZZZZZZ;8514602;H;4;2366;2208;158;545;218;225;102;60;115;203;615;614;780;475;453;1682;145;50;7;96;104;126;2;1108;1104;450;615;36;3;2212;110;41;50;30;1912;69
851460202;52;85;85302;85146;ZZZZZZ;8514602;H;4;1780;1675;105;353;175;125;53;20;119;267;509;406;420;262;245;1347;103;36;4;30;70;84;2;737;939;468;436;34;1;1652;74;30;20;25;1464;40
851460301;52;85;85302;85146;ZZZZZZ;8514603;H;4;2283;2152;131;483;219;186;77;35;114;293;605;456;694;374;356;1692;137;60;6;52;110;102;1;1088;1072;658;387;27;0;2058;50;10;45;30;1859;64
851460302;52;85;85302;85146;ZZZZZZ;8514603;H;4;1424;1317;107;378;178;119;81;45;50;150;325;360;560;223;215;978;85;33;33;55;63;74;1;748;574;356;202;14;2;1415;80;35;25;20;1225;30
851470000;52;85;85000;85147;ZZZZZZ;8514700;Z;5;816;721;95;227;65;115;48;54;20;56;149;167;313;128;112;529;45;25;4;17;63;38;2;145;578;507;12;59;1;699;40;39;5;15;601;0
851480000;52;85;85000;85148;ZZZZZZ;8514800;Z;5;387;347;40;106;40;38;28;20;20;31;76;140;110;73;64;260;28;4;2;3;26;27;0;73;277;234;3;40;0;378;20;5;0;5;348;0
851490000;52;85;85000;85149;ZZZZZZ;8514900;Z;5;195;168;27;59;20;19;20;0;15;0;10;55;70;45;42;115;14;4;3;6;13;13;0;31;137;86;1;50;0;115;5;0;0;0;110;0
851510101;52;85;85202;85151;ZZZZZZ;8515101;H;4;1193;1096;97;370;139;153;79;35;49;79;342;228;382;212;196;859;76;31;2;21;48;58;4;414;685;247;407;31;1;1042;30;25;20;15;942;10
851510102;52;85;85202;85151;ZZZZZZ;8515101;H;4;1638;1483;155;526;176;169;180;40;99;129;451;426;491;274;258;1089;131;57;7;35;83;89;4;569;926;337;541;46;2;1523;94;30;25;25;1339;10
851520000;52;85;85125;85152;ZZZZZZ;8515200;Z;5;2447;2158;290;604;208;216;180;71;152;152;643;850;663;358;336;1676;154;56;19;36;137;89;4;767;1403;1344;26;30;3;2227;86;66;15;40;2005;15
851530000;52;85;85000;85153;ZZZZZZ;8515300;Z;5;1426;1331;95;344;134;132;78;130;55;110;310;245;540;218;203;968;99;46;3;24;95;97;1;331;1002;944;30;27;1;1310;95;40;15;10;1145;5
851540000;52;85;85000;85154;ZZZZZZ;8515400;Z;5;861;769;92;217;58;106;53;29;54;43;175;184;381;123;111;542;57;17;5;42;53;52;2;325;447;419;9;15;3;780;40;64;25;4;622;25
851550000;52;85;85127;85155;ZZZZZZ;8515500;Z;5;2295;2131;164;780;267;366;147;46;121;389;631;599;451;312;295;1719;129;33;5;43;93;110;1;391;1743;1630;78;31;3;2096;106;30;25;10;1863;61
851560000;52;85;85000;85156;ZZZZZZ;8515600;Z;5;879;766;113;296;95;123;78;10;15;80;190;321;225;147;137;568;69;18;5;19;51;39;1;244;526;496;9;19;2;712;40;40;20;5;592;15
851570000;52;85;85000;85157;ZZZZZZ;8515700;Z;5;341;310;31;83;17;37;29;20;20;40;70;95;135;38;35;213;23;9;5;7;28;25;0;64;246;235;5;6;0;350;20;15;0;20;290;5
851580000;52;85;85000;85158;ZZZZZZ;8515800;Z;5;552;495;58;159;42;76;42;35;71;10;96;172;213;88;75;343;42;18;3;11;47;39;1;102;400;370;3;27;0;552;20;10;0;5;507;10
851590000;52;85;85000;85159;ZZZZZZ;8515900;Z;5;1026;901;126;322;92;129;101;15;85;65;180;289;345;177;163;647;81;24;11;12;69;60;4;252;655;594;6;56;0;864;80;10;25;20;729;0
851600000;52;85;85000;85160;ZZZZZZ;8516000;Z;5;1398;1277;121;377;151;150;76;20;105;165;440;350;355;264;249;959;106;26;12;32;68;74;2;203;1076;1028;19;28;1;1285;60;10;10;25;1175;5
851610000;52;85;85000;85161;ZZZZZZ;8516100;Z;5;1189;1062;127;300;108;116;76;30;86;96;252;383;358;172;165;813;79;19;8;21;69;53;2;233;831;808;7;16;0;1063;65;25;0;5;968;0
851620000;52;85;85000;85162;ZZZZZZ;8516200;Z;5;985;903;83;257;125;80;52;30;55;55;242;348;314;170;160;665;68;22;7;13;69;58;2;201;703;433;5;261;4;938;40;10;10;15;832;30
851630101;52;85;85131;85163;ZZZZZZ;8516301;H;4;575;490;86;250;36;129;85;24;89;49;60;164;115;77;65;260;66;0;2;9;65;87;5;379;114;87;17;10;0;422;5;31;10;5;371;0
851630102;52;85;85131;85163;ZZZZZZ;8516301;H;4;1225;1061;164;438;78;240;120;74;174;65;186;304;333;228;176;605;133;0;8;27;140;165;5;835;249;204;25;17;3;1016;90;85;126;20;686;10
851640000;52;85;85301;85164;ZZZZZZ;8516400;Z;5;723;614;109;357;72;196;89;5;108;54;142;211;186;114;96;396;57;9;3;20;74;61;2;260;361;311;27;22;1;594;59;20;15;0;481;20
851670000;52;85;85304;85167;ZZZZZZ;8516700;Z;5;380;355;25;125;41;58;26;10;40;25;120;110;80;71;62;283;22;9;1;2;18;26;0;41;320;273;5;41;1;370;15;10;0;0;345;0
851690000;52;85;85000;85169;ZZZZZZ;8516900;Z;5;518;439;79;131;43;56;31;10;51;20;107;142;162;95;86;314;41;16;4;11;30;25;1;86;357;301;49;7;0;442;20;15;0;0;406;0
851710000;52;85;85000;85171;ZZZZZZ;8517100;Z;5;286;260;26;87;34;33;20;15;25;25;50;110;80;51;47;208;15;3;1;6;16;13;1;32;231;226;1;4;0;281;10;10;0;0;261;0
851720000;52;85;85000;85172;ZZZZZZ;8517200;Z;5;930;822;108;278;77;138;63;10;80;55;140;330;320;154;136;561;61;21;5;28;79;70;1;202;624;583;30;11;0;830;60;5;10;25;725;5
851740000;52;85;85000;85174;ZZZZZZ;8517400;Z;5;348;314;35;90;24;35;32;5;15;15;67;98;139;59;53;234;28;9;2;8;28;11;0;51;269;246;4;20;0;309;5;0;0;0;303;0
851750000;52;85;85000;85175;ZZZZZZ;8517500;Z;5;312;287;25;70;19;32;19;25;30;25;90;75;80;49;46;212;17;10;3;4;23;19;0;47;241;235;2;4;0;285;25;10;0;0;250;0
851760000;52;85;85304;85176;ZZZZZZ;8517600;Z;5;461;433;28;130;46;56;28;0;39;69;59;79;148;85;80;317;31;11;2;4;31;39;0;39;394;345;3;46;0;370;20;5;0;5;330;10
851770000;52;85;85000;85177;ZZZZZZ;8517700;Z;5;610;503;107;192;53;78;61;25;30;25;60;180;216;102;91;355;54;17;10;4;37;26;1;98;406;339;2;64;0;446;30;10;10;10;375;10
851780000;52;85;85205;85178;ZZZZZZ;8517800;Z;5;4136;3787;349;1191;473;451;267;75;301;480;1242;1077;1024;611;569;2928;239;88;38;74;205;225;8;1073;2733;2538;150;45;0;3807;165;81;25;45;3450;40
851790000;52;85;85000;85179;ZZZZZZ;8517900;Z;5;495;440;55;148;43;62;43;10;61;31;112;132;147;66;58;300;34;6;5;9;52;33;1;69;371;355;9;5;1;446;25;5;0;0;411;5
851810000;52;85;85000;85181;ZZZZZZ;8518100;Z;5;285;253;32;85;29;32;24;20;29;29;15;73;93;48;43;174;24;8;1;6;31;11;0;41;214;196;3;14;1;244;20;5;5;0;215;0
851820101;52;85;85201;85182;ZZZZZZ;8518201;H;4;1135;1025;110;437;145;144;148;15;65;140;314;194;390;176;165;777;91;14;10;30;46;69;3;574;466;370;37;57;2;1071;50;55;5;5;956;0
851820102;52;85;85201;85182;ZZZZZZ;8518201;H;4;1351;1200;151;398;126;175;97;25;64;85;369;334;531;205;193;940;83;31;14;22;64;55;3;710;502;412;31;58;1;1319;90;85;15;20;1109;0
851840000;52;85;85000;85184;ZZZZZZ;8518400;Z;5;142;121;21;41;12;17;12;5;0;5;35;40;55;19;16;87;9;1;1;2;12;10;1;23;100;78;0;22;0;130;5;10;0;0;110;5
851850000;52;85;85000;85185;ZZZZZZ;8518500;Z;5;294;266;28;98;38;33;27;15;30;20;20;85;90;43;42;188;22;12;4;3;17;19;2;58;209;92;0;117;0;245;20;5;5;0;215;0
851860000;52;85;85000;85186;ZZZZZZ;8518600;Z;5;499;465;34;98;44;38;16;5;45;25;120;110;125;78;76;359;28;14;4;14;28;20;0;113;354;326;18;10;0;410;20;10;0;10;370;0
851870000;52;85;85000;85187;ZZZZZZ;8518700;Z;5;414;382;32;115;43;54;18;31;38;21;78;96;134;54;50;269;34;4;0;12;42;20;1;96;287;267;4;16;0;355;32;0;11;0;312;0
851880000;52;85;85000;85188;ZZZZZZ;8518800;Z;5;519;464;55;136;33;75;28;5;20;30;70;159;219;86;76;336;32;15;4;8;43;26;2;87;379;362;5;12;0;458;30;0;0;10;418;0
851890000;52;85;85401;85189;ZZZZZZ;8518900;Z;5;990;877;113;255;88;94;72;15;89;104;184;293;308;143;128;643;74;25;3;21;55;62;0;121;761;714;32;16;0;893;15;20;10;35;789;25
851900000;52;85;85106;85190;ZZZZZZ;8519000;Z;5;1612;1485;127;363;142;149;71;40;96;126;458;393;499;266;251;1165;99;34;6;23;83;80;3;421;1071;494;562;15;0;1510;121;60;20;5;1299;5
851910101;52;85;85501;85191;850651;8519101;H;1;890;733;157;525;324;51;150;0;51;204;234;229;145;141;129;487;68;20;3;33;48;90;0;507;242;186;33;23;0;747;12;173;48;0;446;69
851910102;52;85;85501;85191;850651;8519101;H;1;897;698;199;513;333;80;100;1;36;139;240;264;197;136;107;473;83;25;5;22;74;21;0;436;267;204;37;24;3;703;40;81;28;6;483;65
851910103;52;85;85501;85191;850651;8519101;H;1;934;740;195;452;246;48;157;3;17;173;257;254;209;172;163;497;104;20;18;40;36;37;3;567;188;140;23;25;0;756;7;133;19;12;539;45
851910201;52;85;85501;85191;850661;8519102;H;1;1259;1079;180;491;244;117;130;0;78;306;354;294;210;212;199;769;106;17;6;48;65;77;6;773;322;227;49;40;6;1095;39;197;67;17;704;71
851910301;52;85;85501;85191;850671;8519103;H;1;570;472;98;237;132;45;60;0;8;60;176;158;157;112;106;363;61;14;9;7;17;6;0;349;127;108;11;6;3;469;8;25;29;3;384;20
851910302;52;85;85501;85191;850661;8519103;H;1;1140;900;240;811;545;66;200;0;15;130;298;355;298;188;160;614;95;38;10;95;25;37;3;621;296;250;30;13;3;910;39;114;27;11;676;42
851910303;52;85;85501;85191;850661;8519103;H;1;853;647;206;336;154;104;78;0;15;90;172;285;272;156;148;459;93;35;15;22;19;9;0;458;195;177;18;0;0;653;22;22;28;7;517;58
851910304;52;85;85501;85191;850671;8519103;H;1;1237;822;415;638;222;104;312;3;23;29;134;401;552;291;291;531;162;79;26;23;9;5;1;579;257;221;7;29;0;836;6;89;7;13;623;97
851910305;52;85;85501;85191;850671;8519103;A;3;146;131;15;185;153;1;32;1;20;19;35;33;48;52;40;69;27;3;0;4;10;15;3;85;46;26;20;0;0;141;12;0;9;5;112;3
851910402;52;85;85501;85191;850681;8519104;H;1;1307;1171;135;604;282;217;105;0;52;220;420;354;249;225;208;887;115;19;3;35;85;52;0;893;302;258;29;15;0;1196;62;57;63;9;942;63
851910403;52;85;85501;85191;850681;8519104;A;3;42;39;3;31;3;15;13;0;0;9;18;3;11;9;9;28;3;3;0;0;6;0;0;36;3;3;0;0;0;37;5;3;0;0;29;0
851910404;52;85;85501;85191;850681;8519104;H;2;1869;1658;211;617;292;174;151;0;91;230;613;496;403;360;325;1205;161;36;13;96;100;64;7;1171;509;431;48;29;0;1673;36;81;42;30;1418;67
851910501;52;85;85501;85191;850691;8519105;H;1;1183;885;298;364;138;99;127;0;30;199;299;335;277;202;187;652;101;30;1;45;40;26;3;639;259;209;25;26;0;898;14;97;52;15;651;69
851910502;52;85;85501;85191;850691;8519105;H;1;1010;740;270;435;193;58;183;0;45;95;211;270;344;168;158;516;128;26;9;14;26;22;3;485;259;219;23;14;3;743;3;72;40;9;552;67
851910601;52;85;85501;85191;850691;8519106;H;1;781;665;116;443;148;183;113;0;38;88;215;255;191;158;150;520;47;22;14;12;35;20;1;499;172;159;11;3;0;685;20;31;31;17;551;35
851910602;52;85;85501;85191;850701;8519106;A;3;383;350;34;282;35;83;164;0;38;58;113;108;61;67;51;271;8;4;1;14;32;18;3;239;111;98;11;3;0;348;8;24;4;7;299;6
851910701;52;85;85501;85191;850701;8519107;H;1;1336;1185;151;473;202;141;131;0;50;119;333;432;387;222;204;983;87;32;12;32;30;34;0;884;325;260;35;27;3;1209;31;25;26;17;1049;60
851910702;52;85;85501;85191;850701;8519107;A;3;71;63;8;9;0;6;3;0;3;3;9;28;26;11;11;43;6;0;0;2;9;3;0;47;16;16;0;0;0;63;12;15;0;5;31;0
851910801;52;85;85501;85191;850711;8519108;H;1;1653;1444;208;633;274;210;149;12;115;244;472;433;348;314;292;1073;129;38;19;18;84;92;0;1013;440;363;55;22;0;1444;48;73;48;19;1192;63
851910802;52;85;85501;85191;850711;8519108;H;1;2068;1770;298;600;255;167;178;0;95;351;612;585;411;333;295;1229;227;56;22;94;91;65;0;1240;545;464;68;6;6;1812;98;245;60;29;1284;96
851910901;52;85;85501;85191;850711;8519109;H;1;2319;1981;338;679;298;189;193;9;90;277;593;724;586;400;365;1525;204;93;14;38;77;62;0;1397;616;538;56;23;0;2014;38;63;49;17;1736;110
851911002;52;85;85501;85191;850701;8519110;A;3;30;27;3;9;6;0;3;9;0;9;3;0;9;3;3;15;0;0;0;0;9;3;0;24;3;3;0;0;0;27;12;0;0;3;12;0
851911003;52;85;85501;85191;850701;8519110;H;2;1402;1265;137;322;157;92;72;27;88;198;393;402;280;218;204;937;92;28;0;50;103;70;3;871;413;342;48;23;0;1277;48;18;40;12;1113;46
851911004;52;85;85501;85191;850701;8519110;H;2;1111;970;141;513;309;112;92;6;64;231;333;286;174;212;188;728;70;30;8;16;55;68;0;701;272;227;21;24;0;964;22;73;30;22;777;40
851920000;52;85;85000;85192;ZZZZZZ;8519200;Z;5;465;429;36;111;32;59;20;10;20;10;101;90;197;80;75;343;24;11;4;7;21;23;0;84;349;330;12;6;0;408;5;0;0;0;403;0
851930000;52;85;85000;85193;ZZZZZZ;8519300;Z;5;284;253;31;64;28;19;17;5;21;15;66;87;72;55;51;177;20;4;0;5;25;21;1;63;190;181;4;5;0;222;11;10;0;5;191;5
851940101;52;85;85403;85194;850481;8519401;H;1;410;337;73;267;78;91;99;3;49;69;113;126;51;65;56;187;48;6;9;6;53;46;0;277;77;44;22;12;0;355;23;101;21;6;183;21
851940102;52;85;85403;85194;850481;8519401;H;1;515;416;99;272;59;141;73;0;63;121;134;136;60;73;46;231;46;6;0;6;61;69;3;285;138;102;15;21;0;422;19;29;10;3;355;6
851940103;52;85;85403;85194;850481;8519401;H;1;672;577;95;294;77;138;79;1;58;110;155;209;142;110;92;404;53;18;0;6;69;41;0;391;200;171;20;9;0;601;31;39;54;18;434;25
851940104;52;85;85403;85194;850491;8519401;H;1;1130;912;218;520;121;238;161;3;108;160;265;367;213;249;206;612;75;30;6;39;98;86;3;684;266;214;12;40;0;945;26;125;72;32;596;94
851940105;52;85;85403;85194;850491;8519401;H;1;553;477;77;302;66;178;57;4;56;111;127;158;96;119;97;293;49;1;0;10;67;69;0;342;146;99;27;11;9;488;31;25;33;11;373;15
851940106;52;85;85403;85194;850491;8519401;H;1;709;566;143;352;53;182;117;3;97;81;170;222;134;127;101;365;74;3;3;6;83;59;1;464;128;98;15;10;6;593;48;50;35;11;421;28
851940201;52;85;85403;85194;850721;8519402;H;1;1862;1512;350;841;314;266;262;1;193;204;420;612;391;312;286;1079;130;38;25;18;134;110;0;1142;392;329;29;35;0;1524;40;55;90;30;1285;25
851940203;52;85;85403;85194;850721;8519402;H;1;1906;1684;222;690;202;319;169;36;232;283;398;564;366;297;266;1144;110;19;18;22;177;203;4;1314;383;310;26;45;1;1697;90;29;21;38;1497;22
851940204;52;85;85403;85194;850721;8519402;H;3;1058;916;141;395;157;150;88;5;104;98;251;380;205;161;136;691;61;3;2;13;96;56;3;682;243;190;15;34;4;924;56;12;28;36;758;34
851940205;52;85;85403;85194;850721;8519402;H;3;1447;1282;165;477;161;207;109;3;133;136;313;493;365;220;212;945;96;28;3;37;67;116;0;938;353;317;18;18;0;1301;72;30;29;44;1091;35
851940301;52;85;85403;85194;850721;8519403;H;1;1620;1404;216;428;139;174;115;7;135;154;372;583;357;294;269;1005;143;14;6;34;111;101;0;1041;373;325;24;21;3;1414;34;27;40;19;1282;12
851940302;52;85;85403;85194;850721;8519403;H;1;1246;1082;165;441;107;205;128;3;115;140;315;369;297;207;189;769;92;16;4;31;106;88;0;753;353;301;21;28;3;1105;29;15;22;30;968;41
851940303;52;85;85403;85194;850721;8519403;H;1;1025;843;182;431;125;205;101;3;88;138;236;343;209;188;160;598;91;13;4;18;87;52;0;654;208;166;14;26;2;863;26;25;36;25;741;9
851940304;52;85;85403;85194;850721;8519403;H;1;523;405;118;262;34;155;73;0;72;78;118;160;89;96;71;264;25;4;1;13;43;57;3;309;101;74;12;14;1;410;15;14;13;16;343;10
851940305;52;85;85403;85194;850721;8519403;H;1;937;829;108;409;107;188;115;11;135;181;226;221;168;190;163;505;61;3;12;18;106;152;0;575;281;230;33;14;3;865;62;15;9;24;744;12
851960000;52;85;85000;85196;ZZZZZZ;8519600;Z;5;961;903;58;187;68;77;42;40;20;80;220;210;365;133;122;713;43;38;3;21;44;41;2;169;736;696;29;11;0;880;35;15;15;25;790;0
851970000;52;85;85000;85197;ZZZZZZ;8519700;Z;5;1953;1810;144;343;125;147;71;108;62;133;462;534;688;336;316;1406;119;43;5;34;124;82;0;400;1414;990;400;25;0;1869;98;51;21;31;1643;26
851980000;52;85;85000;85198;ZZZZZZ;8519800;Z;5;700;661;38;165;59;80;25;30;55;55;171;176;226;106;102;495;56;21;3;22;33;31;0;88;573;344;210;19;0;678;45;15;0;5;612;0
851990000;52;85;85000;85199;ZZZZZZ;8519900;Z;5;267;224;43;53;20;21;12;0;10;15;20;100;160;43;42;157;24;13;3;3;18;5;2;44;181;168;4;8;1;270;20;0;0;5;245;0
852000000;52;85;85000;85200;ZZZZZZ;8520000;Z;5;502;448;54;137;40;62;35;20;59;10;108;133;99;63;56;317;32;11;0;11;48;30;1;59;390;375;2;12;1;385;15;0;0;0;370;0
852010000;52;85;85000;85201;ZZZZZZ;8520100;Z;5;176;153;23;68;19;36;13;0;10;24;19;68;10;30;29;112;11;4;0;6;12;12;0;23;132;122;5;6;0;131;19;0;0;0;97;15
852020000;52;85;85000;85202;ZZZZZZ;8520200;Z;5;775;693;82;215;84;83;48;65;61;45;121;172;303;121;110;515;51;16;4;11;57;44;2;177;522;497;14;11;0;717;56;30;5;20;601;5
852040000;52;85;85000;85204;ZZZZZZ;8520400;Z;5;1263;1124;138;286;126;94;65;30;69;104;316;272;400;178;168;838;77;33;0;30;85;63;2;234;893;783;100;10;0;1112;59;20;0;20;1008;5
852050000;52;85;85000;85205;ZZZZZZ;8520500;Z;5;249;217;31;73;17;31;24;35;5;10;35;91;86;53;50;144;30;8;0;4;21;12;1;41;179;170;1;7;1;248;15;0;0;10;223;0
852060000;52;85;85000;85206;ZZZZZZ;8520600;Z;5;132;107;25;86;18;44;24;0;16;15;20;35;57;34;28;67;13;2;5;1;18;5;2;27;86;83;1;1;1;123;16;0;0;0;107;0
852070000;52;85;85000;85207;ZZZZZZ;8520700;Z;5;144;121;23;59;9;35;15;5;5;5;40;70;45;28;23;83;14;0;2;0;17;6;1;23;100;95;0;5;0;150;15;15;0;5;115;0
852080000;52;85;85000;85208;ZZZZZZ;8520800;Z;5;1163;1068;96;254;110;85;59;75;45;129;259;269;349;202;187;778;74;30;8;32;71;82;0;280;794;729;54;10;1;1046;85;30;10;5;897;20
852090000;52;85;85000;85209;ZZZZZZ;8520900;Z;5;294;251;43;69;23;30;16;15;20;15;26;107;141;53;51;167;22;15;4;4;23;16;0;51;201;179;9;13;0;288;15;5;0;0;263;5
852100000;52;85;85000;85210;ZZZZZZ;8521000;Z;5;980;860;120;242;62;101;79;45;80;35;210;220;370;155;140;611;64;37;19;15;79;34;3;194;668;490;158;20;0;855;35;20;5;35;755;5
852110000;52;85;85000;85211;ZZZZZZ;8521100;Z;5;1216;1122;94;255;102;111;42;39;74;74;241;344;417;180;166;856;78;28;6;27;76;59;2;165;965;936;18;11;0;1100;54;5;10;20;997;15
852130000;52;85;85000;85213;ZZZZZZ;8521300;Z;5;1940;1805;135;577;169;260;149;55;124;134;443;622;632;342;325;1351;140;52;8;44;119;99;5;324;1494;1438;20;35;2;1880;75;35;15;15;1721;20
852140000;52;85;85000;85214;ZZZZZZ;8521400;Z;5;1196;1102;94;259;88;110;61;24;115;72;249;426;340;195;179;817;76;24;2;27;79;83;2;120;990;955;12;22;1;1124;38;5;5;14;1048;14
852150000;52;85;85116;85215;ZZZZZZ;8521500;Z;5;1861;1741;121;454;197;175;81;69;84;129;430;367;753;264;256;1311;122;67;7;72;86;76;1;608;1135;1029;87;18;0;1714;79;79;25;30;1491;10
852160000;52;85;85000;85216;ZZZZZZ;8521600;Z;5;980;901;79;281;127;104;50;50;60;70;245;305;225;166;159;668;77;24;7;15;46;63;4;243;661;605;8;47;1;900;75;30;5;10;780;0
852180000;52;85;85000;85218;ZZZZZZ;8521800;Z;5;818;753;65;241;80;108;53;10;50;55;235;205;305;130;125;576;45;25;6;16;51;35;1;122;633;609;14;9;1;795;35;10;0;5;745;0
852200000;52;85;85000;85220;ZZZZZZ;8522000;Z;5;731;684;48;233;67;83;83;39;5;44;165;136;311;103;93;519;45;28;2;17;37;34;4;99;587;564;14;9;0;662;19;15;10;15;603;0
852210000;52;85;85000;85221;ZZZZZZ;8522100;Z;5;1204;1061;143;373;121;164;88;85;130;70;205;325;420;178;155;714;84;31;8;27;114;90;3;232;839;721;100;18;0;1120;40;35;15;15;1010;5
852220101;52;85;85401;85222;ZZZZZZ;8522201;H;4;522;425;97;236;41;97;98;0;24;73;108;191;83;102;87;263;43;21;5;22;39;40;1;223;211;191;11;8;1;416;0;88;29;10;279;10
852220102;52;85;85401;85222;ZZZZZZ;8522201;H;4;543;455;87;226;32;134;60;0;44;93;152;127;113;90;71;299;45;9;2;5;63;48;0;206;264;226;23;13;3;470;0;34;20;15;382;20
852220103;52;85;85401;85222;ZZZZZZ;8522201;H;4;1390;1222;167;505;112;282;112;0;93;225;387;402;256;217;185;851;86;19;4;76;126;73;1;567;670;587;47;36;0;1176;44;44;81;17;961;29
852230000;52;85;85000;85223;ZZZZZZ;8522300;Z;5;1295;1107;188;380;121;152;108;25;91;107;223;380;391;202;188;811;90;27;17;18;82;69;1;493;623;565;14;42;2;1060;71;10;15;0;948;15
852260101;52;85;85401;85226;ZZZZZZ;8522601;H;Z;1207;1013;194;676;123;403;151;12;86;100;250;401;346;148;130;724;87;25;1;31;76;72;0;319;698;645;38;13;3;1017;37;15;14;24;907;19
852260102;52;85;85401;85226;ZZZZZZ;8522601;H;Z;964;796;168;511;86;304;122;13;82;115;234;295;219;156;126;575;60;18;2;12;66;62;6;309;492;440;26;23;4;800;36;3;30;16;696;20
852260103;52;85;85401;85226;ZZZZZZ;8522601;H;Z;1660;1446;214;579;147;265;167;65;191;106;331;524;432;253;217;984;107;28;14;31;134;171;0;536;935;866;43;25;1;1470;98;26;19;28;1283;16
852270000;52;85;85000;85227;ZZZZZZ;8522700;Z;5;826;748;78;269;96;99;73;41;30;71;193;274;284;132;124;527;71;21;8;18;68;39;1;168;586;364;3;217;1;792;61;25;10;15;680;0
852290000;52;85;85000;85229;ZZZZZZ;8522900;Z;5;225;207;18;90;25;45;20;25;20;5;60;55;70;47;39;136;15;7;1;4;32;14;1;82;128;96;2;29;1;215;20;25;0;5;165;0
852310000;52;85;85000;85231;ZZZZZZ;8523100;Z;5;305;260;46;113;32;60;21;10;25;31;20;97;132;49;42;172;30;8;1;3;37;14;0;20;244;235;0;9;0;285;5;5;0;0;275;0
852320000;52;85;85000;85232;ZZZZZZ;8523200;Z;5;549;498;51;121;40;42;38;34;10;34;113;108;236;91;85;362;47;17;0;14;38;23;0;68;432;417;8;8;0;491;10;10;0;10;462;0
852330000;52;85;85000;85233;ZZZZZZ;8523300;Z;5;311;283;28;67;23;22;21;20;25;5;80;70;109;51;46;201;23;6;5;4;19;23;3;63;221;209;3;9;0;293;20;20;0;5;248;0
852340101;52;85;85301;85234;ZZZZZZ;8523401;H;4;1360;1054;306;649;127;363;158;0;265;110;281;454;356;210;173;682;90;13;12;19;135;122;3;704;372;306;42;22;2;1191;100;85;75;25;891;15
852340102;52;85;85301;85234;ZZZZZZ;8523401;H;4;1894;1579;316;695;202;336;157;69;323;124;388;566;413;276;235;1043;105;16;10;27;181;200;9;961;631;538;63;29;1;1668;90;55;74;25;1415;10
852350000;52;85;85000;85235;ZZZZZZ;8523500;Z;5;176;155;21;68;18;23;26;20;10;20;35;61;66;37;31;98;12;4;3;4;21;12;0;43;111;103;5;2;1;182;15;0;0;5;162;0
852360000;52;85;85000;85236;ZZZZZZ;8523600;Z;5;811;734;77;209;53;94;62;10;68;53;160;237;280;109;96;538;44;26;1;19;57;54;1;135;604;574;15;15;0;759;34;15;10;19;682;0
852370000;52;85;85000;85237;ZZZZZZ;8523700;Z;5;156;142;15;58;16;23;19;10;30;5;20;28;67;32;28;85;12;4;2;4;18;14;3;43;100;95;0;5;0;146;14;0;0;0;126;5
852380000;52;85;85117;85238;ZZZZZZ;8523800;Z;5;1522;1389;133;522;264;161;97;15;145;230;375;345;375;229;210;1063;99;31;8;21;85;88;3;478;920;403;449;67;1;1385;110;55;5;20;1195;0
852390000;52;85;85000;85239;ZZZZZZ;8523900;Z;5;536;477;59;117;35;57;25;29;19;24;83;180;218;80;69;355;33;9;4;13;39;31;0;49;435;419;11;4;1;485;15;15;15;0;442;0
852400000;52;85;85000;85240;ZZZZZZ;8524000;Z;5;817;756;61;201;92;74;35;30;45;60;284;165;275;150;141;583;39;19;6;15;51;49;0;164;597;405;167;24;2;764;40;25;15;10;674;0
852420000;52;85;85000;85242;ZZZZZZ;8524200;Z;5;509;464;45;106;32;57;17;41;15;46;82;82;194;62;60;343;45;8;2;12;29;27;0;63;402;359;36;7;0;414;26;5;0;5;373;5
852430000;52;85;85203;85243;ZZZZZZ;8524300;Z;5;973;825;149;371;83;203;84;10;103;34;274;313;249;160;138;560;89;24;4;13;89;54;1;176;658;626;12;21;0;836;39;5;5;10;763;15
852440000;52;85;85000;85244;ZZZZZZ;8524400;Z;5;412;363;49;129;44;55;30;5;5;20;75;160;145;73;68;273;21;8;5;16;22;16;2;72;291;242;0;49;0;350;25;5;5;0;315;0
852450000;52;85;85000;85245;ZZZZZZ;8524500;Z;5;86;76;11;30;7;17;7;5;15;10;15;20;25;16;11;45;6;3;0;4;12;6;0;14;62;60;1;1;0;74;10;0;0;0;64;0
852460000;52;85;85000;85246;ZZZZZZ;8524600;Z;5;1172;1092;80;245;80;115;50;43;53;72;229;258;502;165;158;821;78;33;5;34;56;67;1;250;846;814;17;13;1;1090;29;38;14;14;980;14
852470000;52;85;85000;85247;ZZZZZZ;8524700;Z;5;549;527;23;128;48;53;27;49;15;59;94;109;232;75;71;406;38;12;2;13;35;23;0;77;451;346;95;10;0;553;40;10;0;5;499;0
852480000;52;85;85000;85248;ZZZZZZ;8524800;Z;5;196;175;21;50;8;26;16;30;20;5;39;39;63;47;43;122;8;2;1;5;21;20;0;49;129;115;6;8;0;186;20;15;0;5;146;0
852500000;52;85;85000;85250;ZZZZZZ;8525000;Z;5;1123;1044;79;287;111;124;52;30;104;69;173;430;331;167;150;761;64;31;6;28;104;53;3;125;925;898;13;13;2;1054;25;15;10;30;975;0
852510000;52;85;85000;85251;ZZZZZZ;8525100;Z;5;312;276;36;68;15;31;22;60;15;15;60;75;120;47;43;185;20;2;4;2;33;34;0;75;205;173;1;31;0;315;35;30;5;5;235;5
852520000;52;85;85000;85252;ZZZZZZ;8525200;Z;5;282;256;26;68;17;34;18;15;5;0;78;75;74;48;48;178;29;5;6;5;19;15;0;50;207;191;4;12;0;242;10;10;0;0;221;0
852540000;52;85;85000;85254;ZZZZZZ;8525400;Z;5;801;719;83;247;82;114;50;25;35;45;171;191;348;122;105;525;59;13;8;13;62;36;4;204;517;337;18;162;0;730;50;36;10;5;629;0
852550000;52;85;85000;85255;ZZZZZZ;8525500;Z;5;794;652;142;418;76;241;100;55;74;49;169;306;207;147;129;423;58;8;11;17;83;56;5;272;388;351;6;31;0;719;60;45;20;10;584;0
852560000;52;85;85000;85256;ZZZZZZ;8525600;Z;5;554;501;53;187;53;93;41;30;30;40;145;105;160;103;91;378;42;9;3;7;39;29;2;89;420;356;1;62;1;470;20;20;5;20;400;5
852590000;52;85;85000;85259;ZZZZZZ;8525900;Z;5;731;684;47;152;63;66;22;20;55;75;188;135;269;116;107;534;35;16;6;18;41;32;3;134;551;514;29;8;0;707;45;10;10;0;641;0
852600000;52;85;85000;85260;ZZZZZZ;8526000;Z;5;394;347;47;100;39;42;19;5;25;10;85;115;170;54;46;256;28;14;0;5;27;21;0;57;294;270;20;4;0;345;10;5;0;0;330;0
852610000;52;85;85000;85261;ZZZZZZ;8526100;Z;5;136;116;19;30;11;11;7;0;14;5;14;55;51;18;15;74;13;4;0;2;13;11;0;18;98;94;1;3;0;116;5;5;0;5;102;0
852620000;52;85;85000;85262;ZZZZZZ;8526200;Z;5;1732;1631;101;368;153;134;81;74;74;148;424;404;557;248;231;1248;119;36;6;43;110;74;2;387;1252;313;922;16;2;1632;94;89;25;10;1405;10
852640000;52;85;85000;85264;ZZZZZZ;8526400;Z;5;530;483;47;198;42;58;98;25;30;20;135;90;245;84;80;316;48;19;0;19;46;37;1;146;340;248;10;81;0;526;45;15;0;15;446;5
852650000;52;85;85000;85265;ZZZZZZ;8526500;Z;5;455;401;55;137;47;57;33;44;35;25;79;108;173;81;76;270;37;6;4;9;47;30;1;95;309;246;1;61;1;410;35;10;5;5;346;10
852660000;52;85;85000;85266;ZZZZZZ;8526600;Z;5;810;736;74;166;41;85;40;30;35;55;135;190;340;116;110;547;56;30;3;25;46;30;1;168;570;542;14;14;0;700;25;30;5;15;625;0
852670000;52;85;85000;85267;ZZZZZZ;8526700;Z;5;469;419;50;106;26;43;36;20;29;20;132;162;113;72;68;276;40;17;5;7;51;28;0;54;370;173;4;193;0;422;10;10;10;0;392;0
852680000;52;85;85000;85268;ZZZZZZ;8526800;Z;5;704;609;95;169;46;82;40;15;70;35;100;195;236;124;111;429;49;14;7;21;59;31;3;95;518;510;4;3;1;582;35;5;10;0;532;0
852690000;52;85;85000;85269;ZZZZZZ;8526900;Z;5;171;145;25;47;15;16;16;5;34;34;44;29;29;26;23;101;11;4;0;3;20;7;0;16;130;57;0;73;0;145;0;0;0;0;141;5
852710000;52;85;85000;85271;ZZZZZZ;8527100;Z;5;188;174;14;53;21;20;12;20;5;0;25;35;134;25;22;127;9;4;1;3;17;14;0;31;144;137;2;5;0;203;10;20;0;10;163;0
852730000;52;85;85000;85273;ZZZZZZ;8527300;Z;5;902;806;96;224;76;81;66;29;34;44;121;227;435;113;95;585;59;15;4;17;80;45;3;114;696;636;52;7;1;808;48;24;5;24;701;5
852740000;52;85;85000;85274;ZZZZZZ;8527400;Z;5;226;200;26;72;22;31;19;15;35;0;20;50;100;35;28;133;13;7;2;2;26;19;0;48;154;140;1;10;3;200;20;0;0;0;180;0
852760000;52;85;85000;85276;ZZZZZZ;8527600;Z;5;404;358;46;103;30;42;31;5;25;10;66;86;211;54;51;270;29;18;3;7;18;15;0;61;300;285;9;5;0;373;30;5;5;10;317;5
852770000;52;85;85000;85277;ZZZZZZ;8527700;Z;5;709;624;85;183;61;72;49;61;61;51;143;235;168;112;104;424;49;6;6;15;88;42;1;158;473;453;10;10;0;658;51;25;0;5;571;5
852780000;52;85;85121;85278;ZZZZZZ;8527800;Z;5;401;328;73;202;39;121;42;20;40;15;85;120;100;59;45;191;25;7;1;13;60;34;0;111;220;208;7;3;2;285;10;5;5;0;265;0
852800000;52;85;85402;85280;ZZZZZZ;8528000;Z;5;1414;1275;140;396;129;172;95;59;99;109;322;347;391;231;205;875;102;38;7;22;125;114;6;243;1045;929;99;14;3;1223;45;15;10;25;1119;10
852810000;52;85;85000;85281;ZZZZZZ;8528100;Z;5;465;422;43;112;38;45;29;10;35;40;90;115;176;73;66;326;27;9;0;10;32;20;0;48;376;346;5;24;1;411;10;0;0;0;401;0
852820000;52;85;85000;85282;ZZZZZZ;8528200;Z;5;419;380;39;121;39;50;32;25;20;20;75;125;200;48;47;288;27;16;4;3;21;23;0;84;298;281;7;9;1;450;20;5;15;0;410;0
852840000;52;85;85402;85284;ZZZZZZ;8528400;Z;5;1826;1585;241;596;198;270;128;35;170;160;435;685;535;324;280;1096;120;55;11;33;148;138;8;449;1160;1036;90;31;3;1780;105;30;30;10;1565;40
852850000;52;85;85000;85285;ZZZZZZ;8528500;Z;5;383;357;26;97;32;49;16;15;35;10;95;155;110;70;65;264;27;12;1;12;27;13;1;34;323;317;2;3;1;406;10;15;0;5;376;0
852860000;52;85;85000;85286;ZZZZZZ;8528600;Z;5;258;227;30;78;24;26;28;20;30;10;51;81;91;54;48;157;16;7;4;6;20;18;0;46;183;108;4;71;0;278;20;5;0;15;232;5
852870000;52;85;85000;85287;ZZZZZZ;8528700;Z;5;254;237;17;44;13;24;7;15;5;10;41;67;108;42;38;167;14;6;1;13;10;22;3;46;191;186;3;1;1;226;15;5;0;15;185;5
852880101;52;85;85204;85288;ZZZZZZ;8528801;H;4;1425;1220;205;491;137;218;136;15;160;115;315;460;355;271;248;844;104;27;8;38;110;99;7;564;673;652;7;13;1;1285;65;60;15;5;1140;0
852880102;52;85;85204;85288;ZZZZZZ;8528801;H;4;1716;1479;237;634;164;318;152;55;245;155;320;515;370;265;227;958;124;27;10;42;166;174;7;615;893;834;24;31;4;1495;110;45;5;15;1320;0
852890000;52;85;85123;85289;ZZZZZZ;8528900;Z;5;585;535;50;190;65;77;47;44;54;25;114;124;242;81;76;414;30;4;2;13;41;37;1;115;426;371;7;48;0;573;40;35;0;10;489;0
852900000;52;85;85000;85290;ZZZZZZ;8529000;Z;5;250;221;29;75;19;34;21;10;5;25;35;70;111;43;40;167;12;3;2;4;21;16;0;34;191;170;5;15;1;211;0;10;0;5;196;0
852910000;52;85;85000;85291;ZZZZZZ;8529100;Z;5;660;610;51;108;38;36;34;30;40;40;185;160;165;92;85;449;42;23;2;16;57;26;1;89;527;511;7;9;0;560;25;10;0;5;520;0
852920000;52;85;85000;85292;ZZZZZZ;8529200;Z;5;331;307;25;117;20;45;52;20;10;10;74;84;139;64;57;207;31;7;2;15;34;14;0;82;226;207;1;18;0;317;20;10;0;15;267;5
852930000;52;85;85000;85293;ZZZZZZ;8529300;Z;5;794;727;67;196;86;65;45;5;35;65;190;155;280;141;132;521;67;27;9;18;39;46;1;152;576;319;230;27;0;655;15;10;25;15;585;5
852940000;52;85;85104;85294;ZZZZZZ;8529400;Z;5;912;722;190;465;88;263;114;0;184;65;213;329;150;163;128;385;84;13;6;10;109;132;1;497;242;211;9;22;0;736;55;69;55;10;542;5
852950000;52;85;85000;85295;ZZZZZZ;8529500;Z;5;1630;1532;98;347;142;146;60;54;103;147;347;454;542;270;254;1180;108;53;15;35;68;79;2;258;1283;917;346;20;0;1539;34;49;29;15;1368;44
852960000;52;85;85000;85296;ZZZZZZ;8529600;Z;5;598;545;54;120;42;54;24;45;10;15;131;182;177;84;81;399;43;15;2;10;44;31;1;87;460;282;122;56;0;510;15;10;5;5;475;0
852970000;52;85;85000;85297;ZZZZZZ;8529700;Z;5;460;396;64;137;28;69;40;44;39;35;40;139;193;78;75;250;36;22;9;11;52;23;1;118;285;235;8;41;1;456;34;10;10;0;401;0
852980000;52;85;85000;85298;ZZZZZZ;8529800;Z;5;758;667;91;196;57;91;48;25;65;65;125;285;236;117;107;440;53;21;7;22;58;71;2;146;528;515;8;4;1;702;30;15;5;15;632;5
853000000;52;85;85126;85300;ZZZZZZ;8530000;Z;5;2223;2091;133;680;287;300;92;40;131;261;562;712;522;404;383;1649;123;40;2;58;106;116;3;314;1785;1687;64;30;3;2072;85;35;0;15;1901;35
853010000;52;85;85000;85301;ZZZZZZ;8530100;Z;5;915;847;67;169;61;61;47;10;55;60;186;186;387;150;143;683;50;18;4;21;39;32;2;163;687;650;29;8;0;830;45;5;15;10;750;5
853020000;52;85;85213;85302;ZZZZZZ;8530200;Z;5;2644;2475;169;659;215;339;105;136;91;212;622;648;929;375;345;1901;141;72;0;57;147;165;5;677;1810;1217;525;65;3;2517;202;71;30;10;2194;10
853030000;52;85;85000;85303;ZZZZZZ;8530300;Z;5;776;678;98;244;66;93;85;45;85;35;123;217;297;127;116;454;77;20;12;10;60;49;1;238;444;269;2;174;0;693;74;30;10;5;569;5
853040000;52;85;85000;85304;ZZZZZZ;8530400;Z;5;314;272;42;110;34;40;35;10;10;15;75;85;85;52;49;199;26;11;3;1;22;12;2;51;225;115;4;107;0;267;20;5;0;0;231;10
853050000;52;85;85000;85305;ZZZZZZ;8530500;Z;5;354;319;35;122;46;49;26;15;45;20;61;101;126;68;58;214;22;7;1;4;37;34;0;76;244;212;5;26;1;348;15;10;5;0;313;5
853060000;52;85;85000;85306;ZZZZZZ;8530600;Z;5;354;316;38;107;27;47;32;20;20;35;65;136;101;50;45;240;21;2;6;4;25;19;0;57;260;205;2;52;0;352;25;10;5;0;312;0
853070000;52;85;85114;85307;ZZZZZZ;8530700;Z;5;180;144;35;107;21;60;26;0;65;15;35;65;30;32;27;64;21;1;3;0;25;33;2;83;66;56;0;9;1;176;55;5;0;0;115;0
