IRIS;REG;DEP;UU2010;COM;TRIRIS;GRD_QUART;TYP_IRIS;LAB_IRIS;C17_MEN;C17_MENPSEUL;C17_MENSFAM;C17_MENFAM;C17_FAM;C17_COUPAENF;C17_FAMMONO;C17_COUPSENF;C17_NE24F0;C17_NE24F1;C17_NE24F2;C17_NE24F3;C17_NE24F4P
330010000;75;33;33000;33001;ZZZZZZ;3300100;Z;5;850;268;5;576;591;253;109;229;273;159;124;30;5
330020000;75;33;33000;33002;ZZZZZZ;3300200;Z;5;345;95;5;245;255;105;30;120;130;60;50;10;5
330030101;75;33;33701;33003;330011;3300301;H;1;2177;516;27;1634;1652;838;292;522;607;416;461;133;35
330030102;75;33;33701;33003;330021;3300301;H;1;1606;591;18;996;1005;431;201;373;455;257;226;51;17
330030103;75;33;33701;33003;330011;3300301;H;1;1128;321;14;792;810;397;117;296;348;213;188;42;19
330030104;75;33;33701;33003;330021;3300301;H;1;1600;394;30;1176;1183;551;169;463;528;258;270;105;22
330040000;75;33;33105;33004;ZZZZZZ;3300400;Z;5;1281;387;30;864;868;411;121;336;397;206;186;67;14
330050101;75;33;33305;33005;ZZZZZZ;3300501;H;Z;1604;741;12;851;857;214;97;547;594;123;116;24;0
330050102;75;33;33305;33005;ZZZZZZ;3300501;H;Z;1474;673;23;779;782;170;104;509;550;126;86;19;1
330050103;75;33;33305;33005;ZZZZZZ;3300501;H;Z;1429;364;48;1018;1027;314;145;567;632;207;158;27;3
330050104;75;33;33305;33005;ZZZZZZ;3300501;H;Z;1439;413;18;1009;1012;252;108;651;711;145;113;31;12
330060000;75;33;33000;33006;ZZZZZZ;3300600;Z;5;395;95;20;280;280;95;45;140;150;55;55;20;0
330070000;75;33;33120;33007;ZZZZZZ;3300700;Z;5;475;95;10;370;370;190;45;135;155;90;90;30;5
330080000;75;33;33000;33008;ZZZZZZ;3300800;Z;5;203;47;0;156;166;63;31;73;78;41;47;0;0
330090101;75;33;33501;33009;ZZZZZZ;3300901;H;1;971;366;19;585;592;138;79;375;398;105;72;17;1
330090102;75;33;33501;33009;ZZZZZZ;3300901;H;1;767;296;17;455;463;78;66;319;362;59;26;16;0
330090103;75;33;33501;33009;ZZZZZZ;3300901;H;1;2356;1413;34;909;912;128;127;657;705;145;51;8;3
330090104;75;33;33501;33009;ZZZZZZ;3300901;H;3;930;483;9;438;442;65;55;321;334;47;51;7;3
330090105;75;33;33501;33009;ZZZZZZ;3300901;H;1;1498;784;42;672;676;163;119;393;414;143;91;26;4
330100000;75;33;33000;33010;ZZZZZZ;3301000;Z;5;193;42;0;151;151;88;0;63;68;31;41;5;5
330110000;75;33;33203;33011;ZZZZZZ;3301100;Z;5;3101;1160;62;1879;1884;595;231;1057;1181;385;238;60;20
330120000;75;33;33106;33012;ZZZZZZ;3301200;Z;5;1380;270;0;1110;1110;555;100;455;520;205;315;65;5
330130101;75;33;33701;33013;ZZZZZZ;3301301;H;4;1802;401;21;1380;1384;564;203;617;705;331;266;73;9
330130104;75;33;33701;33013;ZZZZZZ;3301301;H;4;1804;451;21;1332;1337;590;205;542;615;374;266;68;14
330140000;75;33;33000;33014;ZZZZZZ;3301400;Z;5;462;114;0;348;348;149;35;164;164;65;99;10;10
330150000;75;33;33701;33015;ZZZZZZ;3301500;Z;5;794;170;25;599;604;242;60;301;326;121;101;46;10
330160000;75;33;33123;33016;ZZZZZZ;3301600;Z;5;194;46;0;148;148;61;20;66;87;25;25;5;5
330170000;75;33;33000;33017;ZZZZZZ;3301700;Z;5;116;25;0;91;91;30;15;45;50;20;20;0;0
330180000;75;33;33306;33018;ZZZZZZ;3301800;Z;5;1411;338;10;1063;1068;517;129;422;472;248;273;65;10
330190000;75;33;33304;33019;ZZZZZZ;3301900;Z;5;3625;1199;32;2394;2421;919;395;1107;1218;648;446;87;23
330200000;75;33;33000;33020;ZZZZZZ;3302000;Z;5;60;10;5;45;45;20;5;20;20;15;5;5;0
330210000;75;33;33000;33021;ZZZZZZ;3302100;Z;5;432;116;5;311;311;115;50;146;156;50;85;20;0
330220000;75;33;33000;33022;ZZZZZZ;3302200;Z;5;1116;202;20;895;900;506;64;329;369;236;226;59;10
330230000;75;33;33207;33023;ZZZZZZ;3302300;Z;5;486;94;5;387;401;203;42;156;174;108;99;14;5
330240000;75;33;33206;33024;ZZZZZZ;3302400;Z;5;117;31;5;81;81;51;0;31;31;25;15;5;5
330250000;75;33;33000;33025;ZZZZZZ;3302500;Z;5;164;36;5;123;123;67;0;56;67;15;36;5;0
330260000;75;33;33000;33026;ZZZZZZ;3302600;Z;5;203;47;5;151;151;69;30;51;61;45;30;15;0
330270000;75;33;33000;33027;ZZZZZZ;3302700;Z;5;138;51;5;82;82;31;20;31;41;15;15;10;0
330280000;75;33;33102;33028;ZZZZZZ;3302800;Z;5;426;76;10;340;340;179;35;126;141;65;95;30;10
330290000;75;33;33118;33029;ZZZZZZ;3302900;Z;5;2180;528;39;1613;1632;858;158;616;720;375;424;99;15
330300000;75;33;33000;33030;ZZZZZZ;3303000;Z;5;922;319;5;598;603;274;75;254;274;170;140;15;5
330310000;75;33;33000;33031;ZZZZZZ;3303100;Z;5;45;10;5;30;30;10;0;20;25;0;5;0;0
330320101;75;33;33701;33032;ZZZZZZ;3303201;H;4;948;314;10;624;634;270;108;256;310;157;113;39;15
330320102;75;33;33701;33032;ZZZZZZ;3303201;H;4;1233;432;25;776;786;349;147;290;339;177;172;74;25
330320103;75;33;33701;33032;ZZZZZZ;3303201;H;4;880;280;25;575;580;236;98;246;280;152;93;49;5
330320104;75;33;33701;33032;ZZZZZZ;3303201;A;4;93;29;0;64;64;25;10;29;34;15;15;0;0
330330000;75;33;33701;33033;ZZZZZZ;3303300;Z;5;344;73;5;267;267;131;39;97;121;58;58;24;5
330340000;75;33;33000;33034;ZZZZZZ;3303400;Z;5;190;45;5;140;145;60;25;60;75;30;35;5;0
330350000;75;33;33124;33035;ZZZZZZ;3303500;Z;5;327;103;10;215;215;78;24;112;122;44;34;10;5
330360000;75;33;33122;33036;ZZZZZZ;3303600;Z;5;2292;943;15;1335;1340;442;223;675;739;288;198;89;25
330370000;75;33;33207;33037;ZZZZZZ;3303700;Z;5;890;190;20;680;695;340;85;270;320;165;180;25;5
330380000;75;33;33000;33038;ZZZZZZ;3303800;Z;5;430;135;10;285;290;90;20;180;200;35;50;5;0
330390101;75;33;33701;33039;330031;3303901;H;1;1467;560;42;865;874;386;202;286;357;246;235;32;4
330390102;75;33;33701;33039;330031;3303901;H;1;1646;544;60;1042;1047;458;140;450;522;263;204;53;6
330390103;75;33;33701;33039;330041;3303901;H;1;1159;413;29;717;729;297;101;331;373;142;176;34;4
330390104;75;33;33701;33039;330041;3303901;H;1;2239;850;77;1312;1325;500;332;493;604;376;223;98;24
330390105;75;33;33701;33039;330051;3303901;H;1;2174;796;63;1315;1336;438;342;555;654;332;257;80;13
330390106;75;33;33701;33039;330041;3303901;H;1;897;447;30;420;426;163;111;152;189;124;77;26;10
330390107;75;33;33701;33039;330041;3303901;H;1;1371;538;32;802;806;326;131;350;396;197;168;40;5
330390108;75;33;33701;33039;330031;3303901;H;1;1212;410;32;770;770;305;229;236;315;212;178;57;9
330390109;75;33;33701;33039;330051;3303901;H;1;1074;419;33;622;648;214;261;172;233;236;115;36;27
330390110;75;33;33701;33039;330051;3303901;A;3;4;0;0;4;4;0;0;4;4;0;0;0;0
330400000;75;33;33121;33040;ZZZZZZ;3304000;Z;5;505;173;10;322;327;154;45;129;154;69;84;20;0
330420000;75;33;33115;33042;ZZZZZZ;3304200;Z;5;2208;570;32;1607;1628;811;200;617;685;379;432;111;21
330430000;75;33;33000;33043;ZZZZZZ;3304300;Z;5;96;14;0;81;81;43;10;29;33;24;14;5;5
330440000;75;33;33000;33044;ZZZZZZ;3304400;Z;5;113;36;0;77;77;31;10;36;41;20;10;5;0
330450000;75;33;33000;33045;ZZZZZZ;3304500;Z;5;131;36;0;95;100;50;15;35;50;25;20;5;0
330460000;75;33;33000;33046;ZZZZZZ;3304600;Z;5;499;144;10;345;345;117;59;169;203;58;61;23;0
330470000;75;33;33000;33047;ZZZZZZ;3304700;Z;5;750;195;20;535;540;230;35;275;305;80;135;15;5
330480000;75;33;33000;33048;ZZZZZZ;3304800;Z;5;106;20;0;86;86;40;10;35;40;20;20;5;0
330490000;75;33;33000;33049;ZZZZZZ;3304900;Z;5;880;175;0;705;705;320;70;315;340;150;165;40;10
330500000;75;33;33000;33050;ZZZZZZ;3305000;Z;5;218;44;0;174;179;92;10;77;77;44;48;10;0
330510101;75;33;33304;33051;ZZZZZZ;3305101;H;4;1465;457;29;978;983;442;128;413;462;241;211;59;10
330510102;75;33;33304;33051;ZZZZZZ;3305101;H;4;1489;398;10;1081;1081;442;128;511;590;211;206;59;15
330510103;75;33;33304;33051;ZZZZZZ;3305101;H;4;1598;433;20;1145;1155;526;167;462;526;280;295;44;10
330520000;75;33;33401;33052;ZZZZZZ;3305200;Z;5;560;197;5;358;358;145;36;176;192;78;67;16;5
330530000;75;33;33000;33053;ZZZZZZ;3305300;Z;5;95;20;0;75;75;35;0;40;40;15;15;5;0
330540000;75;33;33000;33054;ZZZZZZ;3305400;Z;5;125;35;0;90;90;40;5;45;50;15;25;0;0
330550000;75;33;33000;33055;ZZZZZZ;3305500;Z;5;201;55;5;141;141;70;10;60;85;15;35;5;0
330560101;75;33;33701;33056;330061;3305601;H;1;1150;181;28;942;955;482;125;347;392;222;254;69;18
330560102;75;33;33701;33056;330061;3305601;H;1;1049;270;126;653;659;267;73;318;376;122;121;39;1
330560103;75;33;33701;33056;330071;3305601;H;1;1535;643;40;852;855;309;256;290;341;233;220;53;8
330560104;75;33;33701;33056;330071;3305601;H;1;1826;733;33;1059;1059;366;292;401;465;290;227;70;6
330560105;75;33;33701;33056;330071;3305601;H;1;1085;211;8;867;873;425;82;367;463;146;182;77;6
330560106;75;33;33701;33056;330061;3305601;A;3;161;28;1;132;132;76;38;19;22;46;55;5;4
330560107;75;33;33701;33056;330061;3305601;D;3;18;3;3;12;12;8;0;5;5;1;0;7;0
330570000;75;33;33000;33057;ZZZZZZ;3305700;Z;5;398;122;30;246;246;99;30;116;131;35;60;20;0
330580000;75;33;33301;33058;ZZZZZZ;3305800;Z;5;2352;1090;55;1207;1207;442;224;541;601;264;236;97;10
330590000;75;33;33000;33059;ZZZZZZ;3305900;Z;5;110;15;0;95;95;45;15;35;40;20;25;10;0
330600000;75;33;33000;33060;ZZZZZZ;3306000;Z;5;205;65;10;130;130;55;20;55;60;40;25;5;0
330610000;75;33;33701;33061;ZZZZZZ;3306100;Z;5;368;73;16;279;279;150;10;119;125;57;77;15;5
330620000;75;33;33000;33062;ZZZZZZ;3306200;Z;5;292;55;0;237;237;101;40;96;126;50;45;10;5
330630101;75;33;33701;33063;330081;3306301;A;3;757;219;48;490;492;217;100;175;194;143;108;37;11
330630103;75;33;33701;33063;330081;3306301;H;1;1869;557;72;1239;1253;584;373;296;359;372;245;174;103
330630201;75;33;33701;33063;330081;3306302;A;3;763;369;35;358;364;131;77;157;162;91;81;17;14
330630202;75;33;33701;33063;330091;3306302;H;1;2503;1020;107;1377;1394;552;224;618;693;376;238;58;28
330630203;75;33;33701;33063;330091;3306302;H;1;1237;483;58;696;697;284;153;260;329;145;145;43;35
330630204;75;33;33701;33063;330091;3306302;H;1;837;493;25;319;320;128;115;77;106;97;72;27;17
330630301;75;33;33701;33063;330101;3306303;H;1;3401;1784;218;1400;1410;457;351;602;640;453;222;78;18
330630302;75;33;33701;33063;330111;3306303;H;1;2112;1130;116;865;868;303;129;436;454;248;103;54;10
330630303;75;33;33701;33063;330101;3306303;H;2;1983;971;169;843;851;279;235;337;378;275;125;57;16
330630305;75;33;33701;33063;330121;3306303;H;1;1576;854;47;675;676;244;306;126;219;220;175;55;7
330630306;75;33;33701;33063;330121;3306303;H;2;1188;457;21;710;721;341;210;170;217;178;173;105;49
330630307;75;33;33701;33063;330121;3306303;H;1;1507;753;72;682;685;233;236;216;260;213;121;61;30
330630308;75;33;33701;33063;330121;3306303;H;2;1061;392;27;642;645;303;204;139;208;175;108;83;71
330630309;75;33;33701;33063;330131;3306303;H;1;1317;747;38;533;533;180;69;284;301;128;75;18;10
330630310;75;33;33701;33063;330131;3306303;H;1;1261;679;50;531;540;168;78;294;316;94;103;26;0
330630311;75;33;33701;33063;330131;3306303;H;1;1323;850;50;422;422;173;57;193;220;119;61;10;13
330630312;75;33;33701;33063;330111;3306303;H;2;1659;794;94;771;771;291;191;289;326;253;146;43;3
330630313;75;33;33701;33063;330111;3306303;H;2;1873;975;101;798;799;292;195;312;356;281;142;20;0
330630401;75;33;33701;33063;330141;3306304;H;1;1985;1032;88;865;869;312;239;318;378;281;135;62;13
330630402;75;33;33701;33063;330141;3306304;H;1;1295;610;58;627;633;255;91;288;309;164;126;28;6
330630403;75;33;33701;33063;330151;3306304;H;1;1890;715;89;1086;1090;468;172;450;501;292;217;65;14
330630404;75;33;33701;33063;330151;3306304;H;1;1187;445;13;728;743;326;245;172;255;189;124;109;68
330630405;75;33;33701;33063;330141;3306304;H;1;1761;816;91;853;856;333;188;335;375;263;162;40;16
330630501;75;33;33701;33063;330161;3306305;H;1;1766;1056;107;603;606;156;79;371;381;156;48;7;14
330630502;75;33;33701;33063;330161;3306305;H;1;2972;1935;260;777;777;193;150;435;455;179;92;43;8
330630503;75;33;33701;33063;330171;3306305;H;1;1400;924;99;377;380;108;67;206;219;113;33;16;0
330630504;75;33;33701;33063;330171;3306305;H;1;1518;1098;81;339;339;85;45;209;213;84;39;3;0
330630505;75;33;33701;33063;330161;3306305;H;1;1912;1243;147;521;521;148;82;291;304;129;75;13;0
330630506;75;33;33701;33063;330171;3306305;H;1;1780;1056;81;643;643;170;77;397;410;121;68;42;3
330630507;75;33;33701;33063;330171;3306305;H;1;1408;831;71;506;506;156;48;302;311;120;53;18;3
330630508;75;33;33701;33063;330171;3306305;H;1;1615;1199;66;350;350;66;50;234;240;86;17;7;0
330630601;75;33;33701;33063;330181;3306306;H;1;1658;885;68;705;705;300;94;311;324;167;150;44;20
330630602;75;33;33701;33063;330191;3306306;H;1;1140;620;26;494;494;164;70;261;294;94;75;28;3
330630603;75;33;33701;33063;330201;3306306;H;1;1230;630;27;574;581;209;94;278;291;140;111;23;16
330630604;75;33;33701;33063;330181;3306306;H;1;1367;689;40;638;642;293;103;246;266;147;157;63;10
330630605;75;33;33701;33063;330191;3306306;H;1;1582;947;46;589;599;183;67;349;363;105;74;49;8
330630606;75;33;33701;33063;330201;3306306;H;1;1068;449;21;598;598;243;91;263;297;95;141;59;7
330630607;75;33;33701;33063;330191;3306306;H;1;1416;794;49;573;573;208;94;271;306;133;100;28;7
330630608;75;33;33701;33063;330201;3306306;H;1;1450;643;45;762;765;320;90;356;396;142;146;51;31
330630609;75;33;33701;33063;330181;3306306;H;1;1586;766;74;747;747;274;78;394;439;149;106;39;14
330630701;75;33;33701;33063;330211;3306307;H;1;1361;628;35;698;701;277;111;313;347;173;146;29;6
330630702;75;33;33701;33063;330211;3306307;H;1;1639;696;43;900;900;365;183;352;411;188;197;84;20
330630703;75;33;33701;33063;330221;3306307;H;1;1189;365;21;803;806;325;156;325;370;173;158;94;12
330630704;75;33;33701;33063;330211;3306307;H;1;1536;800;17;719;719;320;94;305;353;181;132;40;14
330630705;75;33;33701;33063;330221;3306307;H;1;1986;856;93;1037;1044;433;157;454;489;289;210;41;15
330630706;75;33;33701;33063;330221;3306307;H;1;1420;757;13;649;652;232;100;320;349;159;114;30;0
330630801;75;33;33701;33063;330231;3306308;H;1;1342;619;11;712;712;262;139;311;349;197;129;30;8
330630802;75;33;33701;33063;330241;3306308;H;1;1408;793;19;597;597;236;165;195;277;155;142;18;4
330630803;75;33;33701;33063;330241;3306308;H;1;1538;862;23;653;656;216;136;304;339;166;124;24;4
330630804;75;33;33701;33063;330231;3306308;H;1;1240;568;15;657;662;196;132;333;373;140;120;27;1
330630805;75;33;33701;33063;330241;3306308;H;1;1392;607;24;761;761;328;129;304;349;184;183;39;6
330630806;75;33;33701;33063;330231;3306308;H;1;1126;410;25;691;691;313;97;281;321;169;152;41;8
330630807;75;33;33701;33063;330251;3306308;H;1;976;308;16;652;656;307;164;184;217;240;162;35;1
330630808;75;33;33701;33063;330251;3306308;H;1;1572;835;20;717;717;272;197;248;300;250;135;22;10
330630809;75;33;33701;33063;330251;3306308;H;1;1409;493;10;906;910;367;134;409;444;209;200;54;3
330630901;75;33;33701;33063;330261;3306309;H;1;861;510;38;314;314;133;68;113;136;66;81;23;7
330630902;75;33;33701;33063;330261;3306309;H;1;2018;1108;148;762;762;250;169;342;372;215;119;45;11
330630903;75;33;33701;33063;330271;3306309;H;1;1987;1040;89;858;859;325;112;422;471;184;155;35;13
330630904;75;33;33701;33063;330261;3306309;H;1;1775;988;73;713;713;289;104;320;347;172;158;30;7
330630905;75;33;33701;33063;330271;3306309;H;1;1375;646;52;678;678;260;69;349;359;156;122;30;10
330631001;75;33;33701;33063;330281;3306310;H;1;1949;975;102;872;875;349;126;400;433;221;137;64;21
330631002;75;33;33701;33063;330291;3306310;A;1;887;527;57;303;304;66;59;178;188;55;54;4;3
330631003;75;33;33701;33063;330281;3306310;H;1;2380;1506;128;746;753;248;45;460;474;168;93;13;5
330631004;75;33;33701;33063;330291;3306310;H;1;2644;1621;164;860;863;298;114;450;472;213;143;28;6
330631005;75;33;33701;33063;330291;3306310;H;1;1871;1089;107;675;675;235;119;321;338;175;109;45;8
330631006;75;33;33701;33063;330281;3306310;H;1;1330;718;57;555;555;203;77;274;297;122;108;28;0
330631101;75;33;33701;33063;330301;3306311;H;1;1776;1267;78;431;431;128;75;228;240;142;32;14;4
330631102;75;33;33701;33063;330301;3306311;H;1;1810;1314;147;348;348;63;39;246;251;52;39;6;0
330631103;75;33;33701;33063;330301;3306311;H;1;1712;1096;180;437;440;119;58;263;279;107;51;3;1
330631104;75;33;33701;33063;330301;3306311;H;1;2090;1355;191;544;544;155;66;323;336;135;52;22;0
330631105;75;33;33701;33063;330311;3306311;H;1;1563;1106;105;352;358;109;81;169;178;103;69;8;0
330631106;75;33;33701;33063;330311;3306311;H;1;2107;1606;118;383;383;89;67;227;241;86;30;20;7
330631107;75;33;33701;33063;330311;3306311;H;1;1628;1176;127;325;325;87;37;201;204;58;42;17;3
330631108;75;33;33701;33063;330311;3306311;H;1;1681;1152;109;420;420;136;95;189;205;126;59;22;9
330631201;75;33;33701;33063;330321;3306312;H;1;1647;1007;81;559;563;231;59;272;306;104;94;38;21
330631202;75;33;33701;33063;330331;3306312;H;1;1481;916;54;511;511;208;83;219;236;106;125;30;14
330631203;75;33;33701;33063;330331;3306312;H;1;1346;755;49;542;545;228;73;243;261;133;116;24;12
330631204;75;33;33701;33063;330321;3306312;H;1;1908;1315;91;502;502;160;92;250;257;127;102;7;9
330631205;75;33;33701;33063;330331;3306312;H;1;1324;831;51;442;446;178;60;208;215;108;91;21;11
330631206;75;33;33701;33063;330341;3306312;H;1;1101;490;33;577;577;240;82;256;282;131;126;33;6
330631207;75;33;33701;33063;330341;3306312;H;1;1442;774;94;574;581;187;114;280;318;163;76;14;10
330631208;75;33;33701;33063;330341;3306312;H;1;1452;725;63;663;666;306;151;209;239;198;174;40;15
330631209;75;33;33701;33063;330321;3306312;H;1;2024;1487;149;388;388;123;43;222;235;81;52;17;3
330631301;75;33;33701;33063;330351;3306313;H;1;1670;822;141;708;714;271;168;275;312;219;139;43;2
330631302;75;33;33701;33063;330351;3306313;H;1;1222;500;44;679;685;288;92;306;346;163;141;26;10
330631303;75;33;33701;33063;330351;3306313;H;1;1130;531;39;559;563;168;203;192;239;165;110;29;21
330631304;75;33;33701;33063;330351;3306313;H;1;1875;1008;94;773;787;245;318;223;286;284;157;51;9
330631305;75;33;33701;33063;330351;3306313;H;1;1302;674;64;564;570;225;113;232;253;172;110;32;3
330640000;75;33;33000;33064;ZZZZZZ;3306400;Z;5;15;0;0;15;15;5;0;10;10;0;5;0;0
330650000;75;33;33701;33065;ZZZZZZ;3306500;Z;5;1463;367;57;1039;1049;514;82;452;514;240;234;56;5
330660000;75;33;33000;33066;ZZZZZZ;3306600;Z;5;49;15;5;30;30;5;0;25;25;5;0;0;0
330670000;75;33;33124;33067;ZZZZZZ;3306700;Z;5;1005;365;15;625;625;235;140;250;295;145;125;35;25
330680000;75;33;33000;33068;ZZZZZZ;3306800;Z;5;34;13;0;21;21;13;4;4;4;8;4;4;0
330690101;75;33;33701;33069;330361;3306901;H;1;1375;590;26;759;759;314;123;323;367;183;159;42;8
330690102;75;33;33701;33069;330361;3306901;H;1;1080;510;17;553;553;210;90;253;277;141;107;26;3
330690103;75;33;33701;33069;330361;3306901;H;1;1467;607;28;832;839;323;177;339;377;222;178;49;13
330690104;75;33;33701;33069;330371;3306901;H;1;1768;817;22;929;930;335;218;377;429;260;191;47;3
330690105;75;33;33701;33069;330381;3306901;H;1;1112;364;17;732;740;294;136;309;357;210;116;39;18
330690106;75;33;33701;33069;330381;3306901;H;1;1525;803;33;689;693;233;144;315;375;190;97;28;3
330690107;75;33;33701;33069;330381;3306901;H;1;1024;345;11;668;669;294;64;311;336;131;149;38;15
330690108;75;33;33701;33069;330371;3306901;H;1;1222;499;15;708;715;289;180;246;292;214;147;55;7
330690109;75;33;33701;33069;330371;3306901;H;1;979;251;25;704;714;300;133;282;339;188;123;39;25
330700000;75;33;33000;33070;ZZZZZZ;3307000;Z;5;244;48;5;191;191;117;11;64;74;42;58;16;0
330710000;75;33;33000;33071;ZZZZZZ;3307100;Z;5;514;165;5;343;343;160;56;128;143;81;95;20;5
330720000;75;33;33000;33072;ZZZZZZ;3307200;Z;5;89;25;0;64;64;40;0;25;25;15;20;0;5
330730000;75;33;33000;33073;ZZZZZZ;3307300;Z;5;705;263;11;431;441;182;63;196;228;84;98;21;10
330740000;75;33;33000;33074;ZZZZZZ;3307400;Z;5;73;15;0;59;59;34;0;24;34;10;10;5;0
330750101;75;33;33701;33075;ZZZZZZ;3307501;H;1;1264;461;34;769;770;355;53;362;383;199;160;16;13
330750102;75;33;33701;33075;ZZZZZZ;3307501;H;1;1270;541;22;707;715;219;226;270;293;226;158;18;20
330750103;75;33;33701;33075;ZZZZZZ;3307501;H;1;1421;466;25;931;935;400;153;381;431;230;212;52;10
330750104;75;33;33701;33075;ZZZZZZ;3307501;H;1;2589;907;30;1652;1665;689;324;653;738;497;345;75;11
330750105;75;33;33701;33075;ZZZZZZ;3307501;H;1;1591;477;20;1094;1102;532;204;366;438;364;236;46;18
330760000;75;33;33000;33076;ZZZZZZ;3307600;Z;5;336;93;10;234;234;107;34;93;102;73;49;10;0
330770000;75;33;33000;33077;ZZZZZZ;3307700;Z;5;876;149;10;717;717;401;61;255;295;157;205;55;5
330780000;75;33;33000;33078;ZZZZZZ;3307800;Z;5;211;45;0;166;166;75;5;86;91;35;30;5;5
330790000;75;33;33701;33079;ZZZZZZ;3307900;Z;5;130;16;0;115;115;63;5;47;63;16;37;0;0
330800000;75;33;33701;33080;ZZZZZZ;3308000;Z;5;2558;701;20;1838;1848;838;260;750;867;515;358;78;29
330810000;75;33;33121;33081;ZZZZZZ;3308100;Z;5;1205;510;30;665;665;240;185;240;295;165;130;60;15
330820000;75;33;33123;33082;ZZZZZZ;3308200;Z;5;500;120;10;370;370;185;25;160;165;90;90;20;5
330830000;75;33;33102;33083;ZZZZZZ;3308300;Z;5;413;84;0;328;328;119;35;174;194;40;65;20;10
330840000;75;33;33701;33084;ZZZZZZ;3308400;Z;5;610;170;10;430;440;230;45;165;200;145;80;15;0
330850000;75;33;33701;33085;ZZZZZZ;3308500;Z;5;1138;253;20;864;869;436;96;338;383;221;230;25;10
330860000;75;33;33000;33086;ZZZZZZ;3308600;Z;5;140;35;0;105;105;50;10;45;45;15;35;5;5
330870000;75;33;33206;33087;ZZZZZZ;3308700;Z;5;185;50;10;125;125;45;10;70;70;30;15;10;0
330880000;75;33;33202;33088;ZZZZZZ;3308800;Z;5;252;71;0;182;182;66;40;76;81;40;35;20;5
330890000;75;33;33000;33089;ZZZZZZ;3308900;Z;5;197;47;0;150;155;59;10;86;101;20;29;5;0
330900101;75;33;33701;33090;ZZZZZZ;3309001;H;4;1223;480;25;717;717;312;141;264;304;206;163;39;5
330900102;75;33;33701;33090;ZZZZZZ;3309001;H;4;1275;351;20;903;918;371;161;386;451;221;198;39;9
330930000;75;33;33000;33093;ZZZZZZ;3309300;Z;5;295;65;0;230;230;110;20;100;125;40;55;10;0
330940000;75;33;33000;33094;ZZZZZZ;3309400;Z;5;98;20;0;78;83;34;15;34;39;34;10;0;0
330950000;75;33;33000;33095;ZZZZZZ;3309500;Z;5;627;254;15;358;363;110;45;209;229;65;45;20;5
330960101;75;33;33701;33096;ZZZZZZ;3309601;H;4;1381;348;5;1029;1038;490;201;348;411;313;255;44;15
330960102;75;33;33701;33096;ZZZZZZ;3309601;H;4;1127;348;15;764;769;294;137;338;382;171;142;59;15
330960103;75;33;33701;33096;ZZZZZZ;3309601;H;4;965;392;15;558;558;245;98;216;235;152;113;44;15
330970000;75;33;33000;33097;ZZZZZZ;3309700;Z;5;1112;359;30;723;728;265;61;401;427;106;155;35;5
330980000;75;33;33000;33098;ZZZZZZ;3309800;Z;5;197;40;10;147;147;87;5;55;55;56;26;10;0
330990000;75;33;33701;33099;ZZZZZZ;3309900;Z;5;1500;310;10;1180;1185;545;125;515;560;270;275;75;5
331000000;75;33;33301;33100;ZZZZZZ;3310000;Z;5;530;163;15;352;362;124;50;188;228;64;54;10;5
331010000;75;33;33301;33101;ZZZZZZ;3310100;Z;5;522;127;0;395;400;162;51;187;213;76;76;20;15
331020000;75;33;33000;33102;ZZZZZZ;3310200;Z;5;185;50;10;125;125;45;10;70;70;35;10;5;5
331030000;75;33;33000;33103;ZZZZZZ;3310300;Z;5;25;15;0;10;10;5;0;5;5;0;5;0;0
331040000;75;33;33111;33104;ZZZZZZ;3310400;Z;5;1908;499;57;1352;1368;683;120;564;611;357;297;81;22
331050000;75;33;33000;33105;ZZZZZZ;3310500;Z;5;92;25;0;66;66;25;0;41;41;10;10;5;0
331060000;75;33;33000;33106;ZZZZZZ;3310600;Z;5;633;178;5;450;450;183;55;213;248;69;84;39;10
331080000;75;33;00257;33108;ZZZZZZ;3310800;Z;5;1541;739;60;742;757;266;175;315;345;226;90;65;30
331090000;75;33;33207;33109;ZZZZZZ;3310900;Z;5;873;176;41;657;662;315;96;250;275;177;160;44;5
331110000;75;33;33000;33111;ZZZZZZ;3311100;Z;5;515;186;16;313;313;122;48;143;175;42;74;21;0
331120000;75;33;33000;33112;ZZZZZZ;3311200;Z;5;63;15;5;44;44;19;0;24;29;5;10;0;0
331130000;75;33;33000;33113;ZZZZZZ;3311300;Z;5;63;16;5;42;42;26;0;16;21;5;11;5;0
331140000;75;33;33210;33114;ZZZZZZ;3311400;Z;5;893;303;43;548;552;245;106;202;235;134;125;43;14
331150000;75;33;33000;33115;ZZZZZZ;3311500;Z;5;111;35;0;76;76;20;15;40;50;5;15;5;0
331160000;75;33;33000;33116;ZZZZZZ;3311600;Z;5;166;26;5;135;135;78;21;36;47;57;21;10;0
331170000;75;33;33000;33117;ZZZZZZ;3311700;Z;5;114;38;0;76;76;27;5;43;43;16;11;5;0
331180000;75;33;33701;33118;ZZZZZZ;3311800;Z;5;783;174;9;600;604;247;73;284;302;146;119;32;5
331190101;75;33;33701;33119;330391;3311901;H;1;1151;500;21;630;648;295;182;170;246;183;128;69;21
331190102;75;33;33701;33119;330391;3311901;H;1;855;255;12;588;601;252;221;127;203;149;122;86;41
331190103;75;33;33701;33119;330401;3311901;H;1;1516;569;42;905;915;357;198;359;432;220;178;74;11
331190104;75;33;33701;33119;330391;3311901;H;1;1532;536;47;949;969;494;115;360;450;262;190;60;7
331190105;75;33;33701;33119;330411;3311901;H;2;1001;388;37;576;576;212;212;152;197;212;113;34;19
331190106;75;33;33701;33119;330411;3311901;H;1;987;439;31;516;522;208;86;227;255;96;100;55;16
331190107;75;33;33701;33119;330411;3311901;H;1;1055;440;48;567;588;232;197;160;213;167;106;67;35
331190108;75;33;33701;33119;330401;3311901;H;1;1314;517;52;745;749;294;156;299;337;228;121;47;16
331190109;75;33;33701;33119;330401;3311901;H;1;1887;1011;62;814;828;260;190;378;432;244;117;25;11
331200000;75;33;33000;33120;ZZZZZZ;3312000;Z;5;837;234;15;588;598;299;80;219;254;120;174;50;0
331210000;75;33;33000;33121;ZZZZZZ;3312100;Z;5;86;25;5;56;56;30;5;20;35;5;10;5;0
331220101;75;33;33701;33122;330421;3312201;H;1;1253;428;12;813;821;274;146;400;472;162;152;30;6
331220102;75;33;33701;33122;330421;3312201;H;1;1013;202;14;796;804;279;77;448;527;142;113;20;3
331220103;75;33;33701;33122;330431;3312201;H;1;965;212;8;746;746;247;73;425;481;119;114;29;3
331220104;75;33;33701;33122;330431;3312201;H;1;1050;304;17;729;735;239;65;431;472;133;103;23;4
331220105;75;33;33701;33122;330431;3312201;H;1;1237;204;15;1019;1019;490;109;420;471;208;272;55;13
331220106;75;33;33701;33122;330421;3312201;A;3;580;123;9;449;449;205;46;198;225;107;101;15;0
331220107;75;33;33701;33122;330421;3312201;H;1;1050;145;0;905;910;403;51;456;519;151;193;42;6
331230000;75;33;33210;33123;ZZZZZZ;3312300;Z;5;954;189;19;746;751;421;68;261;324;174;179;63;10
331240000;75;33;33000;33124;ZZZZZZ;3312400;Z;5;277;51;0;226;226;103;21;102;118;46;31;26;5
331250000;75;33;33000;33125;ZZZZZZ;3312500;Z;5;849;195;31;623;654;294;78;282;334;140;124;51;5
331260000;75;33;33000;33126;ZZZZZZ;3312600;Z;5;325;62;0;263;268;115;36;117;148;50;45;15;10
331270000;75;33;33000;33127;ZZZZZZ;3312700;Z;5;100;25;5;70;70;20;20;30;30;20;10;10;0
331280000;75;33;33000;33128;ZZZZZZ;3312800;Z;5;283;76;5;202;202;74;36;92;113;42;26;21;0
331290000;75;33;33000;33129;ZZZZZZ;3312900;Z;5;65;20;0;45;45;25;5;15;20;10;10;5;0
331300000;75;33;33000;33130;ZZZZZZ;3313000;Z;5;425;80;0;345;345;150;30;165;185;55;85;10;10
331310000;75;33;33000;33131;ZZZZZZ;3313100;Z;5;87;19;5;63;63;29;0;34;43;10;5;5;0
331320000;75;33;33124;33132;ZZZZZZ;3313200;Z;5;225;60;5;160;165;75;15;75;85;35;40;0;5
331330000;75;33;33000;33133;ZZZZZZ;3313300;Z;5;39;15;0;25;25;5;0;20;20;5;0;0;0
331340000;75;33;33000;33134;ZZZZZZ;3313400;Z;5;123;39;5;79;79;20;30;30;34;10;25;0;10
331350000;75;33;33000;33135;ZZZZZZ;3313500;Z;5;56;10;0;46;46;26;10;10;15;15;15;0;0
331360000;75;33;33000;33136;ZZZZZZ;3313600;Z;5;122;25;5;91;91;30;15;46;46;20;20;5;0
331370000;75;33;33000;33137;ZZZZZZ;3313700;Z;5;95;20;5;70;70;25;5;40;40;15;15;0;0
331380101;75;33;33302;33138;ZZZZZZ;3313801;H;4;1342;550;35;756;766;220;152;395;460;171;100;25;10
331380102;75;33;33302;33138;ZZZZZZ;3313801;H;4;1315;479;10;826;831;335;192;304;349;252;140;70;20
331380103;75;33;33302;33138;ZZZZZZ;3313801;H;4;1258;341;20;896;906;375;81;450;496;186;175;25;25
331390000;75;33;33000;33139;ZZZZZZ;3313900;Z;5;40;10;0;30;30;15;10;5;10;5;5;5;5
331400000;75;33;33114;33140;ZZZZZZ;3314000;Z;5;2085;704;21;1360;1365;544;304;517;579;355;337;79;15
331410000;75;33;33102;33141;ZZZZZZ;3314100;Z;5;253;44;5;203;208;90;32;87;92;53;58;0;5
331420000;75;33;33210;33142;ZZZZZZ;3314200;Z;5;561;94;16;451;461;231;58;173;215;89;126;21;10
331430000;75;33;33306;33143;ZZZZZZ;3314300;Z;5;1000;235;10;755;760;335;110;315;355;175;170;55;5
331440000;75;33;33000;33144;ZZZZZZ;3314400;Z;5;354;96;5;253;253;91;35;126;131;56;40;20;5
331450000;75;33;33000;33145;ZZZZZZ;3314500;Z;5;247;49;5;192;202;113;10;79;89;44;54;15;0
331460000;75;33;33000;33146;ZZZZZZ;3314600;Z;5;825;171;0;654;654;381;34;239;254;142;171;68;20
331470000;75;33;33000;33147;ZZZZZZ;3314700;Z;5;195;45;0;150;150;65;20;65;75;40;25;10;0
331480000;75;33;33000;33148;ZZZZZZ;3314800;Z;5;35;10;0;25;25;10;5;10;15;0;10;0;0
331490000;75;33;33000;33149;ZZZZZZ;3314900;Z;5;65;15;0;50;50;25;10;15;15;20;10;5;0
331500000;75;33;33000;33150;ZZZZZZ;3315000;Z;5;115;25;10;80;80;25;20;35;50;15;15;0;0
331510000;75;33;33000;33151;ZZZZZZ;3315100;Z;5;378;97;5;276;276;120;45;111;141;60;60;10;5
331520000;75;33;33000;33152;ZZZZZZ;3315200;Z;5;58;19;0;39;39;19;0;19;19;10;5;5;0
331530000;75;33;33000;33153;ZZZZZZ;3315300;Z;5;105;25;5;75;75;30;10;35;40;15;20;0;0
331540000;75;33;33302;33154;ZZZZZZ;3315400;Z;5;874;271;5;598;613;256;111;246;291;136;121;40;25
331550000;75;33;33000;33155;ZZZZZZ;3315500;Z;5;79;30;0;49;49;15;5;30;35;10;5;0;0
331560000;75;33;33000;33156;ZZZZZZ;3315600;Z;5;120;30;0;90;95;40;15;40;55;5;35;0;0
331570000;75;33;33000;33157;ZZZZZZ;3315700;Z;5;281;51;10;220;220;124;30;66;91;30;70;20;10
331580000;75;33;33000;33158;ZZZZZZ;3315800;Z;5;99;20;0;79;79;25;5;50;50;20;10;0;0
331590000;75;33;33000;33159;ZZZZZZ;3315900;Z;5;725;280;10;435;440;160;65;215;225;90;95;20;10
331600000;75;33;33000;33160;ZZZZZZ;3316000;Z;5;260;80;5;175;175;65;25;85;95;30;40;5;5
331610000;75;33;33000;33161;ZZZZZZ;3316100;Z;5;339;102;0;238;238;104;31;103;123;57;31;21;5
331620101;75;33;33701;33162;330441;3316201;H;1;1700;663;25;1011;1020;388;187;445;495;305;203;11;5
331620102;75;33;33701;33162;330441;3316201;H;1;1457;547;38;872;873;310;166;397;436;231;153;51;2
331620103;75;33;33701;33162;330451;3316201;H;1;1972;683;46;1243;1244;559;242;443;487;387;287;68;14
331620104;75;33;33701;33162;330461;3316201;H;1;1051;356;27;668;672;343;202;128;201;199;172;63;37
331620105;75;33;33701;33162;330461;3316201;H;1;892;286;13;593;595;277;93;225;258;136;147;44;11
331620106;75;33;33701;33162;330451;3316201;H;1;1910;696;23;1191;1191;461;344;386;482;355;254;86;14
331620107;75;33;33701;33162;330451;3316201;H;1;1453;503;14;937;942;359;174;408;455;255;160;58;14
331630000;75;33;33000;33163;ZZZZZZ;3316300;Z;5;166;41;5;120;120;55;0;65;71;15;25;10;0
331640000;75;33;33303;33164;ZZZZZZ;3316400;Z;5;695;170;10;515;515;215;60;240;260;105;120;20;10
331650000;75;33;33701;33165;ZZZZZZ;3316500;Z;5;1289;420;20;849;849;329;112;408;444;177;184;34;10
331660000;75;33;33000;33166;ZZZZZZ;3316600;Z;5;219;51;0;168;188;66;31;92;92;51;41;5;0
331670101;75;33;33701;33167;330471;3316701;H;2;2418;912;76;1430;1454;668;339;448;548;461;303;98;44
331670102;75;33;33701;33167;330471;3316701;H;2;1056;362;20;673;674;263;154;257;316;171;106;58;24
331670103;75;33;33701;33167;330471;3316701;H;2;494;187;19;288;291;119;92;80;107;79;64;26;15
331670104;75;33;33701;33167;330481;3316701;H;1;1090;439;19;631;636;257;99;281;323;164;107;22;21
331670108;75;33;33701;33167;330481;3316701;H;2;1048;369;25;655;667;261;200;206;255;185;139;68;19
331670109;75;33;33701;33167;330481;3316701;H;2;687;235;24;428;430;160;45;224;256;71;72;27;4
331670110;75;33;33701;33167;330481;3316701;H;2;821;156;13;651;656;297;102;256;293;105;177;64;17
331680000;75;33;33000;33168;ZZZZZZ;3316800;Z;5;265;70;5;190;190;75;15;100;120;25;45;0;0
331690000;75;33;33000;33169;ZZZZZZ;3316900;Z;5;40;5;0;35;35;15;5;15;25;5;5;0;0
331700000;75;33;33000;33170;ZZZZZZ;3317000;Z;5;321;81;15;225;230;99;25;106;126;40;40;20;5
331710000;75;33;33000;33171;ZZZZZZ;3317100;Z;5;92;25;5;61;61;31;0;31;41;5;10;5;0
331720000;75;33;33301;33172;ZZZZZZ;3317200;Z;5;130;34;0;96;96;46;0;50;60;10;15;10;0
331730000;75;33;33000;33173;ZZZZZZ;3317300;Z;5;96;35;0;60;60;25;10;25;35;5;15;5;0
331740000;75;33;33000;33174;ZZZZZZ;3317400;Z;5;492;156;5;332;332;105;70;156;176;70;55;20;10
331750000;75;33;33000;33175;ZZZZZZ;3317500;Z;5;300;80;0;220;220;100;35;85;105;40;55;10;10
331760000;75;33;33000;33176;ZZZZZZ;3317600;Z;5;156;38;0;118;118;45;5;68;68;20;20;5;5
331770000;75;33;33208;33177;ZZZZZZ;3317700;Z;5;1042;305;26;711;716;236;87;393;418;159;95;35;10
331780000;75;33;33000;33178;ZZZZZZ;3317800;Z;5;174;56;5;113;113;43;20;50;55;20;24;9;5
331790000;75;33;33000;33179;ZZZZZZ;3317900;Z;5;1301;377;10;914;929;367;156;407;477;231;176;35;10
331800000;75;33;33000;33180;ZZZZZZ;3318000;Z;5;80;20;0;60;60;30;10;20;30;20;5;5;0
331810000;75;33;33000;33181;ZZZZZZ;3318100;Z;5;124;40;0;84;84;32;5;47;52;15;14;4;0
331820000;75;33;33124;33182;ZZZZZZ;3318200;Z;5;360;127;5;228;233;81;41;112;142;61;15;15;0
331830000;75;33;33210;33183;ZZZZZZ;3318300;Z;5;494;114;16;364;369;194;44;132;153;81;110;25;0
331840000;75;33;33000;33184;ZZZZZZ;3318400;Z;5;225;56;20;149;149;64;5;80;85;20;35;5;5
331850000;75;33;33000;33185;ZZZZZZ;3318500;Z;5;804;191;5;608;613;294;59;260;289;152;137;25;10
331860000;75;33;33000;33186;ZZZZZZ;3318600;Z;5;396;168;11;217;217;54;65;98;109;54;43;5;5
331870000;75;33;33206;33187;ZZZZZZ;3318700;Z;5;593;202;0;390;390;145;58;188;222;87;53;19;10
331880000;75;33;33000;33188;ZZZZZZ;3318800;Z;5;77;24;0;53;53;19;5;29;34;0;15;5;0
331890000;75;33;33000;33189;ZZZZZZ;3318900;Z;5;192;46;0;147;147;51;20;76;81;30;25;10;0
331900000;75;33;33000;33190;ZZZZZZ;3319000;Z;5;50;20;0;30;30;5;5;20;20;5;5;0;0
331910000;75;33;00354;33191;ZZZZZZ;3319100;Z;5;228;49;0;178;178;78;20;80;85;30;41;16;6
331920101;75;33;33701;33192;330491;3319201;A;3;11;0;0;11;11;10;1;0;0;11;0;0;0
331920102;75;33;33701;33192;330501;3319201;H;1;899;411;29;459;459;185;133;141;173;110;147;30;0
331920103;75;33;33701;33192;330511;3319201;H;1;1307;422;21;863;866;408;148;309;385;192;177;88;25
331920104;75;33;33701;33192;330511;3319201;H;1;1373;235;22;1116;1128;484;80;564;639;237;199;42;11
331920105;75;33;33701;33192;330491;3319201;H;1;1054;419;12;624;636;227;131;278;306;128;118;64;20
331920106;75;33;33701;33192;330511;3319201;H;1;1331;516;44;771;780;253;94;433;489;130;120;37;5
331920107;75;33;33701;33192;330501;3319201;H;1;1699;782;52;864;864;306;155;403;434;222;148;48;12
331920108;75;33;33701;33192;330491;3319201;H;1;1340;329;31;980;980;429;141;410;484;214;207;59;17
331920110;75;33;33701;33192;330501;3319201;H;1;1493;1234;45;213;213;54;46;114;127;63;17;7;0
331920111;75;33;33701;33192;330491;3319201;H;1;1317;689;18;611;611;267;57;286;321;149;111;25;5
331930000;75;33;33000;33193;ZZZZZZ;3319300;Z;5;650;195;26;429;434;124;41;269;295;67;62;11;0
331940000;75;33;33000;33194;ZZZZZZ;3319400;Z;5;310;90;5;215;220;85;45;90;120;50;35;10;5
331950000;75;33;33000;33195;ZZZZZZ;3319500;Z;5;540;210;20;310;310;90;40;180;200;50;40;15;5
331960000;75;33;33000;33196;ZZZZZZ;3319600;Z;5;70;15;10;45;45;15;5;25;25;5;10;5;0
331970000;75;33;33000;33197;ZZZZZZ;3319700;Z;5;180;35;5;140;140;75;10;55;65;35;25;10;5
331980000;75;33;33000;33198;ZZZZZZ;3319800;Z;5;724;262;20;442;446;193;81;173;193;116;104;34;0
331990101;75;33;33501;33199;330521;3319901;H;1;1549;550;35;963;976;264;147;565;624;207;110;29;6
331990102;75;33;33501;33199;330521;3319901;H;1;2836;761;16;2059;2068;694;238;1136;1248;394;346;68;14
331990103;75;33;33501;33199;330531;3319901;H;1;2061;828;20;1214;1218;421;246;551;626;261;255;65;12
331990104;75;33;33501;33199;330531;3319901;H;1;2363;687;40;1637;1645;581;230;833;916;326;310;81;12
331990105;75;33;33501;33199;330521;3319901;H;1;1028;272;19;737;740;222;80;438;473;126;107;31;3
332000101;75;33;33701;33200;ZZZZZZ;3320001;H;4;1120;375;10;735;735;335;135;265;315;215;165;35;5
332000102;75;33;33701;33200;ZZZZZZ;3320001;H;4;1300;565;40;695;700;205;155;340;345;175;120;55;5
332000103;75;33;33701;33200;ZZZZZZ;3320001;H;4;1545;560;25;960;960;400;145;415;460;255;210;30;5
332000104;75;33;33701;33200;ZZZZZZ;3320001;H;4;1050;215;5;830;830;380;65;385;425;180;175;45;5
332010000;75;33;33000;33201;ZZZZZZ;3320100;Z;5;351;95;5;251;251;126;21;104;130;41;65;10;5
332020000;75;33;33000;33202;ZZZZZZ;3320200;Z;5;550;146;10;393;393;196;41;157;177;96;78;38;5
332030000;75;33;33103;33203;ZZZZZZ;3320300;Z;5;1686;585;15;1086;1086;333;125;628;673;175;186;29;23
332040000;75;33;33000;33204;ZZZZZZ;3320400;Z;5;231;74;5;152;157;64;10;82;92;30;25;5;5
332050000;75;33;33000;33205;ZZZZZZ;3320500;Z;5;579;143;10;425;425;220;26;179;200;118;87;15;5
332060000;75;33;33000;33206;ZZZZZZ;3320600;Z;5;225;55;0;170;170;65;20;85;110;20;30;5;5
332070000;75;33;33701;33207;ZZZZZZ;3320700;Z;5;2175;405;70;1700;1710;910;205;595;695;410;470;100;35
332080000;75;33;33000;33208;ZZZZZZ;3320800;Z;5;466;157;15;294;299;96;20;182;203;51;35;5;5
332090000;75;33;33000;33209;ZZZZZZ;3320900;Z;5;117;25;0;92;92;41;10;41;51;10;25;5;0
332100000;75;33;33000;33210;ZZZZZZ;3321000;Z;5;109;26;0;83;94;36;16;42;57;16;16;5;0
332110000;75;33;33000;33211;ZZZZZZ;3321100;Z;5;249;55;0;194;194;90;15;90;105;40;45;5;0
332120000;75;33;33000;33212;ZZZZZZ;3321200;Z;5;48;10;0;38;38;14;5;19;19;0;14;5;0
332130000;75;33;33109;33213;ZZZZZZ;3321300;Z;5;1794;495;34;1265;1274;578;132;564;637;230;328;69;10
332140000;75;33;33000;33214;ZZZZZZ;3321400;Z;5;2397;894;39;1464;1469;493;188;788;880;314;227;48;0
332150000;75;33;33000;33215;ZZZZZZ;3321500;Z;5;90;25;0;65;65;25;5;35;45;5;10;5;0
332160000;75;33;33000;33216;ZZZZZZ;3321600;Z;5;69;15;5;49;49;20;5;25;25;15;5;5;0
332180000;75;33;33000;33218;ZZZZZZ;3321800;Z;5;658;158;20;480;495;204;55;237;282;95;69;39;10
332190000;75;33;33123;33219;ZZZZZZ;3321900;Z;5;943;205;19;719;724;362;52;310;352;133;195;29;14
332200000;75;33;33000;33220;ZZZZZZ;3322000;Z;5;525;173;5;347;347;168;20;158;163;74;79;20;10
332210000;75;33;00455;33221;ZZZZZZ;3322100;Z;5;475;122;10;343;358;128;51;179;189;61;82;15;10
332220000;75;33;33401;33222;ZZZZZZ;3322200;Z;5;270;55;5;210;215;90;20;105;125;30;55;5;0
332230000;75;33;33000;33223;ZZZZZZ;3322300;Z;5;86;14;0;72;72;29;5;38;38;14;19;0;0
332240000;75;33;33000;33224;ZZZZZZ;3322400;Z;5;40;10;0;30;30;10;5;15;15;5;10;0;0
332250000;75;33;33000;33225;ZZZZZZ;3322500;Z;5;933;253;15;664;664;304;61;299;340;122;147;51;5
332260000;75;33;33701;33226;ZZZZZZ;3322600;Z;5;970;346;20;604;609;215;149;245;285;95;205;19;5
332270101;75;33;33303;33227;ZZZZZZ;3322701;H;4;2136;1171;30;935;945;255;265;425;490;250;130;45;30
332270102;75;33;33303;33227;ZZZZZZ;3322701;H;4;1851;835;15;1000;1000;310;195;495;555;230;165;30;20
332280000;75;33;33000;33228;ZZZZZZ;3322800;Z;5;288;59;10;219;224;129;15;80;85;92;36;5;5
332290000;75;33;33305;33229;ZZZZZZ;3322900;Z;5;3396;1182;28;2185;2204;601;331;1272;1457;411;260;66;9
332300000;75;33;33000;33230;ZZZZZZ;3323000;Z;5;215;77;5;133;138;68;20;50;55;59;15;10;0
332310000;75;33;33000;33231;ZZZZZZ;3323100;Z;5;122;24;0;98;98;39;24;34;34;44;20;0;0
332320000;75;33;33000;33232;ZZZZZZ;3323200;Z;5;25;15;0;10;10;5;0;5;5;5;0;0;0
332330000;75;33;33000;33233;ZZZZZZ;3323300;Z;5;1026;214;41;771;776;414;107;255;301;174;220;61;21
332340000;75;33;33701;33234;ZZZZZZ;3323400;Z;5;1497;424;36;1037;1047;482;159;406;488;245;238;66;10
332350000;75;33;33000;33235;ZZZZZZ;3323500;Z;5;90;20;0;70;70;35;5;30;35;10;20;5;0
332360101;75;33;33209;33236;ZZZZZZ;3323601;H;4;2140;660;20;1460;1490;530;245;715;765;345;320;55;5
332360102;75;33;33209;33236;ZZZZZZ;3323601;H;4;1925;785;50;1090;1100;295;105;700;765;205;100;30;0
332370000;75;33;33000;33237;ZZZZZZ;3323700;Z;5;328;80;5;244;244;129;20;95;100;75;65;5;0
332380101;75;33;33701;33238;ZZZZZZ;3323801;H;4;994;285;15;694;699;310;103;285;344;162;162;25;5
332380102;75;33;33701;33238;ZZZZZZ;3323801;H;4;1245;276;10;959;964;428;148;389;428;202;276;54;5
332380103;75;33;33701;33238;ZZZZZZ;3323801;H;4;930;226;10;694;699;276;59;364;403;118;148;25;5
332380104;75;33;33701;33238;ZZZZZZ;3323801;H;4;1112;280;0;831;831;403;118;310;364;187;226;44;10
332390000;75;33;33000;33239;ZZZZZZ;3323900;Z;5;217;61;0;157;157;61;25;71;76;45;20;10;5
332400000;75;33;33208;33240;ZZZZZZ;3324000;Z;5;2739;1077;70;1592;1597;540;311;745;856;350;253;103;34
332410000;75;33;33701;33241;ZZZZZZ;3324100;Z;5;247;82;10;155;155;60;25;71;81;25;25;15;10
332420000;75;33;33000;33242;ZZZZZZ;3324200;Z;5;262;80;10;172;172;51;35;86;106;34;28;4;0
332430101;75;33;33401;33243;330541;3324301;H;1;1224;458;22;744;745;281;116;348;384;153;144;43;22
332430102;75;33;33401;33243;330551;3324301;H;1;978;470;20;488;488;177;105;207;235;117;85;39;13
332430103;75;33;33401;33243;330551;3324301;H;1;2042;1324;36;682;683;234;189;260;278;203;126;59;17
332430104;75;33;33401;33243;330541;3324301;H;1;816;276;10;530;538;198;89;251;301;117;81;30;9
332430105;75;33;33401;33243;330551;3324301;H;1;1510;696;28;787;790;253;235;302;347;173;178;79;14
332430106;75;33;33401;33243;330561;3324301;H;1;1125;465;20;641;652;225;119;308;344;141;119;36;11
332430107;75;33;33401;33243;330561;3324301;H;1;1724;737;26;960;960;342;250;368;428;259;191;58;24
332430108;75;33;33401;33243;330561;3324301;H;1;1227;465;20;743;744;262;164;318;391;181;113;47;11
332430109;75;33;33401;33243;330541;3324301;H;1;1541;681;37;822;837;299;250;288;346;248;150;81;12
332440000;75;33;33000;33244;ZZZZZZ;3324400;Z;5;160;26;5;129;129;57;10;62;67;21;36;5;0
332450000;75;33;33701;33245;ZZZZZZ;3324500;Z;5;334;76;10;248;253;117;15;122;152;41;46;10;5
332460000;75;33;33000;33246;ZZZZZZ;3324600;Z;5;77;22;0;55;55;11;17;28;28;11;11;6;0
332470000;75;33;33000;33247;ZZZZZZ;3324700;Z;5;65;15;5;45;45;25;0;20;20;20;5;0;0
332480000;75;33;33000;33248;ZZZZZZ;3324800;Z;5;1070;236;15;819;824;453;91;280;335;218;211;45;15
332490101;75;33;33701;33249;330571;3324901;H;1;908;269;10;630;637;340;158;138;169;167;181;91;28
332490102;75;33;33701;33249;330571;3324901;H;1;916;251;40;625;634;313;200;121;149;204;138;99;44
332490103;75;33;33701;33249;330571;3324901;H;1;1084;342;39;703;720;245;130;345;385;174;118;28;13
332490104;75;33;33701;33249;330581;3324901;H;1;816;293;21;502;511;222;135;154;227;112;97;34;40
332490105;75;33;33701;33249;330581;3324901;H;1;614;312;21;281;281;104;87;91;119;66;53;35;8
332490106;75;33;33701;33249;330591;3324901;H;1;788;155;13;620;628;280;95;254;337;125;110;34;23
332490107;75;33;33701;33249;330581;3324901;H;1;1322;543;26;754;771;411;229;132;209;231;157;139;35
332490108;75;33;33701;33249;330591;3324901;H;1;962;407;39;516;541;209;125;208;275;100;99;55;10
332490109;75;33;33701;33249;330591;3324901;H;1;1023;501;25;497;503;164;211;128;189;180;94;28;12
332490110;75;33;33701;33249;330591;3324901;A;3;1469;572;19;879;892;372;253;267;307;300;156;105;24
332500000;75;33;33000;33250;ZZZZZZ;3325000;Z;5;130;30;5;95;95;30;10;55;65;5;20;5;0
332510000;75;33;33000;33251;ZZZZZZ;3325100;Z;5;260;40;5;215;225;95;45;85;105;50;55;10;5
332520000;75;33;33000;33252;ZZZZZZ;3325200;Z;5;296;52;5;238;238;138;29;71;86;57;81;14;0
332530000;75;33;33121;33253;ZZZZZZ;3325300;Z;5;459;115;10;334;339;135;30;175;190;55;65;20;10
332540000;75;33;33000;33254;ZZZZZZ;3325400;Z;5;185;34;5;146;156;63;24;68;93;24;24;15;0
332550000;75;33;33000;33255;ZZZZZZ;3325500;Z;5;109;35;0;74;74;30;5;40;40;10;25;0;0
332560000;75;33;33113;33256;ZZZZZZ;3325600;Z;5;1895;392;19;1484;1499;754;140;604;682;343;382;87;5
332570000;75;33;33000;33257;ZZZZZZ;3325700;Z;5;175;29;5;140;140;81;5;54;59;35;41;5;0
332580000;75;33;33000;33258;ZZZZZZ;3325800;Z;5;131;34;5;92;92;34;19;39;44;19;24;5;0
332590000;75;33;33000;33259;ZZZZZZ;3325900;Z;5;547;152;0;395;400;167;62;171;205;76;90;29;0
332600000;75;33;33000;33260;ZZZZZZ;3326000;Z;5;365;75;5;285;295;130;45;120;135;65;70;25;0
332610000;75;33;33000;33261;ZZZZZZ;3326100;Z;5;571;173;10;388;388;137;80;171;210;80;78;14;5
332620000;75;33;33108;33262;ZZZZZZ;3326200;Z;5;1720;431;10;1279;1298;637;182;479;537;354;350;53;5
332630000;75;33;33000;33263;ZZZZZZ;3326300;Z;5;98;27;0;70;70;49;5;16;22;27;16;5;0
332640000;75;33;33000;33264;ZZZZZZ;3326400;Z;5;438;119;0;319;319;147;40;132;162;55;73;24;5
332660000;75;33;33000;33266;ZZZZZZ;3326600;Z;5;294;52;5;237;242;119;14;109;123;57;43;14;5
332680000;75;33;33116;33268;ZZZZZZ;3326800;Z;5;1197;314;8;875;883;427;107;350;393;218;204;55;14
332690000;75;33;33000;33269;ZZZZZZ;3326900;Z;5;195;75;5;115;115;45;10;60;65;15;25;10;0
332700000;75;33;33000;33270;ZZZZZZ;3327000;Z;5;70;15;5;50;50;30;0;20;20;15;15;0;0
332710000;75;33;33000;33271;ZZZZZZ;3327100;Z;5;90;25;0;65;65;25;5;35;35;20;5;5;0
332720000;75;33;33210;33272;ZZZZZZ;3327200;Z;5;467;94;0;372;377;184;30;164;179;79;94;15;10
332730101;75;33;33701;33273;ZZZZZZ;3327301;H;4;1354;213;10;1131;1136;516;81;538;604;177;251;89;15
332730102;75;33;33701;33273;ZZZZZZ;3327301;H;4;1410;400;5;1005;1010;436;148;425;512;193;231;54;19
332740000;75;33;33701;33274;ZZZZZZ;3327400;Z;5;1160;215;15;930;930;475;110;345;385;250;220;70;5
332750000;75;33;33000;33275;ZZZZZZ;3327500;Z;5;53;11;0;43;43;16;0;27;27;5;11;0;0
332760000;75;33;33000;33276;ZZZZZZ;3327600;Z;5;61;15;5;41;41;15;0;26;26;5;5;0;5
332770000;75;33;33000;33277;ZZZZZZ;3327700;Z;5;100;25;5;70;70;30;5;35;40;15;10;5;0
332780000;75;33;33000;33278;ZZZZZZ;3327800;Z;5;104;28;5;71;71;28;5;38;38;19;14;0;0
332790000;75;33;33000;33279;ZZZZZZ;3327900;Z;5;295;70;0;225;225;110;35;80;85;70;55;10;5
332800000;75;33;33301;33280;ZZZZZZ;3328000;Z;5;222;59;10;153;153;79;5;69;79;25;40;10;0
332810101;75;33;33701;33281;330601;3328101;H;1;1603;1032;27;544;544;132;123;288;321;125;70;20;8
332810102;75;33;33701;33281;330601;3328101;H;1;790;306;8;476;480;166;112;202;240;104;102;22;11
332810103;75;33;33701;33281;330601;3328101;H;2;1242;552;44;647;654;227;211;217;279;197;120;46;11
332810104;75;33;33701;33281;330601;3328101;H;1;1212;536;28;648;652;247;84;321;382;127;95;41;7
332810201;75;33;33701;33281;330611;3328102;H;1;1888;863;60;965;971;388;251;331;388;302;220;54;7
332810202;75;33;33701;33281;330611;3328102;H;1;1456;747;36;674;674;233;138;302;350;196;89;31;7
332810203;75;33;33701;33281;330611;3328102;H;1;1316;544;28;744;744;255;118;372;433;181;103;25;4
332810301;75;33;33701;33281;330621;3328103;H;1;1338;469;18;850;853;362;130;362;434;195;195;29;0
332810302;75;33;33701;33281;330621;3328103;H;1;3573;2153;90;1329;1329;437;189;703;761;289;212;58;9
332810401;75;33;33701;33281;330631;3328104;H;1;1800;589;39;1173;1178;437;108;633;713;212;214;35;5
332810402;75;33;33701;33281;330641;3328104;A;3;309;105;5;200;200;78;30;92;120;24;48;7;0
332810501;75;33;33701;33281;330651;3328105;H;1;1225;547;36;643;643;232;134;277;319;142;142;35;4
332810502;75;33;33701;33281;330651;3328105;H;1;1229;534;12;683;683;224;174;285;331;149;151;47;5
332810601;75;33;33701;33281;330661;3328106;H;2;1520;577;32;912;919;337;171;411;466;196;185;65;7
332810701;75;33;33701;33281;330631;3328107;H;1;1439;469;33;937;942;342;184;417;455;226;187;64;10
332810801;75;33;33701;33281;330661;3328108;H;2;1262;495;14;753;760;293;171;296;340;197;123;74;26
332810901;75;33;33701;33281;330661;3328109;H;1;1486;559;53;874;874;398;103;373;417;198;202;52;5
332811002;75;33;33701;33281;330651;3328110;H;2;1255;454;11;790;794;319;177;298;341;218;174;49;11
332811003;75;33;33701;33281;330651;3328110;H;2;1105;535;64;506;506;157;65;284;295;121;86;4;0
332811101;75;33;33701;33281;330671;3328111;H;1;1914;662;49;1203;1215;510;259;446;504;389;273;42;7
332811201;75;33;33701;33281;330671;3328112;H;1;2319;1155;52;1112;1115;496;159;460;514;288;233;64;16
332811301;75;33;33701;33281;330631;3328113;H;1;984;478;64;442;456;142;128;185;213;142;72;21;7
332811401;75;33;33701;33281;330641;3328114;H;1;1538;352;34;1152;1158;515;158;485;577;288;229;61;4
332811501;75;33;33701;33281;330641;3328115;A;3;67;21;0;46;46;14;14;18;25;14;7;0;0
332811502;75;33;33701;33281;330641;3328115;A;3;36;11;0;25;25;18;3;4;7;0;18;0;0
332811503;75;33;33701;33281;330641;3328115;A;3;718;279;22;418;425;199;100;127;165;113;98;43;7
332811504;75;33;33701;33281;330641;3328115;A;3;34;16;4;14;14;7;3;3;7;7;0;0;0
332820000;75;33;33000;33282;ZZZZZZ;3328200;Z;5;136;25;0;112;112;47;5;60;65;15;21;5;5
332830000;75;33;33000;33283;ZZZZZZ;3328300;Z;5;91;20;0;71;76;30;20;25;41;25;10;0;0
332840000;75;33;33205;33284;ZZZZZZ;3328400;Z;5;3830;810;55;2965;2995;1575;355;1065;1200;715;865;190;25
332850000;75;33;33000;33285;ZZZZZZ;3328500;Z;5;180;50;0;130;130;60;20;50;55;40;20;10;5
332870000;75;33;00455;33287;ZZZZZZ;3328700;Z;5;250;65;10;175;175;75;5;95;95;45;30;0;5
332880000;75;33;33000;33288;ZZZZZZ;3328800;Z;5;124;31;5;88;88;36;5;46;57;5;16;5;5
332890000;75;33;33000;33289;ZZZZZZ;3328900;Z;5;680;290;10;380;380;125;85;170;180;105;70;25;0
332900000;75;33;33000;33290;ZZZZZZ;3329000;Z;5;630;162;20;449;458;211;45;202;221;118;81;32;5
332910000;75;33;33000;33291;ZZZZZZ;3329100;Z;5;76;20;10;46;46;20;5;20;30;5;10;0;0
332920000;75;33;33000;33292;ZZZZZZ;3329200;Z;5;55;15;0;40;40;25;5;10;20;5;10;5;0
332930000;75;33;33701;33293;ZZZZZZ;3329300;Z;5;1318;325;29;964;983;458;162;363;449;229;248;48;10
332940000;75;33;33206;33294;ZZZZZZ;3329400;Z;5;219;55;5;160;160;75;20;65;85;35;30;5;5
332950000;75;33;33000;33295;ZZZZZZ;3329500;Z;5;35;5;0;30;30;5;5;20;25;0;5;0;0
332960000;75;33;33000;33296;ZZZZZZ;3329600;Z;5;452;134;31;288;288;134;36;118;134;57;62;36;0
332970000;75;33;33000;33297;ZZZZZZ;3329700;Z;5;702;141;5;556;570;307;24;239;278;127;132;24;10
332980000;75;33;33000;33298;ZZZZZZ;3329800;Z;5;427;109;5;313;313;129;50;134;159;60;79;10;5
332990000;75;33;33000;33299;ZZZZZZ;3329900;Z;5;150;30;10;110;115;45;15;55;65;20;25;5;0
333000000;75;33;33000;33300;ZZZZZZ;3330000;Z;5;474;119;15;339;339;123;36;180;196;62;56;20;5
333010000;75;33;33000;33301;ZZZZZZ;3330100;Z;5;234;49;5;180;180;78;19;83;83;34;49;10;5
333020000;75;33;33000;33302;ZZZZZZ;3330200;Z;5;179;62;0;117;117;39;22;56;67;28;11;6;6
333030000;75;33;33701;33303;ZZZZZZ;3330300;Z;5;363;92;20;251;251;92;25;134;159;40;43;5;5
333040000;75;33;33000;33304;ZZZZZZ;3330400;Z;5;67;21;5;41;41;10;5;26;31;0;5;5;0
333050000;75;33;33000;33305;ZZZZZZ;3330500;Z;5;207;45;0;162;162;85;10;66;77;42;32;11;0
333060000;75;33;33000;33306;ZZZZZZ;3330600;Z;5;181;28;0;153;153;70;23;60;65;47;23;14;5
333070000;75;33;33000;33307;ZZZZZZ;3330700;Z;5;694;175;5;514;514;240;70;205;230;130;110;35;10
333080000;75;33;33000;33308;ZZZZZZ;3330800;Z;5;120;30;0;90;90;50;0;40;50;25;10;5;0
333090000;75;33;33000;33309;ZZZZZZ;3330900;Z;5;212;55;5;152;157;56;20;81;86;25;30;10;5
333100000;75;33;33000;33310;ZZZZZZ;3331000;Z;5;75;25;0;50;55;25;10;20;25;5;20;5;0
333110000;75;33;33701;33311;ZZZZZZ;3331100;Z;5;527;156;10;361;361;156;60;145;186;75;65;25;10
333120101;75;33;33701;33312;ZZZZZZ;3331201;H;4;1521;432;10;1078;1078;442;185;452;520;243;233;68;15
333120102;75;33;33701;33312;ZZZZZZ;3331201;H;4;889;219;0;670;680;301;121;257;330;199;112;39;0
333120103;75;33;33701;33312;ZZZZZZ;3331201;H;4;1346;427;15;904;918;379;117;423;461;189;233;34;0
333140101;75;33;33201;33314;ZZZZZZ;3331401;H;4;993;360;35;598;603;227;85;291;331;144;79;44;5
333140102;75;33;33201;33314;ZZZZZZ;3331401;H;4;1213;441;40;732;732;276;154;301;376;150;148;34;24
333150000;75;33;33302;33315;ZZZZZZ;3331500;Z;5;667;189;5;473;483;184;85;214;234;105;100;30;15
333160000;75;33;33000;33316;ZZZZZZ;3331600;Z;5;490;160;15;315;320;125;40;155;185;60;55;20;0
333170000;75;33;33000;33317;ZZZZZZ;3331700;Z;5;480;105;15;360;365;175;60;130;155;90;90;20;10
333180102;75;33;33701;33318;330691;3331801;H;1;1067;288;22;757;764;303;203;258;304;250;128;68;14
333180103;75;33;33701;33318;330701;3331801;H;1;1335;412;45;879;883;359;90;434;483;181;175;39;4
333180104;75;33;33701;33318;330701;3331801;H;1;1242;397;55;790;793;365;115;313;383;194;152;57;7
333180105;75;33;33701;33318;330711;3331801;H;1;1111;562;36;512;516;197;89;230;268;139;94;11;4
333180106;75;33;33701;33318;330721;3331801;H;1;2045;951;87;1007;1016;431;118;466;496;228;186;91;15
333180107;75;33;33701;33318;330711;3331801;H;1;1094;384;49;662;666;253;111;302;358;126;145;33;3
333180108;75;33;33701;33318;330721;3331801;H;1;1587;599;49;939;947;332;187;427;481;216;191;40;19
333180109;75;33;33701;33318;330731;3331801;H;1;1231;391;20;819;828;309;133;386;465;182;137;35;8
333180110;75;33;33701;33318;330731;3331801;H;1;1448;368;48;1033;1041;523;144;374;436;256;263;76;10
333180111;75;33;33701;33318;330691;3331801;H;1;1393;240;8;1145;1154;417;143;594;684;207;205;50;8
333180112;75;33;33701;33318;330691;3331801;H;1;1549;439;32;1078;1093;477;256;360;434;314;260;54;31
333180113;75;33;33701;33318;330741;3331801;H;1;1437;745;33;660;664;199;182;283;324;176;104;42;18
333180115;75;33;33701;33318;330741;3331801;H;1;1949;852;50;1047;1052;488;124;440;500;230;243;73;5
333180116;75;33;33701;33318;330711;3331801;H;1;1439;729;34;677;677;347;91;239;296;159;184;24;14
333180117;75;33;33701;33318;330741;3331801;H;1;1982;1312;193;477;477;109;86;282;303;77;63;23;12
333180118;75;33;33701;33318;330741;3331801;H;3;1548;1389;115;44;44;4;8;31;31;7;1;1;3
333180119;75;33;33701;33318;330741;3331801;H;1;1095;371;31;693;700;325;238;137;197;187;180;110;26
333180120;75;33;33701;33318;330731;3331801;A;3;92;18;0;74;79;35;5;39;41;16;12;10;0
333180121;75;33;33701;33318;330751;3331801;H;1;1214;525;44;644;644;186;149;309;333;150;110;43;8
333180122;75;33;33701;33318;330751;3331801;H;1;1251;577;62;611;618;267;203;148;214;214;92;75;23
333180123;75;33;33701;33318;330681;3331801;H;2;984;162;8;814;814;466;70;279;327;208;232;43;4
333180124;75;33;33701;33318;330681;3331801;H;2;1497;287;13;1197;1201;650;128;423;496;293;304;81;26
333190000;75;33;33000;33319;ZZZZZZ;3331900;Z;5;230;95;10;125;125;40;15;70;90;5;20;10;0
333200000;75;33;33000;33320;ZZZZZZ;3332000;Z;5;288;68;0;220;220;108;35;77;92;55;59;10;5
333210000;75;33;33000;33321;ZZZZZZ;3332100;Z;5;804;142;10;652;663;384;86;192;253;202;162;40;5
333220101;75;33;33701;33322;ZZZZZZ;3332201;H;4;1325;225;25;1075;1085;505;145;435;510;235;250;75;15
333220102;75;33;33701;33322;ZZZZZZ;3332201;H;4;1240;220;5;1015;1030;450;90;490;555;190;215;65;5
333230000;75;33;33000;33323;ZZZZZZ;3332300;Z;5;345;73;10;262;262;107;36;119;129;67;46;15;5
333240000;75;33;00553;33324;ZZZZZZ;3332400;Z;5;2096;847;10;1239;1243;411;213;619;664;297;173;89;20
333250000;75;33;33000;33325;ZZZZZZ;3332500;Z;5;397;123;5;270;274;104;24;147;156;61;43;9;5
333260000;75;33;33000;33326;ZZZZZZ;3332600;Z;5;95;35;5;55;55;30;0;25;30;10;10;5;0
333270000;75;33;33120;33327;ZZZZZZ;3332700;Z;5;1198;321;10;866;877;362;127;387;413;183;199;71;10
333280000;75;33;33401;33328;ZZZZZZ;3332800;Z;5;279;102;0;177;177;72;5;100;115;34;19;9;0
333290000;75;33;33000;33329;ZZZZZZ;3332900;Z;5;112;31;0;82;82;46;15;20;25;25;20;10;0
333300000;75;33;33701;33330;ZZZZZZ;3333000;Z;5;1180;210;15;955;960;420;90;450;490;190;240;35;5
333310000;75;33;33000;33331;ZZZZZZ;3333100;Z;5;206;62;10;134;134;64;20;50;55;25;39;5;9
333320000;75;33;00354;33332;ZZZZZZ;3333200;Z;5;376;97;0;280;285;122;20;142;168;51;56;10;0
333330000;75;33;33000;33333;ZZZZZZ;3333300;Z;5;1315;315;20;980;985;475;75;435;480;210;250;35;10
333340000;75;33;33207;33334;ZZZZZZ;3333400;Z;5;1078;268;25;785;785;422;86;277;323;206;201;45;10
333350000;75;33;33000;33335;ZZZZZZ;3333500;Z;5;216;34;0;182;182;102;20;60;65;60;41;10;5
333360000;75;33;33000;33336;ZZZZZZ;3333600;Z;5;482;178;0;304;304;104;35;166;191;60;34;15;5
333370000;75;33;33101;33337;ZZZZZZ;3333700;Z;5;935;330;5;600;605;235;105;265;310;125;115;45;10
333390000;75;33;33306;33339;ZZZZZZ;3333900;Z;5;595;165;30;400;400;175;55;170;205;95;80;15;5
333410000;75;33;33000;33341;ZZZZZZ;3334100;Z;5;966;290;15;661;666;310;50;305;355;125;140;35;10
333420000;75;33;33000;33342;ZZZZZZ;3334200;Z;5;385;120;0;265;265;109;36;120;140;68;47;10;0
333430000;75;33;33000;33343;ZZZZZZ;3334300;Z;5;336;85;0;251;251;88;25;139;149;45;39;19;0
333440000;75;33;33000;33344;ZZZZZZ;3334400;Z;5;255;92;0;163;163;63;20;80;105;24;29;5;0
333450000;75;33;33000;33345;ZZZZZZ;3334500;Z;5;167;35;5;127;127;56;5;66;66;25;25;10;0
333460000;75;33;33000;33346;ZZZZZZ;3334600;Z;5;170;42;0;128;128;61;5;62;72;21;20;10;5
333470000;75;33;33000;33347;ZZZZZZ;3334700;Z;5;120;25;0;95;95;45;5;45;50;15;20;10;0
333480000;75;33;33000;33348;ZZZZZZ;3334800;Z;5;637;196;20;421;426;151;46;230;275;66;60;20;5
333490000;75;33;33701;33349;ZZZZZZ;3334900;Z;5;870;190;15;665;665;315;95;255;310;135;165;50;5
333500000;75;33;33000;33350;ZZZZZZ;3335000;Z;5;531;184;20;327;327;124;55;147;172;55;75;20;5
333510000;75;33;33000;33351;ZZZZZZ;3335100;Z;5;650;169;21;460;460;209;47;204;230;99;80;39;11
333520000;75;33;33206;33352;ZZZZZZ;3335200;Z;5;2010;865;70;1075;1090;395;205;490;555;265;160;90;20
333530000;75;33;33000;33353;ZZZZZZ;3335300;Z;5;81;25;5;51;51;25;0;25;25;10;10;5;0
333540000;75;33;33000;33354;ZZZZZZ;3335400;Z;5;72;14;0;58;58;24;10;24;24;14;19;0;0
333550000;75;33;33000;33355;ZZZZZZ;3335500;Z;5;697;236;15;446;459;193;99;167;207;119;101;28;4
333560000;75;33;33000;33356;ZZZZZZ;3335600;Z;5;189;46;5;138;143;66;10;67;72;41;20;5;5
333570000;75;33;33000;33357;ZZZZZZ;3335700;Z;5;635;110;5;520;530;265;35;230;240;95;160;30;5
333580000;75;33;33000;33358;ZZZZZZ;3335800;Z;5;180;37;5;138;138;76;16;47;47;41;41;5;5
333590000;75;33;33000;33359;ZZZZZZ;3335900;Z;5;118;20;0;97;97;31;10;56;56;20;15;5;0
333600000;75;33;33000;33360;ZZZZZZ;3336000;Z;5;133;37;5;91;91;37;16;37;53;11;21;0;5
333610000;75;33;33000;33361;ZZZZZZ;3336100;Z;5;245;60;10;175;175;75;10;90;90;20;60;5;0
333620000;75;33;33000;33362;ZZZZZZ;3336200;Z;5;531;131;15;384;384;167;71;147;177;96;76;30;5
333630000;75;33;33000;33363;ZZZZZZ;3336300;Z;5;1623;294;15;1314;1329;675;175;479;546;350;335;77;21
333640000;75;33;33000;33364;ZZZZZZ;3336400;Z;5;171;39;0;132;132;62;20;50;50;46;21;11;5
333650000;75;33;33000;33365;ZZZZZZ;3336500;Z;5;93;26;0;67;67;21;10;36;36;10;16;0;5
333660101;75;33;33306;33366;ZZZZZZ;3336601;H;Z;1780;764;27;989;989;342;251;397;440;226;236;73;15
333660102;75;33;33306;33366;ZZZZZZ;3336601;H;Z;1439;379;32;1028;1028;484;143;401;434;282;240;55;17
333660103;75;33;33306;33366;ZZZZZZ;3336601;H;Z;1713;602;28;1082;1090;518;131;441;506;214;283;74;13
333670000;75;33;33000;33367;ZZZZZZ;3336700;Z;5;179;42;10;127;127;65;5;57;67;25;30;5;0
333690000;75;33;33000;33369;ZZZZZZ;3336900;Z;5;305;85;5;215;215;80;15;120;125;40;35;10;5
333700000;75;33;33000;33370;ZZZZZZ;3337000;Z;5;261;88;5;168;168;67;0;101;110;24;24;9;0
333720000;75;33;33000;33372;ZZZZZZ;3337200;Z;5;25;5;0;20;20;5;5;10;10;10;0;0;0
333730000;75;33;00354;33373;ZZZZZZ;3337300;Z;5;237;60;0;177;177;66;30;80;91;35;36;5;10
333740000;75;33;33000;33374;ZZZZZZ;3337400;Z;5;348;105;5;238;238;94;30;115;115;50;44;20;10
333750000;75;33;33000;33375;ZZZZZZ;3337500;Z;5;163;42;0;121;121;29;15;77;82;10;20;10;0
333760000;75;33;33701;33376;ZZZZZZ;3337600;Z;5;2733;476;27;2229;2234;1090;233;912;966;480;601;152;36
333770000;75;33;33000;33377;ZZZZZZ;3337700;Z;5;30;5;0;25;25;10;0;15;15;5;0;5;0
333780000;75;33;00553;33378;ZZZZZZ;3337800;Z;5;636;174;5;457;462;129;99;234;253;75;89;35;10
333790000;75;33;33000;33379;ZZZZZZ;3337900;Z;5;104;19;10;75;75;35;20;20;30;30;15;0;0
333800000;75;33;33000;33380;ZZZZZZ;3338000;Z;5;752;201;30;521;521;188;89;244;284;104;84;39;10
333810000;75;33;33701;33381;ZZZZZZ;3338100;Z;5;1268;267;15;986;997;493;126;377;402;282;267;35;10
333820000;75;33;33000;33382;ZZZZZZ;3338200;Z;5;808;257;20;531;531;213;79;239;274;109;102;37;9
333830000;75;33;33000;33383;ZZZZZZ;3338300;Z;5;147;61;0;86;86;25;30;30;36;30;20;0;0
333840000;75;33;33000;33384;ZZZZZZ;3338400;Z;5;185;46;10;129;139;39;34;65;85;25;24;5;0
333850000;75;33;33000;33385;ZZZZZZ;3338500;Z;5;302;73;0;228;228;108;20;100;115;46;47;11;11
333860000;75;33;33000;33386;ZZZZZZ;3338600;Z;5;77;19;0;57;57;24;5;29;29;14;14;0;0
333870000;75;33;33000;33387;ZZZZZZ;3338700;Z;5;522;112;5;405;405;215;49;141;161;93;117;24;10
333880000;75;33;33000;33388;ZZZZZZ;3338800;Z;5;332;82;15;235;235;107;41;87;123;41;46;10;15
333890000;75;33;33107;33389;ZZZZZZ;3338900;Z;5;1315;430;25;860;865;310;135;420;495;150;155;50;15
333900000;75;33;33000;33390;ZZZZZZ;3339000;Z;5;158;27;0;131;136;59;10;67;82;25;20;5;5
333910000;75;33;33000;33391;ZZZZZZ;3339100;Z;5;140;40;0;100;100;40;10;50;50;30;20;0;0
333920000;75;33;33000;33392;ZZZZZZ;3339200;Z;5;364;99;15;250;260;95;70;95;120;60;60;10;10
333930000;75;33;33401;33393;ZZZZZZ;3339300;Z;5;2215;627;20;1569;1589;691;257;641;755;350;350;79;54
333940000;75;33;33401;33394;ZZZZZZ;3339400;Z;5;855;290;5;560;560;205;65;290;325;90;120;20;5
333950000;75;33;33000;33395;ZZZZZZ;3339500;Z;5;719;217;20;482;482;183;90;210;220;144;89;20;10
333960000;75;33;33000;33396;ZZZZZZ;3339600;Z;5;101;30;0;71;71;30;12;30;36;18;12;0;6
333970000;75;33;33701;33397;ZZZZZZ;3339700;Z;5;1839;388;35;1416;1416;620;148;648;750;224;302;106;33
333980000;75;33;33000;33398;ZZZZZZ;3339800;Z;5;61;10;0;51;51;31;0;20;20;15;10;5;0
333990000;75;33;33000;33399;ZZZZZZ;3339900;Z;5;126;33;5;88;88;33;10;46;46;24;18;0;0
334000000;75;33;33000;33400;ZZZZZZ;3340000;Z;5;169;56;0;113;113;41;21;51;56;26;21;5;5
334010000;75;33;33000;33401;ZZZZZZ;3340100;Z;5;60;15;0;45;45;20;5;20;25;10;10;0;0
334020000;75;33;00553;33402;ZZZZZZ;3340200;Z;5;1250;645;25;580;585;190;200;195;245;180;80;60;20
334030000;75;33;33000;33403;ZZZZZZ;3340300;Z;5;51;15;0;36;36;15;0;20;20;5;5;0;5
334040000;75;33;33000;33404;ZZZZZZ;3340400;Z;5;83;23;0;60;60;14;0;46;51;0;5;5;0
334050000;75;33;33301;33405;ZZZZZZ;3340500;Z;5;210;60;5;145;145;65;5;75;85;20;30;10;0
334060000;75;33;33000;33406;ZZZZZZ;3340600;Z;5;163;40;0;123;123;63;0;60;65;29;19;5;5
334070000;75;33;33000;33407;ZZZZZZ;3340700;Z;5;306;54;21;231;231;126;21;84;90;57;65;20;0
334080000;75;33;33000;33408;ZZZZZZ;3340800;Z;5;153;36;10;107;107;61;5;41;46;31;26;5;0
334090000;75;33;33000;33409;ZZZZZZ;3340900;Z;5;41;16;0;26;26;16;0;10;16;5;0;0;5
334110000;75;33;33000;33411;ZZZZZZ;3341100;Z;5;67;15;0;52;57;21;0;36;36;10;5;5;0
334120000;75;33;33000;33412;ZZZZZZ;3341200;Z;5;503;123;25;355;385;126;61;198;218;91;56;20;0
334130000;75;33;33000;33413;ZZZZZZ;3341300;Z;5;890;190;15;685;700;280;75;345;375;140;140;40;5
334140000;75;33;33000;33414;ZZZZZZ;3341400;Z;5;162;40;5;117;117;52;10;55;61;20;21;10;5
334150000;75;33;33306;33415;ZZZZZZ;3341500;Z;5;740;162;10;568;573;296;67;210;246;155;114;47;11
334160000;75;33;33000;33416;ZZZZZZ;3341600;Z;5;400;103;15;282;287;132;20;136;141;74;58;10;5
334170000;75;33;33000;33417;ZZZZZZ;3341700;Z;5;1074;223;20;831;836;475;69;292;317;247;218;49;5
334180000;75;33;33000;33418;ZZZZZZ;3341800;Z;5;165;45;5;115;115;40;20;55;75;10;25;0;5
334190000;75;33;33000;33419;ZZZZZZ;3341900;Z;5;30;10;5;15;15;10;0;5;10;0;0;5;0
334200000;75;33;33000;33420;ZZZZZZ;3342000;Z;5;51;15;0;36;41;26;0;15;20;15;5;0;0
334210000;75;33;33000;33421;ZZZZZZ;3342100;Z;5;175;40;0;135;135;66;0;70;75;25;25;5;5
334220101;75;33;33701;33422;ZZZZZZ;3342201;H;4;1506;378;9;1119;1123;583;172;368;424;340;266;84;9
334220102;75;33;33701;33422;ZZZZZZ;3342201;H;4;1809;415;9;1384;1389;671;242;475;541;368;406;70;5
334230000;75;33;33000;33423;ZZZZZZ;3342300;Z;5;263;83;0;180;180;88;24;68;93;39;39;5;5
334240000;75;33;33110;33424;ZZZZZZ;3342400;Z;5;1949;562;19;1367;1372;640;170;562;621;320;310;97;24
334250000;75;33;33306;33425;ZZZZZZ;3342500;Z;5;570;120;0;450;450;230;45;175;190;110;115;30;5
334260000;75;33;33000;33426;ZZZZZZ;3342600;Z;5;130;51;0;79;79;34;5;40;60;5;10;5;0
334270000;75;33;33000;33427;ZZZZZZ;3342700;Z;5;101;25;0;76;76;35;0;40;40;10;15;5;5
334280000;75;33;33000;33428;ZZZZZZ;3342800;Z;5;44;16;0;27;33;11;5;16;22;5;0;0;5
334290000;75;33;33000;33429;ZZZZZZ;3342900;Z;5;140;31;0;109;109;62;5;41;47;31;26;0;5
334310000;75;33;33000;33431;ZZZZZZ;3343100;Z;5;129;20;5;104;104;45;15;45;55;20;25;5;0
334320000;75;33;33303;33432;ZZZZZZ;3343200;Z;5;80;15;0;65;65;30;15;20;20;15;25;5;0
334330101;75;33;33701;33433;ZZZZZZ;3343301;H;4;1451;401;41;1009;1014;446;142;426;462;213;259;76;5
334330102;75;33;33701;33433;ZZZZZZ;3343301;H;4;1101;238;30;832;837;401;96;340;386;198;188;51;15
334330103;75;33;33701;33433;ZZZZZZ;3343301;H;4;1212;223;20;969;969;451;127;391;436;228;238;51;15
334340000;75;33;33000;33434;ZZZZZZ;3343400;Z;5;887;245;0;641;646;296;105;245;291;165;130;45;15
334350000;75;33;33117;33435;ZZZZZZ;3343500;Z;5;900;383;30;487;497;212;110;175;205;159;104;10;19
334360000;75;33;33000;33436;ZZZZZZ;3343600;Z;5;383;88;10;285;285;131;31;123;123;86;65;10;0
334370000;75;33;00257;33437;ZZZZZZ;3343700;Z;5;869;255;15;598;598;219;81;298;344;131;80;25;19
334380000;75;33;33117;33438;ZZZZZZ;3343800;Z;5;784;192;10;582;587;261;64;261;306;89;123;54;15
334390000;75;33;33210;33439;ZZZZZZ;3343900;Z;5;607;121;15;471;481;205;40;236;251;90;105;25;10
334400000;75;33;33000;33440;ZZZZZZ;3344000;Z;5;105;25;0;80;80;40;15;25;35;20;20;0;5
334410000;75;33;33301;33441;ZZZZZZ;3344100;Z;5;525;199;5;321;326;121;49;155;209;49;44;10;15
334420000;75;33;33000;33442;ZZZZZZ;3344200;Z;5;207;41;0;166;166;75;10;81;86;40;35;5;0
334430000;75;33;33000;33443;ZZZZZZ;3344300;Z;5;60;14;9;37;42;19;0;23;28;5;5;5;0
334440000;75;33;33000;33444;ZZZZZZ;3344400;Z;5;246;67;0;179;184;82;31;72;92;36;46;0;10
334450000;75;33;33000;33445;ZZZZZZ;3344500;Z;5;333;57;0;276;281;138;25;117;132;75;55;19;0
334460000;75;33;33000;33446;ZZZZZZ;3344600;Z;5;82;22;0;60;60;27;5;27;44;5;11;0;0
334470000;75;33;33202;33447;ZZZZZZ;3344700;Z;5;1095;383;15;697;702;249;149;304;368;119;144;45;25
334480000;75;33;33701;33448;ZZZZZZ;3344800;Z;5;1141;237;15;889;894;451;62;382;448;178;220;39;10
334490101;75;33;33701;33449;330761;3344901;D;3;105;44;0;61;61;27;12;23;29;16;17;0;0
334490102;75;33;33701;33449;330761;3344901;H;1;1123;269;6;848;862;373;102;387;439;184;188;44;6
334490103;75;33;33701;33449;330771;3344901;H;1;869;157;11;701;705;280;102;322;362;159;136;41;7
334490104;75;33;33701;33449;330771;3344901;H;1;1597;288;32;1277;1283;489;193;602;670;232;304;68;9
334490105;75;33;33701;33449;330781;3344901;H;1;1166;321;18;826;834;345;80;409;447;164;174;49;0
334490106;75;33;33701;33449;330781;3344901;H;1;1935;814;44;1077;1080;388;295;396;420;364;219;68;9
334490107;75;33;33701;33449;330791;3344901;H;1;1369;409;15;945;955;376;198;381;456;241;187;57;14
334490108;75;33;33701;33449;330791;3344901;H;1;1250;380;6;864;868;384;93;391;410;204;211;32;11
334490109;75;33;33701;33449;330791;3344901;H;1;1190;259;19;912;917;385;92;440;498;173;199;35;11
334490110;75;33;33701;33449;330761;3344901;A;3;36;13;0;23;23;9;0;15;15;0;4;5;0
334490111;75;33;33701;33449;330761;3344901;A;3;0;0;0;0;0;0;0;0;0;0;0;0;0
334490112;75;33;33701;33449;330761;3344901;H;1;1689;481;29;1178;1190;591;217;381;441;310;353;75;11
334490113;75;33;33701;33449;330761;3344901;H;1;887;167;15;705;705;430;59;216;267;195;204;35;3
334500000;75;33;33000;33450;ZZZZZZ;3345000;Z;5;112;44;0;68;73;19;10;44;44;10;19;0;0
334510000;75;33;33000;33451;ZZZZZZ;3345100;Z;5;215;50;0;165;165;65;20;80;100;25;25;10;5
334520000;75;33;33000;33452;ZZZZZZ;3345200;Z;5;271;48;0;224;224;124;24;76;100;62;52;10;0
334530000;75;33;33000;33453;ZZZZZZ;3345300;Z;5;98;26;0;72;72;31;5;36;41;10;16;0;5
334540000;75;33;33000;33454;ZZZZZZ;3345400;Z;5;649;160;10;479;479;284;46;149;164;133;126;50;5
334560000;75;33;33000;33456;ZZZZZZ;3345600;Z;5;222;66;5;152;152;71;5;76;76;40;25;10;0
334570000;75;33;33303;33457;ZZZZZZ;3345700;Z;5;231;53;0;177;177;99;5;73;88;35;44;5;5
334580000;75;33;33000;33458;ZZZZZZ;3345800;Z;5;398;118;0;279;279;128;24;128;137;66;57;14;5
334590000;75;33;33000;33459;ZZZZZZ;3345900;Z;5;93;31;5;57;57;21;0;36;41;10;5;0;0
334600000;75;33;33000;33460;ZZZZZZ;3346000;Z;5;257;58;5;194;194;83;20;92;117;39;29;9;0
334610000;75;33;33000;33461;ZZZZZZ;3346100;Z;5;165;50;0;115;115;35;10;70;75;10;20;10;0
334620000;75;33;00553;33462;ZZZZZZ;3346200;Z;5;199;41;10;147;147;57;10;80;85;20;33;9;0
334630000;75;33;33000;33463;ZZZZZZ;3346300;Z;5;609;211;0;398;403;171;45;186;201;96;76;25;5
334640000;75;33;33000;33464;ZZZZZZ;3346400;Z;5;133;37;0;96;96;43;5;48;48;32;11;5;0
334650000;75;33;33303;33465;ZZZZZZ;3346500;Z;5;498;127;5;366;366;151;44;171;195;78;63;24;5
334660000;75;33;33701;33466;ZZZZZZ;3346600;Z;5;1066;382;26;658;668;323;104;240;267;188;156;42;16
334670000;75;33;33000;33467;ZZZZZZ;3346700;Z;5;115;35;0;80;80;20;10;50;50;20;10;0;0
334680000;75;33;33000;33468;ZZZZZZ;3346800;Z;5;194;47;0;147;147;58;16;74;89;21;21;11;5
334700000;75;33;33123;33470;ZZZZZZ;3347000;Z;5;347;56;10;281;286;104;30;151;176;35;60;15;0
334710000;75;33;33000;33471;ZZZZZZ;3347100;Z;5;527;109;5;413;418;162;60;196;211;100;78;24;5
334720000;75;33;33000;33472;ZZZZZZ;3347200;Z;5;151;46;4;102;102;30;14;57;62;14;22;4;0
334730000;75;33;33119;33473;ZZZZZZ;3347300;Z;5;1269;338;15;915;915;463;119;333;403;189;224;80;20
334740000;75;33;33000;33474;ZZZZZZ;3347400;Z;5;1079;182;16;882;882;494;100;288;304;211;298;54;16
334750000;75;33;33124;33475;ZZZZZZ;3347500;Z;5;183;45;0;139;144;59;25;59;64;40;25;15;0
334760000;75;33;33000;33476;ZZZZZZ;3347600;Z;5;311;100;5;206;206;85;35;85;95;60;30;10;10
334770000;75;33;33301;33477;ZZZZZZ;3347700;Z;5;395;167;5;222;222;63;54;105;130;39;39;10;5
334780000;75;33;33202;33478;ZZZZZZ;3347800;Z;5;1513;590;40;882;882;293;170;419;494;185;128;39;38
334790000;75;33;33000;33479;ZZZZZZ;3347900;Z;5;100;25;0;75;75;35;5;35;40;10;20;5;0
334800000;75;33;33401;33480;ZZZZZZ;3348000;Z;5;610;175;5;430;440;160;60;220;260;100;70;5;5
334810000;75;33;33000;33481;ZZZZZZ;3348100;Z;5;105;25;5;75;80;25;5;50;55;5;15;5;0
334820000;75;33;33000;33482;ZZZZZZ;3348200;Z;5;91;24;0;67;67;24;10;34;34;10;19;5;0
334830000;75;33;33701;33483;ZZZZZZ;3348300;Z;5;1948;487;20;1441;1451;636;184;631;725;358;293;65;10
334840000;75;33;33000;33484;ZZZZZZ;3348400;Z;5;807;286;0;522;532;191;65;276;316;95;80;30;10
334850000;75;33;33000;33485;ZZZZZZ;3348500;Z;5;765;205;30;530;535;245;80;210;260;130;105;35;5
334860000;75;33;33000;33486;ZZZZZZ;3348600;Z;5;135;30;0;105;105;50;5;50;55;25;15;10;0
334870000;75;33;33701;33487;ZZZZZZ;3348700;Z;5;387;93;10;285;285;123;40;121;126;85;49;19;5
334880000;75;33;33000;33488;ZZZZZZ;3348800;Z;5;172;46;5;121;121;50;25;46;56;40;15;10;0
334890000;75;33;33000;33489;ZZZZZZ;3348900;Z;5;140;40;5;95;95;35;15;45;50;10;25;5;5
334900000;75;33;33000;33490;ZZZZZZ;3349000;Z;5;874;308;10;556;556;144;74;338;363;94;74;15;10
334910000;75;33;33000;33491;ZZZZZZ;3349100;Z;5;167;43;0;124;124;38;14;72;72;29;14;5;5
334920000;75;33;33119;33492;ZZZZZZ;3349200;Z;5;977;278;25;673;673;301;136;237;267;171;155;60;20
334930000;75;33;33000;33493;ZZZZZZ;3349300;Z;5;188;59;0;129;134;48;32;54;86;27;16;5;0
334940000;75;33;33000;33494;ZZZZZZ;3349400;Z;5;395;70;10;315;315;195;5;115;130;70;100;15;0
334960000;75;33;33701;33496;ZZZZZZ;3349600;Z;5;1006;217;0;789;794;392;80;321;364;203;175;43;9
334980000;75;33;33204;33498;ZZZZZZ;3349800;Z;5;2822;678;46;2098;2113;1016;244;853;965;468;505;126;50
334990000;75;33;33000;33499;ZZZZZZ;3349900;Z;5;169;49;0;120;120;49;0;71;71;22;22;5;0
335000000;75;33;33124;33500;ZZZZZZ;3350000;Z;5;191;57;0;134;139;58;15;65;80;34;19;0;5
335010000;75;33;33000;33501;ZZZZZZ;3350100;Z;5;1167;205;11;951;962;530;76;356;399;249;271;43;0
335020000;75;33;33000;33502;ZZZZZZ;3350200;Z;5;176;39;0;137;142;64;20;59;59;44;34;5;0
335030000;75;33;33000;33503;ZZZZZZ;3350300;Z;5;228;46;0;182;192;86;0;106;116;30;35;10;0
335040000;75;33;33000;33504;ZZZZZZ;3350400;Z;5;328;89;0;238;238;124;15;99;109;55;50;20;5
335050000;75;33;33000;33505;ZZZZZZ;3350500;Z;5;595;134;5;456;461;219;57;184;210;119;92;35;5
335060000;75;33;33000;33506;ZZZZZZ;3350600;Z;5;877;376;10;492;497;178;67;251;265;116;82;29;5
335070000;75;33;33000;33507;ZZZZZZ;3350700;Z;5;155;60;5;90;95;40;5;50;55;15;20;5;0
335080000;75;33;33000;33508;ZZZZZZ;3350800;Z;5;248;51;0;197;212;86;5;121;126;40;40;5;0
335090000;75;33;33000;33509;ZZZZZZ;3350900;Z;5;215;51;5;159;159;59;20;80;95;30;29;0;5
335100000;75;33;33000;33510;ZZZZZZ;3351000;Z;5;82;24;0;58;58;39;5;14;24;14;10;10;0
335110000;75;33;33000;33511;ZZZZZZ;3351100;Z;5;146;47;10;90;90;39;10;41;55;10;15;10;0
335120000;75;33;33000;33512;ZZZZZZ;3351200;Z;5;161;40;5;116;116;50;10;55;60;30;25;0;0
335130000;75;33;33000;33513;ZZZZZZ;3351300;Z;5;55;20;0;35;35;15;5;15;25;5;0;5;0
335140000;75;33;33104;33514;ZZZZZZ;3351400;Z;5;1380;580;30;770;785;215;100;470;540;120;100;20;5
335150000;75;33;33000;33515;ZZZZZZ;3351500;Z;5;181;41;10;130;130;59;5;66;66;25;29;10;0
335160000;75;33;33000;33516;ZZZZZZ;3351600;Z;5;76;15;0;61;66;20;10;36;41;10;15;0;0
335170000;75;33;33116;33517;ZZZZZZ;3351700;Z;5;639;117;5;517;522;220;70;232;262;110;100;40;10
335180000;75;33;33701;33518;ZZZZZZ;3351800;Z;5;459;105;5;349;349;145;40;165;185;85;55;25;0
335190101;75;33;33701;33519;ZZZZZZ;3351901;H;4;1493;299;25;1170;1175;563;159;453;513;319;284;50;10
335190102;75;33;33701;33519;ZZZZZZ;3351901;H;4;886;189;5;692;692;319;30;343;378;110;154;35;15
335190103;75;33;33701;33519;ZZZZZZ;3351901;H;4;1752;508;10;1235;1235;572;234;428;488;358;279;95;15
335200000;75;33;33000;33520;ZZZZZZ;3352000;Z;5;125;31;0;93;93;47;0;47;52;10;26;5;0
335210000;75;33;33000;33521;ZZZZZZ;3352100;Z;5;350;122;10;218;218;71;30;117;127;41;30;10;10
335220101;75;33;33701;33522;330801;3352201;H;1;3010;1822;132;1055;1059;399;241;419;474;263;225;77;20
335220102;75;33;33701;33522;330811;3352201;H;1;2217;1333;133;750;754;242;163;349;403;189;129;25;8
335220103;75;33;33701;33522;330821;3352201;H;2;2207;1756;182;270;271;86;49;135;154;66;44;5;1
335220104;75;33;33701;33522;330801;3352201;H;1;2683;1680;103;900;919;378;180;362;414;270;184;41;10
335220105;75;33;33701;33522;330811;3352201;H;1;1677;737;97;842;842;291;114;437;480;160;183;18;1
335220106;75;33;33701;33522;330831;3352201;H;1;1632;816;58;758;768;324;129;315;362;178;162;49;16
335220107;75;33;33701;33522;330831;3352201;H;1;1367;650;77;640;640;227;85;328;355;125;126;30;4
335220108;75;33;33701;33522;330841;3352201;H;1;2051;939;101;1011;1015;355;155;505;570;189;209;41;6
335220109;75;33;33701;33522;330841;3352201;H;2;2164;1326;83;755;755;255;128;372;402;178;119;53;2
335220110;75;33;33701;33522;330821;3352201;H;1;1182;527;39;616;618;198;195;224;259;153;118;62;26
335220111;75;33;33701;33522;330821;3352201;H;2;1394;752;61;581;581;213;127;241;275;149;110;39;8
335220112;75;33;33701;33522;330851;3352201;H;1;887;402;42;443;443;138;107;198;226;101;75;37;5
335220113;75;33;33701;33522;330851;3352201;H;1;1509;849;34;626;641;254;222;165;233;175;142;70;22
335230000;75;33;33000;33523;ZZZZZZ;3352300;Z;5;880;271;25;584;584;273;66;244;290;127;111;40;15
335240000;75;33;33123;33524;ZZZZZZ;3352400;Z;5;121;19;10;92;103;47;10;46;51;15;37;0;0
335250000;75;33;33000;33525;ZZZZZZ;3352500;Z;5;540;145;5;390;400;165;60;175;210;80;100;5;5
335260000;75;33;33000;33526;ZZZZZZ;3352600;Z;5;61;20;0;41;41;10;5;25;25;5;10;0;0
335270000;75;33;33501;33527;ZZZZZZ;3352700;Z;5;3379;980;26;2373;2411;988;366;1058;1187;563;495;148;18
335280000;75;33;33000;33528;ZZZZZZ;3352800;Z;5;234;48;0;186;186;101;5;80;100;31;43;11;0
335290101;75;33;33501;33529;330861;3352901;H;1;1684;709;41;934;934;298;159;477;550;207;140;26;11
335290102;75;33;33501;33529;330861;3352901;H;1;1205;318;16;871;879;243;109;526;587;145;98;41;8
335290103;75;33;33501;33529;330871;3352901;H;1;2188;1222;51;915;921;230;245;446;509;237;121;50;4
335290104;75;33;33501;33529;330861;3352901;H;1;1380;654;20;706;709;143;172;394;427;168;93;14;7
335290105;75;33;33501;33529;330871;3352901;H;1;1574;504;23;1047;1050;298;241;511;585;245;169;39;11
335290106;75;33;33501;33529;330871;3352901;H;1;842;194;24;624;627;196;63;368;407;115;93;9;3
335290107;75;33;33501;33529;330881;3352901;H;1;1330;480;27;823;830;263;181;385;430;224;146;27;3
335290201;75;33;33501;33529;330881;3352902;H;1;1036;369;28;638;645;174;63;408;458;104;51;28;4
335290301;75;33;33501;33529;330881;3352903;H;1;1587;396;15;1175;1182;557;164;461;516;288;293;76;10
335300000;75;33;33000;33530;ZZZZZZ;3353000;Z;5;350;70;5;275;275;150;5;120;140;55;60;15;5
335310000;75;33;33000;33531;ZZZZZZ;3353100;Z;5;128;20;0;108;113;47;15;51;56;26;21;11;0
335320000;75;33;33000;33532;ZZZZZZ;3353200;Z;5;205;50;15;140;140;65;25;50;55;50;30;5;0
335330000;75;33;33303;33533;ZZZZZZ;3353300;Z;5;1169;416;5;749;754;324;150;280;343;217;116;58;19
335340000;75;33;33701;33534;ZZZZZZ;3353400;Z;5;368;123;5;240;240;89;60;91;106;55;69;10;0
335350000;75;33;33701;33535;ZZZZZZ;3353500;Z;5;1840;395;30;1415;1425;690;160;575;655;345;350;70;5
335360000;75;33;33000;33536;ZZZZZZ;3353600;Z;5;108;27;0;81;87;38;5;43;43;22;16;5;0
335370000;75;33;33000;33537;ZZZZZZ;3353700;Z;5;210;76;0;134;138;57;19;62;86;33;14;0;5
335380000;75;33;33000;33538;ZZZZZZ;3353800;Z;5;244;86;5;153;163;71;5;86;92;31;25;15;0
335390000;75;33;33701;33539;ZZZZZZ;3353900;Z;5;1581;405;15;1161;1171;571;181;420;483;341;273;63;10
335400000;75;33;33000;33540;ZZZZZZ;3354000;Z;5;1263;531;45;687;687;187;114;386;441;118;101;19;9
335410000;75;33;33000;33541;ZZZZZZ;3354100;Z;5;475;150;20;305;305;105;30;170;185;55;50;10;5
335420000;75;33;33000;33542;ZZZZZZ;3354200;Z;5;345;70;20;255;255;145;10;100;105;55;75;15;5
335430000;75;33;33117;33543;ZZZZZZ;3354300;Z;5;409;120;0;290;290;120;55;115;140;75;50;15;10
335440000;75;33;33000;33544;ZZZZZZ;3354400;Z;5;735;325;15;395;395;100;30;265;300;40;45;10;0
335450000;75;33;33000;33545;ZZZZZZ;3354500;Z;5;522;127;15;380;380;161;49;171;205;78;78;20;0
335460000;75;33;33000;33546;ZZZZZZ;3354600;Z;5;213;50;5;158;168;50;25;94;104;25;35;5;0
335470000;75;33;33000;33547;ZZZZZZ;3354700;Z;5;492;161;5;326;326;123;24;180;185;57;71;9;5
335480000;75;33;33000;33548;ZZZZZZ;3354800;Z;5;505;116;5;384;384;187;35;162;182;106;61;25;10
335490000;75;33;33000;33549;ZZZZZZ;3354900;Z;5;139;37;0;101;101;49;10;42;52;20;25;5;0
335500101;75;33;33701;33550;330891;3355001;H;1;2050;932;68;1050;1063;369;161;533;562;253;201;42;4
335500102;75;33;33701;33550;330901;3355001;H;1;898;249;27;622;626;262;45;320;358;118;121;26;4
335500103;75;33;33701;33550;330901;3355001;H;1;1196;367;19;810;810;386;120;304;364;188;202;52;4
335500104;75;33;33701;33550;330901;3355001;H;1;1034;305;10;719;730;316;98;316;408;130;139;50;3
335500105;75;33;33701;33550;330891;3355001;H;1;1124;391;27;706;722;283;175;264;333;170;170;42;7
335500106;75;33;33701;33550;330911;3355001;H;1;2597;786;95;1716;1751;805;305;641;766;495;381;107;2
335500107;75;33;33701;33550;330911;3355001;H;1;2338;863;38;1437;1450;538;233;680;754;338;269;67;22
335500108;75;33;33701;33550;330901;3355001;H;1;1029;345;27;656;661;265;80;315;366;140;119;31;4
335500109;75;33;33701;33550;330921;3355001;H;1;1485;422;17;1046;1065;460;212;393;468;287;257;42;9
335500110;75;33;33701;33550;330921;3355001;H;1;1567;598;50;919;919;337;285;297;369;290;185;65;11
335510000;75;33;33000;33551;ZZZZZZ;3355100;Z;5;170;40;5;125;125;50;15;60;70;30;20;0;5
335520000;75;33;33120;33552;ZZZZZZ;3355200;Z;5;443;112;0;331;331;170;29;131;160;63;88;19;0
335530000;75;33;33306;33553;ZZZZZZ;3355300;Z;5;374;81;0;293;293;136;25;131;152;51;71;15;5
335540000;75;33;33701;33554;ZZZZZZ;3355400;Z;5;1185;306;10;869;869;357;132;381;426;212;181;50;0
335550000;75;33;33112;33555;ZZZZZZ;3355500;Z;5;1770;328;48;1395;1415;764;151;500;577;379;375;74;10
