INSEE_COM;DEP;IRIS;TYP_IRIS;LAB_IRIS;P19_NSCOL15P_DIPLMIN;P19_NSCOL15P_BEPC;P19_NSCOL15P_CAPBEP;P19_NSCOL15P_BAC;P19_NSCOL15P_SUP2;P19_NSCOL15P_SUP34;P19_NSCOL15P_SUP5
57001;57;570010000;Z;5;55.0;14.0;88.0;46.0;29.0;11.0;7.0
57003;57;570030000;Z;5;339.44042758553;58.0155235955579;354.584919749756;164.189516822666;109.299409444202;65.1990696492216;44.210958730525
57006;57;570060000;Z;5;192.694771185054;40.3401446779435;255.801527707116;130.058308013821;77.8431483740101;45.1103997535189;26.6762538321488
57007;57;570070000;Z;5;14.6456692913386;2.92913385826772;38.0787401574803;12.6929133858268;7.81102362204724;4.88188976377953;3.90551181102362
57010;57;570100000;Z;5;25.1612903225806;7.04516129032258;32.2064516129032;19.1225806451613;11.0709677419355;12.0774193548387;4.0258064516129
57012;57;570120000;Z;5;1139.01807771225;160.579537506958;1538.09723457396;857.339983212685;536.394750062976;303.715303700771;182.362776188968
57013;57;570130000;Z;5;354.778708133967;89.9581339712914;707.53588516746;392.177033492822;228.433014354068;141.507177033493;179.916267942583
57014;57;570140000;Z;5;65.4398032887808;11.6071408597417;98.8472562030636;56.1439634789804;28.8058600833094;13.7141600762052;7.58946513808897
57015;57;570150000;Z;5;77.9718982600595;17.7989713686782;153.519809438845;72.3474072340824;60.3868841007578;43.5315119301756;18.0911890199163
57017;57;570170000;Z;5;272.350900602691;71.9553811707013;535.186196602262;253.98027563917;208.947312839434;125.97836720991;96.7375579641359
57019;57;570190101;H;Z;466.901841016322;77.1492410134149;651.849889748901;316.881781514006;226.067432991235;101.263029929569;74.6696037558985
57019;57;570190102;H;Z;745.019145763915;95.0799622081781;853.325637407949;338.665008787457;143.880582685557;90.1712513664189;49.5983738313296
57019;57;570190103;H;Z;615.745994891403;158.881387390966;1293.77926974645;703.039648062551;495.151071297842;323.838146624301;280.264573526182
57021;57;570210000;Z;5;140.0;55.0;328.0;216.0;156.0;162.0;121.0
57022;57;570220000;Z;5;194.450485583078;32.3941471785264;289.712269136013;170.720682769283;114.043264099283;66.9154133671851;68.2331942696385
57026;57;570260000;Z;5;146.121231726132;34.1583593109365;255.966814851983;125.481558619203;92.2593726439121;62.1786410093045;79.8128553803898
57027;57;570270000;Z;5;26.208;2.016;31.248;11.088;14.112;6.048;1.008
57028;57;570280000;Z;5;131.096556886226;29.0217065868264;254.190119760479;198.148203592815;168.125748502994;107.080089820359;123.092065868264
57029;57;570290000;Z;5;29.0;10.0;63.0;23.0;18.0;16.0;4.0
57030;57;570300000;Z;5;57.4371944613624;19.4878122293242;127.797809989027;57.0922438995928;65.2484399608092;42.8482856242481;31.602793324835
57031;57;570310000;Z;5;128.556784945819;29.4810041252584;170.502025125507;126.800499599248;85.8011849995291;78.6073762914256;90.9407813167854
57032;57;570320103;H;4;396.000053787685;83.0000112736801;575.000078100799;339.000046045513;203.000027572977;126.000017114262;116.000015755986
57032;57;570320104;H;4;458.332945968527;63.0000085571316;557.333314377867;321.333353315065;185.000025128082;138.000018744191;98.9999424544333
57033;57;570330000;Z;5;91.8291801578628;19.2915428926263;135.460594306745;55.421227776805;52.8683678392872;19.8788493861337;20.0255656835029
57037;57;570370000;Z;5;29.3609191151409;6.05422724386811;55.3408331595835;45.9696035834059;31.096378509159;22.0148221639444;4.01171103599551
57038;57;570380000;Z;5;1822.09706881598;314.009978822583;1444.58321908963;791.60003537846;419.145002853162;339.497206518977;303.781537620703
57039;57;570390000;Z;5;194.0;94.0;425.0;325.0;236.0;154.0;149.0
57040;57;570400000;Z;5;25.0;8.0;43.0;40.0;33.0;18.0;20.0
57041;57;570410000;Z;5;482.091006526357;77.8329328310619;646.249526557088;293.265713059461;147.727149997288;106.594339803305;62.1441106544601
57042;57;570420000;Z;5;138.332761578045;24.4116638078902;166.813036020583;72.2178387650086;40.6861063464837;15.2572898799314;12.2058319039451
57043;57;570430000;Z;5;215.98673626281;38.3990941072827;379.884670551469;186.575590833301;165.577963611332;91.1417465829617;92.3084564577672
57045;57;570450000;Z;5;22.7909090909091;3.96363636363636;22.7909090909091;9.90909090909091;13.8727272727273;5.94545454545455;2.97272727272727
57046;57;570460000;Z;5;125.148148148149;26.2407407407409;243.231481481482;123.12962962963;41.3796296296297;53.4907407407407;24.2222222222222
57047;57;570470000;Z;5;179.853766879424;25.2933762827002;283.919276302355;143.23306774526;80.9122284645988;69.4055796546131;33.8498813975786
57049;57;570490000;Z;5;358.900085701944;161.754072866001;739.373411461623;610.407067910542;427.379657466539;479.652168895575;490.878050391332
57051;57;570510000;Z;5;69.6216216216216;14.9189189189189;82.5513513513514;46.7459459459459;31.827027027027;17.9027027027027;3.97837837837838
57053;57;570530000;Z;5;17.6355140186916;5.18691588785047;32.1588785046729;17.6355140186916;7.26168224299065;4.14953271028037;2.07476635514019
57054;57;570540000;Z;5;28.3010752688172;8.08602150537634;49.5268817204301;20.2150537634409;21.2258064516129;8.08602150537634;6.06451612903226
57055;57;570550000;Z;5;33.0;23.0;122.0;65.0;62.0;45.0;26.0
57056;57;570560000;Z;5;30.6315789473684;8.16842105263158;44.9263157894737;31.6526315789474;21.4421052631579;20.4210526315789;5.10526315789474
57057;57;570570000;Z;5;58.0;16.0;123.0;89.0;56.0;39.0;31.0
57058;57;570580101;H;4;983.548507107336;51.8919869227635;318.121015775827;182.920986615559;52.7037326849513;34.8251466104023;21.7097909808001
57058;57;570580102;H;4;279.817547638173;63.3169989008221;322.600753670917;224.574465112032;114.273611407165;84.4227796272068;55.2209374220118
57058;57;570580103;H;4;545.286892948505;38.1486786080421;188.061425496023;92.9401787039619;20.8601632407941;9.98721155264914;16.0051819038327
57058;57;570580104;H;4;641.701116131421;37.3035381972618;253.724840318087;123.501060993243;36.8353718359489;35.8525518237256;10.0566909363455
57060;57;570600000;Z;5;91.5487571701721;23.395793499044;105.789674952199;96.6347992351816;42.7227533460803;17.2925430210325;11.189292543021
57062;57;570620000;Z;5;30.9284064665127;10.9745958429561;102.762124711316;64.8498845265589;50.8822170900693;34.919168591224;26.9376443418014
57064;57;570640000;Z;5;43.8277854467561;8.85182400608232;72.2222920604239;29.8320393213663;30.1136050251501;16.5433015065362;4.87579069325688
57065;57;570650000;Z;5;44.3859649122807;10.6140350877193;67.5438596491228;22.1929824561403;11.5789473684211;2.89473684210526;1.92982456140351
57067;57;570670000;Z;5;315.703147750994;73.7866599313751;609.050724752393;377.478041501516;298.779874535167;238.142814828411;172.654024877967
57069;57;570690000;Z;5;93.8975136086164;20.7343467856414;119.217235199511;78.8239689522534;29.1903011155378;21.7160187879842;10.7452666939101
57071;57;570710000;Z;5;64.633842444409;15.1322759481804;116.951809579829;57.2277456546678;22.0502854195897;23.7842529320164;3.78183963531799
57072;57;570720000;Z;5;78.1316682526604;19.9977336363634;153.992461527658;86.8774936461258;68.8841585807147;36.9577090131719;22.9383424970636
57073;57;570730000;Z;5;148.117077119769;31.0567171343691;232.708505245908;130.188725255429;73.9288051431717;44.3080395741018;40.2318323319576
57074;57;570740000;Z;5;157.765853658535;25.1219512195121;181.882926829268;92.4487804878048;69.3365853658536;60.2926829268293;42.2048780487805
57081;57;570810000;Z;5;25.3875968992248;6.09302325581395;29.4496124031008;16.2480620155039;6.09302325581395;5.07751937984496;7.10852713178295
57082;57;570820000;Z;5;41.622754491018;7.92814371257485;77.2994011976048;47.5688622754491;37.6586826347305;32.7035928143713;13.874251497006
57084;57;570840000;Z;5;41.6381266653073;12.0723872830458;64.0682856784854;50.6949796584895;27.5187624873024;17.7131365217148;10.5218628572256
57085;57;570850000;Z;5;61.6787564766839;7.95854922279793;97.4922279792746;43.7720207253886;43.7720207253886;24.8704663212435;17.9067357512953
57087;57;570870000;Z;5;42.8987400417352;20.9958598299617;64.913074602956;29.998326074301;22.0027246389613;13.009062759115;7.02117487404244
57088;57;570880000;Z;5;55.8238437597147;14.0661725081403;90.3826347630793;38.2722440984384;22.8145606007011;11.9783649697744;10.9425327333362
57089;57;570890101;H;4;437.0;157.0;633.0;451.0;129.0;89.0;69.0
57089;57;570890102;H;4;598.0;113.0;560.0;338.0;150.0;139.0;100.0
57090;57;570900000;Z;5;20.6283185840708;2.94690265486726;36.3451327433628;8.84070796460177;7.85840707964602;3.92920353982301;0.982300884955752
57096;57;570960000;Z;5;388.930276059521;52.7333749658543;629.563330240967;306.201889265482;213.797937919246;105.279774573654;64.5910238916873
57097;57;570970000;Z;5;1036.26711350641;227.220439906304;1168.49118579682;752.856832194795;410.514657251561;311.501251481295;192.149909335511
57099;57;570990000;Z;5;52.0;10.0;61.0;15.0;19.0;4.0;4.0
57101;57;571010000;Z;5;141.487841198691;36.8456364988578;308.462798038409;180.127142344491;103.459999415279;90.2334156373409;54.3052546256219
57102;57;571020000;Z;5;347.0;74.0;672.0;416.0;369.0;289.0;216.0
57104;57;571040000;Z;5;80.6401384083045;28.5813148788927;217.42214532872;156.176470588235;153.114186851211;109.221453287197;114.325259515571
57106;57;571060000;Z;5;774.682561361466;233.218822165441;1027.00170364876;521.47695663448;194.172571934138;122.112128317503;69.0600737337391
57108;57;571080000;Z;5;77.2140575079872;9.14376996805112;80.2619808306709;48.7667731629393;26.4153354632588;13.2076677316294;9.14376996805112
57109;57;571090000;Z;5;69.1818181818182;10.5694444444444;137.402777777778;112.420454545455;89.3598484848485;53.8080808080808;70.1426767676768
57110;57;571100000;Z;5;56.6588235294118;16.1882352941176;123.435294117647;66.7764705882353;41.4823529411765;12.1411764705882;8.09411764705882
57111;57;571110000;Z;5;72.0;12.0;155.0;68.0;60.0;27.0;19.0
57119;57;571190000;Z;5;144.0;50.0;289.0;192.0;113.0;88.0;46.0
57120;57;571200000;Z;5;38.4375;3.84375;28.828125;16.3359375;6.7265625;5.765625;2.8828125
57121;57;571210000;Z;5;18.3090909090909;3.85454545454545;44.3272727272727;32.7636363636364;25.0545454545455;15.4181818181818;12.5272727272727
57122;57;571220000;Z;5;114.335302806499;20.2363367799114;198.316100443131;81.9571639586411;67.7917282127031;39.4608567208272;16.1890694239291
57123;57;571230000;Z;5;660.540674477378;130.898783461468;1069.79666348045;432.307238079784;172.464985697772;119.540437728834;53.9447375612738
57124;57;571240000;Z;5;384.518631570052;62.8311748860386;583.635324987257;347.275316886914;260.983496182439;153.399041596082;145.132142018492
57128;57;571280000;Z;5;75.3352805994703;8.04290699297611;64.3771660499764;41.2631337243661;23.1818525379452;27.1863509813495;12.0677515000809
57129;57;571290000;Z;5;36.2043791153638;13.0438880446582;123.600941711225;87.8231111655751;90.5395374489406;64.5209885420716;80.2402460405306
57131;57;571310000;Z;5;29.0;8.0;65.0;48.0;35.0;19.0;9.0
57132;57;571320000;Z;5;445.684892119129;126.839329764262;549.059045780719;249.122305779998;185.215996510414;128.781740905433;83.8741646094792
57133;57;571330000;Z;5;16.1584158415842;2.85148514851485;30.4158415841584;13.3069306930693;10.4554455445545;5.7029702970297;1.9009900990099
57134;57;571340000;Z;5;152.0;56.0;414.0;257.0;242.0;177.0;165.0
57136;57;571360000;Z;5;53.717277486911;17.9057591623037;155.183246073298;81.5706806282723;52.7225130890052;34.8167539267016;18.9005235602094
57139;57;571390000;Z;5;26.6408450704225;8.19718309859155;52.2570422535211;35.862676056338;36.887323943662;29.7147887323944;18.443661971831
57142;57;571420000;Z;5;26.2161088528369;10.3165327045615;84.9299945040421;49.6150065161405;39.2633900161564;51.2308565204877;51.7366567857676
57143;57;571430000;Z;5;776.548477933206;126.843342180048;884.133621148602;423.853970568893;285.338758155827;131.445362994437;98.8481126188807
57144;57;571440000;Z;5;730.0;132.0;1029.0;404.0;187.0;94.0;59.0
57146;57;571460000;Z;5;59.9527752194562;21.1289743459021;169.178094475717;110.92663670187;95.3358728049766;59.1641568613963;67.9023038060397
57148;57;571480000;Z;5;58.6000392603428;9.90104628377938;121.941555923993;81.9669859488615;63.1160621654671;40.5217059520243;36.5939422492702
57150;57;571500000;Z;5;51.316191605337;18.5132117887217;172.859784347368;101.20143376957;71.3244443758708;56.1523225602042;34.7568030967349
57151;57;571510000;Z;5;26.0;11.0;52.0;15.0;13.0;6.0;4.0
57152;57;571520000;Z;5;73.4772592888481;14.0594039921165;122.453089311328;65.1850697870894;39.1025537991655;40.0386788479513;24.0365142678328
57153;57;571530000;Z;5;218.701568265683;63.4940036900369;488.803044280443;294.289667896679;202.57610701107;183.427121771218;187.458487084871
57154;57;571540000;Z;5;106.348387096775;19.4290322580646;171.793548387097;98.167741935484;58.2870967741935;29.6548387096775;14.3161290322581
57155;57;571550000;Z;5;293.670015922394;87.1940837830796;607.9079704696;355.928309930592;318.680830456425;263.349436969065;196.23152709644
57156;57;571560000;Z;5;125.538107769834;28.1052461506096;245.822713690405;160.29122057099;143.935240775688;99.2432253389514;81.1942171049657
57159;57;571590000;Z;5;891.315598364861;127.176750656373;1005.96366242827;458.600202674862;240.309141955336;144.449515698944;92.6350024834273
57160;57;571600101;A;3;0.0;0.0;7.80209731285654;5.10338918450441;10.2696100189485;10.2695386312191;2.55169459225221
57160;57;571600102;H;1;400.512165771843;44.7507882410019;288.438621724375;128.453620070167;34.6478016755877;30.0817006470979;12.2350688612907
57160;57;571600103;H;1;472.281726900497;80.0763030552012;463.338643593924;251.293421472389;101.540870458826;59.8095282231047;53.8386164553844
57160;57;571600104;A;3;3.6195203090953;0.0;2.81259397332089;4.62235412786854;2.61668649032206;2.42077900732323;0.0
57160;57;571600105;H;1;407.467600369192;34.0789064334804;268.821472063719;114.103983628018;57.3629168245651;29.7276509914096;19.1971402694682
57160;57;571600106;H;1;915.440920442522;126.500540838892;949.361716096922;522.881981109115;324.581577515895;207.804863768152;122.477461527446
57160;57;571600107;H;1;683.782405682588;124.859160181081;972.367668991957;345.40987716213;190.690555713664;121.790870637842;80.9728769713911
57160;57;571600108;H;1;499.926441714789;52.562202235445;345.346834523303;183.901081533033;80.4435955652016;39.0053329146414;27.1762897893484
57162;57;571620000;Z;5;118.0;14.0;165.0;113.0;99.0;84.0;75.0
57163;57;571630000;Z;5;592.98573825503;89.6610738255031;690.112276286353;298.17841163311;173.20889261745;118.189597315436;67.2458053691275
57165;57;571650000;Z;5;84.1821382578476;24.7358266455735;202.827388129216;98.9951389416327;51.6773709250669;39.3446352340255;39.1721898412774
57167;57;571670000;Z;5;41.3299963640076;11.090324615435;76.6167793965964;68.5524874889506;30.2432547512881;20.1633642271808;11.0889545456314
57171;57;571710000;Z;5;148.620544012896;39.931327646488;230.7023170874;170.135676694672;95.5509908005958;56.493044227665;52.3046652542058
57172;57;571720000;Z;5;35.0727106831466;4.11182896897237;80.4412379572192;45.2729406334015;15.4308901193055;24.6841465729602;8.20722361436865
57173;57;571730000;Z;5;18.3636363636364;2.04040404040404;32.6464646464646;12.2424242424242;6.12121212121212;6.12121212121212;0.0
57174;57;571740000;Z;5;11.6043956043956;4.21978021978022;20.043956043956;13.7142857142857;9.49450549450549;5.27472527472527;5.27472527472527
57175;57;571750000;Z;5;41.0;9.0;57.0;22.0;18.0;22.0;8.0
57176;57;571760000;Z;5;258.696925408563;47.1861174915953;484.548657293347;232.154833399043;168.829890190868;94.9280952616046;53.6771645612449
57177;57;571770000;Z;5;623.245645927648;105.857145054776;741.907492317562;348.066116328363;180.016768571718;110.940269871204;75.6752787242898
57178;57;571780000;Z;5;65.645889792161;7.79783472700483;101.006451536721;47.5522255370977;25.4280833859198;9.80272002619751;4.86552839153552
57179;57;571790000;Z;5;220.0;44.0;457.0;267.0;183.0;114.0;89.0
57180;57;571800000;Z;5;45.3947368421053;12.1052631578947;99.8684210526316;63.5526315789474;29.2543859649123;10.0877192982456;9.07894736842105
57186;57;571860000;Z;5;131.723849372386;33.928870292887;220.537656903767;133.719665271967;66.8598326359833;50.8933054393305;34.9267782426778
57187;57;571870000;Z;5;41.4517906336088;11.1212121212121;104.134986225895;50.5509641873278;29.3195592286501;24.2644628099174;9.09917355371901
57188;57;571880000;Z;5;77.3013288890912;13.5943434317837;113.280797029774;72.6444318287043;21.3024233853669;17.7636165013765;18.5943745173673
57189;57;571890000;Z;5;41.0;8.0;56.0;23.0;20.0;6.0;7.0
57191;57;571910000;Z;5;113.598044940543;21.7753787208822;232.389359613018;65.3116548339662;51.2294962761608;25.6728040356503;13.8118944793498
57192;57;571920000;Z;5;236.139156380833;45.5507725672288;335.060266868445;173.161221747876;103.815851820458;65.1380385566682;29.165682818323
57193;57;571930000;Z;5;282.211920080408;56.1889406034134;453.691343475217;285.834125891893;226.220097594841;151.789950419763;154.32852568338
57194;57;571940000;Z;5;129.540196346963;33.2013790080143;277.936567132944;149.114411740894;150.466429108043;95.5757004822649;76.4782970880204
57195;57;571950000;Z;5;99.651500628633;14.0998236948209;145.429207868022;66.700930922184;58.869521884591;40.9270207130045;19.9263214241561
57196;57;571960000;Z;5;90.7831349582564;12.0458942159743;114.060029988715;58.8719554546094;33.7086925857514;21.9451009490613;10.8725454080188
57199;57;571990000;Z;5;69.0;18.0;139.0;86.0;79.0;52.0;81.0
57200;57;572000000;Z;5;47.314100341943;13.0991824601051;71.8719178521639;48.8120989058143;49.9666567345717;35.8736611650051;34.8822987419881
57201;57;572010000;Z;5;178.561238296508;15.1165186893616;194.933884375819;94.7616676137944;65.6031013406161;28.2859777388607;11.8134704744571
57202;57;572020000;Z;5;151.0;46.0;299.0;197.0;97.0;79.0;56.0
57205;57;572050000;Z;5;424.154945319613;101.60581991347;768.633335361795;334.4818226088;186.985078461653;102.386983094116;57.2727229702299
57206;57;572060101;H;1;582.289196983607;61.9809131431417;632.919938700041;367.057040718792;194.56065118941;72.8557531389522;62.9014686013017
57206;57;572060102;H;1;261.067223670896;37.5226888571106;399.101147546874;176.448062327432;65.5776703543185;51.5787450159791;25.3756391557921
57206;57;572060103;H;1;474.022768930638;25.2994570092544;302.771633337754;143.429754119956;74.7053136670083;50.1845999435534;29.3430165170384
57206;57;572060104;D;3;117.822276941689;8.81194984135326;163.12112621141;103.882967786632;101.697949239121;46.2333292729347;28.0110582680547
57206;57;572060105;H;1;482.840482598021;43.584462137864;246.563083597135;169.085639662965;46.1821248235066;32.4495211111467;18.7967185233374
57206;57;572060106;H;1;528.062067277847;26.7665071012843;282.807564758152;193.919274037663;86.1693127712012;53.3673379111704;61.7355473076347
57206;57;572060107;H;1;278.909278978078;58.8611055343165;497.870594308322;313.333130912801;196.941013042283;141.746218792771;93.0695728996095
57206;57;572060108;H;1;403.476213562798;72.7771293667923;597.801865932746;393.034448395402;214.390514090751;148.548304315207;54.4181317103103
57207;57;572070101;H;4;516.024704136874;53.4199252951446;399.71923359668;147.986300527656;61.5033379654136;52.2798511130229;31.3050711460018
57207;57;572070102;H;4;718.475024193525;44.9194495530312;376.030374822392;195.657753955853;83.3121283120688;60.4103531204213;16.052751403166
57207;57;572070103;H;4;594.178668135089;56.1248357614897;323.665764953786;134.187603895994;47.8552430529509;26.8436328649326;12.0574959324326
57208;57;572080000;Z;5;223.383285650114;33.5144275140033;398.153684382608;172.771474573718;115.668260021636;85.2282688886616;27.7250533240192
57209;57;572090101;H;4;521.0;55.0;538.0;243.0;121.0;76.0;43.0
57209;57;572090102;H;4;576.0;98.0;728.0;420.0;262.0;154.0;107.0
57210;57;572100000;Z;5;171.001360861291;24.8497820992146;157.544253253848;83.9944212835473;52.8853763637149;38.3678220677932;38.218006721188
57211;57;572110000;Z;5;122.461462036339;26.4338016586933;231.09238241755;164.49767576191;115.5255035454;112.588414472212;76.3850035662662
57212;57;572120000;Z;5;50.0;18.0;105.0;86.0;104.0;84.0;66.0
57213;57;572130000;Z;5;134.495103125441;35.2698104673467;251.677635085336;93.8105660559707;49.147133718405;38.1422513091655;13.8215865439788
57217;57;572170000;Z;5;131.0;29.0;224.0;120.0;85.0;52.0;33.0
57218;57;572180000;Z;5;113.525376931103;50.6364363755608;255.029219642783;161.639506696177;157.730519009975;148.027240004152;86.2123088581335
57220;57;572200000;Z;5;16.4137931034483;2.05172413793103;20.5172413793103;16.4137931034483;14.3620689655172;11.2844827586207;7.18103448275862
57221;57;572210101;A;3;49.1503728390678;20.1593482248044;55.0283441528535;38.7888708772816;25.7911186125685;3.25430985206073;12.0853786190106
57221;57;572210102;H;1;517.427630086156;112.739738443222;1037.49435665299;441.222851088093;261.051524075952;133.903717012515;153.291136569324
57221;57;572210103;H;1;454.095741920658;84.2118603299935;825.181282297238;409.656756708957;299.546629013342;203.716367795736;110.053587470017
57221;57;572210105;H;1;452.000840278308;100.135433986826;912.524790147437;430.657582728739;249.454211836783;146.10586973497;69.8636611212091
57221;57;572210106;H;1;406.740833676324;47.2828934644769;558.90947395005;244.498452465314;135.902486400542;85.0941451356771;61.6101283567515
57221;57;572210107;D;3;0.0;0.0;0.0;0.0;0.0;0.0;0.0
57222;57;572220000;Z;5;211.442478784579;43.4493270742673;330.471491578926;206.081222357418;120.20011015099;92.9079082144823;65.6484849125909
57224;57;572240000;Z;5;969.001224119575;130.424946658785;1000.73146667843;434.049647679763;214.586421740237;116.39756857571;66.1874085633235
57226;57;572260000;Z;5;603.388164060188;97.437414581966;857.320655673293;378.195965652118;208.747802608165;150.251869491526;105.14750245995
57227;57;572270101;H;1;544.129198230958;80.1570408202354;512.227637098902;280.606794523263;133.001308661583;89.3011650629083;39.5260176248753
57227;57;572270102;H;1;380.88056308936;72.3747531189165;298.586629274344;165.2518001731;75.4273818977522;62.7125367660866;45.246947703875
57227;57;572270103;H;1;582.332266141266;106.620939449381;658.388387464786;344.821871562381;136.301975528795;129.909835861896;84.5494126010435
57227;57;572270104;H;1;805.792502962748;67.3926440623148;407.056800708464;271.267675554551;126.465266222424;72.8441063415979;46.2247474606347
57227;57;572270105;H;1;417.808850140577;44.4383293918284;211.635395266716;110.620668059973;11.843980535273;31.1169562726186;17.2695940485371
57227;57;572270106;H;1;567.605633928266;77.9715601291199;357.104705063545;253.466984451327;101.620509806707;89.2292566976627;111.055224068659
57227;57;572270107;H;1;545.877426880337;39.3233769822063;548.187082416613;185.824051656177;152.507984570418;142.168423269949;85.0539876433141
57227;57;572270108;H;1;587.229062592404;97.1733247711069;554.502988250393;271.124844355141;143.871170349978;146.867339335157;79.6553433871345
57227;57;572270109;H;1;486.994873423254;83.6870885767434;518.3263004987;257.878609920815;165.690336120032;170.8769001513;120.854463132175
57227;57;572270110;H;1;496.916632283007;64.2914180303185;385.445411254175;340.914610308704;116.876233124866;153.190288358423;168.014977919502
57227;57;572270111;A;3;0.0;0.0;0.0;0.0;0.0;0.0;0.0
57229;57;572290000;Z;5;32.175;7.8;49.725;13.65;16.575;9.75;1.95
57235;57;572350000;Z;5;204.429163181839;36.7304627803939;269.854053613508;119.101134285361;63.2280544360417;52.6022697250527;31.9412139454183
57239;57;572390000;Z;5;65.8171317289319;9.08578528981994;111.76718985643;54.2098914586955;40.2042578805974;23.2178358465454;12.0673418618928
57240;57;572400101;H;1;319.123880059403;19.0846761241169;362.085095407945;154.865586477186;34.7923131380927;60.6790966203561;13.427264651637
57240;57;572400102;H;1;481.627849556113;88.7522071717885;566.265009460309;252.049389846313;136.459700741433;116.585016249759;74.6860561334527
57240;57;572400103;H;1;509.463881629594;78.9079509745061;570.121538319819;194.175944180949;74.5708098416333;52.137645292387;60.4976045678482
57240;57;572400104;H;1;786.177044782075;96.4507695650958;666.761460991046;358.524743157433;157.371234082598;121.903714705775;67.6759568678963
57240;57;572400105;H;1;656.270151466657;60.8508312780056;629.193218145954;228.450823326193;131.748394051032;61.5804841425434;74.7550615482092
57240;57;572400106;H;1;385.020885480278;37.0941224465001;476.912951480797;149.352958463411;109.739604918779;53.8737470761728;49.2067919419398
57240;57;572400107;A;3;38.2890001856409;23.9996306971742;24.0977282907379;1.71038430964943;0.999984612382259;9.99984612382259;13.7101996582365
57242;57;572420000;Z;5;431.0;66.0;798.0;405.0;286.0;203.0;86.0
57246;57;572460000;Z;5;34.3192488262911;9.08450704225352;69.6478873239437;21.1971830985915;17.1596244131455;8.07511737089202;3.02816901408451
57247;57;572470000;Z;5;17.5609756097561;6.82926829268293;13.6585365853659;13.6585365853659;4.8780487804878;3.90243902439024;0.975609756097561
57248;57;572480000;Z;5;16.8068181818182;6.92045454545455;18.7840909090909;16.8068181818182;1.97727272727273;6.92045454545455;0.988636363636364
57249;57;572490000;Z;5;22.9750746828014;12.0456411908907;61.6565824267149;39.7841229794374;30.8928648672175;22.8608435561543;15.845573820031
57250;57;572500000;Z;5;393.532576615125;63.7042190710754;406.559902802161;151.332017141556;96.8659350874675;84.0613622351815;37.6068450791388
57253;57;572530000;Z;5;84.3436213262057;20.0826894841115;164.506356955108;69.110901742095;29.0704779459592;23.0298109818442;4.00371968925477
57254;57;572540000;Z;5;237.296630588275;57.2036530450215;248.106583129873;118.079114591412;88.9322870883331;123.097743232402;74.0745515965884
57256;57;572560000;Z;5;88.2742658436269;33.3863022503944;202.904589938671;113.382892077983;97.8440292964813;44.1923314319858;34.2328972142822
57259;57;572590000;Z;5;69.2106283492274;7.98964127423196;78.7203633054764;38.4948091569941;27.8436839731135;18.0957542936331;10.2872787232444
57260;57;572600000;Z;5;438.435266176426;137.972915296047;904.283907898501;465.472086051722;229.278576399647;251.309203910433;245.069534234569
57261;57;572610000;Z;5;251.618678545112;43.4799205317055;369.960129440446;148.534241306753;117.253575696167;72.8116084761611;24.2763549133045
57263;57;572630000;Z;5;84.5175227812763;16.0965933307308;151.120673703352;116.602792977903;54.7471657074569;39.8290765854949;22.0091921334321
57264;57;572640000;Z;5;69.1782178217822;10.1732673267327;129.200495049505;53.9183168316832;31.5371287128713;17.2945544554455;12.2079207920792
57266;57;572660000;Z;5;20.1342281879195;10.0671140939597;37.248322147651;21.1409395973154;9.06040268456376;5.03355704697987;4.02684563758389
57269;57;572690101;H;4;353.882276017172;27.4328023372217;300.847898567787;128.247309936069;44.2253170575927;27.1746033810696;13.6206206170869
57269;57;572690102;H;4;757.46220637002;106.032535289691;950.013704746155;405.671084636239;294.904243636205;159.8630052938;96.2308950729903
57269;57;572690103;H;4;458.349320270224;89.3331247364254;724.612981159581;380.489957991886;276.32203143737;180.54924810637;88.4191953107033
57270;57;572700000;Z;5;118.919282681327;16.9875602073418;150.836846160726;75.1942512080113;38.8410877054254;30.8415349401556;6.90309635191966
57271;57;572710000;Z;5;92.4749262536866;16.7241887905605;191.83628318584;96.410029498525;63.9454277286135;41.3185840707965;30.4970501474925
57272;57;572720000;Z;5;17.0322580645161;0.946236559139785;23.6559139784946;17.0322580645161;6.62365591397849;3.78494623655914;0.0
57274;57;572740000;Z;5;131.269689145943;24.0305330781619;235.626394105434;120.207842137103;86.8163258096671;45.6107330864816;13.5286520144788
57275;57;572750000;Z;5;179.86085074895;25.9585502001696;223.774822446307;112.59021668032;95.6134663003362;52.9312753006851;7.94337413967588
57276;57;572760000;Z;5;37.2518136652173;9.05877043508239;79.5065012595864;37.2267348380503;30.1824473232634;15.0948916847872;13.0834619854159
57277;57;572770000;Z;5;22.2993197278912;6.08163265306122;43.5850340136054;16.2176870748299;8.10884353741497;13.1768707482993;5.06802721088435
57280;57;572800000;Z;5;64.3922651933702;9.19889502762431;94.0331491712707;52.1270718232044;27.5966850828729;30.6629834254144;7.15469613259669
57281;57;572810000;Z;5;66.4504828429174;8.338435763313;58.4031938739226;30.2268296420096;12.5759407064328;3.12691341124238;9.55145788738528
57282;57;572820000;Z;5;16.1355932203389;5.04237288135591;57.4830508474574;38.3220338983049;44.3728813559321;39.3305084745762;73.6186440677963
57283;57;572830101;H;4;481.719237716295;103.519271703311;729.550546770662;398.119748920403;298.586304369609;254.7936463954;194.081097840245
57283;57;572830102;H;4;448.235273513411;73.6008038804675;472.526054108602;283.640160974228;186.11879639039;131.293833038123;137.33287183312
57283;57;572830103;H;4;579.257430477048;101.519343485669;751.442199330195;422.001976842389;237.87375581446;173.180056534377;190.099947115322
57283;57;572830104;A;4;61.7078362363879;15.9246028997133;136.354412328791;93.5570420358146;58.7219731926919;56.7313978302265;53.7455347865305
57284;57;572840000;Z;5;22.0;4.0;23.0;8.0;14.0;12.0;5.0
57287;57;572870000;Z;5;314.010605987428;72.834689512506;553.442889275843;281.824680657304;218.639787840899;156.457829831102;120.301569943823
57288;57;572880000;Z;5;477.67719177363;94.6244503119217;808.78390550973;403.153546983917;223.755547561755;129.041508249134;65.8420245974295
57289;57;572890000;Z;5;467.6587773615;114.603072122664;666.18717269155;437.273029869578;234.889013089548;164.933946260935;119.531609033121
57290;57;572900000;Z;5;31.1351351351351;4.86486486486486;58.3783783783784;17.5135135135135;12.6486486486486;11.6756756756757;4.86486486486486
57296;57;572960000;Z;5;174.752874980249;35.0838767625164;321.875144308833;150.76621906867;96.2066279288807;55.3641827497397;29.0373288751382
57298;57;572980000;Z;5;77.0;15.0;91.0;58.0;36.0;12.0;17.0
57301;57;573010000;Z;5;46.2246337025011;7.05141657444727;89.6381920160611;42.3456325158516;22.2480535463233;15.1174340738105;13.1142529612207
57302;57;573020000;Z;5;33.3529411764706;8.0855614973262;49.524064171123;30.3208556149733;19.2032085561497;2.02139037433155;4.0427807486631
57303;57;573030000;Z;5;100.0;16.0;136.0;91.0;51.0;33.0;25.0
57305;57;573050000;Z;5;55.4580222170785;8.96658213477485;101.030151014184;62.8817312704043;48.2727878446547;26.2419478331106;23.9551426437719
57306;57;573060101;H;1;651.80521509873;75.1968662766648;657.896175930509;331.264960970186;178.249484714488;135.91531138468;87.2756606685936
57306;57;573060102;D;3;23.1224697729304;8.54159703289831;77.0914680858328;45.5126437966982;42.4126381326441;19.8618926428342;19.8934177705368
57306;57;573060103;H;1;542.932991750688;76.7893032733777;585.062583971673;273.641951910719;195.282578585405;167.541034558632;93.2670946379701
57306;57;573060104;H;1;307.677829567703;51.7238508780116;504.979909709399;267.295377024524;129.697774581514;112.841422073134;48.7887702126559
57306;57;573060105;H;1;605.411712138189;64.1972007486181;668.277740757735;336.13371671685;151.854023132146;106.636999819439;64.0907234572567
57306;57;573060106;H;1;799.320710850874;110.687027818815;705.228011065534;388.104595973096;167.031587346845;96.2120779248126;55.2243799412641
57306;57;573060108;H;1;534.738562854942;71.0638618153409;502.542825281588;245.268221879644;152.855821402694;83.5909412284977;52.8453817520134
57306;57;573060110;D;3;52.9300430799624;16.0024428486731;123.524172843369;114.96062621831;72.1614261939691;61.6611117216689;30.489222651003
57307;57;573070000;Z;5;29.0;7.0;47.0;37.0;24.0;21.0;11.0
57308;57;573080000;Z;5;27.0;3.0;33.0;18.0;11.0;7.0;7.0
57309;57;573090000;Z;5;94.5764456306665;24.6043803347891;132.380441872897;66.7852214868467;29.3120631516048;11.1583071655367;22.8085711776816
57310;57;573100000;Z;5;32.65625;8.90625;45.5208333333333;28.6979166666667;13.8541666666667;5.9375;4.94791666666667
57311;57;573110000;Z;5;91.0437178351147;15.8293079511686;139.965004801616;87.6893431997172;42.5744732129189;26.4758313108429;14.0425645291799
57312;57;573120000;Z;5;66.849593495935;18.5121951219512;99.760162601626;74.0487804878049;56.5650406504065;31.8821138211382;23.6544715447154
57314;57;573140000;Z;5;78.6625726922766;22.9502755399419;132.013667895188;58.426706240816;44.8290162062853;19.0224620810133;5.96433190650764
57316;57;573160000;Z;5;119.0;24.0;212.0;107.0;68.0;33.0;24.0
57319;57;573190000;Z;5;64.3597329128301;5.16252805483947;141.318252317465;62.7168196487689;61.6150879105567;26.5535289823668;19.3712986220221
57321;57;573210000;Z;5;94.6726296958861;20.1431127012523;137.980322003578;78.5581395348838;60.4293381037568;26.186046511628;15.1073345259392
57322;57;573220000;Z;5;63.9029535864979;12.7805907172996;101.261603375527;77.6666666666667;34.4092827004219;33.4261603375527;23.5949367088608
57323;57;573230101;H;4;419.727681465481;71.4439289426487;590.012072565609;333.024446193232;279.587319496088;188.741176883746;232.395016712962
57323;57;573230102;H;4;298.563329461744;69.6242150500949;485.712887155187;312.45651150251;267.753178592832;260.038047768006;365.880321868022
57323;57;573230103;H;4;255.67433856667;77.8535382131928;429.351167761491;326.835769482207;199.046560958419;180.824793341815;236.956693668577
57325;57;573250000;Z;5;164.103185040202;38.661155777612;255.078238937337;92.2459388846866;52.0103484321008;25.235918139902;15.6548153026526
57328;57;573280000;Z;5;8.0;1.0;22.0;10.0;11.0;12.0;1.0
57330;57;573300000;Z;5;211.494531249999;54.1265624999998;336.787499999999;201.47109375;113.26484375;64.1499999999998;38.0890625
57331;57;573310000;Z;5;60.0;25.0;132.0;90.0;59.0;15.0;20.0
57332;57;573320101;H;4;336.083161081827;31.0248090167987;193.390950448225;108.071209870965;20.0067082418282;16.0095614606714;7.96875606497391
57332;57;573320102;H;4;167.730457151579;37.1561092658124;285.358956973584;125.375732769326;59.1699485268654;54.1892230831801;37.1087993205666
57332;57;573320103;H;4;614.183905434394;65.2475083828617;583.865035452568;201.061884438916;108.230859180041;48.0436837091971;36.0057306787799
57332;57;573320104;H;4;406.637741933698;80.3490823472059;617.118916676351;276.846088775241;152.490273114883;117.269166402972;66.218224203385
57334;57;573340000;Z;5;89.1175668789968;11.5419954559079;68.7185475812488;49.3312754670972;27.1386885822939;20.4746600022215;6.79654305241932
57336;57;573360101;H;4;334.0;58.0;548.0;216.0;104.0;41.0;20.0
57336;57;573360102;H;4;410.0;71.0;575.0;221.0;114.0;73.0;27.0
57336;57;573360103;H;4;349.0;52.0;473.0;189.0;99.0;47.0;27.0
57338;57;573380000;Z;5;137.641310272164;17.1627193664216;158.177363710829;56.9749713887979;40.4915773583845;13.5485407272778;8.38493362901871
57339;57;573390000;Z;5;63.3848695206849;12.0623158920874;107.660424380712;53.9742874631525;25.0693147881544;18.0865076267919;11.0361898598804
57340;57;573400000;Z;5;193.5194309597;48.0275586262222;370.09097060298;175.419509125134;125.47478130682;83.6865710065794;49.9369687599444
57341;57;573410000;Z;5;91.4576095856672;20.956512256227;172.026292529864;99.4430353019074;74.5281768891422;47.7494201394282;29.9072404400342
57343;57;573430000;Z;5;273.33421765854;57.0959355312934;460.961004627194;255.409574085383;217.1928011877;125.807085926981;80.2205064566228
57344;57;573440000;Z;5;94.5223658328965;35.3068212595433;171.577777173057;116.252701459299;65.618549029605;43.6087023625264;24.3574602223285
57346;57;573460000;Z;5;114.200288206121;21.4085935791186;134.655601101238;89.7959848012794;51.0418194230989;22.4502157154319;13.2679283012074
57347;57;573470000;Z;5;45.6871508379888;6.80446927374302;32.0782122905028;24.3016759776536;17.4972067039106;5.83240223463687;4.86033519553073
57349;57;573490000;Z;5;24.972972972973;4.16216216216216;31.2162162162162;14.5675675675676;15.6081081081081;15.6081081081081;9.36486486486486
57350;57;573500000;Z;5;235.494854338899;43.9024001650144;315.403824090032;179.881808223136;146.429833366254;99.3416209268128;120.733106376536
57351;57;573510000;Z;5;172.690952187437;27.0015668607218;228.7758415722;130.190294683359;151.464482683179;112.909234490578;100.46969099965
57352;57;573520000;Z;5;31.9282511210762;13.9686098654709;71.8385650224215;46.8946188340807;58.8677130044843;53.8789237668161;77.8251121076233
57355;57;573550000;Z;5;135.0;39.0;214.0;105.0;64.0;47.0;22.0
57356;57;573560000;Z;5;106.171172279164;32.7942907740019;235.774136070995;153.849844385557;137.71731635927;101.622079331498;115.111155820618
57357;57;573570000;Z;5;71.4692874692875;11.9115479115479;102.240786240786;74.4471744471744;27.7936117936118;14.8894348894349;12.9041769041769
57358;57;573580000;Z;5;145.0;34.0;263.0;164.0;104.0;69.0;41.0
57359;57;573590000;Z;5;28.1656804733728;7.0414201183432;39.2307692307692;18.1065088757396;18.1065088757396;4.02366863905325;8.04733727810651
57360;57;573600000;Z;5;149.659919833852;41.8342556548208;336.713804662285;158.483113795093;113.897098995392;84.9517548088461;63.114135182685
57364;57;573640000;Z;5;49.6815286624204;9.93630573248408;60.6114649681529;37.7579617834395;32.7898089171975;25.8343949044586;20.8662420382166
57365;57;573650000;Z;5;107.68152866242;9.05732484076433;94.5987261146497;68.4331210191083;44.2802547770701;20.1273885350318;29.1847133757962
57367;57;573670000;Z;5;45.4128440366972;8.25688073394495;60.894495412844;26.8348623853211;21.6743119266055;13.4174311926605;7.22477064220183
57368;57;573680000;Z;5;691.116536624881;97.4429285583164;868.412404704017;409.07722837273;190.087128166544;103.80859189251;68.1974352599398
57370;57;573700000;Z;5;292.134558745366;74.6268322599986;553.683568200126;314.757009380343;215.354434571656;114.456619850116;108.657504929997
57371;57;573710000;Z;5;92.3678537725883;19.9510017903808;124.138719753503;76.1510572652768;61.6654160490286;28.7097099993853;24.7650731231121
57372;57;573720000;Z;5;123.864753001203;29.6132935511579;323.566041273971;176.972190401201;143.7399740533;108.903785189023;79.8054921378405
57373;57;573730000;Z;5;121.400759466734;36.6348297305522;177.572112552831;145.328822194471;88.243812067813;78.3715093249248;39.5522027504816
57374;57;573740000;Z;5;41.1683168316832;11.7623762376238;52.9306930693069;26.4653465346535;15.6831683168317;8.82178217821782;0.98019801980198
57375;57;573750000;Z;5;58.7305437301123;4.89421197750936;46.9844349840899;23.4922174920449;11.7461087460225;8.82952641416116;4.89421197750936
57376;57;573760000;Z;5;138.665878007028;18.9282397330122;124.390241852018;57.7237480609408;37.7637818804266;15.9947072425192;11.8383033661028
57377;57;573770000;Z;5;50.2066115702479;10.0413223140496;50.2066115702479;38.1570247933884;14.0578512396694;9.03719008264463;6.02479338842975
57384;57;573840000;Z;5;103.044467610844;16.1780100026512;145.625353986985;87.9700381010461;51.5649884548077;39.4409688565117;18.1843798186881
57385;57;573850000;Z;5;94.0699523052473;38.7917329093801;216.263910969794;167.774244833069;171.653418124006;108.616852146264;89.2209856915739
57386;57;573860000;Z;5;41.5070440846033;15.1730386776546;90.0671912582639;53.6254597966461;36.4222371925959;21.2585214642113;8.09872679550698
57390;57;573900000;Z;5;296.48450704225;60.5070422535207;374.135211267603;168.411267605633;87.7352112676052;69.5830985915491;35.295774647887
57391;57;573910000;Z;5;15.3472222222222;3.61111111111111;8.125;8.125;7.22222222222222;3.61111111111111;1.80555555555556
57392;57;573920000;Z;5;49.3343230263534;21.593041269735;119.930740913417;77.8852371560699;55.9784372722914;29.8855117789127;7.17881052502139
57393;57;573930000;Z;5;56.2731707317073;3.01463414634146;57.2780487804878;17.0829268292683;9.04390243902439;13.0634146341463;6.02926829268293
57394;57;573940000;Z;5;50.0505573970744;9.01438915203337;80.1987614707845;46.1294263886033;32.0889222874047;16.0504234694171;4.00814877373984
57395;57;573950000;Z;5;42.0;2.0;43.0;29.0;17.0;10.0;7.0
57396;57;573960000;Z;5;49.0;30.0;124.0;90.0;77.0;98.0;128.0
57398;57;573980000;Z;5;78.3754940711462;19.8418972332016;131.948616600791;64.4861660079051;48.6126482213439;20.8339920948617;15.8735177865613
57399;57;573990000;Z;5;12.3956043956044;4.13186813186813;22.7252747252747;14.4615384615385;13.4285714285714;4.13186813186813;1.03296703296703
57403;57;574030000;Z;5;13.0;7.0;32.0;18.0;12.0;9.0;4.0
57404;57;574040000;Z;5;38.7530942632006;5.9613143016599;59.3482315565676;27.5280840834751;18.6926324107697;9.79093680601288;7.72189588184191
57407;57;574070000;Z;5;109.525320725468;6.14282657878434;170.642230524673;74.5772548203355;45.9621029454656;20.3735951738907;13.2993174011454
57408;57;574080000;Z;5;122.179456906729;46.5938606847695;240.217237308146;137.710743801653;80.762691853601;53.8417945690673;27.9563164108619
57409;57;574090000;Z;5;134.904257387813;14.9985517290025;168.337440004937;90.0203146381778;70.9388963013063;35.0665670643526;22.0430198214218
57411;57;574110000;Z;5;56.0;10.0;88.0;42.0;39.0;14.0;11.0
57412;57;574120000;Z;5;415.0;128.0;671.0;507.0;438.0;408.0;506.0
57413;57;574130000;Z;5;613.451452516868;129.119338372251;916.716928080392;562.191754195788;327.749216472371;240.622991577476;147.891696348257
57414;57;574140000;Z;5;292.0;43.0;268.0;158.0;94.0;48.0;39.0
57415;57;574150000;Z;5;141.079317710155;53.2068365482071;291.687902744528;184.395973708357;217.636487213647;224.798525727224;209.942435368636
57416;57;574160000;Z;5;73.889053200367;20.7630945226162;144.739677847937;87.2667570397234;62.9227817691093;42.2157408966436;30.34926299337
57417;57;574170000;Z;5;12.8115942028986;3.94202898550725;19.7101449275362;7.88405797101449;2.95652173913044;4.92753623188406;0.0
57418;57;574180000;Z;5;64.9165299783349;11.9944308384702;92.9648344142202;38.0010632504153;26.9922748206349;10.9879709002791;2.99860578998229
57419;57;574190000;Z;5;164.24124649523;28.058182258366;240.076760929971;94.5651036813736;96.5804160800077;54.737282418667;25.7227374261978
57422;57;574220000;Z;5;104.0;16.0;208.0;113.0;109.0;73.0;43.0
57424;57;574240000;Z;5;30.6578947368421;6.13157894736842;63.359649122807;27.5921052631579;19.4166666666667;11.2412280701754;11.2412280701754
57425;57;574250000;Z;5;70.6860993408702;11.0868751692396;142.113671850706;60.33025711417;66.4334935941278;39.2141520960862;23.1694184327641
57426;57;574260000;Z;5;100.851946583164;32.6479461056733;214.880408798339;123.451081607956;87.6628456206101;70.5011654688644;43.8805663340551
57427;57;574270000;Z;5;114.00158984399;26.8781189770652;153.373795112263;69.6988454081683;57.6923713314111;27.7879839230335;14.8595603293698
57428;57;574280000;Z;5;401.638019220886;102.060807688152;738.60558817916;383.402455828052;220.022880323321;185.379040052981;115.916084921891
57433;57;574330101;H;Z;567.197826650637;124.908632149423;755.493364812265;486.93406111546;243.878134948705;200.833163850312;145.47947899081
57433;57;574330102;H;Z;521.248327611106;106.63583908274;728.828071675973;474.884519334087;333.787406815669;292.532243795697;178.557213877706
57433;57;574330103;H;Z;565.684291092171;60.6390004046328;609.345459996114;356.997292651389;199.612524585884;170.609548781612;113.34288632254
57433;57;574330104;H;Z;337.461580797365;59.732867524191;461.213746922213;217.368525802645;100.919185514097;68.7916507130481;54.5520721856324
57433;57;574330105;A;Z;5.22891738011507;2.00000152306672;8.41021632867799;0.0;0.0;0.0;0.0
57433;57;574330106;D;Z;0.0;0.0;0.0;0.0;0.0;0.0;0.0
57437;57;574370000;Z;5;78.8722422545247;22.0797453356107;125.714986439087;79.6562576213483;64.1601860562964;50.9913567658485;40.6405761390932
57438;57;574380000;Z;5;41.6983230488937;9.9547671881469;97.6990845298404;45.868251868089;23.2294171515732;33.8366421478667;35.3665505571764
57441;57;574410000;Z;5;297.123859302882;78.2801578834948;610.840549997217;424.104799189553;373.976831279953;262.981169113897;230.1790032867
57442;57;574420000;Z;5;30.3369482829162;2.92002056565692;62.3219308022878;37.9196405588741;29.292090521596;13.2313660772578;7.67095692906177
57443;57;574430101;H;4;479.0;98.0;715.0;390.0;278.0;175.0;92.0
57443;57;574430102;H;4;528.0;76.0;812.0;422.0;333.0;230.0;140.0
57444;57;574440000;Z;5;43.2822478470497;10.3933646485479;90.0867906134363;44.6350493472465;38.4479092154729;24.8867462899232;16.5384686413823
57445;57;574450000;Z;5;79.0447435228998;23.3340867936988;148.572762553088;78.7304392454615;76.4611837363916;57.2950780665445;52.2817384532562
57447;57;574470101;A;4;11.0433743559389;0.0;8.91137255955115;4.96442832013686;0.980587380992831;4.96427596565396;0.980587380992831
57447;57;574470102;D;4;0.0;0.0;0.0;0.0;0.0;0.0;0.0
57447;57;574470103;H;4;273.031492123076;92.1598582164585;436.656997404825;256.028871314316;190.882333338463;158.27555401319;134.717997061048
57447;57;574470104;H;4;376.633627552703;92.2074561673569;548.68203432956;298.032140652163;188.332847827419;148.65820870313;109.212979092014
57447;57;574470105;H;4;160.517905426632;52.1888600113601;293.503005415521;178.117009152408;134.471298105495;117.191957610955;82.1858392871939
57447;57;574470106;D;4;15.9997456636306;6.9998887278384;34.999443639192;23.999618495446;0.0;21.9996502874921;10.9998251437461
57447;57;574470107;H;4;355.643181713353;161.321210270964;748.937867073765;611.252950230838;484.605908269795;473.652358449599;580.625579703432
57448;57;574480000;Z;5;41.9591836734694;10.4897959183673;68.1836734693878;35.665306122449;22.0285714285714;18.8816326530612;5.24489795918367
57449;57;574490000;Z;5;51.9003558997573;20.3596281974163;96.8843353415203;78.4639680223528;75.4018770573671;56.2219674956104;55.5534648104318
57452;57;574520000;Z;5;80.0;23.0;212.0;150.0;123.0;75.0;69.0
57454;57;574540000;Z;5;86.079979000263;46.8969460284698;231.901821191079;167.172584561228;146.891288108658;101.094678423033;92.1270867453926
57456;57;574560000;Z;5;176.135951661631;20.3625377643505;170.027190332326;81.4501510574018;49.8882175226586;41.7432024169184;24.4350453172205
57457;57;574570000;Z;5;23.8285714285714;3.97142857142857;36.7357142857143;19.8571428571429;18.8642857142857;7.94285714285714;3.97142857142857
57460;57;574600000;Z;5;355.057631195518;67.9161579405413;419.510945983821;217.078590396636;78.12918127026;74.6507314488155;37.9633835181329
57462;57;574620000;Z;5;54.7558204731863;10.9487314690931;109.344305599894;57.3635206564219;35.3909892683156;23.054409840634;7.23933846454015
57463;57;574630101;H;1;414.458469760949;74.4698581550952;532.449868980568;352.639679127181;243.85959664594;217.606029330907;261.215808306634
57463;57;574630102;H;1;508.727620356257;120.080553660106;583.499299229114;306.174641044266;211.968048216383;277.574645956527;253.081648674692
57463;57;574630103;H;1;334.467570859975;70.5056844313609;503.967292590784;458.211856539055;249.869957815403;189.992553659878;246.978155813285
57463;57;574630201;H;1;809.050664767417;101.217749647083;578.909147727069;249.159288468425;141.074053528472;93.1537572310203;65.4593697849381
57463;57;574630202;A;3;0.0;0.0;0.0;0.0;0.0;0.0;0.0
57463;57;574630203;H;2;586.642872234201;54.342948897722;345.058463626438;226.542513427289;70.775600016149;96.5514506330542;64.3111911789998
57463;57;574630204;H;1;350.207801145916;53.5434107000869;364.306646730709;211.504559641974;78.4296715712778;118.310829968499;61.1853875440008
57463;57;574630301;H;1;249.942849119677;66.3862775551357;234.121994115521;215.374139853359;101.137254325598;107.062701731333;108.702836308748
57463;57;574630302;H;1;150.412460841354;76.2040284219164;247.459800209355;257.570834255343;137.69081236571;222.31424688147;232.039625871797
57463;57;574630303;H;1;299.816312938068;299.513623830724;304.74023317457;361.136001975957;165.979964204731;240.052404214483;261.728241721244
57463;57;574630401;H;1;196.693249943358;80.4445409568004;400.485854969413;455.192216890032;295.488722533226;415.457839694041;644.906375258851
57463;57;574630402;H;1;164.278443550154;67.8712622869274;241.510094650834;265.788250448858;196.777886431528;315.482435538152;559.860093453181
57463;57;574630403;H;1;468.443345122687;83.2165451755983;470.375855005822;411.572393765553;268.583560966764;346.159056255846;481.261475734386
57463;57;574630404;H;1;539.271045717264;83.4307191870422;522.222473393791;375.116724429672;247.18698503435;322.523235225336;379.3545165831
57463;57;574630501;H;2;878.994653545089;81.6742294712584;445.879631239465;341.758235907542;94.3317654246044;80.392622624923;72.0244832693371
57463;57;574630502;H;2;376.248855545116;53.4059361532911;278.706653785209;236.147359444958;170.656451026621;115.016304786323;130.005275168388
57463;57;574630601;H;1;482.029223562925;89.7304112673238;491.630396396183;321.135444338397;230.239082093109;217.727057060638;221.170222607946
57463;57;574630602;H;1;235.594627275583;65.4030860116825;387.717477847968;254.58755423408;268.998613242224;219.919278390492;311.941585499924
57463;57;574630603;H;1;321.67055647796;98.9238867007854;429.879957444284;268.719076136397;161.74175575566;114.629302349121;98.6123678789049
57463;57;574630604;H;1;325.220763795475;87.5888860664047;503.450793922297;243.110041848653;193.582018597889;169.526474918046;144.3129635108
57463;57;574630701;H;1;168.170823636898;59.3039602055492;221.036365695841;158.077641654067;199.690809833483;301.103835591968;581.393993596085
57463;57;574630702;H;1;164.292764990164;48.531136475335;210.455983051635;254.67041946688;285.530663799726;385.753467389813;791.258535928428
57463;57;574630703;H;1;282.295225364641;75.9168887539894;266.552268040873;304.410291293122;238.117201979743;345.067847432453;413.03753321357
57463;57;574630704;H;1;393.382565445187;67.5100071629404;407.788252883603;343.628675160676;212.064205885254;243.601969957643;319.878706387782
57463;57;574630801;H;1;475.084295026969;85.4173771452588;349.508431715371;289.135132367571;199.417075448688;325.31730269564;347.019706308399
57463;57;574630802;H;1;289.099119483626;63.3861656054518;412.792339833456;360.763877231665;288.534199833424;296.257052089654;404.012610210071
57463;57;574630803;H;1;256.056542818966;48.5927317988248;302.702029019692;232.941784811739;212.655050465924;230.107842747427;321.791486950568
57463;57;574630804;H;1;254.559430281877;51.9698730352101;260.134842235236;221.19122823869;171.478793027587;161.128828302519;166.35477924948
57463;57;574630805;H;1;444.336675951136;107.984614197487;575.616272303118;506.44278367674;402.871874882381;320.90007508172;402.104386909833
57463;57;574630806;H;2;551.833821303887;80.2418737615765;368.273824940275;201.426712560645;127.946016755549;124.2413098105;122.319451817909
57463;57;574630807;H;1;350.096336470275;53.2284778410794;454.395926314261;315.538008430438;162.801303249055;189.223433465318;156.806647344386
57463;57;574630901;H;1;259.719733528334;71.3349161222079;321.1558317341;305.356163127951;171.068396139862;274.02877139583;234.431950925499
57463;57;574630902;H;1;290.335292471347;83.9755881417222;327.976809273132;288.857384122365;292.364998094364;346.804022523204;461.973172438326
57463;57;574630903;H;1;265.616218440493;84.5027941279905;408.111715202638;317.707784455485;196.841512780819;276.328102632618;389.717115188942
57463;57;574630904;H;1;334.869566713212;76.6199592047658;337.976361105716;238.789137822703;141.899542665944;140.687689622471;213.473595015204
57463;57;574630905;H;1;515.562398227415;96.2175910796558;687.44938079927;726.792809596908;495.706497729316;538.262674711619;652.143055720366
57463;57;574631001;H;1;590.496942232407;80.3761168736092;338.039202470939;151.293354158432;92.9535148375955;128.207135181934;118.384535148059
57463;57;574631002;H;2;619.4760602773;110.223420898778;362.724883292428;195.807321044076;69.7600273771622;52.8850981027652;62.3235720971442
57463;57;574631003;H;2;681.594747903211;107.156727014619;194.028002999049;139.152408454812;68.7991972653961;47.4053267841947;33.1400854556539
57463;57;574631004;H;1;654.353510420949;53.020771439991;253.893679850476;160.695169868492;35.7308343549856;65.1498070409419;60.271122895434
57463;57;574631005;H;2;530.275111047119;36.7789728577043;212.62753232971;141.15377381098;80.6861987866412;26.815447361709;21.5432212966533
57463;57;574631006;H;2;198.095659031014;32.0183295728981;93.5511280899857;66.9094907981896;29.4840976552698;22.3415239004831;21.8084582862993
57463;57;574631007;H;2;649.158528921961;75.9857080367755;419.134572548826;187.540064798437;80.2916120976833;85.6638846693969;46.9859317108745
57463;57;574631008;A;3;10.2921967737606;0.0;19.1995991423803;9.27189754845694;0.0;1.65439420417825;0.0
57463;57;574631101;H;1;479.71513260786;120.433102977919;653.290855795028;314.751355528407;225.515981936394;182.901598979165;160.71245690855
57463;57;574631102;H;1;254.121255361994;118.741226927344;498.613510971469;337.532461839092;239.761640129936;177.554362049935;200.099132843913
57463;57;574631202;H;1;292.295574430439;84.5210678747633;429.087981442119;224.159842804062;192.536994569669;128.264474835231;140.939709322368
57463;57;574631203;H;2;241.439158071435;47.5423703624469;263.297607324952;131.485403196853;97.8007884029171;66.2115257184962;51.2461911201012
57463;57;574631204;H;2;393.133300005077;112.205057810739;629.246460006253;333.945107838543;257.33276274039;232.526592498087;243.87426731826
57464;57;574640000;Z;5;96.0081799591002;20.7852760736196;197.955010224949;163.312883435583;89.079754601227;61.3660531697342;44.5398773006135
57465;57;574650000;Z;5;230.0;50.0;442.0;319.0;233.0;191.0;137.0
57466;57;574660000;Z;5;89.0;15.0;193.0;81.0;76.0;39.0;18.0
57467;57;574670000;Z;5;21.9545454545455;8.59090909090909;56.3181818181818;41.0454545454545;21.9545454545455;32.4545454545455;34.3636363636364
57474;57;574740101;H;4;591.930778570039;94.2676607049437;836.286249388474;373.932437743538;266.579408851799;157.856645581746;129.320923506001
57474;57;574740102;H;4;460.781834100346;78.4542839292888;623.420756378953;322.330256665359;165.809677409715;125.388901204271;91.1349102625807
57475;57;574750000;Z;5;67.3962807135108;14.608453932107;78.2608876946784;67.1656721530188;59.5795596747281;46.0794752192594;58.8791879659491
57476;57;574760000;Z;5;67.5524956358519;6.90908440252664;83.5416181891193;53.5543376698294;38.6252342988258;17.4460346928184;16.529105515509
57477;57;574770000;Z;5;408.901645775101;55.083886970215;424.81285188892;215.006479788139;107.265494451788;73.6160798746769;31.0444001193059
57479;57;574790000;Z;5;72.0;17.0;98.0;63.0;46.0;28.0;23.0
57480;57;574800101;D;3;0.0;5.89570194534704;6.36297375273757;7.36298074541609;4.2297763711721;1.00000699267852;8.45955274234421
57480;57;574800102;H;1;384.084040357843;147.080476082226;563.997285983288;442.00745127538;301.723350026334;293.991653400094;442.153008504986
57480;57;574800103;H;1;198.082323464966;121.449582532757;160.714090119743;211.685900593891;185.667461053034;162.837622766525;359.937016841275
57480;57;574800104;H;1;318.17389901089;67.7167819081296;394.833360949256;364.856584799604;261.594574164459;188.622838017796;233.438056436608
57480;57;574800105;H;1;434.52974056003;120.627596421979;635.103021490073;456.137481311546;243.586216397618;294.777393347135;233.848912860418
57480;57;574800106;H;1;267.487721777217;51.0631223236149;390.448326901764;252.05753637564;222.594130566138;196.066029218538;187.461312773917
57480;57;574800107;H;1;445.658669389723;81.0449672988217;441.496651682354;265.922180706416;137.652609369022;80.5675542579245;95.3123315783361
57480;57;574800108;H;1;644.067024262377;153.37880974751;732.30470416478;454.243519388333;239.132008906977;159.472478885779;174.799712924659
57480;57;574800109;H;1;706.556378846007;135.738126942042;835.217703534618;491.162595926976;315.60761182793;263.385665227928;184.742911290993
57481;57;574810000;Z;5;411.942259520895;88.6807345348464;798.057667939696;345.807851642588;227.822022316279;121.971234850577;67.5358951630832
57482;57;574820000;Z;5;179.166572875633;61.3719752391666;336.555993247044;228.660101294316;196.984243106358;178.176702307259;162.338773213281
57483;57;574830000;Z;5;961.317391064918;143.764887958974;723.216470136877;362.571848919683;177.523663600508;98.7376048762931;75.8351153779404
57484;57;574840000;Z;5;542.148571754424;90.000955340646;734.214969242404;364.626153587986;177.630315433508;117.456869164138;72.4514550170736
57485;57;574850000;Z;5;25.2032520325203;6.04878048780488;20.1626016260163;19.1544715447154;8.0650406504065;5.04065040650406;2.01626016260163
57487;57;574870000;Z;5;722.514468911838;165.189879265004;1047.05089782167;676.659153653008;462.827299156007;418.433801095191;363.430536473761
57489;57;574890000;Z;5;59.3674325778339;11.6153827088073;105.202890245181;31.4901650994526;24.472894089924;3.9057717855668;2.98597501074407
57490;57;574900000;Z;5;61.0;17.0;105.0;44.0;27.0;10.0;10.0
57491;57;574910101;H;4;462.155606703064;52.0307636685559;445.832229865865;213.224109935844;87.7381504999174;47.9499194592571;46.9297084069323
57491;57;574910102;H;4;714.859710297744;96.9359209658324;813.423417453573;428.810104219437;116.298117018073;79.5655551103581;40.7882754515503
57491;57;574910103;H;4;456.034340389114;75.4956178720234;765.158289243475;387.680199883358;181.597567313783;120.384904174306;83.657306290619
57492;57;574920000;Z;5;76.0;19.0;140.0;78.0;22.0;11.0;9.0
57493;57;574930000;Z;5;26.0;6.0;69.0;22.0;25.0;17.0;3.0
57494;57;574940000;Z;5;44.0;7.0;69.0;32.0;16.0;8.0;8.0
57496;57;574960000;Z;5;52.0;18.0;99.0;56.0;21.0;8.0;3.0
57498;57;574980000;Z;5;347.619138408302;69.9571713458722;709.497572645143;382.803140568763;252.936143361359;124.961609873127;113.965224587382
57499;57;574990000;Z;5;170.754563855606;56.9979957164191;347.009191803438;228.513063177943;119.996924109518;113.20156132175;73.5203162206472
57504;57;575040000;Z;5;50.3597122302158;6.0431654676259;91.6546762589928;39.2805755395683;24.1726618705036;13.0935251798561;4.02877697841727
57505;57;575050000;Z;5;192.294185805044;52.2051553330238;310.670953081631;176.492461324694;101.075390551797;80.4874043244802;32.5215976202233
57508;57;575080000;Z;5;1056.62146505896;121.068413155542;1181.49591776404;619.585408501891;314.370921555146;198.389416515383;125.120484202478
57509;57;575090000;Z;5;72.7843942505133;17.7043121149897;123.930184804928;79.6694045174538;36.3921971252567;31.4743326488706;18.6878850102669
57510;57;575100000;Z;5;104.874365681068;24.9016440787734;245.430684313914;161.033936332268;125.78872142503;90.7879643580063;78.139030178574
57511;57;575110000;Z;5;133.458333333183;20.2624999999948;199.814583333378;138.954166666697;126.808333333371;87.2541666666971;102.472916666703
57512;57;575120000;Z;5;58.3013738450816;11.05715710855;116.602747690163;78.4052958606269;77.4000997598497;77.4000997598497;75.3897075582951
57514;57;575140000;Z;5;154.032040472174;46.3102866779088;285.915682967958;186.247892074199;129.870151770658;82.5531197301856;47.3170320404721
57515;57;575150000;Z;5;267.529423164604;73.7510265174973;501.709606640875;242.959595119549;178.546693796909;145.831558094766;85.31715389339
57521;57;575210000;Z;5;358.549718181294;95.146199698402;578.883327253306;373.097658745982;211.440378854063;223.437137360744;227.339470764116
57524;57;575240000;Z;5;7.93798449612403;11.906976744186;38.6976744186046;16.8682170542636;9.92248062015504;4.96124031007752;0.992248062015504
57527;57;575270000;Z;5;32.2180456108241;9.07959448123304;69.27174594794;45.9006367767357;32.7684742648297;32.8582140633704;22.9676494056865
57529;57;575290000;Z;5;672.015653234023;154.351397746718;796.738794492178;304.917389530631;181.749016969182;128.85443316627;78.0365888418039
57531;57;575310000;Z;5;112.392436305646;21.3208324588949;206.148473626154;106.567624493953;58.416873069409;36.2855763118991;23.0527926920574
57533;57;575330000;Z;5;63.8538812785388;17.958904109589;147.662100456621;122.719178082192;114.737442922374;112.74200913242;74.8287671232877
57534;57;575340000;Z;5;165.0;52.0;354.0;246.0;174.0;194.0;165.0
57535;57;575350000;Z;5;254.0;48.0;414.0;193.0;115.0;77.0;35.0
57536;57;575360000;Z;5;43.8189655172414;9.52586206896552;50.4870689655172;32.3879310344828;18.0991379310345;12.3836206896552;2.85775862068966
57537;57;575370000;Z;5;1494.3629121165;273.491550826148;1767.75473097794;680.350087160035;329.105145784285;194.496659561713;96.8653761109111
57538;57;575380000;Z;5;40.7093902912593;17.3940509443181;66.0941030687367;45.2207574104507;20.4141879576381;10.1845339987737;15.2980055908085
57540;57;575400000;Z;5;701.0;175.0;1042.0;669.0;444.0;291.0;215.0
57541;57;575410000;Z;5;94.4300825537645;12.2893591753116;198.815619852934;83.8470562864112;42.6581475935975;18.134433340634;8.14129244939148
57542;57;575420000;Z;5;112.0;34.0;194.0;133.0;102.0;51.0;25.0
57543;57;575430000;Z;5;270.622814176976;34.964028598926;364.688833314224;185.084576643318;141.993291111704;90.4351522124954;66.4674905259995
57544;57;575440000;Z;5;77.0;39.0;150.0;80.0;67.0;40.0;19.0
57545;57;575450000;Z;5;149.86552671813;57.6466116701921;273.270314632146;273.694434646805;216.264594194113;227.244585882455;365.868989686454
57546;57;575460000;Z;5;75.747198007472;16.159402241594;135.33499377335;83.826899128269;99.986301369863;100.996264009963;95.9464508094645
57547;57;575470000;Z;5;59.9317105441277;16.4396482516397;150.948047544061;91.9045544062976;85.7102174658668;56.3791846905346;43.3810969743909
57548;57;575480000;Z;5;47.6643717728055;8.41135972461274;108.413080895009;82.2444061962134;65.421686746988;44.8605851979346;35.5146299483649
57550;57;575500000;Z;5;324.101675925699;90.0313851377181;635.045143637825;384.26628457676;250.678919634493;179.887479718323;98.7990516594039
57552;57;575520000;Z;5;67.5705486667238;37.6311062841743;180.245608175011;78.7725560513017;68.9581520441651;60.4542334854438;22.2099314014812
57553;57;575530000;Z;5;61.5894600766813;34.4789180899322;154.98478943138;98.1704945406143;63.5733654358323;35.8826255935234;32.5216132172128
57554;57;575540000;Z;5;35.8370472979141;15.946867091552;145.27874947932;81.2956922076037;89.367343892046;76.031993316581;64.3749062318555
57555;57;575550000;Z;5;12.0;9.0;24.0;15.0;13.0;6.0;4.0
57556;57;575560000;Z;5;770.0;130.0;764.0;382.0;196.0;149.0;92.0
57559;57;575590000;Z;5;18.6352941176471;2.07058823529412;55.9058823529412;23.8117647058824;16.5647058823529;14.4941176470588;8.28235294117647
57560;57;575600000;Z;5;103.0;23.0;193.0;76.0;38.0;30.0;15.0
57561;57;575610000;Z;5;177.614958448753;27.5609418282548;191.905817174515;91.8698060941828;45.9349030470914;33.685595567867;21.4362880886427
57562;57;575620000;Z;5;133.216526832215;12.3704988534253;267.021533848212;127.281699918401;64.3335268217024;40.4802071217445;27.0689865587964
57563;57;575630000;Z;5;24.6241452171416;7.90793863748673;47.5895246951046;32.1215436199599;24.4395488477468;20.7443697994534;22.8929674847765
57564;57;575640000;Z;5;138.265750851238;33.575648702595;163.954326640835;61.2261829282616;27.6505342256665;9.8751907948809;5.92511447692854
57565;57;575650000;Z;5;222.77610441767;29.9698795180723;231.767068273091;96.9026104417668;76.9226907630526;57.9417670682732;58.9407630522088
57566;57;575660000;Z;5;370.392276723854;106.187526768809;619.423777239278;294.828608843901;197.720180081567;136.818720126278;88.00146208837
57571;57;575710000;Z;5;150.253525813132;57.4246960425635;253.696986905995;160.940193652524;94.525785251658;58.7778957366878;26.6583227283532
57572;57;575720000;Z;5;278.611776693683;94.6808173860402;521.225564675195;243.529767486459;205.795283081085;127.796313591664;90.3804259240313
57573;57;575730000;Z;5;39.5864661654135;3.04511278195489;30.4511278195489;13.1954887218045;12.1804511278196;5.07518796992481;5.07518796992481
57574;57;575740000;Z;5;34.3295019157088;7.84674329501916;84.3524904214559;56.8888888888889;62.7739463601533;54.9272030651341;68.6590038314176
57575;57;575750000;Z;5;121.160714285714;40.3869047619048;306.940476190476;178.712053571429;156.499255952381;131.25744047619;92.889880952381
57576;57;575760000;Z;5;108.191467191869;24.6872184792163;201.095605387271;113.336241637234;70.3743514031325;35.2843404222628;30.1657394777469
57577;57;575770000;Z;5;74.0;9.0;90.0;60.0;30.0;22.0;10.0
57578;57;575780000;Z;5;65.0;17.0;102.0;84.0;51.0;39.0;21.0
57581;57;575810000;Z;5;54.4350201429664;17.7177421870489;89.8988119968318;47.851415122968;27.2606434885132;18.7546778028998;6.2454599447313
57582;57;575820000;Z;5;279.618000188714;68.8149850202689;569.552085739609;294.988610871737;216.145013618197;111.92626521645;104.02689597043
57587;57;575870000;Z;5;43.9800374116749;13.2122417715901;70.4021247129601;30.5299118435315;18.2774496628952;7.13822698768834;3.07953037048978
57588;57;575880000;Z;5;102.612888083502;18.414262956864;186.610180370727;127.845410654485;144.025472780039;129.542645537234;153.854093935627
57589;57;575890000;Z;5;375.317396718038;102.111915111677;584.242836442906;295.546857703089;212.054616492255;147.839803573564;89.8235435680898
57591;57;575910101;H;1;535.073232100654;80.1242901192576;601.941071144886;454.394589034659;191.367697959017;140.661216737704;125.808336147451
57591;57;575910102;H;1;329.566975719272;66.7714521701701;385.918558446173;227.807233895258;134.776420423278;62.1027567113377;71.9956945879766
57591;57;575910103;H;1;626.498796462418;99.6445644909061;578.691934968549;326.337480289012;143.6843110649;114.257448358138;84.9047023145575
57591;57;575910104;H;1;612.583123002307;81.2718240829796;671.372746394464;310.132204501686;168.771943818424;156.022600027246;82.2390419127387
57592;57;575920000;Z;5;87.0827410850671;15.976803417078;88.5323287254048;48.7535902920676;23.9802691684656;15.5612295181467;4.762003700338
57594;57;575940000;Z;5;20.0;5.0;31.0;11.0;5.0;3.0;5.0
57597;57;575970000;Z;5;778.256581366676;88.9375249415547;677.000317417025;253.187448906705;127.687626348028;115.366938474638;49.2107148863987
57598;57;575980000;Z;5;417.0;50.0;552.0;253.0;163.0;102.0;50.0
57599;57;575990000;Z;5;70.9996933812491;12.7910343033121;100.328474691975;39.3979932489016;24.3420665957177;24.767493158394;9.74648721491004
57600;57;576000000;Z;5;125.321582569587;35.6097024451949;269.713828707809;148.307859984719;147.214129493865;115.676631897186;176.724527727363
57601;57;576010000;Z;5;114.457367705485;49.8485088789131;272.182049389405;156.889995842948;165.28535177242;133.591368855748;149.605823949701
57603;57;576030000;Z;5;242.317889160346;27.4987379367933;307.055736569126;146.789577132532;120.851649319702;95.9568813100893;80.2933147858051
57604;57;576040000;Z;5;132.0;18.0;124.0;54.0;55.0;50.0;46.0
57605;57;576050000;Z;5;24.6699669966997;8.88118811881188;58.2211221122112;35.5247524752475;24.6699669966997;24.6699669966997;17.7623762376238
57606;57;576060101;H;1;258.081990078258;48.2051597918876;410.185793340508;116.311075599204;98.8792189886887;33.0377320555052;19.5054237027052
57606;57;576060102;H;1;682.649056501459;105.057144966639;554.135783469391;314.020132617075;150.561760501052;101.640906943098;61.105547013716
57606;57;576060103;H;1;368.797315390104;67.4701708984126;420.916137625965;301.54845813564;145.649532508282;158.467892049854;137.444881568464
57606;57;576060104;H;1;530.265664994267;156.682973912376;728.866363785884;472.162129655394;312.067471199086;334.46260527574;288.984463643535
57606;57;576060105;H;1;659.395562826607;130.807360013228;1001.00999822217;508.644740950168;326.973327400377;274.485699290322;219.353742065931
57606;57;576060106;A;3;0.0;0.0;0.0;0.0;0.0;0.0;0.0
57606;57;576060107;H;1;431.57974392398;105.961726342388;367.798591954545;191.777343664756;113.288074840613;57.6795121702029;27.853089218863
57606;57;576060108;D;3;25.4230753004994;5.00008089389677;9.84548727104521;1.00001617877935;2.00003235755871;0.0;0.0
57606;57;576060109;A;3;34.9328051029556;14.4576062947118;41.9826432676066;24.4031345097328;12.8074912112046;15.5220285701684;5.00008089389677
57607;57;576070000;Z;5;91.0;22.0;147.0;114.0;77.0;77.0;54.0
57612;57;576120000;Z;5;27.9310344827586;2.06896551724138;61.0344827586207;33.1034482758621;26.8965517241379;13.448275862069;13.448275862069
57614;57;576140000;Z;5;59.4154989270921;51.1041572342889;138.236907376654;136.245057063707;118.409956664592;60.8088021550505;28.2456901211593
57616;57;576160000;Z;5;446.595190549119;116.986696240582;595.117843608831;439.306344289538;384.237266956573;359.9373841446;399.225120773586
57617;57;576170000;Z;5;31.0945899289231;6.03674723924638;82.9440692313939;39.8169901760462;22.6837729363557;12.7359759557915;14.6839836152338
57619;57;576190000;Z;5;160.0;20.0;105.0;41.0;33.0;19.0;9.0
57620;57;576200000;Z;5;673.854747774239;124.579137450866;1095.21123800531;577.991531540275;376.281554811841;251.321827780894;145.020526319643
57622;57;576220000;Z;5;237.771199729472;55.7646991262019;444.081739567587;240.491947039261;194.194954458472;128.701741199397;77.7145826550175
57623;57;576230000;Z;5;177.401115698797;25.4988771153948;204.590423095614;69.2401266116071;44.0053274375399;41.584520184714;18.3591915230842
57624;57;576240000;Z;5;33.170199508859;20.7507910946001;95.870759816114;79.1490020235314;74.2612731513188;80.4443140286346;98.517017613919
57628;57;576280000;Z;5;965.775411733514;191.573861021626;1046.09352382545;554.492629934872;345.76714219972;188.536662064732;145.154234475449
57630;57;576300101;H;1;554.48233090399;135.049493504349;739.357667762724;480.37845498289;289.47189003407;250.40283769752;220.39044519008
57630;57;576300102;A;3;33.8769270765392;4.22334042232962;11.043800227207;8.34667132943607;0.0;0.0;0.0
57630;57;576300103;H;1;321.234082844394;106.164615844822;470.945888914929;207.992314618424;49.4399788987097;43.1671119971694;22.1503138269055
57630;57;576300104;H;2;319.6748413645;112.248227200942;358.374372031623;201.492541891246;82.235479467921;74.2706009312647;42.9185682666117
57630;57;576300105;H;1;575.678395336415;134.765852882657;556.321190481492;366.712144667694;167.711202601861;178.713250290499;173.419297920655
57630;57;576300106;H;1;655.153065758909;100.403071469968;563.777927254451;337.266077000287;215.646444114958;115.988108409968;99.4778921693519
57631;57;576310101;H;1;397.794177243443;93.5425742256735;512.310636389746;294.633736493584;199.780388336431;157.684131593062;118.856072481118
57631;57;576310102;H;1;426.965516261146;43.4533227518805;383.465928995157;287.192059977971;142.083150064699;155.229783420038;137.310991537255
57631;57;576310103;H;1;482.491823445148;37.5237925439714;392.516385296659;185.269179962986;67.7505528953208;47.0823949735206;42.6740254039833
57631;57;576310104;H;1;526.707451265263;83.0497867846486;439.369388317957;254.59149824882;105.682855314019;107.10524204002;68.9240493450038
57631;57;576310105;H;1;673.570094777246;52.6216657030091;481.676848288078;292.126711636509;113.400819971233;166.415353398751;173.582041859296
57631;57;576310106;H;1;338.685391600535;40.1483253781765;419.395269470717;270.721674233314;92.1213543560148;126.392025738018;121.585751988054
57631;57;576310107;H;1;396.527506076621;63.1000390796719;392.071424081547;229.861282333019;134.346775736585;89.4849418326795;109.968436191489
57631;57;576310108;H;1;478.674438376787;55.7887025264319;427.523773202378;146.07058620719;81.8680537432249;44.6400534049722;47.4156916029699
57631;57;576310109;A;3;61.1164542476043;11.4410714537214;56.6518723706693;115.839991908028;62.6074801767544;27.4062347723124;14.7288684571438
57631;57;576310110;H;1;335.744710213699;73.4010432482301;452.809871090346;224.43055206965;77.5274036935638;93.1879621784176;31.4976153249602
57631;57;576310111;H;1;376.199161142534;82.1537981566959;797.554194463531;375.978456549046;287.18543685497;226.483035700575;160.623963116985
57633;57;576330000;Z;5;184.509517773414;50.1517472541856;348.836636198086;178.584721467697;80.6576801478398;96.0647288891044;67.6331092763933
57634;57;576340000;Z;5;122.0;36.0;290.0;202.0;169.0;161.0;157.0
57637;57;576370000;Z;5;55.9100715095564;10.0688180323437;77.0545736906673;47.3449753851144;18.1892364561933;22.2493949351872;4.05003196748975
57638;57;576380000;Z;5;409.014176413446;125.665629698609;747.708058406403;359.840514814845;153.407022297798;125.125327310693;97.9827942855462
57639;57;576390000;Z;5;122.930255601447;39.1350388579277;144.536857568908;65.1348278151495;38.0270601456415;25.0067007678012;13.0200866780925
57640;57;576400000;Z;5;86.3347753626829;11.1434724888377;123.492994037521;67.687832176597;43.3047392241504;17.1011121625335;16.1635866897911
57642;57;576420000;Z;5;285.0;79.0;495.0;337.0;288.0;281.0;331.0
57644;57;576440000;Z;5;277.0;60.0;488.0;260.0;149.0;115.0;47.0
57645;57;576450000;Z;5;128.065848912734;32.8097915757025;221.674394564541;133.63029651826;98.6739444526893;76.1820375620061;64.7068369911288
57647;57;576470000;Z;5;714.0;133.0;1104.0;588.0;300.0;202.0;107.0
57649;57;576490000;Z;5;41.3677225901517;15.4727168843017;94.4843387803988;70.6848670495671;41.8734174745614;47.9260843464035;47.9469872742609
57650;57;576500000;Z;5;222.68998032062;78.0533060128733;441.654181335861;216.690914673103;166.029563737315;104.516577908098;122.876731947334
57651;57;576510000;Z;5;119.498430662482;22.3407955754549;213.759354024944;71.0244453985211;40.6196283190089;32.4957026552071;15.2323606196283
57652;57;576520000;Z;5;48.4556221117795;19.9795764148022;118.568120661281;94.4970530290298;69.3324994025977;32.1859668824827;30.9368996267487
57654;57;576540000;Z;5;63.8392938500305;20.0720793853651;162.737051780278;89.3559223905063;78.6809380143048;66.9839420923522;52.9860620064217
57655;57;576550000;Z;5;130.417259786477;25.8843416370106;224.994661921707;171.234875444839;101.546263345195;75.6619217081849;61.7241992882562
57658;57;576580000;Z;5;282.562093963331;45.4489484410733;284.187288805187;116.807530952987;73.2921768410888;52.2341000393307;15.1021949822174
57659;57;576590000;Z;5;475.261557618152;118.889197968629;782.694241383673;462.914559357231;220.885125159429;258.990410872374;247.274483430441
57660;57;576600101;H;1;881.51556859092;110.52844407303;839.650664839305;333.841992954957;183.324628883569;113.401292593968;69.9336255417641
57660;57;576600102;H;1;495.559962345934;73.9662981983895;455.346310446855;160.969058876623;51.5810365444856;29.6629821779832;28.9975373967946
57660;57;576600103;H;1;801.579826460612;107.817583370091;802.045323625705;310.601575369357;100.497678865936;60.6500633203253;51.2163899171627
57660;57;576600104;H;1;574.870798293789;64.9471610701217;482.12612462569;135.301837964531;67.1207291490189;20.5289717832313;16.1355416415541
57660;57;576600105;H;1;562.759077716078;75.6515274823969;573.201856946808;183.299106412237;47.6963047286141;29.6393603206998;30.1776748834302
57663;57;576630101;H;4;460.106496863773;63.7265491326867;575.534632134164;309.696611369184;142.405949336703;98.5770056896247;66.7306722416377
57663;57;576630102;H;4;567.016524301625;105.22648196985;768.743851708921;467.013058981325;263.86774250253;195.162556718852;130.448750815146
57663;57;576630103;H;4;400.282386739686;91.6069143782366;562.585941561998;235.98737725698;147.367644869338;83.6410957366513;70.6966404440743
57664;57;576640000;Z;5;13.0;3.0;15.0;6.0;5.0;1.0;3.0
57666;57;576660101;H;4;450.302721086039;87.2467278961588;667.786091289697;356.750064602033;303.719914617602;168.420635011574;152.366556338806
57666;57;576660102;H;4;604.649888008103;108.287253471011;916.834783840304;536.443399678861;429.250521517954;325.918476191877;310.866183014754
57668;57;576680000;Z;5;224.33697335724;28.2416477315162;347.713634561231;162.043246129133;117.853492907176;72.1092690724863;29.6050686721897
57669;57;576690000;Z;5;522.0;74.0;633.0;286.0;180.0;108.0;71.0
57670;57;576700000;Z;5;19.4318181818182;5.11363636363636;33.75;22.5;13.2954545454545;8.18181818181818;3.06818181818182
57671;57;576710000;Z;5;26.8258064516129;5.96129032258064;42.7225806451613;20.8645161290323;5.96129032258064;4.96774193548387;7.94838709677419
57672;57;576720101;A;3;36.0965913409432;3.82567071846271;11.4770121553881;19.1283535923136;0.0;0.0;0.0
57672;57;576720102;H;1;149.39319317371;25.3331737753614;171.913887309475;53.7585980339489;26.6645254646748;29.5652419648045;47.5267850615681
57672;57;576720103;H;1;383.356841600549;93.0637861382091;428.874779550998;236.776115856887;227.85413284997;167.731572700289;186.468738141909
57672;57;576720104;H;1;359.322479348164;83.9038134736893;377.951558608723;271.682377241155;121.859407602621;96.0977670903499;89.6203357366334
57672;57;576720105;H;1;293.485103522285;97.4090759765986;404.427694559598;288.662518280972;282.286366102343;303.06646455341;480.003651256038
57672;57;576720106;H;1;172.628147278315;67.5358293119029;308.788138487116;383.291098259108;217.415835605988;271.518531950095;443.341361190532
57672;57;576720107;H;1;383.978357838403;70.1478581693189;447.628367674683;353.074520242352;282.592347356171;237.033009118484;440.666656775625
57672;57;576720108;H;1;562.653238890834;126.531293593298;739.22393052414;461.414420820726;339.28184957111;308.792303844282;312.968482161473
57672;57;576720109;H;1;461.955223844629;72.8760077897453;421.327666083592;197.897999730817;110.483623623904;66.3215256030849;56.6290301299319
57672;57;576720110;H;1;519.412182000468;57.9149019116756;348.77574654936;101.073831896829;98.2791043518751;67.8323942184797;37.365101575301
57672;57;576720111;H;1;387.737691349585;107.990608566011;570.510337388855;492.072722963123;436.976164215121;394.686661038525;611.898043176511
57672;57;576720112;H;1;590.67691687068;72.5355912887957;417.864758207494;207.692637705235;99.5579415318109;112.629520866223;120.582421617817
57672;57;576720113;A;3;3.69535471990625;0.0;21.5014690264508;11.2832484062496;14.6454313288633;3.03091789878128;10.5853774611374
57672;57;576720114;H;1;295.745909348323;100.766654062571;516.02222163748;278.599136826937;168.007279257191;216.736082062124;258.356831147279
57672;57;576720115;H;1;353.785812541881;114.713141819243;554.042404653179;359.253995953759;204.704584071129;203.565250352848;267.646775050104
57672;57;576720116;D;3;30.2539217687583;11.3026404970971;90.8286329511532;58.0176456814536;89.5845499008426;72.8614148481031;64.0781686147363
57672;57;576720117;H;2;74.8944917012774;28.7865363440205;124.728771604511;112.059101812926;49.3762607263495;30.604619181774;34.1635315219031
57672;57;576720118;H;1;481.511180638928;96.0848345878205;799.39924525181;413.016726603783;440.866252976023;374.321188071078;385.649499380906
57672;57;576720120;H;1;146.735954331469;30.0448865372956;309.483791264785;206.431345884688;183.375928742173;136.049542794848;147.812446422791
57672;57;576720121;H;1;399.886748800135;56.6907980333074;407.347257107861;200.547470958606;94.0789242670795;101.277062184003;139.036938663117
57672;57;576720122;H;1;199.298543521669;34.2885125890638;279.147944920228;194.127730319604;158.544674613712;157.904509519104;115.848682852802
57674;57;576740000;Z;5;20.0;7.0;34.0;19.0;24.0;11.0;6.0
57676;57;576760000;Z;5;9.58762886597938;2.87628865979381;38.3505154639175;6.71134020618557;8.62886597938144;1.91752577319588;0.0
57677;57;576770000;Z;5;148.126641431067;36.4811428830375;279.354242860146;138.290829581;108.048008360918;69.017148212693;54.4554408171208
57678;57;576780000;Z;5;358.809508553235;71.3129503763964;585.832467429379;270.832076332497;192.601523648691;152.758253036107;71.6864786688307
57679;57;576790000;Z;5;66.7257858122053;12.0507712307777;127.130871704024;80.0482590532588;45.7642177411655;39.7918022056368;13.0484856720118
57683;57;576830000;Z;5;1676.07011132863;233.416463693131;1592.01863181972;717.677561422106;370.826821845691;247.034671304233;160.460189201703
57684;57;576840000;Z;5;89.4695241662228;18.0811397940555;122.207517658476;77.365706449116;48.0190303683705;32.0562998992112;12.1086305993013
57686;57;576860000;Z;5;45.5465587044534;10.1214574898785;49.5951417004049;33.4008097165992;22.2672064777328;18.2186234817814;8.09716599190283
57690;57;576900000;Z;5;536.0;91.0;718.0;398.0;262.0;200.0;127.0
57692;57;576920000;Z;5;9.1358024691358;2.74074074074074;21.0123456790123;10.0493827160494;8.22222222222222;2.74074074074074;3.65432098765432
57693;57;576930000;Z;5;124.142316080425;20.0451138059959;171.63225732787;101.769123603981;88.9875633267266;69.5272624219494;86.2115441860848
57696;57;576960000;Z;5;145.59055354813;25.0074776817872;252.242110934463;138.862793384496;92.740890578175;79.7523070935358;34.8700099491929
57697;57;576970000;Z;5;58.184713375796;13.0414012738853;78.2484076433118;40.1273885350317;28.0891719745222;18.0573248407643;12.0382165605095
57698;57;576980000;Z;5;46.4394904458599;12.1146496815287;84.8025477707006;49.468152866242;26.2484076433121;10.0955414012739;7.06687898089172
57700;57;577000000;Z;5;96.0;24.0;134.0;61.0;29.0;33.0;11.0
57701;57;577010000;Z;5;63.404760805534;23.6955871070545;137.170537347826;89.112970702621;95.7869791361412;96.1218560387823;124.157397383427
57702;57;577020000;Z;5;48.1969615732036;3.01370422224278;25.3075203685904;25.3075203685904;19.3247238894665;7.11376512172953;6.09432639252805
57703;57;577030000;Z;5;39.8290598290598;1.99145299145299;86.6282051282051;28.8760683760684;16.9273504273504;6.97008547008547;6.97008547008547
57704;57;577040000;Z;5;98.2133733492604;18.5853307108274;170.26577412709;110.331461889411;54.5581118556935;28.5645177176681;18.8235971536959
57706;57;577060000;Z;5;85.0;18.0;168.0;76.0;28.0;22.0;13.0
57708;57;577080000;Z;5;165.0;53.0;430.0;287.0;200.0;158.0;115.0
57709;57;577090000;Z;5;44.0;6.0;61.0;56.0;23.0;18.0;10.0
57711;57;577110000;Z;5;87.78;20.9;96.14;63.745;34.485;22.99;6.27
57712;57;577120000;Z;5;295.773162166322;67.6001036441902;280.691125209225;129.398193197887;114.506665193674;66.960176380116;48.0673045015185
57714;57;577140000;Z;5;56.0;12.0;121.0;68.0;35.0;18.0;15.0
57715;57;577150000;Z;5;45.2793733681462;15.7493472584856;84.6527415143603;61.0287206266319;44.2950391644909;17.7180156657963;11.8120104438642
57716;57;577160000;Z;5;175.819376512331;47.7667428709267;333.714228481475;222.979312159085;166.005863123561;163.982749559073;107.88410355435
57717;57;577170000;Z;5;48.0;8.0;33.0;25.0;18.0;5.0;7.0
57720;57;577200000;Z;5;71.0;29.0;123.0;85.0;30.0;41.0;23.0
57724;57;577240000;Z;5;493.815149200779;72.7411349600663;723.491955064997;387.533847696432;280.368702370412;165.991014286323;105.322664814786
57725;57;577250000;Z;5;70.781563477312;12.8131087265676;82.6624867898751;39.818343341447;25.0990081432847;14.0015872825944;4.02299246009715
57730;57;577300000;Z;5;70.4458855011556;20.6340363778661;110.429090934363;69.545987121099;56.4373011304376;42.4960183400157;20.278649647985
57731;57;577310000;Z;5;348.015582135702;56.036407293037;397.187377439599;266.418708358124;205.466826741136;198.585162687605;253.638475115852
57732;57;577320000;Z;5;149.893536977799;16.8562055510576;218.581493206309;97.7235021802027;63.1458344851478;47.6798200325132;18.59993965162
57733;57;577330000;Z;5;177.0;56.0;443.0;279.0;218.0;159.0;119.0
57736;57;577360000;Z;5;49.9688754769319;20.0570783308212;138.853746230378;65.653235035644;66.7308105566481;48.2290922011528;33.1954077888876
57739;57;577390000;Z;5;73.1566038527329;13.9490270080361;134.290560957608;73.9069851359743;34.7688448788166;12.3464427174884;14.3864751242149
57740;57;577400000;Z;5;129.0;32.0;193.0;129.0;56.0;35.0;28.0
57741;57;577410000;Z;5;98.7647058823537;17.1764705882352;132.044117647059;66.5588235294117;27.9117647058823;19.3235294117648;11.8088235294118
57742;57;577420000;Z;5;411.823405670937;59.1900122726586;345.294367560372;208.238060687561;119.128876613744;66.8993438994294;31.9865619213873
57745;57;577450000;Z;5;153.0;22.0;270.0;133.0;91.0;65.0;33.0
57751;57;577510101;A;3;268.704142171959;34.0943540232839;263.138241109592;162.464773056655;94.9197323247446;53.9491147626376;56.217723824412
57751;57;577510103;H;1;195.71198515087;52.6781468132349;249.785430976205;198.325719014261;64.001576826012;15.0253091523229;18.9459512384676
57751;57;577510104;H;1;355.222563489239;94.2327070077423;518.060417561505;230.719700286506;163.412022028596;149.622434362637;120.927541145455
57751;57;577510105;H;1;755.26145047708;100.13154443512;432.403480816289;278.108607427209;72.8668708049111;64.9885671599616;49.7122827987188
57751;57;577510106;H;2;558.436124135666;76.2813562709821;147.827510905952;106.942075312308;42.0333879391428;10.8151967406035;28.7715048991749
57751;57;577510107;H;1;710.622557755356;112.367565301909;268.50670617794;143.182065997148;11.1244589956615;26.4973020786192;27.0073423678042
57751;57;577510110;H;1;509.414492572511;144.967868436808;821.716979403349;499.886269203985;351.919104741484;250.107400160115;176.186289616888
57752;57;577520000;Z;5;460.655828433073;122.910411622277;781.87547561398;436.900034590108;236.525077827741;193.144932549291;118.778969214805
57753;57;577530000;Z;5;16.271186440678;1.01694915254237;9.15254237288135;6.10169491525424;10.1694915254237;4.06779661016949;2.03389830508475
57757;57;577570101;H;1;225.826715351968;31.7067154422325;276.887616622872;85.9506558370924;48.1363867421334;42.8196676601528;18.1125875764836
57757;57;577570102;A;3;64.2876519359717;27.5144354003128;99.6130867434496;58.3141089027209;55.1427869417621;23.7202373724924;17.9390933232994
57757;57;577570103;H;1;328.860263335496;68.9331468821368;520.560791804574;294.49626725627;217.242404297798;138.630739141776;221.862328700672
57757;57;577570104;H;1;444.811960998041;103.296658969699;671.445774949623;352.691412066299;327.029707143758;246.283013986969;296.246241097835
57757;57;577570105;H;1;373.56946385137;87.9615919447796;576.575414283423;346.392803913729;262.520952052435;231.18057420369;223.614028829508
57757;57;577570106;H;1;462.966814663752;115.204191965764;294.616295386656;257.777874744829;32.7832465174369;94.6980915122236;23.7883346405553
57757;57;577570107;H;1;718.23302290901;165.140433204621;985.570619454017;676.779198263579;514.465929694045;465.281771593488;531.00254424449
57760;57;577600000;Z;5;134.407494145199;25.6955503512881;205.564402810304;137.372365339578;60.2857142857143;64.2388758782201;18.7775175644028
57762;57;577620000;Z;5;67.2855113636358;11.0468749999999;179.762784090908;116.494318181818;70.2982954545453;34.1448863636364;13.0553977272727
57764;57;577640000;Z;5;142.360764695679;27.8094559347497;187.760309639601;130.391162260314;134.893900971036;107.712597681048;152.021064019145
57767;57;577670000;Z;5;117.145969604997;40.5715899482935;261.231538901593;157.901552145597;179.109847496517;117.114986217305;79.3310281475917
