INSEE_COM;DEP;IRIS;TYP_IRIS;P19_POP;P19_POP0014;P19_POP1529;P19_POP3044;P19_POP4559;P19_POP6074;P19_POP75P;P19_POP0019;P19_POP2064;P19_POP65P;C19_POP15P;C19_POP15P_CS1;C19_POP15P_CS2;C19_POP15P_CS3;C19_POP15P_CS4;C19_POP15P_CS5;C19_POP15P_CS6;C19_POP15P_CS7;C19_POP15P_CS8;P19_POP_FR;P19_POP_ETR;P19_POP_IMM;P19_PMEN;P19_PHORMEN
15001;15;150010000;Z;799.0;77.0432779524987;57.2216098190894;89.6911562390903;164.79871185046;222.332631483444;187.912612655418;101.508607403445;382.84899253688;314.642400059675;720.957052815225;54.358980681506;29.9928566189117;9.90754117638667;34.7044059476234;83.8731900796618;69.197515819411;379.344299253154;59.5782632385704;798.025238755718;0.974761244282195;2.97586677526136;735.965175774156;63.0348242258437
15002;15;150020000;Z;223.0;39.0;22.0;35.0;68.0;34.0;25.0;45.0;135.0;43.0;195.0;70.0;5.0;15.0;25.0;10.0;20.0;50.0;0.0;217.0;6.0;8.0;223.0;0.0
15003;15;150030000;Z;599.0;60.7346836027307;52.9110899451324;73.8461555850052;131.057896625857;147.252644029786;133.197530211488;87.6491591641005;283.983510698241;227.367330137659;555.100877275595;39.886228374634;4.9944913944778;25.0425909028381;29.9670267575296;79.8981645910263;49.9175182854753;250.404325609828;74.9905313597859;595.001581176353;3.99841882364671;7.99227931551926;553.026799817354;45.9732001826465
15004;15;150040000;Z;472.0;96.0;57.0;104.0;96.0;86.0;33.0;121.0;261.0;90.0;360.0;20.0;25.0;20.0;60.0;70.0;35.0;90.0;40.0;472.0;0.0;0.0;472.0;0.0
15005;15;150050000;Z;350.0;64.0781650814019;37.8598684446437;75.6875015769438;88.542595297054;59.0026635828874;24.8292060170693;78.9021858744731;211.032055388192;60.065758737335;289.084874358496;19.6625700540505;15.1168119239831;10.33225417157;45.8686681411077;55.1989840235883;50.2747089247758;46.8895548921751;45.7413222272452;350.0;0.0;5.11775668839048;350.0;0.0
15006;15;150060000;Z;731.0;88.7937853107332;87.7612994350278;94.9887005649712;165.197740112994;196.172316384182;98.0861581920913;124.93079096045;377.889830508474;228.179378531075;624.653954802261;82.5988700564977;30.9745762711865;20.6497175141243;61.9491525423725;123.898305084746;51.6242937853106;196.172316384183;56.7867231638416;719.642655367232;11.3573446327681;11.3573446327683;731.0;0.0
15010;15;150100000;Z;190.0;30.0;19.0;22.0;47.0;39.0;33.0;38.0;92.0;60.0;150.0;30.0;5.0;5.0;0.0;45.0;20.0;35.0;10.0;183.0;7.0;11.0;190.0;0.0
15011;15;150110000;Z;182.0;18.2;27.3;23.2555555555556;36.4;49.5444444444444;27.3;30.3333333333333;92.0111111111111;59.6555555555556;166.833333333333;20.2222222222222;15.1666666666667;5.05555555555556;10.1111111111111;15.1666666666667;15.1666666666667;70.7777777777778;15.1666666666667;182.0;0.0;1.01111111111111;182.0;0.0
15012;15;150120101;H;3352.92674698792;416.711485943801;439.585863453818;533.072449799208;700.154859437746;822.504899598365;440.897188754984;582.799357429753;1785.19598393573;984.931405622435;2978.99678714854;4.97269076305207;109.399196787151;159.126104417673;462.460240963855;512.187148594373;293.388755020079;1114.21044176701;323.252208835345;3305.18891566262;47.7378313253043;74.6067469879533;3290.92674698794;61.9999999999795
15012;15;150120102;H;2926.07325301208;521.170763052242;340.175742971896;514.203534136565;736.963694779115;588.78297188753;224.776546184728;672.356947791205;1670.88963855423;582.826666666644;2411.89156626506;74.5903614457839;149.180722891565;124.317269076309;363.006425702816;437.5967871486;303.361445783135;686.258634538127;273.57991967872;2891.26441767071;34.808835341366;54.6995983935744;2900.07325301209;25.9999999999914
15013;15;150130000;Z;147.0;8.93918918918919;15.8918918918919;15.8918918918919;39.7297297297297;35.7567567567568;30.7905405405405;17.8783783783784;74.4932432432432;54.6283783783784;134.087837837838;14.8986486486486;0.0;0.0;24.8310810810811;9.93243243243243;19.8648648648649;44.6959459459459;19.8648648648649;145.013513513514;1.98648648648649;1.98648648648649;147.0;0.0
15014;15;150140101;H;2914.68950393169;211.423493899861;632.928760501466;414.088026604473;556.093436476542;507.425821281366;592.729965167978;412.608403740841;1571.70233326736;930.37876692349;2703.26601003183;1.0368349164398;71.5489486608124;237.92137294622;407.710834365997;340.61672871918;224.593318807499;941.184891660978;478.653079954699;2766.37917552413;148.310328407559;168.490429440689;2434.68282487264;480.006679059049
15014;15;150140102;H;2319.65384047729;239.47124452195;942.114000309759;432.935104364687;299.15356026689;261.657975599479;144.321955414525;584.214789270096;1449.47371484065;285.965336366545;2078.18256812593;3.12311828078473;60.2697466876757;104.603808849314;293.701372054085;330.905605872312;290.666680877029;337.480379438612;657.431856066114;2157.36073244955;162.293108027738;166.861356955778;2265.65308908315;54.000751394143
15014;15;150140103;H;1355.62021507405;148.459455090536;162.021611775483;153.418789608246;248.320641187707;298.365078630966;345.034638781115;207.639514766902;605.770417135433;542.210283171717;1207.16075998352;4.92327146922438;26.8213072145296;114.013315833535;182.867125398889;133.252272688773;54.1259467985433;575.024757023955;116.132763556067;1344.75758540021;10.8626296738416;17.8155450144001;1166.61758519455;189.0026298795
15014;15;150140104;H;2108.65797642433;258.666504426964;322.027432142487;365.285884497354;450.732538890283;437.98158496058;273.964031506665;343.309082551026;1197.45898676837;567.889907104935;1849.99147199737;0.962525885240322;27.2637075952561;87.9178163718917;225.118815200972;382.649416736888;259.38371837734;631.691279884196;235.004191945586;2047.09717635329;61.5608000710424;107.73919177627;2108.65797642433;0.0
15014;15;150140105;H;1612.25652150483;187.78586135627;276.097776309325;225.592123357226;367.410805855588;339.572902164389;215.797052462035;285.043053370817;913.135851448746;414.077616685269;1420.47060448974;0.0;18.0993106203153;23.055858157578;106.895092710478;262.819290835662;293.496466287645;492.640933610413;223.463652267645;1448.53970884265;163.716812662181;174.294088908996;1548.25563096363;64.0008905412065
15014;15;150140106;H;2379.35769902373;359.096403817311;409.455902006998;496.397544889852;485.83795871459;416.711027114291;211.858862480692;498.066218312194;1421.50971807329;459.781762638245;2007.26111431524;15.939975966243;47.208753468976;121.200589192825;357.591807131833;361.760624827399;268.267769517294;555.135415348541;280.156178862129;2345.1759177671;34.1817812566339;56.6284665264326;2379.35769902373;0.0
15014;15;150140107;H;2235.3601194293;168.010463773784;551.539171397146;331.391015996583;385.543051847609;494.902622636451;303.973793777727;412.001364530711;1216.27397434645;607.084780552144;2069.34968348493;3.04250542776169;53.8469267734936;126.038700983455;274.448721368221;276.925097393589;243.893809554986;669.701253188453;421.45266879497;2119.06689493576;116.29322449354;137.725847435035;2212.35979939105;23.0003200382461
15014;15;150140108;H;2002.85632590945;200.981907090957;304.809735285031;329.24295140935;392.265305558643;437.228799063154;338.327627502317;323.475394124649;1059.8574299556;619.523501829202;1795.87433533026;5.54172130281212;46.4650099974367;116.756220636167;237.877378052437;264.846932332449;175.369466978128;724.21910178285;224.798504247976;1943.04391696532;59.8124089441344;69.3613734534374;1812.85368211524;190.002643794207
15014;15;150140109;D;1585.45475667972;304.982349378873;240.503097999445;255.366502981325;374.577590208422;265.156730421604;144.868485690052;440.152013787697;824.251213857516;321.051529034508;1279.47239338614;18.3514031528491;57.2175255611394;119.983223006941;220.474361534956;194.381215553643;125.529272309131;353.214456977352;190.320935290129;1515.97690081251;69.4778558672138;79.4316596068149;1484.45335129438;101.001405385341
15014;15;150140110;A;1349.93568488583;203.432552554014;178.904049215044;218.578025328866;314.858906625501;210.694148782669;223.46800237974;266.54997007554;696.161908212567;387.223806597727;1145.50311841711;6.32134495471396;29.8262533068639;40.7344923478739;117.314251652581;225.062892879851;191.135235886584;396.064529193491;139.044118195155;1234.87796481885;115.057720066983;107.222667528059;1228.93400120637;121.001683679469
15014;15;150140111;H;1575.52062100878;233.355528996093;234.999648338451;244.547472527746;374.72459292245;288.764294384889;199.129083839147;315.116327568727;861.87491880262;398.52937463743;1342.16509201268;0.0;9.2660989213218;19.1423470026899;93.3464965424776;248.535577918122;228.58521474726;455.659751358883;287.62960552193;1352.04871851368;223.4719024951;265.688822222879;1575.52062100878;0.0
15014;15;150140112;H;2208.95760346991;357.180849297486;317.140813407947;361.126422288692;456.090447637666;411.051531333987;306.367539504133;464.312136702431;1134.38723070734;610.258236060137;1874.77707421067;2.9570551726259;40.3403536534367;72.3183733991049;201.303916401639;386.706668043111;274.524437075843;678.419309980416;218.206960484494;2178.10145930239;30.8561441675171;69.6872538740738;1964.95420828156;244.00339518835
15014;15;150140113;H;1944.67913218108;257.897339822133;221.668093284727;285.229274088565;460.407081917905;510.208960181984;209.268382885764;350.717322284691;1013.80893189062;580.152878005771;1684.78176452953;4.94086007795774;41.399071123192;72.0253990360149;153.55182816143;320.697944816707;234.027387626074;656.429726986291;201.709546701866;1885.28680698297;59.3923251981087;108.700130828922;1862.67799117516;82.0011410059208
15018;15;150180000;Z;132.0;9.70588235294118;11.6470588235294;9.70588235294118;24.2647058823529;42.7058823529412;33.9705882352941;16.5;55.3235294117647;60.1764705882353;111.617647058824;29.1176470588235;14.5588235294118;0.0;0.0;14.5588235294118;9.70588235294118;38.8235294117647;4.85294117647059;130.058823529412;1.94117647058824;2.91176470588235;132.0;0.0
15019;15;150190000;Z;235.0;44.0261740942957;24.0356206886021;38.2905487833106;45.2641084977009;59.5211922535806;23.8623556825101;48.8353864500072;126.418179468624;59.7464340813687;186.501008566012;10.0769139254688;4.38005744076348;19.2749966677666;30.0836863680004;35.5139114460699;30.7153715616824;51.1776971151787;5.27837404108131;235.0;0.0;4.00234390450455;235.0;0.0
15021;15;150210000;Z;634.0;91.2724613920987;49.5571613852834;111.360247413756;124.227869189353;156.783205188119;100.79905543139;108.796972612194;324.572408966428;200.630618421378;528.634699672547;45.3555751317591;9.80898500548039;25.1583061483079;64.9630595091051;80.0973538633933;45.1275621499962;208.719843218666;49.4040146458388;633.030374142616;0.969625857384112;6.92527405881787;634.0;0.0
15026;15;150260000;Z;183.0;20.9866292352945;18.0014856405228;21.0017332472766;28.0023109963689;69.0056949553375;26.0021459251996;26.9871244488021;85.0070155246912;71.0058600265067;155.012793015613;15.001238033769;0.0;0.0;0.0;25.002063389615;15.001238033769;85.0070155246912;15.001238033769;183.0;0.0;0.0;170.014031049382;12.9859689506177
15027;15;150270000;Z;745.0;99.8922674466745;71.2917449677156;92.7012595249128;146.394224604668;180.322545278184;154.397958177846;129.408558486014;350.003962045946;265.58747946804;638.024816899745;69.9170706274396;30.2150285008263;29.9572360803053;64.415783560467;94.8804213388575;64.4796132071827;215.126447077658;69.0332165070084;735.996320574213;9.0036794257873;18.982912026947;745.0;0.0
15029;15;150290000;Z;507.0;60.0;43.0;58.0;88.0;163.0;95.0;77.0;227.0;203.0;455.0;45.0;10.0;30.0;20.0;40.0;20.0;245.0;45.0;500.0;7.0;10.0;507.0;0.0
15030;15;150300000;Z;294.0;55.0099085105521;30.0005508847055;74.0048036650659;68.9961797822799;39.9934597392962;25.9950974181005;66.0108537637334;175.998009565977;51.9911366702893;224.990001597255;5.00092929169412;0.0;9.99871815033979;19.9974364239357;65.0042295861464;44.9989425726526;49.991235981594;29.9985095908925;288.999541662311;5.00045833768862;6.00017316804894;294.0;0.0
15032;15;150320000;Z;60.0;4.83870967741935;1.93548387096774;12.5806451612903;15.4838709677419;18.3870967741935;6.7741935483871;5.80645161290323;37.741935483871;16.4516129032258;48.3870967741936;19.3548387096774;0.0;0.0;4.83870967741935;0.0;0.0;24.1935483870968;0.0;60.0;0.0;1.93548387096774;60.0;0.0
15037;15;150370000;Z;1056.0;159.233794938879;133.906355721953;150.761874689882;237.698046822139;254.020659479454;120.379268347693;204.830529117236;545.120483558121;306.048987324643;909.163471514277;25.5040822770536;45.9073480986964;0.0;91.8146961973929;96.9155126528036;183.629392394786;316.250620235464;149.14181965808;998.739861969418;57.2601380305818;62.6715684063319;1028.3245974108;27.6754025891997
15038;15;150380000;Z;1030.0;122.7881773399;110.610837438423;133.950738916255;212.088669950739;262.827586206898;187.733990147785;169.467980295564;505.35960591133;355.172413793106;877.78325123153;55.8128078817734;25.3694581280789;5.07389162561574;55.8128078817736;116.699507389162;121.773399014778;405.911330049264;91.3300492610835;996.512315270936;33.487684729064;38.5615763546799;1030.0;0.0
15042;15;150420000;Z;254.0;27.7838986697447;34.8146831356469;28.7599853665621;83.0080396601965;49.8324164418905;29.8009767259592;38.405923041895;151.295308889151;64.2987680689545;230.880900731235;36.7115062997039;0.0;0.0;14.8837907375439;38.7359478901788;38.6683638900078;101.881291913801;0.0;251.983346686454;2.01665331354595;2.01665331354595;254.0;0.0
15043;15;150430000;Z;87.0;8.28571428571429;5.17857142857143;10.3571428571429;22.7857142857143;23.8214285714286;16.5714285714286;8.28571428571429;45.5714285714286;33.1428571428571;88.0357142857143;0.0;0.0;0.0;10.3571428571429;5.17857142857143;10.3571428571429;62.1428571428571;0.0;87.0;0.0;0.0;87.0;0.0
15045;15;150450000;Z;841.0;83.5084162053882;88.6632567118937;102.047268911901;162.815955622708;215.196038043814;188.769064504296;115.468427345722;397.839536485541;327.692036168737;770.927452617358;41.2387240520436;25.7742025325272;15.4645215195163;67.0129265845708;138.981402930397;87.5394230260562;348.615552998233;46.3006989740127;831.76114523734;9.23885476265988;14.3936952691653;730.956383822472;110.043616177528
15046;15;150460000;Z;218.0;31.0;23.0;31.0;40.0;61.0;32.0;38.0;106.0;74.0;190.0;35.0;0.0;0.0;10.0;30.0;15.0;95.0;5.0;217.0;1.0;1.0;218.0;0.0
15049;15;150490000;Z;221.0;22.035406368443;27.0174799212226;30.0140115996459;32.0004084280939;67.9659192497248;41.9667744328698;31.0491284962318;106.00791344562;83.942958058148;189.934134636109;24.9937508398117;30.0135115205752;4.9980255776827;9.99185248757079;14.9976996844463;4.9980255776827;84.94835413007;14.9929148182691;220.001118426544;0.998881573455517;1.99776314691103;221.0;0.0
15051;15;150510000;Z;209.0;19.3349426262655;23.0351568719895;28.2727752025153;58.8916859247342;51.7077794190509;27.7576599554447;26.376924758524;123.084941617042;59.5381336244339;184.375844730697;39.8539563858898;4.96546728463012;0.0;10.124613311266;24.7646973417064;30.1793290043958;54.4322335222824;20.0555478805263;205.9821503183;3.01784968169994;5.05579521840639;209.0;0.0
15054;15;150540000;Z;989.0;120.119145566009;111.517365510824;146.336887096526;195.332808035823;231.037106540734;184.656687250084;162.387187897433;486.628773516844;339.984038585723;898.018497346224;54.4298427916592;64.7012887571045;40.5216739183678;40.078635410964;112.445916259678;118.928141377671;399.159313835264;67.7536849955165;959.381439547582;29.6185604524176;34.221664428479;908.012483569287;80.9875164307134
15056;15;150560000;Z;856.0;192.296027716283;90.4024350788694;192.814227893425;195.643901219709;149.027847017132;35.8155610745814;230.104293741293;498.734485663162;127.161220595545;635.806102977727;24.9088118803476;14.9452871282086;39.8540990085562;144.471108906016;124.544059401738;74.7264356410428;129.525821777808;82.8304792340105;852.014590099144;3.98540990085562;8.96717227692514;822.987144526685;33.0128554733153
15057;15;150570000;Z;189.0;13.8534031413613;16.8219895287958;25.7277486910995;50.4659685863874;49.4764397905759;32.6544502617801;16.8219895287958;103.900523560209;68.2774869109948;178.115183246073;9.89528795811518;0.0;9.89528795811518;14.8429319371728;19.7905759162304;9.89528795811518;98.9528795811518;14.8429319371728;186.031413612565;2.96858638743455;3.95811518324607;189.0;0.0
15063;15;150630000;Z;332.0;51.3931888544892;34.9473684210526;62.6996904024768;72.9783281733746;70.922600619195;39.0588235294118;67.8390092879257;178.848297213622;85.312693498452;256.965944272446;35.9752321981424;5.13931888544892;5.13931888544892;25.6965944272446;41.1145510835913;25.6965944272446;97.6470588235294;20.5572755417957;326.860681114551;5.13931888544892;8.22291021671827;332.0;0.0
15064;15;150640000;Z;83.0;12.6075949367089;9.45569620253165;11.5569620253165;13.6582278481013;23.1139240506329;12.6075949367089;14.7088607594937;37.8227848101266;30.4683544303797;73.5443037974683;0.0;5.25316455696202;0.0;5.25316455696202;15.7594936708861;5.25316455696202;31.5189873417721;10.506329113924;83.0;0.0;1.05063291139241;83.0;0.0
15066;15;150660000;Z;117.0;3.02586206896552;8.06896551724138;6.05172413793103;29.25;46.3965517241379;24.2068965517241;5.04310344827586;58.5;53.4568965517241;115.991379310345;10.0862068965517;5.04310344827586;5.04310344827586;0.0;5.04310344827586;10.0862068965517;70.6034482758621;10.0862068965517;115.991379310345;1.00862068965517;1.00862068965517;117.0;0.0
15069;15;150690000;Z;248.0;26.1936971249413;25.9830438729553;25.8468110721446;55.8577238345864;63.1070044535964;51.0117196417759;33.5704809565138;115.307134475538;99.1223845679486;217.758988245116;25.6829242546243;5.25203571690449;0.0;10.2726716171019;35.4954027982862;20.3164919093533;90.3816982390975;30.3577637097482;245.009988087184;2.99001191281646;7.14536052299865;248.0;0.0
15070;15;150700000;Z;200.0;18.9054726368159;19.9004975124378;28.8557213930348;31.8407960199005;58.7064676616915;41.7910447761194;23.8805970149254;87.5621890547264;88.5572139303483;174.129353233831;24.8756218905473;4.97512437810945;0.0;9.9502487562189;14.9253731343284;9.9502487562189;94.5273631840796;14.9253731343284;200.0;0.0;0.995024875621891;200.0;0.0
15076;15;150760000;Z;171.0;17.8953488372093;10.9360465116279;20.8779069767442;32.8081395348837;51.6976744186046;36.7848837209302;21.8720930232558;83.5116279069767;65.6162790697674;154.098837209302;14.9127906976744;4.97093023255814;0.0;4.97093023255814;14.9127906976744;14.9127906976744;84.5058139534884;14.9127906976744;170.005813953488;0.994186046511628;2.98255813953488;171.0;0.0
15079;15;150790000;Z;372.0;69.4583485736931;38.8127077773642;69.7219697182573;90.1222877299968;78.0894932505558;25.7951929501328;82.82839288573;220.31428909051;68.8573180237603;288.189613654434;30.7747455748233;10.0982250665845;0.0;30.4506815926473;61.0646187157313;45.5616900094514;79.710369993152;30.5292827020437;370.966716743113;1.03328325688747;3.13202254639012;372.0;0.0
15083;15;150830000;Z;2022.0;355.0;248.0;342.0;442.0;381.0;254.0;465.0;1055.0;502.0;1710.0;15.0;50.0;100.0;245.0;325.0;210.0;545.0;220.0;2015.0;7.0;14.0;2022.0;0.0
15084;15;150840000;Z;291.0;59.905812816295;32.6377190102447;58.113530428626;62.560234392792;52.8191338882161;24.9635694638262;67.7577424683359;165.415703072342;57.8265544593218;203.575902676018;34.7999727371822;4.98288719293544;0.0;29.53460010633;29.8177449110176;39.6220536764482;39.9446565774956;24.8739874746089;285.08499028072;5.91500971927965;6.90349745985308;291.0;0.0
15085;15;150850000;Z;496.0;90.4590163934426;65.0491803278689;94.5245901639344;108.754098360656;88.4262295081967;48.7868852459016;115.868852459016;270.360655737705;109.770491803279;411.639344262295;20.327868852459;25.4098360655738;0.0;40.655737704918;86.3934426229508;60.9836065573771;132.131147540984;45.7377049180328;494.983606557377;1.01639344262295;4.0655737704918;496.0;0.0
15087;15;150870000;Z;360.0;86.0;34.0;79.0;72.0;57.0;32.0;104.0;190.0;66.0;270.0;10.0;10.0;20.0;25.0;45.0;55.0;70.0;35.0;349.0;11.0;10.0;360.0;0.0
15088;15;150880000;Z;512.0;90.7357048887192;53.3484947880926;110.332110883039;98.7959408590544;106.307018819205;52.48072976189;106.087686976374;287.797161444556;118.11515157907;401.392173546697;0.0;15.0412340735123;10.0382847135346;43.3102810901859;89.8157964736976;79.3631310215799;143.594741569351;20.2287046048361;508.076632767223;3.9233672327773;9.73480044559562;512.0;0.0
15089;15;150890000;Z;449.0;78.0798057679244;46.763595377009;77.9088562647341;86.5175058043259;81.9988245783935;77.7314122076132;98.5381048749062;221.020573217517;129.441321907577;356.707149267496;46.2948070216316;33.8494617867275;0.0;19.3344039733966;57.5805150107885;49.1906673565998;135.942236305021;14.5150578133309;444.377550112328;4.62244988767183;5.58824725303327;449.0;0.0
15090;15;150900000;Z;591.0;103.0;104.0;92.0;142.0;83.0;67.0;133.0;331.0;127.0;475.0;35.0;20.0;25.0;75.0;100.0;75.0;110.0;35.0;590.0;1.0;1.0;591.0;0.0
15092;15;150920000;Z;1405.0;153.3571999354;135.763892721731;169.050228317858;345.939265390714;355.614588040636;245.27482559366;198.349329207971;728.192827923593;478.457842868436;1251.38382108144;35.0288105007733;64.5494253189622;44.1040510943019;133.013038424276;142.846616494509;199.682331097617;535.254501127714;96.9050470232891;1386.46046059192;18.5395394080841;38.8194162899184;1370.00878051975;34.9912194802529
15094;15;150940000;Z;829.0;76.7552819800112;74.6731293404285;99.5488013358227;183.546785126629;195.684596132681;198.791406084428;107.872288188124;391.937177916118;329.190533895758;747.148297513842;10.3723354027042;20.7446708054082;15.5585031040563;82.9786832216326;98.5371863256887;57.0478447148722;317.273206928336;144.635867011144;821.786800668724;7.21319933127631;19.6574399615076;688.72307073955;140.27692926045
15095;15;150950000;Z;355.0;59.8680947388182;37.6164071683778;61.2606707859653;86.6891859730448;79.4616289884428;30.1040123453511;71.6730036026209;203.909991658559;79.4170047388203;274.55538318643;14.941365744557;19.7311357208589;9.92250899778925;34.8453082090352;34.8466381058324;39.9787083410358;90.7479874672024;29.5417306001193;355.0;0.0;0.992250899778925;355.0;0.0
15096;15;150960000;Z;286.0;35.8781362007169;42.0286738351255;37.9283154121864;63.5555555555556;70.7311827956989;35.8781362007169;55.3548387096774;142.487455197133;88.15770609319;266.523297491039;10.2508960573477;0.0;5.12544802867384;10.2508960573477;61.505376344086;30.752688172043;76.8817204301075;71.7562724014337;282.924731182796;3.0752688172043;3.0752688172043;286.0;0.0
15097;15;150970000;Z;111.0;13.0;11.0;15.0;27.0;23.0;22.0;15.0;60.0;36.0;100.0;20.0;5.0;0.0;5.0;15.0;10.0;35.0;10.0;111.0;0.0;0.0;111.0;0.0
15098;15;150980000;Z;93.0;10.2197802197802;8.17582417582418;14.3076923076923;20.4395604395604;28.6153846153846;11.2417582417582;13.2857142857143;55.1868131868132;24.5274725274725;81.7582417582418;30.6593406593407;0.0;0.0;0.0;10.2197802197802;10.2197802197802;20.4395604395604;10.2197802197802;91.978021978022;1.02197802197802;1.02197802197802;93.0;0.0
15101;15;151010000;Z;517.0;82.1213023858228;61.2362861018526;92.3174543524501;143.951342273881;108.044248322809;29.3293665631849;110.192149630792;311.855130380952;94.9527199882564;457.738772924386;5.02409715543394;30.1386513773666;10.0697066180774;105.421275889798;95.4037837046754;30.2093036853967;116.221945105981;65.2500093876566;508.989522035409;8.01047796459088;11.0206704840971;513.002750740986;3.99724925901436
15102;15;151020000;Z;107.0;14.0;8.0;14.0;26.0;30.0;15.0;18.0;53.0;36.0;85.0;5.0;0.0;0.0;0.0;10.0;5.0;50.0;15.0;100.0;7.0;5.0;107.0;0.0
15103;15;151030000;Z;237.0;30.5164396129643;37.5471073368603;32.4692704782396;49.6120756841494;55.5763000221765;31.27880686561;42.7211409556257;124.613115974586;69.6657430697882;217.618443366542;5.03749459412435;10.1525079327127;0.0;10.1059301417737;45.5852166746991;30.4107556728731;95.9905818223336;20.3359565280253;231.947049138763;5.05295086123715;5.05295086123715;237.0;0.0
15104;15;151040000;Z;345.0;59.7615317433725;27.2247301687654;55.5600752300954;67.3032949673677;85.128518945755;50.0218489446439;70.8954172359466;169.018958512088;105.085624251965;286.330654969008;45.2483166481045;25.2354113413562;10.089429147496;10.089429147496;20.1311739402268;40.2157746714571;95.0343192737711;40.2868007991005;337.949304265546;7.0506957344536;8.04784514664513;345.0;0.0
15106;15;151060000;Z;156.0;20.0;8.0;19.0;25.0;65.0;19.0;24.0;67.0;65.0;140.0;50.0;0.0;5.0;10.0;0.0;0.0;70.0;5.0;155.0;1.0;2.0;156.0;0.0
15107;15;151070000;Z;171.0;21.1235294117647;12.0705882352941;23.1352941176471;28.1647058823529;50.2941176470588;36.2117647058824;29.1705882352941;71.4176470588235;70.4117647058823;155.911764705882;5.02941176470588;0.0;0.0;0.0;10.0588235294118;20.1176470588235;110.647058823529;10.0588235294118;171.0;0.0;3.01764705882353;171.0;0.0
15108;15;151080000;Z;990.0;161.819451024769;99.9178435019783;164.672111999084;228.357838253584;204.921832092286;130.310923128298;199.556878878848;522.790592420944;267.652528700208;824.350646444148;70.0794003935295;40.3149311536404;35.1304082757377;45.2169221742789;120.057540384649;140.197701363678;323.448112767591;49.905629931043;987.002099431882;2.99790056811836;8.00632776750209;990.0;0.0
15111;15;151110000;Z;208.0;22.88995215311;23.8851674641148;18.9090909090909;57.7224880382775;48.7655502392345;35.8277511961723;30.8516746411483;108.478468899522;68.6698564593301;179.138755980861;14.9282296650718;0.0;9.95215311004785;14.9282296650718;29.8564593301435;29.8564593301435;59.7129186602871;19.9043062200957;203.023923444976;4.97607655502392;5.97129186602871;208.0;0.0
15112;15;151120000;Z;92.0;13.7021276595745;8.80851063829787;11.7446808510638;23.4893617021277;21.531914893617;12.7234042553191;16.6382978723404;46.0;29.3617021276596;78.2978723404255;29.3617021276596;0.0;0.0;4.8936170212766;9.78723404255319;0.0;34.2553191489362;0.0;89.063829787234;2.93617021276596;2.93617021276596;92.0;0.0
15113;15;151130000;Z;183.0;12.7219251336898;24.4652406417112;25.4438502673797;57.7379679144385;30.3368983957219;32.2941176470588;17.6149732620321;113.51871657754;51.8663101604278;156.577540106952;24.4652406417112;9.78609625668449;0.0;19.572192513369;29.3582887700535;24.4652406417112;48.9304812834225;0.0;182.021390374332;0.978609625668449;2.93582887700535;183.0;0.0
15114;15;151140000;Z;517.0;41.9354875018614;39.632299764207;59.2126637955184;132.190530452459;158.877437504127;85.1515809818267;56.7038486918432;277.261174830275;183.034976477882;463.284956281768;39.9826051243635;24.8010567894977;29.7993507683203;24.6128857309582;69.6557379112468;49.7910717954032;150.32394213873;74.318306023248;500.281983569644;16.7180164303561;11.7951224200949;461.973510005568;55.026489994432
15117;15;151170000;Z;593.0;78.50536587588;77.0149918730214;85.4426326657134;134.259965751735;126.790249406688;90.9867944269627;117.664006049705;303.802099239585;171.53389471071;518.551763142133;54.5907458320783;34.2173661162119;24.8715255078437;40.0493387906468;49.7430805782089;64.0268497698762;191.902845746443;59.1500108008243;584.179470949562;8.82052905043783;10.7956888708908;586.995456861031;6.0045431389687
15118;15;151180000;Z;726.0;114.956583772189;100.98600094524;119.006282340914;171.874616697129;143.404187112836;75.7723291316922;162.133322002207;403.247135846606;160.619542151187;603.499711511905;49.7082060358784;49.4728473773845;5.0433471152448;74.9327728302568;118.958530879835;54.6024437447235;167.091853299824;83.6897102287583;723.982396582736;2.01760341726366;8.02205699417801;722.002351330485;3.99764866951493
15119;15;151190000;Z;1797.0;244.0;205.0;268.0;376.0;365.0;339.0;330.0;883.0;584.0;1515.0;40.0;70.0;85.0;130.0;235.0;175.0;655.0;125.0;1767.0;30.0;39.0;1686.0;111.0
15120;15;151200000;Z;3498.0;398.0;447.0;475.0;715.0;784.0;679.0;574.0;1733.0;1191.0;3170.0;25.0;175.0;80.0;260.0;485.0;315.0;1345.0;485.0;3439.0;59.0;82.0;3215.0;283.0
15122;15;151220000;Z;2111.0;253.0;258.0;291.0;389.0;471.0;449.0;348.0;1003.0;760.0;1880.0;50.0;100.0;50.0;145.0;285.0;205.0;825.0;220.0;2041.0;70.0;84.0;1971.0;140.0
15124;15;151240000;Z;532.0;79.0;57.0;83.0;115.0;130.0;68.0;101.0;275.0;156.0;460.0;45.0;40.0;10.0;25.0;90.0;45.0;130.0;75.0;519.0;13.0;12.0;532.0;0.0
15126;15;151260000;Z;81.0;9.0;4.0;8.0;17.0;29.0;14.0;12.0;32.0;37.0;85.0;10.0;0.0;0.0;0.0;10.0;15.0;40.0;10.0;81.0;0.0;2.0;81.0;0.0
15127;15;151270000;Z;281.0;35.8733540819324;33.6633272746647;42.0214545558563;57.7288047392572;79.3931899391192;32.3198694091701;46.8434690764928;152.733396387679;81.4231345358285;231.78133875156;0.0;13.4127554598386;5.04381986219205;23.7186984485051;38.870133240294;42.7916579058981;93.4092231784055;14.5350506564265;279.101753841153;1.89824615884689;3.98128574519743;281.0;0.0
15129;15;151290000;Z;174.0;13.6265060240964;16.7710843373494;15.7228915662651;35.6385542168675;64.9879518072289;27.2530120481928;15.7228915662651;95.3855421686747;62.8915662650602;162.469879518072;26.2048192771084;5.24096385542169;0.0;5.24096385542169;26.2048192771084;26.2048192771084;73.3734939759036;0.0;172.951807228916;1.04819277108434;2.09638554216867;174.0;0.0
15130;15;151300000;Z;140.0;27.5912408759124;15.3284671532847;24.5255474452555;31.6788321167883;21.4598540145985;19.4160583941606;35.7664233576642;72.5547445255474;31.6788321167883;122.627737226277;35.7664233576642;0.0;5.10948905109489;5.10948905109489;10.2189781021898;15.3284671532847;45.985401459854;5.10948905109489;140.0;0.0;2.04379562043796;140.0;0.0
15134;15;151340000;Z;815.0;89.1006373703975;64.9336443786054;99.8129397762914;161.571402670695;158.043495775297;241.537880028714;117.417873872701;352.342463510778;345.23966261652;705.620338067474;24.8586037044108;40.0721150483165;20.1034421606662;39.8016481419725;124.57531785646;69.6216394098771;347.121534861765;39.4660368840051;805.993299511473;9.00670048852675;11.9417605463982;707.982165955101;107.017834044899
15135;15;151350000;Z;115.0;10.0877192982456;18.1578947368421;16.140350877193;21.1842105263158;26.2280701754386;23.2017543859649;20.1754385964912;56.4912280701754;38.3333333333333;100.877192982456;5.04385964912281;5.04385964912281;5.04385964912281;15.1315789473684;30.2631578947368;5.04385964912281;30.2631578947368;5.04385964912281;115.0;0.0;1.00877192982456;115.0;0.0
15137;15;151370000;Z;267.0;38.0041431824491;23.0654363789163;49.8233685965252;59.7963335393854;59.4348395199227;36.8758787828013;48.4695021804878;153.566915060802;64.9635827587099;233.03509008284;28.9830428809337;14.0153467112142;9.90475225661124;14.7684615234567;34.0313825241264;20.4004556417034;86.0738043883793;24.8578441564152;265.990332071361;1.00966792863854;1.00966792863854;267.0;0.0
15138;15;151380000;Z;1845.0;192.182421168619;218.461649851771;261.058954220166;361.666057529563;459.359918274237;352.270998955644;273.426796736852;932.997405609805;638.575797653343;1642.29484483937;14.2020090191833;87.7909092829018;63.1592547543336;183.852697198874;250.66381004197;150.967335769335;794.304592274242;97.3542364985242;1827.38817918765;17.6118208123534;21.7278601246934;1651.02874485144;193.97125514856
15140;15;151400000;Z;2113.0;340.603829869023;252.955512249018;334.126445538377;507.323303220787;454.358277202208;223.632631920587;437.563864630135;1191.37831860808;484.057816761788;1774.73541905569;10.3700584885565;98.1112210788711;86.76984102243;282.816994433391;252.640772248889;246.830355871226;612.668512496485;184.52766341584;2108.86989579589;4.13010420411249;16.5561003882051;2106.99886331174;6.00113668826198
15141;15;151410000;Z;1804.0;202.479072350765;241.451305983543;253.495691308471;404.358226122749;425.102875366268;277.112828868205;296.053104370759;960.551644299301;547.39525132994;1607.65141889558;153.840430820785;35.218431131422;69.5597618469965;78.5462406435648;234.092313742593;241.613760998113;611.224393583003;183.556086129099;1780.55183789358;23.4481621064195;42.1055146573546;1771.9936808572;32.0063191428042
15142;15;151420000;Z;1735.0;269.960506295739;195.482331659877;313.345356191361;374.575396435824;349.85156340823;231.784846008969;346.530934553501;948.677889284499;439.791176162;1454.42194082704;153.941671892965;49.6939971677648;19.9502525443368;94.1409916748163;290.722035580472;187.660336597621;499.628480105824;158.684175263238;1726.07658166451;8.9234183354858;13.9148300967352;1735.0;0.0
15143;15;151430000;Z;102.0;14.8543689320388;10.8932038834951;19.8058252427184;17.8252427184466;27.7281553398058;10.8932038834951;19.8058252427184;52.4854368932039;29.7087378640777;89.126213592233;4.95145631067961;0.0;9.90291262135922;4.95145631067961;19.8058252427184;14.8543689320388;29.7087378640777;4.95145631067961;101.009708737864;0.990291262135922;0.990291262135922;102.0;0.0
15144;15;151440000;Z;330.0;58.8008296647134;47.0344345551344;63.6326119971061;77.6882452451033;52.2772760147377;30.5666025232051;78.2569794011365;190.928151714314;60.8148688845491;264.193122243594;39.5280217971073;10.1217962865692;0.0;29.4149193081494;34.8289658141295;19.4107238481528;106.417073198049;24.4716219914374;326.116746192705;3.88325380729521;9.8380311931549;330.0;0.0
15147;15;151470000;Z;450.0;87.2059560597864;48.4144703550358;105.647520536342;71.5541446401827;91.1253248714622;46.0525835371906;98.9640624948138;242.273452981183;108.762484524003;340.056572067074;19.596844058379;14.6976330437842;9.79842202918949;34.2944771021632;63.6897431897317;39.193688116758;127.379486379463;31.4062781476052;431.38299814454;18.61700185546;23.7173140760584;437.009622501851;12.9903774981488
15148;15;151480000;Z;432.0;74.0;50.0;78.0;92.0;82.0;56.0;95.0;224.0;113.0;365.0;75.0;15.0;0.0;30.0;45.0;25.0;140.0;35.0;432.0;0.0;1.0;432.0;0.0
15149;15;151490000;Z;257.0;28.3165752687428;22.1325408430657;47.2873807781164;48.3916445321858;81.6601739176379;29.2116846602514;34.3727931395216;138.944420423645;83.6827864368339;231.72896319686;20.2261251919591;0.0;15.1695938939694;5.05653129798978;30.3391877879387;20.2261251919591;55.6218442778876;85.0895555551563;246.88693740402;10.1130625959796;11.1243688555775;181.023820468034;75.9761795319658
15151;15;151510000;Z;151.0;18.6298701298701;16.6688311688312;26.474025974026;26.474025974026;34.3181818181818;28.4350649350649;20.5909090909091;83.3441558441558;47.0649350649351;142.175324675325;39.2207792207792;0.0;9.80519480519481;4.9025974025974;4.9025974025974;19.6103896103896;58.8311688311688;4.9025974025974;151.0;0.0;0.0;151.0;0.0
15152;15;151520000;Z;898.0;88.52497741598;118.777429011074;128.007255980028;183.491914162018;193.948730091342;185.249693339558;116.336664683901;476.509096678484;305.154238637616;824.702632157272;45.8143654431;35.439896115537;4.997501879673;60.3540017006882;106.775994419569;96.1046276753165;334.268976913791;140.947268009597;888.987214277053;9.01278572294741;12.9968888918259;820.999658948835;77.0003410511649
15153;15;151530000;Z;1463.0;152.488007345697;119.176843632942;177.501957683986;302.652219653122;408.244313675479;302.936658008775;194.548287150957;720.806691009337;547.645021839705;1351.87700169686;135.332077830816;68.0602974123042;24.7135450790214;101.47946013588;158.14080108866;108.530838820542;620.138008115177;135.481973214458;1441.44075292712;21.5592470728824;27.5960154376263;1420.01450451538;42.9854954846246
15154;15;151540000;Z;1188.0;195.266046952209;147.654306785635;206.740571615376;270.293869232182;251.483770340467;116.561435074131;237.880472371879;680.652532356819;269.466995271302;988.519020086301;35.3151944653503;75.7454685545422;30.3158142939792;131.291224766115;171.5495070161;141.263072401972;296.689600420358;106.349138167884;1179.90806943355;8.09193056644609;16.1782825130988;1188.0;0.0
15155;15;151550000;Z;87.0;7.0;3.0;7.0;26.0;36.0;8.0;10.0;43.0;34.0;80.0;0.0;10.0;0.0;10.0;20.0;5.0;35.0;0.0;86.0;1.0;1.0;87.0;0.0
15157;15;151570000;Z;351.0;68.1799716771566;39.0769130993934;71.438217674071;65.3870359021411;57.1099947424231;49.8078669048148;83.7563582268299;180.431644596312;86.8119971768581;280.934747795808;25.9436267733025;5.15479384943169;5.31059979265253;46.0956209846955;40.6469908872035;36.5881047794425;89.7793413262922;31.415669402787;344.942141911407;6.05785808859315;9.05481350020851;343.008118902359;7.99188109764095
15159;15;151590000;Z;269.0;31.8162733481334;20.8794293847126;32.8105318902626;39.7703416851668;65.6725455194337;78.0508781722909;37.7818246009085;109.419921373117;121.798254025974;240.166502278254;19.8851708425834;0.0;4.97129271064585;24.8564635532293;14.9138781319376;29.8277562638751;135.769355354691;9.9425854212917;266.017224373612;2.98277562638751;6.95980979490419;237.627791568872;31.3722084311283
15160;15;151600000;Z;1094.0;187.733368201303;127.498062896072;184.721602936042;221.878101760362;200.829926561815;171.338937644406;247.968673506534;552.17975307014;293.851573423326;924.348617276361;0.0;35.1372614280514;85.3333491824105;120.470610610462;140.549045712205;120.470610610462;301.746220830888;120.641518901882;1085.9686259593;8.03137404069746;14.0776923434099;1029.01979896436;64.9802010356382
15161;15;151610000;Z;108.0;20.8073394495413;21.7981651376147;16.8440366972477;19.8165137614679;17.8348623853211;10.8990825688073;27.743119266055;59.4495412844037;20.8073394495413;74.3119266055046;9.90825688073394;9.90825688073394;0.0;0.0;9.90825688073394;19.8165137614679;19.8165137614679;4.95412844036697;108.0;0.0;0.0;108.0;0.0
15162;15;151620000;Z;2479.0;273.7453525805;264.924051358251;331.46961271071;511.847551517461;602.460806390593;494.552625442485;361.33069925312;1250.2892569535;867.380043793379;2170.19948372674;59.2365896212646;87.9413173685895;97.8413213106163;206.219476590991;322.586820243967;327.898414462933;827.722245750561;240.753298377814;2457.36959430275;21.6304056972543;43.9051896747603;2314.00236631242;164.99763368758
15163;15;151630000;Z;1098.0;229.208570448039;135.630877388152;217.284593831833;246.195201993272;168.864053521692;100.816702817012;284.103537589914;619.835830559789;194.060631850297;881.384088475747;45.6650610237297;45.2401168058246;20.0640430791595;151.226563679017;156.695424785058;146.185680133081;230.874845944905;85.4323530249724;1095.97988555184;2.02011444815714;6.03273168976471;1098.0;0.0
15164;15;151640000;Z;627.0;111.627783773184;89.86156356329;111.491808055593;129.999625351755;131.65402449851;52.365194757669;152.10323318341;328.507367519837;146.389399296754;514.097277426182;36.2244417862552;10.0800454700724;20.161783865619;36.5076171855131;101.61229309185;85.8937335719077;156.871396301908;66.7459661530556;623.88207542424;3.11792457575959;5.15257791766944;626.000529119744;0.999470880256129
15165;15;151650000;Z;203.0;26.544960196714;14.7606322287801;29.5409531198931;50.5194759552954;47.7564594115444;33.8775190877729;31.4430383737051;106.838364750083;64.7185968762119;193.045092915713;34.7321426085164;0.0;4.9046556639543;9.77642389309275;19.6859576034179;29.6937050910883;84.4097872824868;9.84242077315637;194.125132476052;8.87486752394803;9.85579865673889;203.0;0.0
15166;15;151660000;Z;314.0;59.0438642887426;42.0892727132702;61.1188513520383;73.3189127123067;52.2826008746162;26.146498059026;80.0740285178288;173.591259518415;60.3347119637561;256.002895287476;45.1428591910949;15.0614159162905;0.0;20.0991562409893;50.2013471117153;25.0748030039959;65.3454761896571;35.0778376337326;301.996294595608;12.0037054043921;10.0134083618406;314.0;0.0
15168;15;151680000;Z;712.0;132.000121726936;88.0002381613942;128.999658635336;155.00053189378;134.999642757908;72.9998068246463;165.000505431405;380.999933844057;165.999560724538;599.998412257372;24.9999338440574;19.9999470752457;19.9999470752461;84.9997750697949;104.99972214504;94.9997486074173;189.999497214833;59.9998412257377;704.000021169902;7.99997883009829;12.9999655989098;712.0;0.0
15169;15;151690000;Z;820.0;63.0;77.0;88.0;171.0;219.0;202.0;88.0;389.0;343.0;740.0;5.0;35.0;10.0;50.0;95.0;145.0;345.0;55.0;814.0;6.0;10.0;752.0;68.0
15170;15;151700000;Z;231.0;26.9337802159629;26.9658610800266;29.97167540552;56.0183907672585;58.0612190753821;33.0490734558499;39.912578223778;124.002964155066;67.0844576211561;205.078897021231;4.99745936612999;9.98761842733671;5.00477035096371;9.9803607796731;20.0044808096324;19.9898481444304;115.160991225812;19.9533679172528;230.000508126774;0.999491873225997;3.00140001361148;231.0;0.0
15174;15;151740000;Z;271.0;25.2988330039148;24.2938877676552;29.3299337672033;77.0793816894843;69.4892033436453;45.5087604280971;39.7826019650704;135.336744954543;95.8806530803868;253.048934108633;43.7672335069423;5.03664908700905;5.03664908700905;19.7842154457461;29.1443864513671;14.3910027745385;126.177880484293;9.71091727172796;270.040791352784;0.95920864721638;1.96653846461819;271.0;0.0
15175;15;151750000;Z;1070.0;174.728738891162;124.181123214825;205.301001514825;243.920060382461;196.096131014218;125.772944982509;221.840084967283;606.095063275884;242.064851756833;881.153484715114;49.9423853241052;50.1911022952234;24.5277797277529;119.43537766419;149.685069767547;149.942573344128;252.935760617549;84.4934359746187;1059.0174342537;10.9825657462971;16.9468287650213;1035.99801411369;34.0019858863127
15178;15;151780000;Z;142.0;27.1948431701351;7.05051489596096;23.1659775153003;34.2278437331682;30.2164924112613;20.1443282741742;28.2020595838438;76.530933108934;37.2670073072222;120.865969645045;0.0;20.1443282741742;10.0721641370871;10.0721641370871;0.0;10.0721641370871;55.396902753979;15.1082462056306;137.971134345165;4.02886565483483;4.02886565483483;142.0;0.0
15179;15;151790000;Z;249.0;38.0;26.0;49.0;54.0;57.0;25.0;54.0;136.0;59.0;190.0;25.0;0.0;10.0;25.0;35.0;15.0;50.0;30.0;249.0;0.0;1.0;249.0;0.0
15181;15;151810000;Z;577.0;80.0;51.0;89.0;116.0;137.0;104.0;95.0;282.0;200.0;495.0;55.0;15.0;35.0;45.0;70.0;40.0;215.0;20.0;563.0;14.0;16.0;577.0;0.0
15182;15;151820000;Z;133.0;22.8283582089552;21.8358208955224;23.8208955223881;35.7313432835821;23.8208955223881;4.96268656716418;29.7761194029851;85.3582089552239;17.865671641791;104.216417910448;19.8507462686567;0.0;0.0;14.8880597014925;14.8880597014925;14.8880597014925;19.8507462686567;19.8507462686567;132.007462686567;0.992537313432836;0.992537313432836;133.0;0.0
15184;15;151840000;Z;785.0;109.0;85.0;105.0;177.0;192.0;117.0;148.0;390.0;247.0;725.0;25.0;30.0;30.0;75.0;115.0;70.0;285.0;95.0;764.0;21.0;24.0;785.0;0.0
15185;15;151850000;Z;243.0;35.0;23.0;45.0;43.0;71.0;26.0;46.0;124.0;73.0;210.0;20.0;10.0;5.0;10.0;25.0;40.0;95.0;5.0;242.0;1.0;4.0;235.0;8.0
15186;15;151860000;Z;229.0;38.8048715322299;20.1727198481077;50.7298513268221;45.2356526729297;49.0976921683199;24.9592124515908;44.9075317665593;127.087189181442;57.0052790519984;186.254580250226;25.281194727786;0.0;0.0;25.4136829416931;25.2372861993914;15.1247327019915;70.0902394173599;25.1074442620042;226.994977105592;2.00502289440756;4.01012074416663;229.0;0.0
15187;15;151870101;H;2446.25131906237;336.499330943571;419.365594107433;391.41944079585;498.244112344219;516.388121800445;284.334719070847;454.792663267315;1363.29601435763;628.162641437416;2093.39136472979;35.2076343711738;70.2809395329229;100.500469676235;231.37360540549;402.249664443331;342.131776288233;746.098793482022;165.548481530386;2379.22489599579;67.0264230665751;86.1454653079285;2299.24340237225;147.007916690115
15187;15;151870102;H;4011.74868093763;575.6684641948;692.515945515295;625.633579417039;750.371799886726;815.440199137189;552.118692786585;852.052386093566;2085.77922440918;1073.91707043489;3471.50202510609;10.0553516130772;105.460247306251;216.233390514472;372.354917924492;518.159009011936;461.927762255761;1179.82863024161;607.482716238491;3950.73732037463;61.0113605630002;90.2673532793894;3589.72595411295;422.022726824684
15188;15;151880000;Z;1198.0;232.871426093198;133.44925514883;235.055231138109;243.543237745925;254.261803141187;98.8190467327509;279.824399264277;652.349277337274;265.826323398449;966.517467244252;30.7312650076445;25.2147744418302;51.0625284251667;157.53716514412;177.244219159146;142.485842576751;301.513440922494;80.7282315670989;1195.98758836862;2.01241163138207;7.07653613943704;1198.0;0.0
15189;15;151890000;Z;222.0;31.0;11.0;38.0;51.0;60.0;31.0;35.0;115.0;72.0;175.0;5.0;45.0;0.0;10.0;40.0;25.0;45.0;5.0;217.0;5.0;5.0;222.0;0.0
15191;15;151910000;Z;644.0;69.2358447115294;57.6655928598796;82.2360785357063;133.683975614809;176.118683513322;125.059824764753;95.1107989194886;327.07786892066;221.811332159852;569.507095343995;56.9980703184139;14.2189291254807;9.65023845555661;14.9826792656955;69.0285012451005;55.324963815038;236.600712020103;112.703001098607;644.0;0.0;1.79176911582286;528.969205975601;115.030794024399
15192;15;151920000;Z;293.0;49.0;33.0;53.0;66.0;65.0;27.0;57.0;164.0;72.0;240.0;5.0;15.0;20.0;20.0;70.0;30.0;50.0;30.0;286.0;7.0;9.0;293.0;0.0
15196;15;151960000;Z;1548.0;271.376748429069;202.280823552293;313.285864158533;342.475453737049;292.405942956776;126.17516716628;363.504648264767;878.069945759981;306.425405975251;1221.69606303859;55.0764618582976;55.0764618582974;90.1251194044868;165.229385574893;185.257189887001;165.229385574893;405.563037320186;100.139021560541;1541.99165870637;6.00834129363243;14.0194630184757;1547.14788311036;0.852116889644115
15200;15;152000000;Z;146.0;16.0;14.0;23.0;34.0;37.0;22.0;24.0;75.0;47.0;140.0;20.0;0.0;0.0;0.0;20.0;25.0;65.0;10.0;139.0;7.0;7.0;146.0;0.0
15201;15;152010000;Z;226.0;31.4170403587444;22.2959641255605;25.3363228699552;54.7264573991031;47.6322869955157;44.5919282511211;40.5381165919283;109.452914798206;76.0089686098655;197.62331838565;40.5381165919283;10.1345291479821;0.0;10.1345291479821;20.2690582959641;5.06726457399103;96.2780269058296;15.2017937219731;223.973094170404;2.02690582959641;3.04035874439462;226.0;0.0
15202;15;152020000;Z;717.0;73.9969100859435;68.0725225480121;100.141315495113;163.66303667532;176.507166341699;134.619048853912;97.8101705649423;370.071184754039;249.118644681019;633.130055109803;13.7657698449847;17.8851096075603;14.7278204972198;41.6465450291144;127.140742110367;38.5979200257462;314.384122496377;64.9820254984337;713.988871593236;3.01112840676374;8.90653939716397;695.007797958844;21.9922020411562
15204;15;152040000;Z;1539.0;258.32535586947;189.280807027997;292.216412959131;374.459107645358;282.446992761256;142.271323736789;345.548646727197;874.656465899178;318.794887373625;1291.11225090348;45.3699540464694;50.5424880556949;50.6216010855887;186.362690471842;290.184358956345;134.604631477366;402.694012154421;130.732514655757;1536.02001967243;2.97998032756496;16.0984867254972;1539.0;0.0
15207;15;152070000;Z;362.0;67.2662418634872;47.6616130747544;68.75642358225;72.8985043586531;59.80420894597;45.6130081748854;86.1168308763002;196.910292148259;78.9728769754411;303.075845113355;67.0654911244185;20.4998109007406;10.2492896564157;30.9865125720982;31.0718081436741;51.3366324591413;70.7247312006678;21.1415690561984;357.80433406113;4.19566593887047;7.26302796251249;362.0;0.0
15208;15;152080000;Z;135.0;11.1654135338346;17.2556390977444;15.2255639097744;35.5263157894737;36.5413533834586;19.2857142857143;18.2706766917293;74.0977443609023;42.6315789473684;131.954887218045;10.1503759398496;10.1503759398496;30.4511278195489;30.4511278195489;10.1503759398496;5.07518796992481;20.3007518796992;15.2255639097744;130.93984962406;4.06015037593985;4.06015037593985;135.0;0.0
15211;15;152110000;Z;298.0;45.6122448979592;35.4761904761905;35.4761904761905;64.8707482993197;80.0748299319728;36.4897959183673;59.8027210884354;160.149659863946;78.0476190476191;253.401360544218;35.4761904761905;15.2040816326531;10.1360544217687;20.2721088435374;45.6122448979592;35.4761904761905;55.7482993197279;35.4761904761905;294.959183673469;3.04081632653061;3.04081632653061;298.0;0.0
15214;15;152140000;Z;178.0;20.6519337016575;19.6685082872928;22.6187845303867;39.3370165745856;52.121546961326;23.6022099447514;30.4861878453039;91.4585635359116;56.0552486187845;162.265193370166;44.2541436464088;0.0;0.0;9.83425414364641;19.6685082872928;0.0;68.8397790055249;19.6685082872928;178.0;0.0;0.0;178.0;0.0
15215;15;152150000;Z;1121.0;195.829446686064;100.959973652702;194.653717424003;263.248486056003;233.645229700398;132.663146480831;251.056100439192;586.884780087822;283.059119472987;927.301002463437;29.5785062744159;24.8410209375476;89.6104761554915;178.898464622687;114.081624112772;84.6417632987527;271.324495401592;134.324651660179;1120.01564260568;0.984357394322686;4.9958462200438;1118.00072041788;2.99927958212192
15216;15;152160000;Z;402.0;30.2552516308634;33.9970932991619;40.8189386936442;80.7329817379306;122.620405839894;93.5753287985055;40.1382816175244;190.232787055248;171.628931327228;373.994165975777;22.9898327127491;28.6766937189795;9.82190461277339;28.1014663774111;38.4985983317529;42.356302452888;159.811987960301;43.7373798089219;402.0;0.0;1.96438092255468;372.012291914679;29.9877080853214
15217;15;152170000;Z;106.0;18.8224299065421;14.8598130841121;12.8785046728972;22.785046728972;25.7570093457944;10.8971962616822;29.7196261682243;47.5514018691589;28.7289719626168;89.1588785046729;4.95327102803738;0.0;0.0;4.95327102803738;19.8130841121495;14.8598130841121;34.6728971962617;9.90654205607477;101.046728971963;4.95327102803738;7.92523364485981;106.0;0.0
15218;15;152180000;Z;68.0;4.0;4.0;6.0;15.0;18.0;21.0;5.0;30.0;33.0;60.0;10.0;0.0;0.0;5.0;0.0;10.0;35.0;0.0;66.0;2.0;2.0;68.0;0.0
15219;15;152190000;Z;325.0;23.3855385226775;34.9260871855206;32.4817091333476;61.5319597399791;85.4003557313917;87.2743496870834;33.3257448590628;152.426549692914;139.247705448023;287.05608834074;23.767499154584;25.252196972832;4.67218247211373;29.6356992739614;36.6692936006497;9.72262186668014;153.014339578695;4.32225542122377;323.055475626664;1.94452437333603;4.99270336036954;270.988621444093;54.0113785559073
15221;15;152210000;Z;1368.0;251.015154609121;174.755682535489;248.920124676081;322.417437014199;282.527124149756;88.364477015353;327.67675528691;783.033616713528;257.289627999562;1148.97280924798;9.95162458021053;40.8522366211485;45.2357755391362;159.025417714494;227.089606337902;145.672102162388;367.740864671937;153.405181620767;1363.86569241218;4.1343075878214;10.2324701322417;1332.01062541895;35.9893745810473
15223;15;152230000;Z;214.0;46.0;16.0;43.0;40.0;39.0;30.0;52.0;107.0;55.0;155.0;5.0;10.0;10.0;0.0;25.0;25.0;75.0;5.0;213.0;1.0;2.0;214.0;0.0
15224;15;152240000;Z;132.0;15.9677419354839;14.9032258064516;20.2258064516129;28.741935483871;33.0;19.1612903225806;21.2903225806452;64.9354838709677;45.7741935483871;122.41935483871;10.6451612903226;0.0;0.0;21.2903225806452;15.9677419354839;0.0;69.1935483870968;5.32258064516129;132.0;0.0;1.06451612903226;132.0;0.0
15226;15;152260000;Z;204.0;29.2822966507177;14.6411483253589;27.3301435406699;36.1148325358852;61.4928229665072;35.1387559808612;34.1626794258373;87.8468899521531;81.9904306220096;175.693779904306;24.4019138755981;9.76076555023923;19.5215311004785;4.88038277511962;9.76076555023923;14.6411483253589;87.8468899521531;4.88038277511962;191.311004784689;12.688995215311;9.76076555023923;204.0;0.0
15228;15;152280000;Z;462.0;55.5577454346636;38.6142102962149;55.9907988603077;117.251749199155;116.633689056244;77.9518071534149;75.623665855673;217.654686179367;168.72164796496;404.377761254708;29.3277551886754;29.6183169870184;9.94045885638792;34.3884954747553;72.4785638555141;14.611140450192;179.815559167798;34.1974712743666;462.0;0.0;0.0;462.0;0.0
15231;15;152310000;Z;596.0;104.939802275694;75.2504196978168;124.750326431635;123.749766834547;111.869789218431;55.4398955418773;131.669751911956;343.550475657526;120.779772430518;470.249113971277;59.3998880805823;9.89998134676367;4.94999067338178;49.499906733818;79.1998507741096;89.0998321208735;143.549729528075;34.6499347136729;593.030005595971;2.96999440402913;3.95999253870552;596.0;0.0
15234;15;152340000;Z;330.0;59.0;27.0;58.0;70.0;71.0;45.0;75.0;167.0;88.0;260.0;15.0;15.0;10.0;25.0;25.0;40.0;105.0;25.0;328.0;2.0;2.0;330.0;0.0
15235;15;152350000;Z;573.0;111.977112676055;77.6778169014083;104.915492957746;126.100352112676;105.924295774649;46.4049295774653;143.249999999998;319.790492957747;109.959507042255;464.049295774648;20.1760563380281;25.2200704225352;15.1320422535212;70.6161971830985;95.8362676056336;90.7922535211266;116.012323943663;30.264084507042;568.964788732394;4.03521126760562;4.03521126760562;573.0;0.0
15236;15;152360000;Z;602.0;70.999868882734;57.9998928901203;93.9998264081262;139.000855032318;156.999710064634;82.9998467220676;98.9998171745164;302.000554016621;200.999628808863;550.004542936287;19.9999630655586;90.0053924284392;34.9999353647275;29.9999445983379;79.9998522622348;49.9999076638968;184.999658356416;59.9998891966762;594.000014773777;7.99998522622342;9.99998153277929;602.0;0.0
15248;15;152480000;Z;564.0;108.191829484902;55.0976909413854;120.213143872114;117.207815275311;99.1758436944938;64.113676731794;127.225577264654;309.548845470693;127.225577264654;445.790408525755;70.1243339253997;0.0;25.044404973357;60.1065719360568;95.1687388987567;35.0621669626998;140.248667850799;20.0355239786856;564.0;0.0;1.00177619893428;564.0;0.0
15250;15;152500000;Z;509.0;72.7142857142857;50.8003913894325;89.6477495107632;125.506849315068;118.534246575342;51.7964774951076;91.6399217221135;277.908023483366;139.452054794521;443.25831702544;44.8238747553816;9.96086105675147;0.0;39.8434442270059;59.7651663405088;69.7260273972603;144.432485322896;74.706457925636;506.011741682975;2.98825831702544;6.97260273972603;509.0;0.0
15252;15;152520000;Z;413.0;59.2920792079208;51.1138613861386;63.3811881188119;117.561881188119;84.8490099009901;36.8019801980198;79.7376237623762;244.324257425743;88.9381188118812;347.574257425743;20.4455445544554;20.4455445544554;25.5569306930693;30.6683168316832;66.4480198019802;66.4480198019802;102.227722772277;15.3341584158416;409.933168316832;3.06683168316832;5.11138613861386;413.0;0.0
15254;15;152540000;Z;119.0;15.0;10.0;14.0;23.0;40.0;17.0;19.0;58.0;42.0;105.0;15.0;0.0;0.0;5.0;10.0;0.0;40.0;35.0;118.0;1.0;1.0;119.0;0.0
15255;15;152550000;Z;1249.0;227.3226581265;180.207899653056;231.609020549773;290.974913263938;214.130237523357;104.755270883376;302.108620229515;705.756605284222;241.134774486263;1067.43528155859;14.8238590872699;29.6477181745402;39.5302908993867;113.649586335737;227.299172671474;177.886309047241;327.850280224179;136.748065118759;1243.07045636509;5.92954363490791;10.8708299973314;1238.33333333335;10.6666666666511
15256;15;152560000;Z;52.0;0.896551724137931;3.58620689655172;9.86206896551724;11.6551724137931;17.9310344827586;8.06896551724138;1.79310344827586;31.3793103448276;18.8275862068966;44.8275862068965;4.48275862068965;0.0;0.0;0.0;8.96551724137931;8.96551724137931;22.4137931034483;0.0;52.0;0.0;0.896551724137931;52.0;0.0
15258;15;152580000;Z;1838.0;248.79588958505;173.569189701415;293.661580690989;383.909038462676;398.928976653745;339.135324906126;315.820123178125;932.183849847826;589.996026974049;1598.01030102026;25.1363725877755;70.380162615263;45.0501257682192;180.657946975395;246.038158903331;225.948697831875;654.540052805456;150.258783532946;1824.99019703749;13.0098029625091;26.0798484579607;1690.97876203665;147.021237963352
15259;15;152590000;Z;244.0;41.2196943519324;34.3084503189168;43.7835559884937;59.1907921806004;43.3531034414792;22.1444037185774;50.8062031135289;146.897907297427;46.2958895890442;207.252407772902;29.1982160271656;0.0;4.90291236389802;28.8829859690661;29.6496273296876;34.6712130898009;65.5614163264689;14.3860366668153;244.0;0.0;1.91880738767057;244.0;0.0
15260;15;152600000;Z;108.0;8.75675675675676;4.86486486486486;9.72972972972973;12.6486486486486;54.4864864864865;17.5135135135135;11.6756756756757;43.7837837837838;52.5405405405405;92.4324324324324;0.0;19.4594594594595;0.0;0.0;0.0;0.0;48.6486486486486;24.3243243243243;84.6486486486487;23.3513513513514;23.3513513513514;108.0;0.0
15261;15;152610000;Z;825.0;112.768559996937;104.102064212071;123.349541098016;214.03322014021;158.922067850949;111.824546701817;157.433754568654;458.840528653613;208.725716777733;718.093764221528;40.4063222389623;45.2229668800435;34.9913297542309;80.6246856198865;141.012710836867;90.7478869051276;244.792205132286;40.2956568541248;822.983423626714;2.01657637328616;6.03477057829059;825.0;0.0
15262;15;152620000;Z;562.0;100.443197146781;73.7679992500552;100.696945478585;148.880263528814;103.644444980873;34.5671496148917;126.660169945513;339.802040326136;95.5377897283509;460.635776459546;15.1859340955416;30.3723428732832;5.08086285346628;70.7082778732942;126.145478489573;55.7768168437698;116.831994850402;40.5340685802157;560.989492875792;1.01050712420753;3.03152137262259;562.0;0.0
15264;15;152640000;Z;269.0;38.4033227696072;35.4781192929002;48.6387188076685;74.1499101125578;40.7340001049066;31.5959289123597;54.6098800614582;158.353774036665;56.036345901877;233.582257647545;20.3007806379834;0.0;0.0;20.3764458508029;35.4366761087454;55.64278639294;86.6331529436988;15.1924157133742;267.982127938254;1.01787206174625;4.06772969284967;269.0;0.0
15265;15;152650000;Z;1644.0;200.76888336605;165.215913588689;222.665259076796;391.642731875312;395.35374392129;268.353468171862;266.058625772152;858.912499018396;519.028875209452;1430.07304549146;14.8246112697387;69.6648578679257;49.00509136594;84.2960610184008;173.384688599893;300.952071869948;569.332451135015;168.613212364599;1618.3588625643;25.641137435704;39.6126149301419;1567.997294629;76.0027053710027
15266;15;152660000;Z;551.0;92.3977505973914;73.5429763753899;107.936020548928;135.431230977558;99.7822097248295;41.9098117759031;126.351799958247;328.981065154811;95.6671348869421;448.95881113526;14.3651051183681;15.6809432405541;28.44297509971;79.3868958213351;84.2985938365198;64.3645666387548;128.098520622583;34.3212107574347;548.977873766521;2.02212623347912;7.11885639815583;551.0;0.0
15267;15;152670000;Z;4335.0;783.192728016135;509.645068658097;793.721525847769;995.334853264102;918.05930244077;335.046521773128;993.635681033159;2429.88990049264;911.474418474199;3561.38971821397;51.0265599047456;97.5025655871844;212.322480903852;594.407414044096;690.519407870448;362.150690476059;1149.5623027297;403.898296697876;4302.84676373534;32.1532362646579;64.0979880155811;4247.00265043002;87.9973495699797
15268;15;152680000;Z;1233.0;158.004391102464;145.169184166062;158.579923957588;244.744405529112;264.200956715501;262.301138529273;204.997222187222;602.994763858847;425.008013953931;1061.15231920875;28.9404440413163;74.2148543079851;43.7718937667399;118.812442511173;126.959437490555;72.830131516641;480.100299352817;115.522816221519;1196.5479920173;36.4520079827027;34.9828556647014;1147.00780651175;85.9921934882491
