INSEE_COM;DEP;IRIS;TYP_IRIS;P19_POP;P19_POP0014;P19_POP1529;P19_POP3044;P19_POP4559;P19_POP6074;P19_POP75P;P19_POPH;P19_H0014;P19_H1529;P19_H3044;P19_H4559;P19_H6074;P19_H75P;P19_H0019;P19_H2064;P19_H65P;P19_POPF;P19_F0014;P19_F1529;P19_F3044;P19_F4559;P19_F6074;P19_F75P;P19_F0019;P19_F2064;P19_F65P;P19_POP0019;P19_POP2064;P19_POP65P;C19_POP15P;C19_POP15P_CS1;C19_POP15P_CS2;C19_POP15P_CS3;C19_POP15P_CS4;C19_POP15P_CS5;C19_POP15P_CS6;C19_POP15P_CS7;C19_POP15P_CS8;P19_POP_FR;P19_POP_ETR;P19_POP_IMM;P19_PMEN;P19_PHORMEN
2A001;2A;2A0010000;Z;3229.0;510.412572474825;425.672261214525;628.654867256637;754.779981690571;622.742752517547;286.737564845896;1612.03661885871;265.059810802563;247.323466585291;293.635032041501;369.507171193164;300.532499237107;135.978638999085;353.741531888923;933.128776319805;325.166310649985;1616.96338114129;245.352761672261;178.348794629234;335.019835215136;385.272810497406;322.210253280439;150.758925846811;311.371376258773;950.865120537077;354.726884345438;665.112908147696;1883.99389685688;679.893194995423;2718.58742752518;19.7070491303021;177.363442172719;210.865425694233;458.188892279524;507.456515105279;280.825450106805;711.424473603906;352.756179432408;3095.97741837046;133.022581629539;176.378089716204;3229.0;0.0
2A004;2A;2A0040101;H;1720.18227560279;223.696687597001;312.500918365167;373.952816802937;351.676664935397;274.8261884281;183.528999474183;796.009786186039;104.221916066021;137.526915580975;188.055478711379;172.566051666286;132.3306915545;61.308732606878;146.007349444507;505.049595656561;144.952841084971;924.172489416746;119.47477153098;174.974002784192;185.897338091558;179.110613269111;142.4954968736;122.220266867305;167.345111663762;542.107193998647;214.720183754336;313.352461108269;1047.15678965521;359.673024839307;1496.48558800578;3.98633788263406;87.4239725515412;73.259194475591;181.436173026815;304.687232998359;209.410831778782;348.222878881466;288.058966410596;1537.61135318913;182.570922413652;295.95039429143;1636.51577157186;83.6665040309268
2A004;2A;2A0040102;H;2763.80555994944;468.47174821424;409.860002007069;546.999835602523;503.336097331533;486.384950605747;348.752926188325;1233.17467133981;230.479523648628;174.365033664504;245.861880553222;231.783788471693;216.792136862007;133.89230813976;275.00320791632;676.552759752559;281.618703670934;1530.63088860962;237.992224565612;235.494968342566;301.1379550493;271.55230885984;269.59281374374;214.860618048565;317.424141194584;810.586258639776;402.620488775263;592.427349110904;1487.13901839234;684.239192446198;2295.3338117352;4.16511433861731;71.2853030549972;88.9911549311806;251.716020252964;557.690917538224;267.57642378945;641.161047645798;412.747830183965;2330.02942293238;433.776137017058;414.646499515309;2763.80555994944;0.0
2A004;2A;2A0040103;H;3113.09506588441;586.524232024328;470.022666162551;718.418165373176;608.292126535403;457.594693878552;272.243181910398;1508.79524642801;290.80152419516;249.12645240206;323.612787881724;312.383894318115;216.87978102337;115.990806607581;385.081263114117;872.669687574715;251.044295739177;1604.2998194564;295.722707829168;220.896213760491;394.805377491453;295.908232217288;240.714912855182;156.252375302817;383.166513771256;898.264606135794;322.868699549349;768.247776885373;1770.93429371051;573.912995288526;2520.5708455232;5.86144446131339;82.7814687379386;191.483839922034;386.172876959145;465.327659937694;288.945246504086;474.842033261903;625.156275739086;2804.7382764006;308.356789483806;337.273785141643;3021.30214086847;91.7929250159338
2A004;2A;2A0040201;H;2250.08077682784;285.611119169812;301.376943483458;489.033623778683;462.660735665781;419.34825039225;292.050104337859;1057.52442731652;136.251726115782;152.342644190189;227.395069854339;243.616138034994;179.128634965917;118.790214155299;202.984840089236;624.887364720566;229.652222506717;1192.55634951132;149.35939305403;149.034299293269;261.638553924345;219.044597630787;240.219615426333;173.25989018256;203.069736150571;674.170469790083;315.316143570671;406.054576239806;1299.05783451065;544.968366077388;1964.46965765803;3.16337058649055;100.894457742823;166.010139068203;243.050595986377;351.510225069589;192.881121738055;535.182423380783;371.777324085711;2082.80463348759;167.276143340257;194.150097569221;2234.0808079295;15.9999688983446
2A004;2A;2A0040202;H;1924.80512522635;285.671628540178;272.87556437158;460.368659857207;332.1408987447;383.90099264733;189.847381065353;910.215169878737;119.675589966688;140.066912726935;209.801777679068;183.790942293698;189.178127706863;67.7018195054838;183.806326865136;518.774329550721;207.634513462879;1014.58995534761;165.996038573489;132.808651644644;250.566882178139;148.349956451002;194.722864940467;122.145561559869;213.44908216916;564.068021924194;237.072851254257;397.255409034296;1082.84235147492;444.707364717137;1639.13349668617;5.73648377954555;97.5576973858567;101.780100586042;236.817311778557;361.187686723993;112.698762234521;387.3976018804;335.957852317255;1884.15965439699;40.6454708293558;66.2260247582966;1916.80514077718;7.99998444917229
2A004;2A;2A0040203;H;2772.00623517829;494.276662177252;299.427755835956;618.42729997364;370.977700636559;499.446195693829;489.450620861059;1310.40204737847;230.404107094633;147.576487694339;300.775180672216;193.042377950213;201.723452467521;236.88044149955;297.575108356246;631.115597219659;381.711341802566;1461.60418779982;263.872555082619;151.851268141617;317.652119301424;177.935322686346;297.722743226308;252.570179361509;315.07149487442;675.466021496937;471.066671428466;612.646603230666;1306.5816187166;852.778013231032;2277.72957300104;0.0;78.0463268914396;145.740574400011;296.806745166325;414.765122316735;125.02560965547;720.434007717991;496.911186853071;2735.32894421153;36.6772909667596;77.7309290417266;2765.00624878527;6.99998639302575
2A004;2A;2A0040301;H;2843.48085948372;438.628770025271;242.620111624252;561.119939819344;501.101233005913;631.43930217624;468.571502832699;1347.62216900169;239.411715207197;97.6563181231234;263.284882366198;261.054687162861;242.493537196967;243.721028945346;263.73431096257;660.238001866771;423.649856172351;1495.85869048203;199.217054818074;144.963793501129;297.835057453147;240.046545843052;388.945764979273;224.850473887353;243.540527547329;749.431194536893;502.886968397806;507.274838509898;1409.66919640366;926.536824570157;2404.85208945845;6.46645558049746;73.6395637701878;264.493610245649;331.622508032982;388.777732297666;92.4931339467879;904.146677412221;343.212408172457;2804.47107650572;39.0097829780028;58.9282391601834;2843.48085948372;0.0
2A004;2A;2A0040302;H;3481.97235704945;563.360226946477;364.438999220743;570.532427618793;493.334933894926;665.76925364404;824.536515724473;1511.06352559504;262.865143403713;176.104105402475;238.521584395484;237.102839388698;290.438345695656;306.031507309012;327.918757021223;681.162762322141;501.982006251674;1970.90883145441;300.495083542763;188.334893818267;332.01084322331;256.232094506228;375.330907948383;518.505008415461;373.139188095843;799.512223052799;798.257420305771;701.057945117066;1480.67498537494;1300.23942655745;2918.61213010298;0.0;114.225268848578;230.368747358326;442.37664294515;401.930269000754;115.25204851057;1134.37822872043;480.080924719164;3402.65705479612;79.315302253336;112.270446522186;3264.97277886565;216.999578183798
2A004;2A;2A0040401;H;4005.71328479405;767.083378146436;421.134134714005;934.707851531606;662.515549668745;719.884019570765;500.388351162489;1895.61684961586;413.35436247017;198.886336324572;435.208043510502;318.598533532929;328.125296110549;201.444277667137;505.221169348737;964.947290612038;425.448389655086;2110.09643517818;353.729015676265;222.247798389433;499.499808021104;343.917016135815;391.758723460216;298.944073495351;428.083760226608;1103.32991945294;578.682755498635;933.304929575345;2068.27721006498;1004.13114515372;3238.62990664761;6.80353212463436;140.080918796349;380.63996562164;536.516288874769;534.84626928082;182.961108520111;961.25403931971;495.527784109576;3844.19097184247;161.522312951571;179.749352818157;3999.71329645717;5.99998833687922
2A004;2A;2A0040402;H;4338.4145510289;511.589739853575;544.046427349685;982.7806204129;946.289668801939;873.425472921921;480.28262168888;2063.02918798029;255.090857414053;238.298740869737;452.365575157505;493.167846251336;413.599297383141;210.506870904517;305.799397516572;1232.18081828681;525.048972176912;2275.38536304861;256.498882439522;305.747686479947;530.415045255394;453.121822550603;459.82617553878;269.775750784362;361.883725025056;1301.89242523517;611.609212788384;667.683122541627;2534.07324352198;1136.6581849653;3826.82481117532;0.0;158.729572143143;337.337908072013;596.590878094861;706.713639180868;376.950062326473;1054.27645655;596.226294807961;4232.55451627133;105.860034757565;149.629347150478;4334.41455880431;3.99999222458614
2A004;2A;2A0040501;H;2257.13205140745;372.696496827488;299.24028705537;396.388411984417;446.34423289169;374.37352091492;368.089101733564;997.144577993819;207.434795323275;118.547115195422;185.667306679455;192.377929301439;155.311361925413;137.806069568815;243.540577723634;519.939101537481;233.664898732705;1259.98747341363;165.261701504213;180.693171859949;210.721105304962;253.966303590251;219.062158989507;230.283032164749;211.658149893587;700.477087516448;347.852236003596;455.198727617221;1220.41618905393;581.5171347363;1884.43555457996;0.955809498053665;31.2555705232865;38.9132211009389;213.648845157098;397.712472628593;274.022170736506;585.077939162769;342.849525772717;1937.9765440302;319.15550737725;302.84400192137;2256.1320533513;0.999998056146536
2A004;2A;2A0040502;H;2080.32916489651;385.232446878719;290.359555154537;451.727752646778;428.37052164679;272.417131518056;252.221757051629;1034.40544452047;240.6703927483;125.797097558568;201.288522805327;251.412119091771;126.997458535143;88.2398537813638;293.793428055085;569.818267942151;170.793748523237;1045.92372037604;144.562054130419;164.562457595968;250.439229841451;176.958402555019;145.419672982913;163.981903270266;225.351683287125;549.448056554374;271.123980534537;519.14511134221;1119.26632449653;441.917729057774;1695.09671801779;3.24615412564319;59.6017117156777;86.725071109022;230.96700056921;397.847984687654;204.486743398464;408.426555489227;303.795496922892;1880.80695582053;199.522209075977;210.708639065212;2074.32917655963;5.99998833687922
2A004;2A;2A0040503;H;3973.90696652713;711.947687953211;552.316645628035;734.499052217885;846.597443748356;720.253481822825;408.292655156818;1959.83912921048;373.103000914164;275.771786504491;356.837884980496;428.141321202872;349.63291895601;176.352216652452;472.623383663702;1095.92226258774;391.293482959045;2014.06783731664;338.844687039047;276.544859123544;377.661167237389;418.456122545484;370.620562866815;231.940438504366;417.827462845551;1113.54661989394;482.693754577154;890.450846509254;2209.46888248168;873.987237536199;3258.4850973193;6.97915766476407;151.321160431418;137.520584720637;469.650748369472;567.967018606606;442.442954907401;871.544517247931;611.058955371075;3502.35112790223;471.555838624903;447.683526481018;3738.90742333269;234.999543194436
2A004;2A;2A0040601;H;2430.22035111329;445.572012707476;400.956507657804;488.331202581458;488.173073319743;383.687233846103;223.500321000707;1111.77082347412;196.227141839486;193.280961422862;230.261196318389;227.606440188147;160.784537869616;103.610545835621;262.3272835403;637.270782092389;212.172757841432;1318.44952763917;249.34487086799;207.675546234941;258.070006263069;260.566633131596;222.902695976488;119.889775165086;324.950696585891;725.857903854738;267.640927198541;587.27798012619;1363.12868594713;479.813685039973;1984.64833840581;0.858822584632953;70.2701755911036;27.9218339011915;150.897278970251;402.777310866473;306.010287832823;459.899207617069;566.01342104227;1800.71677196489;629.503579148405;569.169304774327;2424.22036277641;5.99998833687922
2A004;2A;2A0040602;H;3419.67625175679;706.953530408879;527.493641804916;767.850474616217;532.897753915272;546.181481774937;338.299369236571;1556.35029034652;362.03891604105;265.077433301804;368.673210425754;229.509985142217;223.462005323846;107.588740111844;459.775230447993;819.905044327966;276.670015570557;1863.32596141028;344.914614367829;262.416208503111;399.177264190462;303.387768773055;322.719476451091;230.710629124727;394.381058797087;1009.3849568664;459.559945746786;854.15628924508;1829.29000119437;736.229961317342;2712.72272134791;2.21492091235376;104.263957720837;90.4279789792134;365.034589908833;587.207874133565;324.066918091022;709.341178589358;530.165303012731;3040.84575693405;378.830494822739;382.280913961939;3419.67625175679;0.0
2A004;2A;2A0040701;H;2177.20803232787;429.675743759897;361.84931723381;353.58019694834;426.020723520828;288.271044554433;317.811006310558;986.307877357087;238.203015291147;189.509323970842;152.49134595602;182.571774925041;118.042694391284;105.489722822753;314.591281010271;497.684960217655;174.031636129162;1190.90015497078;191.47272846875;172.339993262968;201.08885099232;243.448948595786;170.228350163149;212.321283487805;246.308544164717;629.879552912063;314.712057893999;560.899825174988;1127.56451312972;488.74369402316;1747.53228856797;2.08077571625137;50.5532090836904;14.0248844742235;128.385255586389;374.53091080857;247.811509850225;399.25001680236;530.89572624626;1861.63870747214;315.569324855728;338.894627535883;2177.20803232787;0.0
2A004;2A;2A0040702;H;4173.30290463076;743.163069882627;830.515703438788;742.052503350962;931.523061747659;562.181447478257;363.867118732469;1944.62170042137;393.433083040527;434.312553063685;327.068338656111;418.617120666068;233.57910695823;137.611498036749;552.858046880605;1093.02805790246;298.7355956383;2228.68120420939;349.7299868421;396.203150375104;414.984164694852;512.905941081591;328.602340520027;226.255620695719;479.343900196042;1300.12904090425;449.208263109101;1032.20194707665;2393.15709880672;747.943858747401;3425.76224721361;5.92725801027455;97.4235117465555;90.7529459555461;379.058757896412;923.458118707698;462.358470045426;721.642549347047;745.140635504652;3631.97197434762;541.330930283139;563.385492456338;4156.79561071126;16.5072939195032
2A004;2A;2A0040703;H;4661.28839308618;769.024493346687;691.478948190673;850.685802415038;1054.49649984645;669.098204825982;626.504444461352;2152.09741738266;402.372996712516;365.322444385666;402.09007770656;486.695267198444;297.043806388616;198.572824990861;537.110506812892;1253.26113440898;361.725776160788;2509.19097570352;366.651496634171;326.156503805007;448.595724708477;567.801232648004;372.054398437366;427.931619470492;482.500583105146;1396.07657357108;630.613819027289;1019.61108991804;2649.33770798007;992.339595188077;3890.2639036272;0.883374338501401;146.527851879542;100.015567479452;388.929501058535;908.614177488736;515.442665330119;998.678732823862;831.172033228453;4081.81484454881;579.473548537368;612.871766550383;4391.96707752791;269.32131555827
2A004;2A;2A0040801;H;2792.45558422392;407.141321787308;445.081137678139;569.53991383326;631.410553574242;424.093235427367;315.189421923605;1326.95241605422;214.527000531548;222.500254349478;270.547975937682;284.243792057012;196.859296619855;138.274096558646;286.028123016491;780.247741870539;260.676551167191;1465.5031681697;192.614321255761;222.580883328661;298.991937895578;347.166761517229;227.233938807512;176.915325364959;247.708045383229;859.806539357089;357.988583429382;533.73616839972;1640.05428122763;618.665134596573;2385.31426243661;9.61728224349668;99.6596267957005;268.84132097358;455.849924924584;455.110826132292;185.47998875192;597.024011485904;313.731281129135;2671.0078330125;121.447751211421;169.891025287561;2783.4556017186;8.99998250531882
2A004;2A;2A0040802;H;2352.12195645593;402.37224714667;400.344852711437;480.441835845306;449.08724911747;364.130799526498;255.744972108547;1079.40366880079;200.321402715687;187.947537014865;249.49712880536;208.466290028765;156.571806812285;76.5995034238269;283.666364408667;624.885433732049;170.851870660073;1272.71828765514;202.050844430983;212.397315696572;230.944707039947;240.620959088704;207.558992714213;179.14546868472;258.05484782004;693.09827210232;321.565167732779;541.721212228707;1317.98370583437;492.417038392852;1949.74970930926;5.98260507143912;79.8857220496041;80.618452114549;251.123353601561;370.452120390863;289.467838147618;480.096317397723;392.1233005359;1965.75946457747;386.362491878461;411.210402267821;2319.12202060309;32.9999358528357
2A004;2A;2A0040803;H;2296.2333552282;331.649497754219;300.326858246921;444.668224779726;506.170450023778;505.589599658968;207.828724764589;1037.19555939149;173.460185210079;136.326325530989;238.929240730001;179.694008963599;219.616931262114;89.1688676947048;220.023275703149;561.60858394267;255.563699745668;1259.03779583671;158.18931254414;164.000532715932;205.738984049725;326.476441060178;285.972668396854;118.659857069884;197.991705973453;772.628771157561;288.4173187057;418.014981676602;1334.23735510023;543.981018451368;1964.58385747398;0.0;118.139327106716;163.405374032556;376.485397130153;357.144060245093;183.245569199392;579.636134432885;186.527995327187;2240.17637462877;56.0569805994329;90.47815398594;2296.2333552282;0.0
2A004;2A;2A0040901;A;1805.40959152789;331.618197002759;429.951507472206;389.133003911104;475.292421498223;114.691925459265;64.7225361843323;864.41817508305;172.909971709741;183.088785549707;186.350202456009;228.246716510503;63.294084213335;30.5284146437555;235.840460937601;569.835655138437;58.7420590070122;940.991416444839;158.708225293019;246.862721922498;202.782801455095;247.04570498772;51.3978412459301;34.1941215405768;275.060547282374;614.312870169255;51.6179989932109;510.901008219975;1184.14852530769;110.360058000223;1473.79139452513;1.24924380496242;76.5231846748168;64.8511817344816;156.987510972937;396.564510097415;262.407776701939;119.967271267023;395.240715271555;1634.82325229622;170.586339231672;151.457850712397;1766.40966733817;38.9999241897149
2A004;2A;2A0040902;H;2677.11530962158;402.914260878188;417.580525272594;514.015328731188;605.603576443389;468.033407515059;268.968210781164;1248.89900781015;188.306231646329;200.733191125876;230.578786623644;300.255841786616;202.549450157602;126.475506470081;236.226993900872;768.544856954256;244.12715695502;1428.21630181143;214.608029231859;216.847334146718;283.436542107544;305.347734656773;265.483957357457;142.492704311084;259.881192710234;857.706669671407;310.628439429793;496.108186611106;1626.25152662566;554.755596384813;2274.20104874339;17.9528868405996;116.604730471281;115.593984270467;246.053778379782;512.298587649018;262.692256683701;515.973251369608;487.031573078937;2518.48485075085;158.630458870734;234.322796920373;2663.11533683553;13.9999727860515
2A004;2A;2A0040903;H;5051.04399617127;862.497855843674;750.632537327397;1048.29129685623;1035.26767094745;859.969197769619;494.385437426904;2595.64763526149;476.903443623786;422.466282722733;475.287710218103;507.911061653468;516.764816680675;196.314320362722;639.205031226953;1434.65524563967;521.787358394859;2455.39636090978;385.594412219889;328.166254604664;573.003586638123;527.356609293983;343.204381088944;298.071117064182;458.389074243292;1499.53417312545;497.473113541044;1097.59410547025;2934.18941876512;1019.2604719359;4185.54614615916;5.15939387975413;151.606775427985;197.311934498275;434.373662152039;901.03324164308;563.998334626109;957.281785466125;974.78101846579;4309.16525713333;741.878739037945;756.606034100745;4597.04487868074;453.999117490527
2A006;2A;2A0060000;Z;3456.0;550.126895002812;438.549129702416;684.020213363281;851.871982032565;671.407074677143;260.024705221783;1764.869174621;303.685569904551;245.471083660866;339.584503088154;427.876473891072;327.941605839414;120.309938236945;417.203818079734;1002.25940482875;345.405951712519;1691.130825379;246.441325098261;193.07804604155;344.435710275128;423.995508141493;343.465468837729;139.714766984838;321.149915777656;1012.93206064009;357.048848961254;738.353733857389;2015.19146546884;702.454800673773;2905.87310499719;8.73217293655241;205.691184727681;260.024705221786;523.93037619315;526.841100505334;241.590117911286;742.234699606956;396.828747894442;3329.86861313869;126.131386861315;209.57215047726;3456.0;0.0
2A008;2A;2A0080000;Z;1771.0;223.0;170.0;255.0;404.0;452.0;267.0;859.0;110.0;98.0;122.0;198.0;219.0;112.0;146.0;453.0;260.0;912.0;113.0;72.0;133.0;206.0;233.0;155.0;137.0;472.0;303.0;283.0;925.0;563.0;1548.0;8.0;92.0;126.0;226.0;206.0;102.0;590.0;198.0;1713.0;58.0;79.0;1619.0;152.0
2A017;2A;2A0170000;Z;1813.0;284.716466215435;253.314160614127;358.467259535141;436.948638664358;350.681214697487;128.872260273452;890.847326775382;146.790128789073;130.419055911748;176.038882764506;215.900545572952;169.451118144811;52.2475955922916;210.13957492872;518.828024020448;161.879727826214;922.152673224618;137.926337426362;122.895104702378;182.428376770635;221.048093091406;181.230096552676;76.6246646811607;187.338148982622;552.607961076571;182.206563165425;397.477723911341;1071.43598509702;344.086290991639;1528.28353378457;16.8544020126422;112.969251283115;93.5932102802173;227.759700191711;294.193859408007;160.20087424446;406.402784955474;216.309451408938;1740.71880755437;72.2811924456308;100.951231756715;1813.0;0.0
2A018;2A;2A0180000;Z;160.0;19.0;22.0;24.0;48.0;39.0;8.0;78.0;10.0;11.0;10.0;24.0;20.0;3.0;14.0;49.0;15.0;82.0;9.0;11.0;14.0;24.0;19.0;5.0;15.0;50.0;17.0;29.0;99.0;32.0;141.0;2.0;8.0;7.0;13.0;34.0;21.0;31.0;25.0;145.0;15.0;15.0;160.0;0.0
2A031;2A;2A0310000;Z;520.0;55.4486298928994;54.0920328360356;67.9693209382466;121.756012987921;112.635670623362;108.098332721535;248.403643279969;33.079940395404;21.5659440102148;33.5787872839542;65.4068670323561;59.750212706239;35.021891851801;38.9339844214859;145.504716972906;63.9649418855769;271.596356720031;22.3686894974954;32.5260888258208;34.3905336542925;56.349145955565;52.8854579171228;73.0764408697344;26.2672216368451;135.328373957876;110.00076112531;65.201206058331;280.833090930783;173.965703010886;464.551370107101;21.6592593782286;25.6346204307778;25.6486728243893;40.5866220220223;68.188535345168;42.6479386092249;154.813024664737;85.3726968325525;501.370262335675;18.6297376643245;13.6800771254352;520.0;0.0
2A032;2A;2A0320000;Z;4124.0;646.0;549.0;806.0;1006.0;767.0;350.0;1999.0;335.0;280.0;367.0;503.0;362.0;152.0;424.0;1189.0;386.0;2125.0;311.0;269.0;439.0;503.0;405.0;198.0;400.0;1263.0;462.0;824.0;2452.0;848.0;3478.0;14.0;225.0;256.0;576.0;694.0;333.0;895.0;485.0;3912.0;212.0;297.0;4121.0;3.0
2A035;2A;2A0350000;Z;161.0;16.5878787878788;14.6363636363636;36.1030303030303;42.9333333333333;35.1272727272727;15.6121212121212;80.9878787878788;5.85454545454545;11.7090909090909;16.5878787878788;20.4909090909091;18.5393939393939;7.80606060606061;11.7090909090909;50.7393939393939;18.5393939393939;80.0121212121212;10.7333333333333;2.92727272727273;19.5151515151515;22.4424242424242;16.5878787878788;7.80606060606061;12.6848484848485;47.8121212121212;19.5151515151515;24.3939393939394;98.5515151515151;38.0545454545455;144.412121212121;0.975757575757576;20.4909090909091;7.80606060606061;11.7090909090909;28.2969696969697;13.6606060606061;38.0545454545455;23.4181818181818;153.193939393939;7.80606060606061;8.78181818181818;161.0;0.0
2A040;2A;2A0400000;Z;374.0;35.7232136427252;53.8552901403485;55.2712427716867;82.5106297115004;89.9039322734363;56.735691460303;183.693515285272;22.2258200048653;29.4396981415857;27.6851516896764;40.9216562409679;44.3251786473933;19.0960105607832;32.9529007836774;105.356522186853;45.3840923147413;190.306484714728;13.4973936378599;24.4155919987627;27.5860910820103;41.5889734705325;45.578753626043;37.6396808995197;20.2109656112936;106.045674754872;64.0498443485624;53.163866394971;211.402196941725;109.433936663304;338.276786357275;5.96614875748409;20.926652982871;13.92922924343;48.7315003323631;57.4097332135544;21.6522966305245;98.121755489462;71.5394697075858;370.030824883568;3.96917511643202;9.93415198251986;374.0;0.0
2A041;2A;2A0410000;Z;3192.0;493.346317379203;497.592938441981;563.906961952737;709.194846305895;577.341199800598;350.617736119586;1574.21671063242;252.131901967458;261.666346348921;277.142993425164;344.511997395186;294.136413330646;144.627058165041;330.873043244366;922.965273146773;320.378394241277;1617.78328936758;241.214415411745;235.92659209306;286.763968527573;364.68284891071;283.204786469952;205.990677954545;327.040029327821;923.961286404755;366.781973635009;657.913072572187;1846.92655955153;687.160367876285;2698.6536826208;38.0225484338585;273.411091607215;103.18204099347;218.296801312201;541.307364876077;271.135626308357;645.930752060753;607.367457028866;2872.28441276232;319.71558723768;397.840771121183;3130.00627480718;61.9937251928184
2A048;2A;2A0480000;Z;499.0;69.0;49.0;76.0;124.0;134.0;47.0;242.0;36.0;23.0;36.0;62.0;61.0;24.0;43.0;134.0;65.0;257.0;33.0;26.0;40.0;62.0;73.0;23.0;42.0;147.0;68.0;85.0;281.0;133.0;430.0;3.0;45.0;23.0;54.0;70.0;35.0;149.0;51.0;464.0;35.0;43.0;499.0;0.0
2A056;2A;2A0560000;Z;105.0;11.4545454545455;14.3181818181818;18.1363636363636;20.0454545454545;29.5909090909091;11.4545454545455;49.6363636363636;6.68181818181818;7.63636363636364;9.54545454545455;8.59090909090909;13.3636363636364;3.81818181818182;7.63636363636364;29.5909090909091;12.4090909090909;55.3636363636364;4.77272727272727;6.68181818181818;8.59090909090909;11.4545454545455;16.2272727272727;7.63636363636364;7.63636363636364;26.7272727272727;21.0;15.2727272727273;56.3181818181818;33.4090909090909;93.5454545454545;1.90909090909091;3.81818181818182;0.954545454545455;10.5;16.2272727272727;14.3181818181818;38.1818181818182;7.63636363636364;104.045454545455;0.954545454545455;4.77272727272727;105.0;0.0
2A062;2A;2A0620000;Z;381.0;50.8;55.88;68.072;91.44;73.152;41.656;187.96;22.352;24.384;30.48;49.784;39.624;21.336;30.48;112.776;44.704;193.04;28.448;31.496;37.592;41.656;33.528;20.32;37.592;111.76;43.688;68.072;224.536;88.392;330.2;3.048;24.384;8.128;44.704;59.944;31.496;92.456;66.04;365.76;15.24;18.288;381.0;0.0
2A064;2A;2A0640000;Z;32.0;0.0;0.0;3.0;9.0;10.0;10.0;18.0;0.0;0.0;1.0;5.0;6.0;6.0;0.0;8.0;10.0;14.0;0.0;0.0;2.0;4.0;4.0;4.0;0.0;6.0;8.0;0.0;14.0;18.0;32.0;1.0;1.0;0.0;3.0;4.0;1.0;15.0;7.0;32.0;0.0;0.0;32.0;0.0
2A065;2A;2A0650000;Z;1297.0;157.63884085363;155.19846278275;241.327875191034;294.00396413119;277.551746504033;171.279110537363;617.843937185805;75.4534223731376;85.6513847592691;119.694382147219;142.147234981109;133.99061586305;60.9068970620209;113.716306998258;365.967990199026;138.159639988522;679.156062814195;82.1854184804928;69.5470780234813;121.633493043815;151.856729150081;143.561130640983;110.372213475342;106.552504214954;361.393035412203;211.210523187038;220.268811213211;727.361025611229;349.37016317556;1139.36115914637;22.7996540866025;105.724192711214;39.3431415243064;101.945350100488;181.209498817552;94.0885343921674;355.4837504757;238.76703703834;1146.31535714524;150.684642854759;148.801050940397;1281.00066722925;15.9993327707537
2A070;2A;2A0700000;Z;389.0;42.8778180286884;33.9092168263569;51.1587029177016;78.9362870749947;122.391927016489;59.7260481357693;196.465924889916;23.7192193540199;18.833743084617;26.9905808281058;38.3499946281233;65.4241678612054;23.1482191338445;25.543931779787;105.287365181361;65.6346279287679;192.534075110084;19.1585986746685;15.0754737417399;24.1681220895958;40.5862924468715;56.9677591552838;36.5778290019248;23.6799973278678;93.3791089382834;75.474968843933;49.2239291076548;198.666474119644;141.109596772701;346.122181971312;7.49014656714033;14.7866680239141;10.6530338680167;36.364806056725;45.8215225413801;27.5916501305546;150.117088644419;53.2972661391618;371.33729379846;17.6627062015402;24.2272939889187;389.0;0.0
2A085;2A;2A0850000;Z;1493.0;224.953734538617;201.348710517631;269.653548824752;317.725083976321;274.055170041267;205.263752101412;692.089279616557;116.423787481638;88.2537808334478;126.510341412602;152.317675761594;130.263435840109;78.3202582871671;149.40886731995;381.697417777644;160.982994518964;800.910720383443;108.529947056979;113.094929684184;143.14320741215;165.407408214727;143.791734201158;126.943493814245;150.994717857743;430.063483594047;219.852518931653;300.403585177693;811.760901371691;380.835513450617;1268.04626546138;5.11247067696046;64.5178493669365;99.8663905508341;210.67844316041;237.444190727595;120.397563579651;385.743401828323;144.285955570673;1446.95278494804;46.0472150519623;67.5501548325191;1420.01446401057;72.9855359894335
2A091;2A;2A0910000;Z;171.0;8.0;22.0;18.0;32.0;54.0;37.0;87.0;5.0;13.0;8.0;19.0;27.0;15.0;9.0;41.0;37.0;84.0;3.0;9.0;10.0;13.0;27.0;22.0;6.0;37.0;41.0;15.0;78.0;78.0;163.0;7.0;6.0;4.0;16.0;22.0;13.0;72.0;23.0;168.0;3.0;5.0;171.0;0.0
2A092;2A;2A0920000;Z;1145.0;152.379747697105;129.899207876128;213.088995024164;212.409406570397;283.748101039856;153.47454179235;582.814068340389;77.7218157066451;70.624779177779;107.104581154903;117.680864862006;138.70392945389;70.9780979851656;113.998845827907;309.186128135581;159.629094376901;562.185931659611;74.6579319904603;59.2744286983486;105.98441386926;94.7285417083912;145.044171585966;82.4964438071842;88.154102555206;293.382854707175;180.64897439723;202.152948383113;602.568982842756;340.278068774131;992.620252302895;2.07605448562873;84.2887095724674;51.0052348638088;78.0360443103431;156.11763491233;95.614628683443;359.015030060826;166.466915414047;969.325122537509;175.674877462491;201.753479352525;1145.0;0.0
2A098;2A;2A0980000;Z;713.0;81.7243239495975;58.5048671323782;89.7793332369337;155.298899494209;212.747787444579;114.944788742303;346.922457364953;38.3415221634691;30.2615815355063;44.380731149189;74.6262835530394;101.838164339347;57.4741746244024;46.4143407733649;174.472511294336;126.035605297252;366.077542635047;43.3828017861284;28.2432855968719;45.3986020877447;80.6726159411698;110.909623105232;57.4706141179005;55.4868636527485;179.519131991505;131.071546990793;101.901204426113;353.991643285841;257.107152288046;631.275676050402;3.02583717094911;61.5132527046466;27.2296879696937;47.4008693976323;99.8419525437325;34.2938921766596;260.138332041743;97.8318520453456;668.617842484364;44.3821575156356;50.4274210095882;713.0;0.0
2A099;2A;2A0990000;Z;276.0;40.3107874934708;27.8007257152438;50.2277359356467;42.8810143393593;64.0875724857719;50.6921640305074;154.353630219379;25.8300104703357;13.3809747502863;29.6895218319078;23.4424333082987;34.6551862824271;27.3555035761231;29.961929755148;75.6261165001753;48.7655839640554;121.646369780621;14.4807770231351;14.4197509649575;20.5382141037389;19.4385810310606;29.4323862033448;23.3366604543843;17.5968254485923;58.3921499950492;45.6573943369798;47.5587552037403;134.018266495225;94.4229783010352;235.689212506529;9.20374864827176;13.2902468060389;7.18722062986218;18.4307926510484;23.4949856593569;35.8377986972285;75.1425557441501;53.1018636705724;265.855504327594;10.1444956724059;14.2541241011259;276.0;0.0
2A103;2A;2A1030000;Z;2017.0;314.061591892443;291.113141818242;310.538842129335;512.627070766616;412.365560037941;176.293793355423;974.455259559361;160.33323906901;152.656880732443;131.954413165097;249.945117819702;196.165512601962;83.4000961711465;225.599296987366;542.966352726871;205.889609845124;1042.54474044064;153.728352823433;138.456261085799;178.584428964238;262.681952946914;216.200047435979;92.8936971842761;204.530293195278;615.169393524269;222.845053721093;430.129590182644;1158.13574625114;428.734663566216;1702.93840810756;17.7744326739731;92.8959125529748;114.421111630092;251.013391451318;299.061169131558;178.990034633428;433.583797271688;315.198558762526;1970.98470544167;46.0152945583336;86.1615766027097;1992.99537592835;24.0046240716544
2A104;2A;2A1040000;Z;1295.0;224.926090169991;168.455284552845;263.21138211382;305.325203252033;245.9830007391;87.0990391722107;657.549889135255;116.770140428676;94.7560975609751;130.169992609017;145.484109386549;129.212860310422;41.156688839616;156.0125646711;387.638580931264;113.898743532891;637.450110864745;108.155949741315;73.6991869918697;133.041389504804;159.841093865484;116.770140428678;45.9423503325947;135.91278640059;389.552845528455;111.9844789357;291.92535107169;777.191426459719;225.88322246859;1070.07390983001;8.61419068736143;66.9992609017;81.3562453806356;221.09756097561;189.512195121951;104.327420546933;258.425720620845;139.741315594974;1231.82926829268;63.1707317073169;87.0990391722099;1295.0;0.0
2A108;2A;2A1080000;Z;214.0;16.1923644346146;23.9521030110061;25.0867051500675;38.8579831298239;63.3351816890264;46.5756625854615;107.436712382935;8.58732656104312;15.3633154520195;13.5700722232468;19.4077574526874;32.7404758047826;17.7677648891554;13.3094076739832;53.5196652329599;40.6076394759917;106.563287617065;7.60503787357152;8.58878755898664;11.5166329268207;19.4502256771365;30.5947058842438;28.8078976963061;11.429276095169;44.6257708279583;50.508240693938;24.7386837691521;98.1454360609181;91.1158801699297;197.807635565385;4.83094503454216;12.6102502609659;0.983269993010135;14.424498716125;18.4434966930328;11.5381178456121;92.0322413914282;42.9448156306691;207.160537407758;6.83946259224229;7.84469719644875;214.0;0.0
2A114;2A;2A1140000;Z;1466.0;273.015714874193;188.176629428331;312.142151340406;316.946138549239;245.174112325242;130.545253482589;743.396028310202;136.500764463506;89.534718332677;156.774553777736;165.589667625546;127.225684016031;67.7706400947062;171.942020744084;426.742293279963;144.711714286155;722.603971689798;136.514950410687;98.6419110956539;155.36759756267;151.356470923693;117.948428309211;62.7746133878831;169.931899915275;411.916347130515;140.755724644008;341.873920659359;838.658640410478;285.467438930163;1192.98428512581;26.5364883195738;90.7201559520888;51.056222482006;109.168711339342;260.181316636632;140.415714356244;301.014044935182;213.891631104738;1244.89479724448;221.105202755523;234.864542349271;1466.0;0.0
2A118;2A;2A1180000;Z;205.0;25.9487625014759;22.1467272176928;37.6935426576754;47.7258414070181;50.2419611325179;21.24316508362;97.4552032003976;12.9542458252717;7.71219172902932;19.1642852742459;24.1720142150315;26.4300069387006;7.02245921811864;16.8112807576273;55.8074035706909;24.8365188720795;107.544796799602;12.9945166762042;14.4345354886635;18.5292573834295;23.5538271919865;23.8119541938172;14.2207058655013;16.7234673079756;60.5832007339041;30.2381287577226;33.5347480656029;116.390604304595;55.0746476298021;179.051237498524;4.63098515151485;13.5819217033211;3.8551567966737;18.5038724298519;35.7268510503124;25.5255213772898;53.7900778140272;23.4368511755331;195.317181950669;9.6828180493314;15.1492948106642;205.0;0.0
2A127;2A;2A1270000;Z;89.0;11.3837209302326;9.31395348837209;11.3837209302326;25.8720930232558;22.7674418604651;8.27906976744186;44.5;6.2093023255814;5.17441860465116;5.17441860465116;10.3488372093023;14.4883720930233;3.1046511627907;9.31395348837209;20.6976744186047;14.4883720930233;44.5;5.17441860465116;4.13953488372093;6.2093023255814;15.5232558139535;8.27906976744186;5.17441860465116;7.24418604651163;25.8720930232558;11.3837209302326;16.5581395348837;46.5697674418605;25.8720930232558;77.6162790697674;3.1046511627907;4.13953488372093;7.24418604651163;6.2093023255814;15.5232558139535;6.2093023255814;22.7674418604651;12.4186046511628;84.8604651162791;4.13953488372093;6.2093023255814;89.0;0.0
2A130;2A;2A1300000;Z;3402.0;390.0;447.0;655.0;741.0;795.0;374.0;1656.0;195.0;221.0;330.0;358.0;374.0;178.0;262.0;952.0;442.0;1746.0;195.0;226.0;325.0;383.0;421.0;196.0;257.0;1004.0;485.0;519.0;1956.0;927.0;3012.0;13.0;235.0;226.0;463.0;501.0;220.0;906.0;448.0;3232.0;170.0;212.0;3402.0;0.0
2A132;2A;2A1320000;Z;148.0;9.18620689655172;15.3103448275862;18.3724137931034;43.8896551724138;36.7448275862069;24.4965517241379;77.5724137931035;3.06206896551724;9.18620689655172;11.2275862068966;22.4551724137931;20.4137931034483;11.2275862068966;6.12413793103448;47.9724137931034;23.4758620689655;70.4275862068965;6.12413793103448;6.12413793103448;7.1448275862069;21.4344827586207;16.3310344827586;13.2689655172414;7.1448275862069;37.7655172413793;25.5172413793103;13.2689655172414;85.7379310344828;48.9931034482759;138.813793103448;0.0;10.2068965517241;8.16551724137931;13.2689655172414;23.4758620689655;7.1448275862069;55.1172413793103;21.4344827586207;143.91724137931;4.08275862068966;12.248275862069;148.0;0.0
2A139;2A;2A1390000;Z;1838.0;315.568648390487;331.204693507231;461.050865433792;358.116460306874;248.364214011027;123.695118350589;956.550534588308;170.446029223257;182.186165100614;238.984038788635;180.852589914689;120.773186421048;63.3085251400655;227.91069050424;593.256998015312;135.382846068756;881.449465411692;145.12261916723;149.018528406618;222.066826645156;177.263870392185;127.591027589978;60.386593210524;185.055688870964;553.219111993194;143.174664547533;412.966379375205;1146.47611000851;278.557510616288;1522.43135160951;8.76579578862444;187.977620800505;114.929322561966;181.159779631574;299.98501143293;188.082437118888;289.271261024607;252.260123250419;1619.72426627585;218.275733724152;218.275733724151;1833.99927444223;4.00072555777258
2A142;2A;2A1420000;Z;669.0;79.5389037365387;84.3805435055123;95.4646190127702;150.416124578341;151.098072694088;108.10173647275;318.953253322207;34.2177631617408;45.1954559726614;48.2184016352367;79.2060382337895;73.0669043982236;39.0486899205548;52.3068465102964;174.557947422611;92.0884593892989;350.046746677793;45.3211405747978;39.185087532851;47.2462173775335;71.2100863445518;78.0311682958644;69.0530465521948;58.3849730516275;172.611071007174;119.050702618992;110.691819561924;347.169018429785;211.139162008291;589.461096263461;13.0445098868668;40.1251088203119;13.0573916355798;49.1617205865582;105.392765092518;54.2039306732518;205.163211171583;109.312458396791;632.837858129724;36.1621418702756;42.1661107049494;640.000096720648;28.9999032793517
2A144;2A;2A1440000;Z;103.0;5.0;6.0;12.0;31.0;27.0;22.0;57.0;3.0;5.0;7.0;18.0;15.0;9.0;3.0;37.0;17.0;46.0;2.0;1.0;5.0;13.0;12.0;13.0;3.0;21.0;22.0;6.0;58.0;39.0;98.0;3.0;6.0;4.0;7.0;15.0;6.0;38.0;19.0;103.0;0.0;0.0;103.0;0.0
2A146;2A;2A1460000;Z;52.0;6.86792452830189;0.0;5.88679245283019;10.7924528301887;15.6981132075472;12.7547169811321;29.4339622641509;3.92452830188679;0.0;3.92452830188679;5.88679245283019;9.81132075471698;5.88679245283019;3.92452830188679;10.7924528301887;14.7169811320755;22.5660377358491;2.94339622641509;0.0;1.9622641509434;4.90566037735849;5.88679245283019;6.86792452830189;2.94339622641509;6.86792452830189;12.7547169811321;6.86792452830189;17.6603773584906;27.4716981132075;45.1320754716981;0.981132075471698;0.0;0.0;5.88679245283019;7.84905660377358;1.9622641509434;23.5471698113208;4.90566037735849;51.0188679245283;0.981132075471698;1.9622641509434;52.0;0.0
2A154;2A;2A1540000;Z;107.0;10.0943396226415;6.05660377358491;17.1603773584906;17.1603773584906;35.3301886792453;21.1981132075472;57.5377358490566;4.0377358490566;1.00943396226415;12.1132075471698;8.07547169811321;20.188679245283;12.1132075471698;4.0377358490566;23.2169811320755;30.2830188679245;49.4622641509434;6.05660377358491;5.04716981132076;5.04716981132076;9.08490566037736;15.1415094339623;9.08490566037736;9.08490566037736;17.1603773584906;23.2169811320755;13.122641509434;40.377358490566;53.5;96.9056603773585;4.0377358490566;11.1037735849057;2.0188679245283;6.05660377358491;9.08490566037736;7.06603773584906;49.4622641509434;8.07547169811321;101.952830188679;5.04716981132076;4.0377358490566;107.0;0.0
2A160;2A;2A1600000;Z;257.0;17.5670561152294;36.9436728400744;35.8609933542058;48.956734752383;58.8738591442844;58.7976837938229;130.664088371702;8.26179723864179;22.5838951202671;18.4378951149525;30.6148378982279;27.4458708482434;23.3197921513694;15.4705770687276;71.5982284933992;43.5952828095753;126.335911628298;9.30525887658763;14.3597777198073;17.4230982392533;18.3418968541551;31.427988296041;35.4778916424535;12.3973366653146;57.1990605567748;56.7395144062085;27.8679137340422;128.797289050174;100.334797215784;239.432943884771;3.0633230453195;15.3943167967556;8.15624152858751;30.6432310541521;25.5604998487498;17.3558530353133;101.368614804316;37.8908637715771;248.728739505686;8.27126049431415;7.21815311250073;257.0;0.0
2A163;2A;2A1630000;Z;549.0;62.8550983899821;65.8014311270125;85.4436493738819;103.121645796064;136.513416815742;95.2647584973166;265.169946332737;27.4991055456172;36.3381037567084;45.1771019677996;49.1055456171735;67.7656529516995;39.2844364937388;40.2665474060823;145.352415026834;79.5509838998211;283.830053667263;35.3559928443649;29.4633273703041;40.2665474060823;54.0161001788909;68.7477638640429;55.9803220035778;38.3023255813954;143.388193202147;102.139534883721;78.5688729874776;288.74060822898;181.690518783542;486.144901610018;8.83899821109123;29.4633273703041;22.5885509838998;49.1055456171735;79.5509838998211;40.2665474060823;186.601073345259;69.7298747763864;533.286225402504;15.7137745974955;18.6601073345259;549.0;0.0
2A181;2A;2A1810000;Z;629.0;80.5289237032247;82.9348842091681;112.411593648958;137.709092973251;151.570433441671;63.8450720237268;314.278886985274;46.1099673467556;48.0806954838197;55.7902839473986;65.2757251767732;71.7355256538863;27.286689376641;58.8982186450773;184.609310500539;70.771357839658;314.721113014726;34.4189563564691;34.8541887253483;56.6213097015594;72.4333677964778;79.8349077877852;36.5583826470859;42.244325181788;184.339960785091;88.1368270478469;101.142543826865;368.94927128563;158.908184887505;548.471076296775;8.97497235410221;25.861919970533;13.1093335143739;81.4657765239908;107.154435317797;60.075810218339;159.7207846388;92.1080437588396;590.080850257724;38.9191497422765;38.0583153219448;557.992784071949;71.0072159280509
2A186;2A;2A1860000;Z;221.0;18.2912325420952;17.1953659037862;19.7885088781549;54.1152090190434;66.2862436303641;45.3234400265563;108.405971990221;9.9841894971383;4.76203640359283;11.4412230862342;26.156902574941;38.2098892557819;17.851731172533;9.9841894971383;57.4915756832811;40.9302068098018;112.594028009779;8.3070430449569;12.4333295001933;8.34728579192068;27.9583064441024;28.0763543745822;27.4717088540233;12.1637978127735;56.870664356278;43.5595658407273;22.1479873099117;114.362240039559;84.4897726505292;202.708767457905;6.62147155696228;11.6705120266903;0.907464431869544;12.5733967573642;38.3563634334827;14.1972036860223;90.8509856419775;27.531369923536;221.0;0.0;9.94677853830521;221.0;0.0
2A189;2A;2A1890000;Z;1218.0;158.949401122496;134.774304471617;196.938486109759;267.355017086853;293.853273663577;166.129517545698;618.846846373262;83.8775060045564;71.3279918611962;100.311106676598;138.617023198131;150.501306193476;74.2119124393052;106.520139818022;343.514154659553;168.812551895687;599.153153626738;75.07189511794;63.4463126104206;96.6273794331609;128.737993888722;143.351967470101;91.9176051063934;89.7707332955482;333.077505668441;176.304914662748;196.29087311357;676.591660327995;345.117466558435;1059.0505988775;13.1518506125375;99.6649276638151;52.3416031789125;100.506090248223;162.643785638095;100.379018770719;390.864817256341;139.49850550886;1119.76358367168;98.2364163283171;104.612550878718;1218.0;0.0
2A198;2A;2A1980000;Z;539.0;51.9817981682831;68.0068492738869;85.1715201367077;148.594588855577;114.413946188227;70.831297377318;277.011522888508;27.5357549939191;40.0758177475618;43.9887106669699;79.2430175761596;57.047836610081;29.1203852938171;40.0390179323013;173.470250502591;63.5022544536162;261.988477111492;24.4460431743639;27.9310315263251;41.1828094697378;69.3515712794179;57.3661095781459;41.7109120835009;32.2887575650658;149.418638964472;80.2810805819536;72.3277754973672;322.888889467063;143.78333503557;485.9469135122;6.23498479791041;75.8275690891451;9.37650515184054;42.7438787579022;87.4672389233929;64.1044945189546;135.380018199949;64.8122240731061;510.69900607824;28.3009939217599;42.5674964953827;539.0;0.0
2A209;2A;2A2090000;Z;2015.0;354.463883856814;259.505438013858;403.054916258964;490.724663830919;321.366541786297;185.884556253148;1003.14447250783;191.266459713043;118.904364886152;192.107943524712;259.542586677409;169.272956784809;72.0501609217071;227.394258855833;601.240232546656;174.509981105343;1011.85552749217;163.197424143771;140.601073127705;210.946972734252;231.18207715351;152.093585001488;113.834395331441;213.306478905486;580.190427162631;218.358621424051;440.700737761319;1181.43065970929;392.868602529394;1660.53611614319;5.05459245232358;89.7260731782644;119.89217672158;276.955491516713;312.201851362345;206.73615588673;438.414295020121;211.555480005109;1937.18960599433;77.8103940056665;113.125774882008;2015.0;0.0
2A211;2A;2A2110000;Z;563.0;59.0;59.0;74.0;132.0;121.0;118.0;272.0;33.0;24.0;31.0;67.0;66.0;51.0;42.0;130.0;100.0;291.0;26.0;35.0;43.0;65.0;55.0;67.0;40.0;141.0;110.0;82.0;271.0;210.0;504.0;8.0;27.0;21.0;67.0;87.0;23.0;187.0;84.0;546.0;17.0;24.0;563.0;0.0
2A212;2A;2A2120000;Z;468.0;45.6182212581346;41.2161966738965;63.8655097613884;96.305133767173;144.96456977585;76.0303687635576;244.977584960231;30.4121475054231;19.9276934201003;30.4121475054231;53.7281272595807;75.0166305133769;35.4808387563269;35.4808387563269;132.452639190166;77.0441070137384;223.022415039769;15.2060737527115;21.2885032537961;33.4533622559654;42.5770065075923;69.947939262473;40.5495300072307;24.3297180043384;111.511207519885;87.1814895155461;59.8105567606653;243.96384671005;164.225596529285;422.368040491683;10.1373825018077;38.5220535068692;8.10990600144615;27.3709327548808;64.518438177872;44.6044830079538;156.115690527838;72.9891540130153;403.120751988431;64.8792480115692;60.8242950108461;467.333333333334;0.666666666665735
2A215;2A;2A2150000;Z;910.0;120.693865964432;99.1011908353533;164.638061384129;195.08999534618;198.253942488864;132.222943981043;470.186849515141;59.9539730407404;53.552444518199;93.5317316796631;105.222404345767;99.5260642386387;58.4002316921331;78.6652473724023;265.65886523587;125.862736906869;439.813150484859;60.7398929236914;45.5487463171543;71.1063297044655;89.8675910004129;98.7278782502255;73.8227122889094;74.4676532789874;235.150567619571;130.194929586301;153.13290065139;500.809432855441;256.05766649317;789.306134035568;17.1393777580739;49.8800921095986;36.6548557160498;62.8622156965513;126.457034438742;80.8466823625306;276.101837832207;139.364038121815;850.376524040527;59.6234759594733;63.800708383781;910.0;0.0
2A228;2A;2A2280000;Z;1859.0;330.634045232064;221.074619843417;363.12409591961;351.701608820273;362.168506193511;230.297123991125;905.321453347966;184.428817138117;96.8479554498665;170.094971246554;175.873099217092;172.961740424869;105.114869871468;222.652406182286;453.32751290066;229.34153426502;953.678546652034;146.205228093948;124.226664393551;193.029124673056;175.828509603181;189.206765768642;125.182254119657;181.562047959804;520.796400726811;251.320097965418;404.21445414209;974.123913627471;480.661632230439;1528.0325616546;4.77794863052127;121.359895215239;127.093433571864;220.74122673008;229.341534265018;102.292690307065;458.683068530041;263.74276440477;1788.28636026829;70.7136397317139;102.292690307065;1858.66660688666;0.333393113338444
2A247;2A;2A2470101;H;1929.83291123786;404.927206869759;254.77492896517;464.595058333387;397.189715023936;227.290317681393;181.05568436421;953.730452718714;202.00336392347;139.424933828591;229.791751449341;209.046916706195;87.8830922532846;85.5803945578324;260.347639328735;555.681522572119;137.70129081786;976.102458519141;202.923842946288;115.349995136579;234.803306884046;188.142798317741;139.407225428109;95.4752898063778;244.324999127082;550.233269781511;181.544189610547;504.672638455817;1105.91479235363;319.245480428407;1524.9057043681;12.9498490483276;142.649032606339;75.1479463035049;143.627447107668;389.911039979252;178.51383812659;296.427149157818;285.679402038597;1582.666549563;347.166361674856;340.318383328615;1918.83293274663;10.9999784912219
2A247;2A;2A2470102;H;1720.73549734282;334.951332546123;257.642899102806;377.584165297329;317.461551579943;278.609955247535;154.485593569082;791.664662935935;171.26075104129;115.358983563204;186.215714330832;145.379665381249;120.770321326805;52.679227292555;189.522890668216;479.224125764905;122.917646502814;929.070834406883;163.690581504833;142.283915539602;191.368450966497;172.081886198694;157.839633920731;101.806366276527;205.423112950359;506.018772556129;217.628948900395;394.946003618576;985.242898321034;340.546595403208;1385.7841647967;1.51869545309524;108.511433360588;69.5704483956087;148.838276004726;316.519861640243;161.722708532828;358.496899720857;220.605841688749;1467.75977369984;252.97572364298;269.292895587991;1681.73557360121;38.9999237416048
2A247;2A;2A2470201;H;3520.61725041433;617.528142164;527.018399970456;713.593384842869;750.240984641191;608.45112640389;303.785212391925;1651.58414411488;306.709866647007;276.577292212677;301.015525091915;328.623701390558;305.874043371715;132.783715401012;399.659585104886;968.24851666204;283.676042347959;1869.03310629945;310.818275516993;250.441107757779;412.577859750955;421.617283250633;302.577083032175;171.001496990913;395.454928239078;1092.69345565949;380.884722400874;795.114513343964;2060.94197232153;664.560764748833;2903.08910825033;1.14885012253551;310.170238056689;117.858631060903;363.147439687025;485.788972499304;310.749541053706;620.623284752664;693.602151017504;2803.99522044482;716.622029969516;703.990263857087;3520.61725041433;0.0
2A247;2A;2A2470202;H;3960.81434100499;537.132350447285;545.630962870718;761.155444633545;985.063562976885;752.180597884837;379.651422191725;1976.05398510956;280.577516891584;312.377444976785;350.022400477648;492.03218035021;361.158439226688;179.886003186645;403.492768388563;1178.52579385865;394.035422862345;1984.76035589543;256.554833555701;233.253517893932;411.133044155898;493.031382626674;391.022158658149;199.76541900508;331.771816517708;1198.37537997001;454.613159407714;735.264584906271;2376.90117382867;848.648582270059;3423.68199055771;15.2946906283925;259.435668987236;153.081973423456;382.366942345616;581.693576265258;331.365223473467;739.851068544856;960.592846889428;3645.86161151496;314.95272949004;314.463154343632;3932.81439575461;27.9999452503829
2A249;2A;2A2490000;Z;3699.0;537.132803462205;535.195394564514;696.75000008289;767.376387529078;707.940117855961;454.605296505352;1833.21145003913;272.395547584283;281.513748152851;337.009237248127;399.161379714865;340.178385052541;202.95315228646;374.302192418229;1030.99168793154;427.917569689355;1865.78854996087;264.737255877922;253.681646411663;359.740762834762;368.215007814213;367.76173280342;251.652144218892;349.695216615347;1014.05617446275;502.037158882778;723.997409033576;2045.04786239429;929.954728572133;3160.85468765366;11.9933617749736;218.852777272789;84.9746728629064;284.737299871585;578.348799092078;443.549281659321;823.052731163787;715.345763956218;3019.33070102047;679.669298979533;667.471095498958;3578.0105561236;120.989443876403
2A262;2A;2A2620000;Z;49.0;5.88;2.94;6.86;7.84;12.74;12.74;27.44;2.94;0.98;2.94;5.88;6.86;7.84;2.94;11.76;12.74;21.56;2.94;1.96;3.92;1.96;5.88;4.9;2.94;8.82;9.8;5.88;20.58;22.54;43.12;1.96;5.88;0.98;1.96;2.94;1.96;23.52;3.92;49.0;0.0;0.0;49.0;0.0
2A269;2A;2A2690000;Z;1392.0;191.296611194037;217.186714531066;232.179869946973;304.110114077595;279.352716020089;167.87397423024;672.720194336125;103.261816225883;114.92907378546;109.638469841963;131.176981604785;142.113279432247;71.6005734457872;141.201177828796;368.921353534063;162.597662973267;719.279805663875;88.0347949681539;102.257640745606;122.541400105011;172.93313247281;137.239436587842;96.2734007844524;123.351667505912;412.676779860155;183.251358297808;264.552845334707;781.598133394218;345.849021271075;1200.70338880596;8.34451962703853;83.2138601287779;48.4458492934324;122.79462107734;203.945967778992;130.688489545577;367.794111732029;235.475969622778;1287.03300464441;104.966995355593;131.980744749967;1372.9938163509;19.0061836490987
2A271;2A;2A2710000;Z;3289.0;621.811957782055;461.634179846188;744.184551073558;687.443687434608;506.317365738419;267.608258125171;1517.21775826325;306.428932794997;231.812480249943;341.250402430789;302.452283431571;236.15604981214;99.1176095438137;400.944350377869;871.430906426884;244.8425014585;1771.78224173675;315.383024987059;229.821699596246;402.934148642769;384.991404003037;270.161315926278;168.490648581357;390.000459920905;1048.52098722562;333.260794590219;790.944810298774;1919.95189365251;578.103296048719;2667.18804221794;14.9234869867693;121.377694159056;130.332768739912;394.974955583158;717.287714241765;324.337117179117;527.4032657889;436.551039539268;3049.22930907924;239.77069092076;281.12994275091;3123.98327589702;165.016724102982
2A272;2A;2A2720000;Z;3248.0;456.33491168522;474.385288548845;578.896819592293;663.309746327424;608.897096788307;466.176137057911;1572.05193862574;241.884053595897;236.866602604338;296.402641392258;322.319888355011;288.211460057222;186.367292621013;318.488427209874;886.676150057441;366.887361358423;1675.94806137426;214.450858089323;237.518685944507;282.494178200035;340.989857972413;320.685636731085;279.808844436899;306.038175439232;888.679686256336;481.230199678694;624.526602649105;1775.35583631378;848.117561037117;2787.63991943603;43.3060059152189;182.195253400331;134.816614380605;262.51202095717;475.217103721647;320.649674404648;853.445183525665;515.498063130748;2742.01780647766;505.982193522336;523.529709079897;3169.00001492676;78.999985073239
2A276;2A;2A2760000;Z;489.0;61.8580786677051;49.3858944542689;94.6512519280551;96.5427870705033;119.966086578486;66.5959013009814;260.956319826609;30.937178080425;26.7427781200061;48.352663945797;54.4335243078796;70.7535151308035;29.7366602416976;41.2332725852501;141.814272425819;77.9087748155394;228.043680173391;30.9209005872801;22.6431163342628;46.2985879822581;42.1092627626237;49.2125714476827;36.8592410592837;35.0419456671183;129.488583215628;63.5131512906449;76.2752182523684;271.302855641447;141.421926106184;427.141921332295;12.3079942644537;43.126492492233;21.6047187488403;35.9569629233105;45.2667960641205;57.5810056455459;161.968697807911;49.3292533858801;431.441774675229;57.5582253247714;67.8283904164214;489.0;0.0
2A278;2A;2A2780000;Z;83.0;8.39325842696629;8.39325842696629;13.0561797752809;15.8539325842697;25.1797752808989;12.123595505618;34.5056179775281;3.73033707865169;4.66292134831461;6.52808988764045;7.46067415730337;10.2584269662921;1.86516853932584;3.73033707865169;24.247191011236;6.52808988764045;48.4943820224719;4.66292134831461;3.73033707865169;6.52808988764045;8.39325842696629;14.9213483146067;10.2584269662921;5.59550561797753;24.247191011236;18.6516853932584;9.32584269662921;48.4943820224719;25.1797752808989;74.6067415730337;2.79775280898876;3.73033707865169;0.0;7.46067415730337;13.9887640449438;12.123595505618;26.1123595505618;8.39325842696629;65.2808988764045;17.7191011235955;17.7191011235955;83.0;0.0
2A284;2A;2A2840000;Z;374.0;34.6809141349797;32.1951680606138;53.1765460485324;84.1185519244103;114.440286394734;55.3885334367298;181.36773156438;19.7788943670284;11.12783017576;26.1288392909797;43.598414738437;59.2250932096692;21.5086597825055;25.8100484643942;97.2497622932775;58.3079208067081;192.63226843562;14.9020197679513;21.0673378848538;27.0477067575526;40.5201371859733;55.2151931850649;33.8798736542242;20.8991356398105;97.9107885756925;73.8223442201172;46.7091841042047;195.16055086897;132.130265026825;339.31908586502;13.1831128272348;19.2661789492357;13.217724059256;37.1406681612871;54.4851362590093;32.2981254455431;135.188097324888;34.5400428385659;354.853231696501;19.1467683034985;23.2414725652155;374.0;0.0
2A288;2A;2A2880000;Z;1401.0;210.892107880642;205.307150235484;255.543829009527;315.378834515292;270.358757381147;143.519320977908;687.12111852057;107.550442717922;104.593305852731;113.036606420529;160.230408017048;140.254892457241;61.4554630550988;154.161374743502;385.469668902766;147.490074874302;713.87888147943;103.34166516272;100.713844382754;142.507222588998;155.148426498244;130.103864923906;82.0638579228092;136.806834543959;410.992910777622;166.079136157849;290.968209287462;796.462579680388;313.569211032151;1190.10789211936;11.2304667050122;113.416924106307;53.1827193199687;154.976408419793;221.200298902513;102.892976168971;347.231293745876;185.976804750918;1308.70316086824;92.2968391317552;123.958256889913;1401.0;0.0
2A300;2A;2A3000000;Z;1088.0;153.37255079597;144.12838404344;193.785027376024;260.716996275942;216.588068048603;119.408973460021;546.878428783358;70.6230098993912;79.0298002575943;100.349739625562;134.20146559965;111.006689828037;51.6677235731238;97.3116460652781;326.254773739614;123.312008978466;541.121571216642;82.7495408965791;65.0985837858459;93.435287750462;126.515530676292;105.581378220567;67.7412498868968;106.790729918429;293.733715393589;140.597125904624;204.102375983707;619.988489133203;263.909134883089;934.62744920403;6.03943788119511;91.0180619726399;42.9442683812285;95.4618947592537;158.453530970683;124.17966198974;278.997611940702;137.532981308587;932.857152188844;155.142847811156;174.65821527048;1088.0;0.0
2A308;2A;2A3080000;Z;383.0;33.0;40.0;46.0;81.0;103.0;80.0;213.0;15.0;24.0;27.0;40.0;63.0;44.0;21.0;104.0;88.0;170.0;18.0;16.0;19.0;41.0;40.0;36.0;22.0;87.0;61.0;43.0;191.0;149.0;350.0;3.0;19.0;11.0;33.0;61.0;29.0;143.0;51.0;367.0;16.0;21.0;381.0;2.0
2A312;2A;2A3120000;Z;404.0;52.1533516107799;42.0557398211878;54.2394856752111;115.780440575931;87.6176307061102;52.1533516107799;198.515794653527;33.3781450308991;22.2374662090914;23.9905417409587;55.2825527074267;43.8088153530551;19.8182736120963;42.7657483208395;106.725895818555;49.0241505141331;205.484205346473;18.7752065798808;19.8182736120963;30.2489439342523;60.4978878685046;43.8088153530551;32.3350779986835;27.1197428376055;116.823507608147;61.5409549007202;69.885491158445;223.549403426702;110.565105414853;351.513589856656;4.17226812886239;17.7321395476652;10.430670322156;50.0672175463487;61.5409549007202;25.0336087731743;119.952708704794;62.5840219329358;388.353994516766;15.646005483234;21.9044076765275;403.666941467436;0.333058532563893
2A323;2A;2A3230000;Z;402.0;59.0;56.0;98.0;101.0;53.0;35.0;209.0;30.0;30.0;47.0;51.0;33.0;18.0;41.0;128.0;40.0;193.0;29.0;26.0;51.0;50.0;20.0;17.0;34.0;129.0;30.0;75.0;257.0;70.0;343.0;0.0;15.0;13.0;66.0;95.0;31.0;78.0;45.0;394.0;8.0;10.0;402.0;0.0
2A326;2A;2A3260000;Z;122.0;6.7244094488189;13.4488188976378;15.3700787401575;38.4251968503937;34.5826771653543;13.4488188976378;64.3622047244095;3.84251968503937;5.76377952755905;7.68503937007874;23.0551181102362;19.2125984251968;4.80314960629921;4.80314960629921;44.1889763779528;15.3700787401575;57.6377952755905;2.88188976377953;7.68503937007874;7.68503937007874;15.3700787401575;15.3700787401575;8.64566929133858;7.68503937007874;26.8976377952756;23.0551181102362;12.488188976378;71.0866141732283;38.4251968503937;115.275590551181;0.960629921259842;9.60629921259842;2.88188976377953;14.4094488188976;19.2125984251968;9.60629921259842;42.2677165354331;16.3307086614173;119.11811023622;2.88188976377953;2.88188976377953;122.0;0.0
2A336;2A;2A3360000;Z;512.0;110.88349504963;83.5451773259494;106.453700355659;104.403658327369;67.7079278157235;39.0060411256684;257.089425554076;60.3615093889591;36.9647788268932;49.874850733127;56.0323136314318;38.0427981571435;15.8131748165216;76.8888859034583;133.760284208734;46.4402554418835;254.910574445924;50.5219856606713;46.5803984990562;56.5788496225322;48.3713446959373;29.66512965858;23.1928663091467;69.0971120293026;146.714305299105;39.0991571175164;145.985997932761;280.474589507839;85.5394125593999;401.11650495037;1.07259621335286;19.4443949448594;20.4380567504577;63.7122356170493;86.5404060357003;55.0852457144328;89.6993802544483;65.1241894200688;490.432564583049;21.5674354169512;26.8551428382372;512.0;0.0
2A345;2A;2A3450000;Z;598.0;114.594922512671;98.1038351719077;124.947669504711;117.754814069398;73.3630670759743;69.2356916653379;286.090372427339;55.7497502151696;44.4083306475195;60.9288892956411;54.7449653537574;39.2591276709964;30.999309244255;71.237429635505;159.057594200192;55.7953485916419;311.909627572661;58.8451722975013;53.6955045243882;64.0187802090704;63.0098487156403;34.1039394049779;38.2363824210828;81.5551866740395;170.41651551949;59.9379253791316;152.792616309545;329.474109719682;115.733273970774;483.405077487329;3.09910145410337;29.9516887167545;19.6238052971634;69.1877877779812;93.9838277409848;52.6769015934229;122.962974443491;91.9189904634277;581.474835876519;16.5251641234808;28.912821323391;598.0;0.0
2A348;2A;2A3480000;Z;889.0;99.3745038040632;111.732500929124;130.447457942109;182.213066781711;221.926463582121;143.306006960872;436.760713156204;58.0292476249429;54.674811058978;64.859792364471;94.0816238978103;105.577594667969;59.5376435420326;76.121557148581;232.729249504145;127.909906503478;452.239286843796;41.3452561791203;57.0576898701463;65.5876655776379;88.1314428839003;116.348868914151;83.7683634188397;57.9702908594258;232.379706224348;161.889289760022;134.091848008007;465.108955728493;289.799196263501;789.625496195937;14.6137869103789;61.0826361329136;15.7701196370114;73.7327937043064;144.503284743344;61.051782555071;311.218673188609;107.652419324303;845.443172316842;43.5568276831576;64.1878881655414;860.00816741377;28.9918325862304
2A349;2A;2A3490000;Z;846.0;142.774958503597;127.060116089948;159.499374553016;185.415285279096;172.976771867217;58.2734937071258;419.1028895433;68.6865803200153;58.7993251132343;84.0033185397386;90.8847024876455;88.8222080390418;27.9067550436249;90.9690625326159;244.378870602366;83.7549564083181;426.8971104567;74.0883781835821;68.260790976714;75.4960560132772;94.5305827914501;84.1545638281753;30.3667386635009;93.4211256573521;252.813221232716;80.6627635666316;184.390188189968;497.192091835082;164.41771997495;703.225041496403;11.4771825453992;68.2306222266539;34.3412154532947;91.5403047047342;145.417761899972;74.6617261973883;178.555400943647;99.0008275253135;756.292909175353;89.7070908246471;90.0538172990713;846.0;0.0
2A351;2A;2A3510000;Z;389.0;48.2630272952854;38.6104218362283;83.0124069478908;104.248138957816;85.9081885856079;28.9578163771712;206.565756823821;31.8535980148883;19.3052109181141;38.6104218362283;57.9156327543424;41.5062034739454;17.3746898263027;41.5062034739454;117.761786600496;47.2977667493797;182.434243176179;16.409429280397;19.3052109181141;44.4019851116625;46.3325062034739;44.4019851116625;11.5831265508685;24.1315136476427;114.866004962779;43.4367245657568;65.6377171215881;232.627791563275;90.7344913151365;340.736972704715;4.82630272952854;20.2704714640199;55.0198511166253;56.9503722084367;60.8114143920596;24.1315136476427;84.9429280397022;33.7841191066998;381.277915632754;7.72208436724566;13.5136476426799;389.0;0.0
2A359;2A;2A3590000;Z;225.0;14.3416428805082;20.4506430067017;23.4136446372592;54.1165425989478;77.0705012751595;35.6070256014237;110.214108581588;5.70923014515068;8.67301242186268;10.8221197307162;31.5732082195634;44.5813585961664;8.85517946812874;8.63281111364265;63.9397540883368;37.6415433796086;114.785891418412;8.63241273535748;11.777630584839;12.591524906543;22.5433343793844;32.4891426789931;26.7518461332949;11.4771767115798;51.9835102991945;51.3252044076376;20.1099878252225;115.923264387531;88.9667477872462;210.658357119492;10.7810887767132;9.78617353717823;1.96889170494425;21.5846521140445;23.4220615792275;9.72948239868181;95.1107521917548;38.2752548169476;225.0;0.0;0.994500248690475;225.0;0.0
2A362;2A;2A3620000;Z;2759.0;509.799732887415;366.864287924532;526.650482574276;577.981591124697;501.9001774687;275.803728020381;1352.05937213768;256.40191114668;193.858938414997;249.380227309579;288.003857650182;250.197840651743;114.216596964496;331.96371195385;750.279017553529;269.816642630296;1406.94062786232;253.397821740735;173.005349509535;277.270255264697;289.977733474515;251.702336816957;161.587131055885;305.052099716783;783.1994678299;318.689060315641;637.015811670633;1533.47848538343;588.505702945937;2247.19212141049;18.7964295544052;179.223221082236;76.8746147245687;266.360700767118;417.687364836375;296.846055327464;606.689055949153;384.714679169168;2365.77016058546;393.229839414537;424.105384339724;2759.0;0.0
