IRIS;REG;DEP;UU2010;COM;LIBCOM;TRIRIS;GRD_QUART;TYP_IRIS;LAB_IRIS;P17_LOG;P17_RP;P17_RSECOCC;P17_LOGVAC;P17_MAISON;P17_APPART;P17_RP_1P;P17_RP_2P;P17_RP_3P;P17_RP_4P;P17_RP_5PP;P17_RP_M30M2;P17_RP_3040M2;P17_RP_4060M2;P17_RP_6080M2;P17_RP_80100M2;P17_RP_100120M2;P17_RP_120M2P;P17_RP_ACHTOT;P17_RP_ACH19;P17_RP_ACH45;P17_RP_ACH70;P17_RP_ACH90;P17_RP_ACH05;P17_RP_ACH14;P17_RPMAISON_ACHTOT;P17_RPMAISON_ACH19;P17_RPMAISON_ACH45;P17_RPMAISON_ACH70;P17_RPMAISON_ACH90;P17_RPMAISON_ACH05;P17_RPMAISON_ACH14;P17_RPAPPART_ACHTOT;P17_RPAPPART_ACH19;P17_RPAPPART_ACH45;P17_RPAPPART_ACH70;P17_RPAPPART_ACH90;P17_RPAPPART_ACH05;P17_RPAPPART_ACH14;P17_MEN_ANEM0002;P17_MEN_ANEM0204;P17_MEN_ANEM0509;P17_MEN_ANEM10P;P17_RP_PROP;P17_RP_LOC;P17_RP_LOCHLMV;P17_RP_GRAT;P17_RP_CCCOLL;P17_RP_CCIND;P17_RP_CINDELEC;P17_RP_GARL;P17_RP_VOIT1P;P17_RP_VOIT1;P17_RP_VOIT2P;C17_RP_HSTU1P;C17_RP_HSTU1P_SUROCC;P17_NPER_RP_PROP;P17_NPER_RP_LOC;P17_NPER_RP_LOCHLMV;P17_NPER_RP_GRAT;P17_RP_SDB
2B0020000;94;2B;2B000;2B002;Aghione;ZZZZZZ;2B00200;Z;5;157;107;38;12;118;8;8;13;32;22;33;16;8;18;14;20;13;19;100;10;7;19;34;22;9;86;9;7;18;30;17;6;5;1;0;0;2;1;1;18;15;13;61;54;32;0;22;0.0;11.0;29.0;51;95;54;42;100;8;120;83;0;38;94.0
2B0030000;94;2B;2B000;2B003;Aiti;ZZZZZZ;2B00300;Z;5;68;16;52;1;67;1;0;1;1;5;8;1;0;0;1;7;2;4;16;2;2;4;4;4;0;14;2;2;4;4;2;0;1;0;0;0;0;1;0;1;0;1;13;16;0;0;0;0.0;2.0;6.0;8;13;8;5;16;0;30;0;0;0;16.0
2B0050000;94;2B;2B000;2B005;Alando;ZZZZZZ;2B00500;Z;5;52;14;37;0;42;10;0;1;2;7;4;0;0;0;5;8;1;0;14;7;1;0;4;2;0;5;1;0;0;2;1;0;10;6;1;0;1;1;0;1;5;2;6;8;6;0;0;0.0;0.0;8.0;8;14;7;7;14;1;27;8;0;0;14.0
2B0070000;94;2B;2B000;2B007;Albertacce;ZZZZZZ;2B00700;Z;5;326;98;219;9;246;80;4;8;25;19;42;2;6;15;24;25;15;10;97;24;8;7;35;15;8;75;17;6;7;21;15;8;22;7;2;0;13;0;0;8;9;10;71;79;17;12;2;0.0;24.0;31.0;47;81;53;28;95;1;153;41;24;5;94.0
2B0090000;94;2B;2B000;2B009;Aléria;ZZZZZZ;2B00900;Z;5;1342;911;400;31;793;439;10;96;240;250;315;31;37;113;231;207;127;165;860;49;26;149;320;153;163;489;28;16;97;150;108;90;356;16;10;52;162;43;73;142;178;159;432;419;439;72;53;8.0;80.0;588.0;628;800;429;371;903;51;925;995;214;118;878.0
2B0100000;94;2B;2B000;2B010;Algajola;ZZZZZZ;2B01000;Z;5;679;175;501;3;118;559;13;37;44;39;42;8;20;41;34;19;18;35;173;11;8;31;47;39;37;57;1;1;11;18;19;7;114;10;7;20;29;20;28;34;35;34;72;80;68;0;27;5.0;8.0;129.0;122;157;93;64;164;8;180;126;0;52;173.0
2B0120000;94;2B;2B000;2B012;Altiani;ZZZZZZ;2B01200;Z;5;120;26;90;4;62;56;0;3;3;9;10;1;1;4;8;6;2;3;25;14;2;2;3;3;0;16;7;1;2;3;3;0;7;6;1;0;0;0;0;3;1;3;18;20;4;0;1;0.0;2.0;9.0;6;21;11;10;26;0;35;11;0;2;25.0
2B0130000;94;2B;2B000;2B013;Alzi;ZZZZZZ;2B01300;Z;5;19;15;4;0;14;4;0;2;3;5;4;1;2;2;3;2;3;1;15;11;2;0;0;0;1;10;7;2;0;0;0;1;4;4;0;0;0;0;0;0;7;2;5;8;6;0;0;0.0;1.0;4.0;0;12;9;3;15;0;17;9;0;0;14.0
2B0150000;94;2B;2B000;2B015;Ampriani;ZZZZZZ;2B01500;Z;5;23;10;11;2;22;1;0;0;1;1;7;0;0;1;2;2;1;2;10;5;0;0;4;0;1;10;5;0;0;4;0;1;0;0;0;0;0;0;0;1;2;0;6;8;0;0;1;0.0;0.0;0.0;4;8;6;2;10;0;22;0;0;2;10.0
2B0160000;94;2B;2B000;2B016;Antisanti;ZZZZZZ;2B01600;Z;5;340;246;59;35;266;74;1;13;41;71;120;0;5;42;53;62;42;42;237;25;23;58;66;38;27;191;18;12;50;60;26;25;46;7;11;8;6;12;2;29;40;30;147;169;69;2;8;1.0;24.0;115.0;151;214;139;75;246;7;367;164;2;15;238.0
2B0200000;94;2B;2B000;2B020;Aregno;ZZZZZZ;2B02000;Z;5;619;288;322;9;353;264;5;39;83;91;70;3;29;39;80;51;45;41;275;77;16;18;71;52;41;198;64;14;16;41;33;29;75;12;2;2;30;19;10;48;60;49;130;183;78;24;27;2.0;11.0;190.0;141;257;128;128;283;12;376;176;63;46;283.0
2B0230000;94;2B;2B000;2B023;Asco;ZZZZZZ;2B02300;Z;5;208;68;139;1;193;15;0;6;10;14;37;1;3;12;20;19;10;3;67;23;23;7;9;4;1;59;22;21;4;7;4;1;8;1;2;3;2;0;0;4;11;6;47;53;5;0;10;1.0;5.0;49.0;30;62;43;19;68;2;90;7;0;22;67.0
2B0250000;94;2B;2B000;2B025;Avapessa;ZZZZZZ;2B02500;Z;5;111;44;64;3;68;33;2;7;10;10;15;2;6;10;6;8;6;6;44;20;2;1;3;17;1;27;14;2;1;2;8;0;13;4;0;0;1;7;1;12;4;8;20;29;15;0;0;0.0;1.0;23.0;20;43;24;19;42;0;55;27;0;0;44.0
2B0290000;94;2B;2B000;2B029;Barbaggio;ZZZZZZ;2B02900;Z;5;211;125;84;2;153;57;1;3;34;53;34;0;3;16;20;38;20;28;123;18;8;4;24;28;41;101;13;5;3;23;21;36;21;4;3;1;1;7;5;3;46;24;52;100;21;0;4;1.0;14.0;58.0;100;119;62;57;124;2;248;43;0;12;124.0
2B0300000;94;2B;2B000;2B030;Barrettali;ZZZZZZ;2B03000;Z;5;242;77;151;14;216;25;0;2;30;15;30;0;3;15;21;12;15;11;76;47;5;1;8;11;4;67;43;5;1;7;7;4;8;3;0;0;1;4;0;3;10;9;55;57;16;1;4;2.0;12.0;31.0;24;67;36;31;77;2;96;32;6;5;73.0
2B0330101;94;2B;2B501;2B033;Bastia;2B0011;2B03301;H;1;1036;988;9;40;65;967;31;140;317;266;234;47;91;195;288;218;104;45;988;642;220;102;4;20;0;57;22;18;7;4;7;0;927;616;202;95;0;13;0;57;185;199;547;491;470;0;27;58.0;386.0;514.0;155;747;510;238;960;74;1081;1140;0;40;935.0
2B0330102;94;2B;2B501;2B033;Bastia;2B0011;2B03301;H;1;1543;1421;46;76;15;1525;35;175;525;499;188;45;82;250;465;381;131;68;1421;872;505;30;11;0;3;15;12;0;0;0;0;3;1403;860;502;30;11;0;0;134;302;292;693;695;705;3;21;16.0;628.0;723.0;171;1143;841;302;1390;83;1505;1487;12;43;1384.0
2B0330201;94;2B;2B501;2B033;Bastia;2B0021;2B03302;H;1;2550;2449;55;47;530;2020;74;389;990;612;383;12;73;384;1034;525;234;186;2348;34;22;431;709;315;836;483;20;18;76;171;109;89;1865;14;4;355;538;206;747;332;683;433;1001;1250;1167;281;32;233.0;613.0;1495.0;1976;2238;1450;788;2393;224;2981;2658;667;68;2397.0
2B0330202;94;2B;2B501;2B033;Bastia;2B0021;2B03302;H;1;1065;966;55;44;189;874;15;76;367;343;165;17;25;88;438;260;81;59;950;36;88;344;436;23;22;168;12;38;23;64;16;15;780;25;48;321;372;7;7;112;221;201;433;464;493;149;9;24.0;402.0;481.0;370;787;579;208;959;74;1039;1226;347;28;947.0
2B0330301;94;2B;2B501;2B033;Bastia;2B0031;2B03303;H;1;806;788;4;14;10;787;15;46;328;318;81;4;26;151;342;199;64;2;764;3;34;313;338;8;68;10;0;4;4;2;0;0;745;3;30;300;336;8;68;75;107;109;498;218;567;446;4;230.0;391.0;166.0;373;634;415;219;788;84;480;1334;1026;7;785.0
2B0330302;94;2B;2B501;2B033;Bastia;2B0031;2B03303;H;1;1296;1255;13;28;26;1271;76;117;500;467;96;21;109;354;416;296;48;11;1255;7;3;686;416;70;71;26;0;3;12;10;0;0;1229;7;0;674;406;70;71;121;198;243;693;421;822;353;12;39.0;682.0;526.0;611;997;710;287;1237;149;854;1966;775;21;1194.0
2B0330401;94;2B;2B501;2B033;Bastia;2B0041;2B03304;H;1;934;925;0;9;6;928;10;114;447;270;85;11;65;227;392;191;29;9;923;0;12;468;408;0;35;6;0;0;3;3;0;0;917;0;12;465;405;0;35;66;146;147;566;77;847;757;0;178.0;419.0;327.0;162;612;461;152;922;88;155;1776;1562;0;860.0
2B0330402;94;2B;2B501;2B033;Bastia;2B0041;2B03304;H;1;1873;1849;4;20;65;1803;208;362;652;502;125;160;230;435;675;291;45;13;1798;0;0;218;1026;170;383;65;0;0;19;12;14;20;1727;0;0;196;1014;156;361;426;615;261;547;394;1350;280;106;353.0;707.0;778.0;1155;1593;1154;439;1694;223;839;2994;622;300;1818.0
2B0330501;94;2B;2B501;2B033;Bastia;2B0031;2B03305;H;1;1373;1340;12;21;101;1263;35;144;458;528;175;11;58;220;564;395;49;43;1311;6;0;497;743;58;6;98;6;0;12;58;17;5;1203;0;0;483;678;41;1;94;229;175;843;390;936;659;15;407.0;640.0;269.0;463;1003;677;326;1318;139;895;2270;1529;34;1308.0
2B0330502;94;2B;2B501;2B033;Bastia;2B0041;2B03305;H;1;1449;1442;4;4;143;1301;6;123;591;556;166;6;94;317;685;218;59;63;1416;0;0;620;466;69;262;127;0;0;6;32;63;26;1283;0;0;611;431;6;235;112;261;181;888;252;1184;837;6;1031.0;218.0;165.0;370;1100;757;343;1442;117;590;2624;1865;22;1307.0
2B0330601;94;2B;2B501;2B033;Bastia;2B0011;2B03306;H;1;1576;1443;51;83;38;1535;9;135;445;613;241;21;39;167;397;526;175;118;1443;607;392;243;197;4;0;32;13;11;7;0;0;0;1408;594;377;236;197;4;0;214;250;247;732;874;544;7;25;26.0;749.0;640.0;396;1162;867;295;1434;73;1884;1266;22;50;1420.0
2B0330603;94;2B;2B501;2B033;Bastia;2B0051;2B03306;H;2;1352;1257;35;60;41;1311;50;151;486;437;133;35;72;129;515;408;62;36;1238;3;9;407;291;442;86;40;0;9;4;0;18;10;1198;3;0;403;291;424;76;152;372;216;518;497;739;225;21;63.0;707.0;456.0;818;1044;798;246;1213;54;1038;1792;540;57;1226.0
2B0330604;94;2B;2B501;2B033;Bastia;2B0051;2B03306;H;2;1064;955;46;63;261;803;9;142;322;317;165;1;32;193;309;231;92;96;945;57;35;185;224;417;27;213;27;27;28;60;48;24;732;30;8;157;164;369;4;97;268;163;427;481;464;66;9;37.0;188.0;672.0;577;832;523;309;947;41;1125;1092;144;16;929.0
2B0330701;94;2B;2B501;2B033;Bastia;2B0051;2B03307;H;1;1782;1573;87;122;57;1726;33;190;588;531;232;21;60;212;509;424;191;156;1573;448;387;495;55;174;14;52;4;9;34;3;2;0;1521;445;378;461;52;172;14;258;335;210;769;760;769;145;44;31.0;595.0;933.0;325;1144;822;323;1540;128;1630;1865;342;57;1497.0
2B0330702;94;2B;2B501;2B033;Bastia;2B0051;2B03307;H;1;1298;1202;40;56;128;1159;44;217;399;342;201;38;84;213;337;334;135;61;1195;192;176;246;276;280;25;115;9;31;54;8;3;10;1069;179;145;189;268;273;15;220;243;196;543;549;616;6;38;12.0;313.0;831.0;448;992;694;299;1163;107;1199;1418;13;67;1190.0
2B0340000;94;2B;2B000;2B034;Belgodère;ZZZZZZ;2B03400;Z;5;1011;279;726;5;582;428;2;23;78;81;96;0;17;40;67;66;37;52;221;48;44;22;43;29;35;127;36;18;9;22;21;21;94;11;26;12;21;9;14;58;65;42;115;183;76;13;21;0.0;17.0;201.0;151;260;135;125;278;8;414;166;31;43;276.0
2B0360000;94;2B;2B000;2B036;Bigorno;ZZZZZZ;2B03600;Z;5;92;52;34;6;57;35;0;4;16;16;16;1;1;7;20;13;6;4;52;13;25;1;9;1;3;30;8;13;1;7;1;0;22;5;12;0;2;0;3;1;4;12;35;42;10;0;0;0.0;12.0;35.0;16;50;29;21;52;0;74;16;0;0;52.0
2B0370101;94;2B;2B501;2B037;Biguglia;ZZZZZZ;2B03701;H;4;1963;1872;37;54;1158;803;12;193;440;600;628;11;36;240;400;489;371;325;1835;9;4;109;515;585;613;1096;6;1;67;372;366;284;736;3;3;42;143;218;327;234;319;424;895;1110;702;59;60;23.0;135.0;1415.0;1477;1767;849;917;1861;69;2816;1577;122;140;1835.0
2B0370102;94;2B;2B501;2B037;Biguglia;ZZZZZZ;2B03701;H;4;1661;1515;74;72;821;828;31;170;355;475;483;18;58;186;377;307;291;278;1469;35;5;87;764;285;293;757;15;3;56;477;127;78;701;20;2;29;281;154;215;231;285;244;756;944;517;0;53;35.0;150.0;1137.0;1221;1423;758;665;1489;42;2142;1066;0;132;1479.0
2B0390000;94;2B;2B000;2B039;Bisinchi;ZZZZZZ;2B03900;Z;5;199;99;80;20;189;10;0;5;33;36;25;1;5;27;20;28;13;5;99;55;11;3;10;11;9;94;53;10;2;9;11;9;5;2;1;1;1;0;0;0;7;27;65;78;15;0;6;0.0;1.0;49.0;33;80;43;37;99;3;173;33;0;14;99.0
2B0420101;94;2B;2B301;2B042;Borgo;ZZZZZZ;2B04201;H;4;2090;1690;261;139;1302;779;25;190;470;572;432;9;70;211;378;385;277;360;1635;33;39;134;500;472;458;1105;24;20;105;336;395;224;528;9;18;28;163;77;233;324;357;288;721;1055;556;5;79;63.0;147.0;1137.0;1378;1568;820;749;1670;94;2693;1285;8;191;1668.0
2B0420102;94;2B;2B301;2B042;Borgo;ZZZZZZ;2B04201;H;4;2986;1705;1137;144;1864;1101;39;215;583;616;251;15;123;190;576;477;185;138;1645;2;1;32;647;651;312;1122;2;1;23;433;552;111;507;0;0;7;214;93;193;319;383;258;745;941;712;181;52;39.0;142.0;1363.0;1189;1587;912;676;1669;122;2398;1596;441;139;1693.0
2B0430000;94;2B;2B501;2B043;Brando;ZZZZZZ;2B04300;Z;5;1461;805;627;30;903;554;18;85;198;238;266;9;47;107;162;150;141;188;777;158;65;104;214;120;117;548;79;55;75;162;112;64;228;79;9;29;51;6;53;94;107;121;483;619;144;0;43;8.0;151.0;447.0;507;711;369;342;792;11;1292;242;0;96;795.0
2B0450000;94;2B;2B000;2B045;Bustanico;ZZZZZZ;2B04500;Z;5;71;29;36;6;68;2;0;0;5;10;14;0;6;7;12;4;0;0;28;22;1;1;3;1;0;27;22;1;0;3;1;0;1;0;0;1;0;0;0;5;4;5;15;24;5;0;0;0.0;0.0;7.0;1;22;14;8;29;0;52;12;0;0;26.0
2B0460000;94;2B;2B000;2B046;Cagnano;ZZZZZZ;2B04600;Z;5;277;94;171;13;238;33;1;9;21;23;40;2;10;16;10;21;16;19;91;41;7;4;26;9;3;74;31;4;3;24;9;3;14;10;2;1;1;0;0;3;11;13;67;72;13;0;9;1.0;9.0;40.0;57;86;55;32;94;2;126;28;0;15;93.0
2B0470000;94;2B;2B000;2B047;Calacuccia;ZZZZZZ;2B04700;Z;5;400;144;238;17;162;237;1;11;24;39;69;1;9;15;47;37;17;18;142;58;9;27;31;8;10;90;23;7;18;26;8;9;51;34;2;9;6;0;0;12;20;19;93;106;28;0;10;0.0;24.0;46.0;44;123;77;46;144;5;204;62;0;13;139.0
2B0490000;94;2B;2B000;2B049;Calenzana;ZZZZZZ;2B04900;Z;5;1816;1025;673;118;1369;436;13;84;293;359;276;24;83;124;215;264;151;164;1016;164;28;94;319;174;236;786;123;20;66;223;151;204;229;42;8;28;96;23;32;198;193;176;458;607;366;76;52;9.0;97.0;639.0;774;921;499;422;1014;45;1302;933;229;106;1011.0
2B0500101;94;2B;2B201;2B050;Calvi;ZZZZZZ;2B05001;H;4;2120;833;1226;61;103;2017;70;181;299;173;110;54;95;208;279;122;38;38;814;56;22;111;345;119;161;60;1;1;8;42;6;3;753;55;21;103;304;113;158;139;223;198;272;297;506;92;30;62.0;110.0;633.0;454;654;475;179;789;89;534;1137;216;60;798.0
2B0500102;94;2B;2B201;2B050;Calvi;ZZZZZZ;2B05001;H;4;3117;1455;1541;121;1004;2089;56;230;343;447;378;70;93;213;386;299;183;212;1388;8;14;124;608;319;315;629;6;10;55;249;153;155;742;2;3;66;352;159;159;182;279;301;693;597;747;253;111;15.0;130.0;1178.0;1107;1286;779;506;1412;76;1290;1626;575;231;1403.0
2B0510000;94;2B;2B000;2B051;Cambia;ZZZZZZ;2B05100;Z;5;119;42;57;19;108;12;0;5;6;16;14;0;5;1;12;8;11;5;38;12;1;6;15;3;0;34;12;1;2;15;3;0;4;0;0;4;0;0;0;2;8;10;23;36;5;0;1;0.0;2.0;22.0;13;30;21;10;42;3;70;9;0;1;32.0
2B0520000;94;2B;2B000;2B052;Campana;ZZZZZZ;2B05200;Z;5;55;10;41;3;49;6;0;0;5;4;2;0;0;2;5;3;0;1;10;5;4;2;0;0;0;7;5;1;1;0;0;0;4;0;3;1;0;0;0;0;1;2;8;9;0;0;1;0.0;4.0;4.0;4;8;3;5;10;0;15;0;0;3;10.0
2B0530000;94;2B;2B000;2B053;Campi;ZZZZZZ;2B05300;Z;5;30;11;15;4;28;2;0;0;3;3;6;1;0;1;3;2;5;0;11;10;0;0;0;2;0;11;10;0;0;0;2;0;0;0;0;0;0;0;0;0;2;0;10;10;2;0;0;0.0;0.0;6.0;1;9;6;3;11;0;18;2;0;0;11.0
2B0540000;94;2B;2B000;2B054;Campile;ZZZZZZ;2B05400;Z;5;249;102;129;18;242;7;0;3;36;41;22;1;13;39;30;7;5;6;102;67;12;7;4;8;3;95;63;11;6;4;8;3;6;4;1;1;0;0;0;10;13;16;62;69;23;0;9;0.0;8.0;24.0;46;88;53;36;102;1;125;53;0;17;102.0
2B0550000;94;2B;2B000;2B055;Campitello;ZZZZZZ;2B05500;Z;5;111;63;39;9;97;13;2;7;12;22;19;3;2;12;16;14;11;4;63;31;8;5;9;8;2;51;23;6;5;8;8;0;11;7;2;0;0;0;2;6;11;13;33;51;6;1;6;3.0;4.0;28.0;15;54;32;22;61;3;92;13;4;14;60.0
2B0570000;94;2B;2B000;2B057;Canale-di-Verde;ZZZZZZ;2B05700;Z;5;310;153;156;1;294;14;3;9;30;48;62;2;3;21;40;42;20;26;153;20;4;30;56;22;21;138;17;3;29;53;19;17;13;2;1;1;2;3;4;8;18;30;97;98;40;0;15;1.0;18.0;74.0;76;143;81;62;150;7;211;80;0;29;149.0
2B0580000;94;2B;2B000;2B058;Canari;ZZZZZZ;2B05800;Z;5;501;170;325;5;410;89;2;23;33;58;54;2;12;28;57;39;23;10;166;62;11;30;39;13;12;108;48;8;7;26;11;9;56;14;3;21;14;2;3;13;35;15;107;100;47;18;23;3.0;18.0;82.0;69;145;94;50;168;5;183;88;35;41;167.0
2B0590000;94;2B;2B000;2B059;Canavaggia;ZZZZZZ;2B05900;Z;5;162;51;110;1;134;28;0;4;13;25;9;0;5;10;14;9;6;7;47;14;8;0;8;3;14;42;12;8;0;7;3;12;5;2;0;0;1;0;2;5;12;12;22;41;4;0;6;0.0;2.0;22.0;30;47;28;19;51;0;86;8;0;9;50.0
2B0630000;94;2B;2B000;2B063;Carcheto-Brustico;ZZZZZZ;2B06300;Z;5;81;16;59;6;66;15;0;1;5;3;7;0;1;6;3;0;4;2;16;12;0;1;1;0;2;10;8;0;0;1;0;1;6;4;0;1;0;0;1;0;3;3;10;12;2;0;2;0.0;0.0;2.0;5;14;7;7;16;0;23;3;0;5;16.0
2B0670000;94;2B;2B000;2B067;Carpineto;ZZZZZZ;2B06700;Z;5;59;17;33;9;54;5;0;1;5;5;6;0;1;4;5;6;0;1;17;15;0;0;1;1;0;14;13;0;0;1;0;0;3;2;0;0;0;1;0;3;3;2;9;13;2;0;2;0.0;4.0;5.0;4;14;8;6;17;1;25;4;0;4;16.0
2B0680000;94;2B;2B000;2B068;Carticasi;ZZZZZZ;2B06800;Z;5;53;13;38;2;52;1;0;0;4;5;4;0;1;3;5;3;1;0;12;10;1;0;0;1;0;11;9;1;0;0;1;0;1;1;0;0;0;0;0;0;3;1;9;11;1;0;1;0.0;2.0;8.0;6;11;8;3;13;1;21;1;0;5;13.0
2B0690000;94;2B;2B000;2B069;Casabianca;ZZZZZZ;2B06900;Z;5;69;38;27;4;60;10;2;3;9;9;15;1;4;7;7;13;6;2;38;26;0;1;4;5;3;32;21;0;1;3;5;3;7;6;0;0;1;0;0;8;6;4;21;21;16;0;2;0.0;4.0;13.0;13;35;21;14;37;3;38;40;0;6;36.0
2B0720000;94;2B;2B000;2B072;Casalta;ZZZZZZ;2B07200;Z;5;50;24;26;0;48;1;0;2;9;9;4;0;2;10;6;3;3;0;24;15;1;1;2;4;1;23;14;1;1;2;4;1;0;0;0;0;0;0;0;0;4;1;19;20;3;0;1;0.0;0.0;6.0;13;21;9;12;24;3;44;8;0;1;24.0
2B0730000;94;2B;2B000;2B073;Casamaccioli;ZZZZZZ;2B07300;Z;5;219;55;145;19;203;16;0;0;19;4;31;0;0;21;2;18;6;7;55;22;4;4;12;0;12;50;22;0;4;12;0;12;4;0;4;0;0;0;0;0;0;25;29;30;2;0;22;0.0;0.0;16.0;34;40;24;16;55;0;62;4;0;40;55.0
2B0740000;94;2B;2B000;2B074;Casanova;ZZZZZZ;2B07400;Z;5;238;169;64;4;186;51;2;18;33;51;65;5;9;16;28;34;33;43;164;17;9;14;60;40;23;125;12;8;12;43;29;21;38;5;1;2;16;11;2;33;25;21;91;111;45;2;13;3.0;39.0;65.0;110;155;76;79;167;1;270;92;3;29;168.0
2B0750000;94;2B;2B000;2B075;Casevecchie;ZZZZZZ;2B07500;Z;5;58;33;20;6;54;1;0;1;7;10;15;2;1;3;9;9;7;3;32;5;7;7;7;4;3;28;4;6;7;7;3;2;1;1;0;0;0;0;0;1;6;6;20;32;1;0;0;0.0;3.0;14.0;15;28;13;14;33;0;63;4;0;0;33.0
2B0770000;94;2B;2B202;2B077;Castellare-di-Casinca;ZZZZZZ;2B07700;Z;5;689;291;392;7;567;119;7;26;80;84;94;8;11;40;67;54;42;70;263;31;15;40;67;50;60;193;21;13;29;43;37;50;67;8;2;11;23;12;11;47;52;61;131;178;90;0;23;0.0;45.0;170.0;222;271;139;132;286;11;417;209;0;40;277.0
2B0780000;94;2B;2B000;2B078;Castellare-di-Mercurio;ZZZZZZ;2B07800;Z;5;53;17;36;0;45;8;0;2;6;4;4;0;2;4;4;4;0;1;17;8;1;1;3;2;1;13;6;0;1;3;2;1;3;2;1;0;0;0;0;1;3;4;8;9;6;0;2;0.0;1.0;2.0;6;14;11;3;17;0;20;9;0;2;17.0
2B0790000;94;2B;2B000;2B079;Castello-di-Rostino;ZZZZZZ;2B07900;Z;5;301;190;73;37;279;21;3;11;36;73;66;4;10;12;38;53;38;34;190;43;10;15;27;42;52;169;40;8;11;27;40;42;20;3;2;3;0;2;9;21;38;30;101;145;43;10;2;0.0;39.0;79.0;144;169;76;93;187;5;363;97;27;10;185.0
2B0800000;94;2B;2B000;2B080;Castifao;ZZZZZZ;2B08000;Z;5;228;77;136;15;182;44;0;3;10;19;44;1;1;4;16;18;20;17;70;7;6;13;17;22;5;65;7;6;12;15;21;4;4;0;0;1;2;0;1;5;8;12;51;61;10;0;5;1.0;8.0;24.0;40;69;34;36;77;1;124;20;0;8;77.0
2B0810000;94;2B;2B000;2B081;Castiglione;ZZZZZZ;2B08100;Z;5;58;22;32;4;53;5;1;3;8;5;6;2;4;5;0;8;3;1;21;11;3;1;4;3;0;18;9;2;1;3;3;0;4;2;1;0;1;0;0;2;4;7;10;21;1;0;0;0.0;0.0;14.0;6;18;11;7;21;0;38;4;0;0;19.0
2B0820000;94;2B;2B000;2B082;Castineta;ZZZZZZ;2B08200;Z;5;63;19;25;19;59;4;3;0;2;8;6;2;0;4;6;3;4;0;18;17;1;0;0;0;0;18;17;1;0;0;0;0;0;0;0;0;0;0;0;1;4;1;13;18;1;0;0;0.0;5.0;2.0;3;16;7;9;18;3;39;2;0;0;19.0
2B0830000;94;2B;2B000;2B083;Castirla;ZZZZZZ;2B08300;Z;5;147;76;71;0;127;20;0;6;15;19;36;0;5;7;17;17;11;19;76;29;4;8;19;6;10;63;22;4;7;16;4;10;13;6;0;1;3;2;0;7;11;8;50;52;13;0;12;0.0;13.0;36.0;34;70;35;35;76;3;117;32;0;19;73.0
2B0840000;94;2B;2B000;2B084;Cateri;ZZZZZZ;2B08400;Z;5;252;99;152;1;190;61;3;12;30;30;23;0;3;20;31;21;11;12;99;25;5;9;39;14;7;60;18;2;5;18;10;6;40;7;3;4;20;4;1;13;13;16;57;54;38;18;8;0.0;3.0;55.0;42;90;42;49;97;6;114;84;37;16;98.0
2B0860000;94;2B;2B000;2B086;Centuri;ZZZZZZ;2B08600;Z;5;357;108;246;3;283;71;2;12;29;19;46;2;6;24;20;27;11;18;103;42;1;8;28;10;14;70;31;1;6;16;9;8;33;11;0;2;12;1;7;4;21;22;60;77;12;0;19;2.0;2.0;42.0;67;92;61;31;106;3;147;21;0;42;106.0
2B0870000;94;2B;2B000;2B087;Cervione;ZZZZZZ;2B08700;Z;5;1828;1038;717;73;896;927;22;85;346;293;292;28;53;181;265;246;137;128;974;208;43;118;280;147;178;490;44;12;64;156;109;105;479;162;31;54;122;37;73;164;225;168;481;637;334;25;67;16.0;75.0;659.0;616;926;537;389;1019;47;1373;683;61;133;1007.0
2B0880000;94;2B;2B000;2B088;Chiatra;ZZZZZZ;2B08800;Z;5;213;111;101;1;143;68;2;15;27;29;39;3;9;14;22;28;13;24;107;29;3;9;28;14;25;80;18;3;5;21;13;21;25;11;0;4;7;1;2;13;20;22;57;78;26;0;8;0.0;13.0;42.0;71;101;45;55;110;6;159;48;0;15;110.0
2B0930000;94;2B;2B000;2B093;Corbara;ZZZZZZ;2B09300;Z;5;1098;444;650;4;834;252;7;50;120;120;147;9;35;36;86;78;75;125;426;78;22;43;139;87;57;329;62;18;34;105;75;35;91;14;4;9;30;12;22;49;47;68;280;328;97;0;19;0.0;61.0;282.0;255;407;193;214;438;14;653;203;0;43;432.0
2B0950000;94;2B;2B000;2B095;Corscia;ZZZZZZ;2B09500;Z;5;191;67;121;3;183;8;3;14;14;18;18;5;14;15;12;16;3;4;67;35;8;8;9;7;1;61;31;7;8;9;6;1;6;4;1;0;0;1;0;3;6;12;47;55;11;1;1;0.0;5.0;11.0;13;59;45;15;64;6;113;15;1;2;63.0
2B0960101;94;2B;2B203;2B096;Corte;ZZZZZZ;2B09601;H;4;2234;1625;505;104;143;2074;345;300;357;357;266;292;243;252;324;297;128;89;1608;507;210;269;370;174;78;119;28;13;19;34;21;4;1477;478;196;250;331;148;74;498;381;175;571;593;957;16;75;119.0;163.0;1273.0;503;1171;890;281;1292;55;1146;1437;29;142;1589.0
2B0960102;94;2B;2B203;2B096;Corte;ZZZZZZ;2B09601;H;4;2455;2077;297;81;570;1854;523;453;382;367;352;524;292;306;377;237;150;191;1962;12;14;291;604;611;430;500;6;4;45;277;104;64;1436;6;10;244;319;493;364;757;498;285;537;557;1439;161;81;299.0;212.0;1405.0;1092;1677;1150;527;1578;86;1280;2246;377;204;2034.0
2B0970000;94;2B;2B000;2B097;Costa;ZZZZZZ;2B09700;Z;5;84;33;45;6;55;29;1;4;7;8;14;1;2;3;13;8;3;4;32;22;3;4;1;3;0;22;12;3;4;1;2;0;10;10;0;0;0;1;0;4;1;10;19;24;9;0;1;0.0;3.0;12.0;9;29;15;13;32;1;45;15;0;2;31.0
2B1010000;94;2B;2B000;2B101;Croce;ZZZZZZ;2B10100;Z;5;97;36;51;10;93;4;0;2;6;13;15;1;6;6;9;7;2;6;35;28;1;0;4;0;2;33;27;1;0;3;0;2;2;1;0;0;1;0;0;3;3;8;22;29;4;0;3;1.0;7.0;16.0;11;31;21;10;36;1;63;8;0;5;36.0
2B1020000;94;2B;2B000;2B102;Crocicchia;ZZZZZZ;2B10200;Z;5;73;33;40;0;62;11;0;7;8;8;11;0;1;11;9;7;3;3;33;22;2;0;5;4;0;26;18;2;0;4;2;0;7;4;0;0;1;2;0;7;6;7;14;27;5;0;1;0.0;6.0;14.0;3;27;20;7;33;4;57;11;0;2;29.0
2B1050000;94;2B;2B000;2B105;Erbajolo;ZZZZZZ;2B10500;Z;5;120;54;60;6;110;7;0;1;9;19;24;0;0;6;15;17;9;6;53;18;12;3;8;8;3;50;16;11;3;8;8;3;3;2;1;0;0;0;0;3;4;14;33;47;2;0;5;0.0;5.0;15.0;26;48;20;28;54;0;97;4;0;9;54.0
2B1060000;94;2B;2B000;2B106;Érone;ZZZZZZ;2B10600;Z;5;20;6;12;2;20;0;0;0;2;2;2;0;0;0;5;1;0;0;6;3;0;1;0;2;0;6;3;0;1;0;2;0;0;0;0;0;0;0;0;0;1;1;4;5;0;0;1;0.0;0.0;0.0;4;4;3;1;6;0;10;0;0;1;6.0
2B1070000;94;2B;2B000;2B107;Ersa;ZZZZZZ;2B10700;Z;5;359;84;274;1;342;16;1;8;31;31;12;2;8;15;21;19;16;2;83;36;7;8;12;14;5;71;29;7;6;11;12;5;11;7;0;1;1;2;0;2;3;18;61;72;6;0;6;3.0;1.0;31.0;24;68;49;19;84;3;132;14;0;8;84.0
2B1090000;94;2B;2B000;2B109;Farinole;ZZZZZZ;2B10900;Z;5;247;106;114;27;208;38;1;10;26;23;46;2;8;19;13;15;22;27;98;26;7;5;30;18;12;87;18;6;5;28;18;12;10;7;1;0;2;0;0;17;14;10;65;87;13;0;6;0.0;17.0;59.0;59;98;48;50;106;3;186;26;0;16;101.0
2B1100000;94;2B;2B000;2B110;Favalello;ZZZZZZ;2B11000;Z;5;48;32;15;1;44;3;1;1;7;10;12;1;4;0;4;8;7;7;32;10;0;1;8;7;5;30;9;0;1;7;7;5;2;1;0;0;1;0;0;3;8;5;15;18;8;0;5;0.0;8.0;15.0;22;31;16;14;31;1;46;16;0;13;32.0
2B1110000;94;2B;2B000;2B111;Felce;ZZZZZZ;2B11100;Z;5;73;34;39;0;62;11;0;3;9;9;14;0;1;9;7;11;3;4;34;27;4;1;0;2;0;28;23;3;1;0;2;0;6;5;1;0;0;0;0;1;1;2;30;32;2;0;0;1.0;3.0;15.0;1;26;18;8;34;0;49;2;0;0;34.0
2B1120000;94;2B;2B000;2B112;Feliceto;ZZZZZZ;2B11200;Z;5;233;101;125;7;142;89;0;7;31;28;34;1;6;17;21;26;13;17;101;44;9;4;11;16;17;67;31;7;4;8;7;9;32;12;2;0;3;7;7;10;15;28;48;61;34;0;5;0.0;10.0;45.0;55;83;46;37;101;6;136;81;0;8;100.0
2B1130000;94;2B;2B000;2B113;Ficaja;ZZZZZZ;2B11300;Z;5;88;30;57;1;81;7;0;3;12;8;8;0;3;11;8;5;2;2;26;15;1;5;3;2;0;23;14;1;3;3;2;0;3;1;0;2;0;0;0;5;7;2;17;22;7;0;2;2.0;2.0;12.0;7;27;22;6;30;0;39;11;0;3;27.0
2B1160000;94;2B;2B000;2B116;Focicchia;ZZZZZZ;2B11600;Z;5;46;11;33;2;38;9;0;0;3;4;5;0;0;4;4;2;1;1;11;2;4;4;2;0;0;7;2;3;3;0;0;0;4;0;1;1;2;0;0;2;1;1;7;5;5;0;2;0.0;2.0;7.0;1;8;5;4;11;0;10;11;0;5;11.0
2B1200000;94;2B;2B501;2B120;Furiani;ZZZZZZ;2B12000;Z;5;2437;2257;91;89;1670;730;68;285;376;751;777;38;115;289;329;495;520;471;2156;23;36;95;960;560;482;1530;17;24;54;740;436;259;598;6;12;39;218;121;202;239;436;382;1200;1481;725;130;51;29.0;264.0;1498.0;1876;2126;968;1158;2196;82;3796;1553;334;120;2223.0
2B1210000;94;2B;2B000;2B121;Galéria;ZZZZZZ;2B12100;Z;5;484;181;288;15;354;125;8;29;42;59;43;7;17;30;30;38;28;31;181;17;12;37;57;27;31;147;12;11;26;45;23;30;30;5;1;10;9;4;1;18;28;35;100;132;24;0;25;1.0;11.0;80.0;144;156;89;66;174;8;257;44;0;37;173.0
2B1220000;94;2B;2B000;2B122;Gavignano;ZZZZZZ;2B12200;Z;5;81;32;43;6;70;11;0;3;9;13;7;1;0;10;9;9;2;2;32;18;4;2;3;3;3;25;11;4;1;3;3;3;7;6;0;1;0;0;0;3;9;2;19;26;5;0;2;0.0;4.0;13.0;16;29;23;7;32;1;44;8;0;2;30.0
2B1230000;94;2B;2B102;2B123;Ghisonaccia;ZZZZZZ;2B12300;Z;5;3731;1892;1791;48;2077;1430;50;210;537;647;449;67;154;294;480;472;218;208;1888;46;90;522;630;355;245;1176;26;47;243;409;273;178;700;19;42;275;220;78;65;200;389;270;1033;944;729;40;219;29.0;189.0;1165.0;847;1610;1029;581;1858;153;2076;1734;87;414;1862.0
2B1240000;94;2B;2B000;2B124;Ghisoni;ZZZZZZ;2B12400;Z;5;493;126;346;21;202;281;0;17;31;39;38;1;12;20;33;32;20;7;126;51;16;22;25;10;1;56;21;3;7;15;9;1;66;30;13;15;8;0;0;9;16;15;85;91;14;0;20;0.0;10.0;53.0;28;103;80;23;126;2;145;26;0;41;125.0
2B1250000;94;2B;2B000;2B125;Giocatojo;ZZZZZZ;2B12500;Z;5;43;23;18;2;40;1;0;0;3;8;12;0;0;0;5;10;4;5;22;14;4;1;1;1;1;21;13;4;1;1;1;1;1;1;0;0;0;0;0;1;3;3;16;16;3;0;4;0.0;6.0;3.0;8;18;9;10;23;0;29;12;0;8;22.0
2B1260000;94;2B;2B000;2B126;Giuncaggio;ZZZZZZ;2B12600;Z;5;81;29;45;7;73;6;0;2;5;10;12;0;2;5;4;7;7;4;27;18;3;0;4;1;2;22;14;3;0;4;1;1;5;5;0;0;0;0;0;2;5;5;18;24;2;0;4;0.0;1.0;19.0;10;26;14;12;29;0;49;2;0;11;29.0
2B1340000;94;2B;2B103;2B134;L'Île-Rousse;ZZZZZZ;2B13400;Z;5;3130;1467;1462;202;292;2827;60;360;517;350;180;47;180;313;469;231;112;115;1466;141;49;279;393;265;340;198;5;9;60;76;30;19;1267;135;40;218;318;235;321;245;358;291;573;573;828;64;65;7.0;67.0;1285.0;807;1136;839;297;1417;129;1080;1763;129;126;1347.0
2B1350000;94;2B;2B000;2B135;Isolaccio-di-Fiumorbo;ZZZZZZ;2B13500;Z;5;376;179;188;8;356;20;3;18;63;63;32;4;8;38;54;53;15;7;178;17;36;51;41;23;10;165;16;32;50;39;21;7;13;1;4;1;2;2;3;3;18;8;150;138;33;1;8;1.0;8.0;91.0;22;152;130;22;176;5;231;64;1;16;173.0
2B1360000;94;2B;2B000;2B136;Lama;ZZZZZZ;2B13600;Z;5;224;88;136;0;123;97;2;9;34;12;30;6;3;25;18;11;12;12;83;24;2;4;23;28;2;44;12;0;2;10;18;2;35;8;2;2;12;10;0;10;6;8;63;63;13;0;11;0.0;9.0;49.0;46;76;48;28;86;0;108;25;0;19;85.0
2B1370000;94;2B;2B000;2B137;Lano;ZZZZZZ;2B13700;Z;5;27;11;16;0;16;11;0;0;1;4;5;0;0;1;2;3;3;1;11;3;4;1;2;0;0;10;2;4;1;2;0;0;1;1;0;0;0;0;0;1;0;0;10;10;1;0;0;0.0;2.0;3.0;11;10;9;1;11;0;22;3;0;0;11.0
2B1380000;94;2B;2B000;2B138;Lavatoggio;ZZZZZZ;2B13800;Z;5;171;80;71;21;114;56;0;4;31;24;20;2;1;13;26;16;9;12;79;31;2;10;14;6;15;46;20;2;5;12;5;2;31;10;0;5;2;1;13;14;23;7;35;40;32;0;7;0.0;2.0;53.0;35;72;48;24;80;0;82;53;0;15;78.0
2B1400000;94;2B;2B000;2B140;Lento;ZZZZZZ;2B14000;Z;5;164;56;103;5;148;16;1;5;20;16;15;0;6;21;19;5;3;3;56;40;8;1;2;1;5;45;35;4;1;2;1;2;11;5;4;0;0;0;2;3;5;9;40;47;8;0;2;0.0;1.0;35.0;5;48;41;7;56;2;90;11;0;2;56.0
2B1430000;94;2B;2B000;2B143;Linguizzetta;ZZZZZZ;2B14300;Z;5;2157;502;1652;3;1197;948;7;77;143;163;112;11;56;69;115;124;57;69;488;32;7;94;208;70;77;347;16;7;63;144;58;59;135;15;0;30;62;10;18;51;124;74;253;286;184;0;32;0.0;39.0;266.0;394;461;268;193;496;40;596;447;0;64;491.0
2B1450000;94;2B;2B000;2B145;Loreto-di-Casinca;ZZZZZZ;2B14500;Z;5;218;99;99;20;194;23;0;7;19;23;49;1;6;19;28;24;11;9;97;58;2;2;17;11;7;82;50;1;2;12;9;7;15;7;1;0;5;2;0;10;14;10;65;76;19;0;4;0.0;7.0;28.0;32;79;52;26;99;2;167;40;0;5;95.0
2B1470000;94;2B;2B000;2B147;Lozzi;ZZZZZZ;2B14700;Z;5;222;61;142;19;101;121;1;7;18;16;19;2;3;18;10;11;8;9;60;38;4;3;2;7;6;29;10;3;3;2;6;5;31;28;1;0;0;1;1;6;3;10;42;53;1;0;7;0.0;4.0;30.0;13;50;31;19;61;4;104;3;0;11;61.0
2B1480000;94;2B;2B301;2B148;Lucciana;ZZZZZZ;2B14800;Z;5;3332;2511;504;317;1812;1499;78;446;724;713;549;38;126;544;700;488;282;334;1948;77;23;119;601;425;702;1110;56;15;61;467;286;226;832;21;8;59;134;137;474;489;735;450;837;1274;1111;214;126;23.0;258.0;1755.0;1822;2375;1353;1023;2448;137;3064;2448;549;267;2464.0
2B1490000;94;2B;2B000;2B149;Lugo-di-Nazza;ZZZZZZ;2B14900;Z;5;70;33;36;1;67;1;2;1;3;8;19;2;3;2;4;9;6;7;33;6;5;8;11;2;1;30;5;5;6;11;2;1;1;1;0;0;0;0;0;1;5;8;19;27;2;0;4;0.0;5.0;8.0;14;28;18;10;31;0;68;2;0;8;32.0
2B1500000;94;2B;2B000;2B150;Lumio;ZZZZZZ;2B15000;Z;5;2533;562;1970;1;1562;967;18;71;153;148;172;13;38;109;98;82;83;140;550;49;17;66;193;164;60;408;41;14;43;129;132;49;138;9;3;24;61;31;10;64;74;94;330;379;145;18;38;3.0;54.0;404.0;419;514;267;248;548;20;726;277;36;78;554.0
2B1520000;94;2B;2B000;2B152;Luri;ZZZZZZ;2B15200;Z;5;829;371;423;35;524;304;3;42;119;100;107;5;19;64;100;80;51;53;365;99;45;25;68;79;50;247;70;33;17;44;63;21;117;29;12;8;23;16;29;48;72;43;208;244;105;18;22;5.0;38.0;216.0;198;327;185;142;369;9;501;224;53;44;364.0
2B1530000;94;2B;2B000;2B153;Manso;ZZZZZZ;2B15300;Z;5;152;63;89;0;115;34;0;10;25;18;11;4;1;18;22;10;8;1;57;7;17;3;18;7;5;48;6;16;3;13;5;5;6;1;1;0;4;0;0;6;10;10;38;41;6;0;17;0.0;1.0;25.0;27;57;38;20;63;2;73;10;0;31;61.0
2B1550000;94;2B;2B000;2B155;Matra;ZZZZZZ;2B15500;Z;5;65;26;37;2;62;0;0;1;6;4;15;0;0;4;9;9;1;4;25;14;3;0;5;1;2;25;14;3;0;5;1;2;0;0;0;0;0;0;0;3;1;5;17;22;1;0;3;0.0;1.0;3.0;4;22;14;8;26;0;35;3;0;6;26.0
2B1560000;94;2B;2B000;2B156;Mausoléo;ZZZZZZ;2B15600;Z;5;35;8;25;2;30;4;0;0;0;2;6;0;0;0;2;6;0;0;8;6;1;0;0;0;1;8;6;1;0;0;0;1;0;0;0;0;0;0;0;0;1;0;7;8;0;0;0;0.0;0.0;0.0;1;7;1;6;8;0;17;0;0;0;8.0
2B1570000;94;2B;2B000;2B157;Mazzola;ZZZZZZ;2B15700;Z;5;47;16;30;1;44;3;1;2;0;6;7;3;0;1;6;3;1;2;16;13;1;0;0;2;0;13;10;1;0;0;2;0;3;3;0;0;0;0;0;0;1;3;12;14;0;0;2;0.0;1.0;4.0;2;11;5;6;16;2;24;0;0;4;16.0
2B1590000;94;2B;2B000;2B159;Meria;ZZZZZZ;2B15900;Z;5;215;62;151;2;205;8;0;4;28;18;12;2;4;12;17;12;7;7;62;22;4;5;22;5;5;53;17;4;5;19;5;4;7;5;0;0;1;0;1;2;8;10;41;45;10;0;7;0.0;4.0;29.0;25;50;35;15;62;0;65;17;0;16;59.0
2B1610000;94;2B;2B000;2B161;Moïta;ZZZZZZ;2B16100;Z;5;126;47;78;1;73;53;3;7;15;14;8;0;2;8;9;14;12;2;47;7;9;2;13;16;0;28;7;6;2;3;9;0;20;0;3;0;9;7;0;6;8;5;29;29;10;0;8;9.0;2.0;22.0;23;40;32;8;44;0;51;13;0;12;47.0
2B1620000;94;2B;2B000;2B162;Moltifao;ZZZZZZ;2B16200;Z;5;590;317;271;1;524;66;1;15;65;89;147;2;10;47;84;72;49;53;302;20;31;50;97;70;33;258;16;29;42;87;55;29;44;5;2;9;10;15;4;33;51;56;177;229;61;1;27;2.0;44.0;148.0;142;287;178;110;316;8;489;138;3;55;314.0
2B1640000;94;2B;2B000;2B164;Monacia-d'Orezza;ZZZZZZ;2B16400;Z;5;52;15;37;0;50;2;2;0;5;4;4;0;0;4;2;7;1;1;15;8;4;0;1;1;1;13;6;4;0;1;1;1;2;2;0;0;0;0;0;0;2;1;12;12;0;0;3;0.0;0.0;4.0;5;13;6;7;13;1;15;0;0;10;11.0
2B1650000;94;2B;2B000;2B165;Moncale;ZZZZZZ;2B16500;Z;5;254;145;109;0;232;20;1;14;41;50;40;3;8;21;22;35;30;25;145;35;10;11;26;25;38;135;30;10;11;26;24;33;9;4;0;0;0;1;4;18;31;23;72;108;29;1;8;0.0;8.0;85.0;105;129;62;67;144;4;242;64;2;15;144.0
2B1660000;94;2B;2B301;2B166;Monte;ZZZZZZ;2B16600;Z;5;378;236;81;61;266;112;2;27;45;81;81;8;20;29;46;59;30;44;236;35;8;12;94;58;28;150;30;7;9;46;31;26;86;5;1;3;49;26;2;20;68;40;107;134;92;0;10;0.0;27.0;128.0;150;211;107;103;235;18;326;242;0;39;231.0
2B1670000;94;2B;2B000;2B167;Montegrosso;ZZZZZZ;2B16700;Z;5;460;212;244;4;375;83;6;28;48;58;72;7;18;30;46;43;29;39;210;83;9;9;42;41;26;171;63;6;5;35;38;23;37;18;2;4;6;3;3;28;24;37;123;154;43;1;14;1.0;10.0;122.0;84;193;103;90;208;10;309;93;2;24;206.0
2B1680000;94;2B;2B103;2B168;Monticello;ZZZZZZ;2B16800;Z;5;1795;865;926;4;1058;714;19;83;220;263;279;19;46;110;156;197;186;152;841;34;9;37;323;251;187;542;20;2;16;228;165;111;292;12;7;21;93;82;77;110;157;147;452;571;249;0;45;4.0;64.0;583.0;626;829;464;365;848;39;1272;561;0;90;847.0
2B1690000;94;2B;2B000;2B169;Morosaglia;ZZZZZZ;2B16900;Z;5;684;464;218;3;370;310;1;35;121;157;150;4;7;44;139;121;84;65;456;16;16;98;168;101;57;251;6;7;62;88;53;34;204;10;8;36;79;48;23;42;78;93;250;240;196;38;28;1.0;48.0;302.0;329;387;202;185;462;18;534;438;92;68;449.0
2B1700000;94;2B;2B000;2B170;Morsiglia;ZZZZZZ;2B17000;Z;5;258;64;160;34;182;76;1;4;24;13;23;0;1;18;14;12;6;13;61;32;1;4;12;6;5;39;16;0;2;9;6;5;23;16;1;2;3;0;0;9;9;4;43;41;17;0;6;0.0;8.0;26.0;28;58;35;23;63;1;76;33;0;10;64.0
2B1710000;94;2B;2B000;2B171;Muracciole;ZZZZZZ;2B17100;Z;5;56;20;35;1;39;16;0;3;4;9;4;0;1;3;4;7;2;3;20;2;5;5;6;2;0;20;2;5;5;6;2;0;0;0;0;0;0;0;0;0;1;1;18;13;4;0;3;0.0;1.0;3.0;7;18;15;3;20;1;25;6;0;3;20.0
2B1720000;94;2B;2B000;2B172;Murato;ZZZZZZ;2B17200;Z;5;438;283;154;1;350;87;6;17;61;81;118;4;17;36;63;75;47;41;281;76;41;34;76;34;20;220;56;27;24;68;27;18;60;19;14;10;8;7;2;29;32;36;185;189;64;1;29;4.0;58.0;121.0;126;239;127;112;277;6;400;134;4;65;280.0
2B1730000;94;2B;2B000;2B173;Muro;ZZZZZZ;2B17300;Z;5;339;119;218;2;237;102;1;12;34;37;35;0;6;31;26;26;13;17;118;50;8;17;18;14;11;84;39;3;12;12;9;9;34;11;5;5;6;5;2;7;19;6;87;89;24;3;6;0.0;14.0;49.0;39;102;63;39;119;9;176;51;5;11;117.0
2B1750000;94;2B;2B000;2B175;Nessa;ZZZZZZ;2B17500;Z;5;136;56;75;4;133;2;2;3;13;12;27;2;2;6;5;13;18;11;54;26;3;4;9;5;7;51;25;3;3;9;5;6;2;0;0;1;0;0;1;6;12;5;34;42;12;0;3;0.0;12.0;21.0;34;51;30;21;55;1;78;24;0;7;55.0
2B1760000;94;2B;2B000;2B176;Nocario;ZZZZZZ;2B17600;Z;5;100;35;65;0;84;16;1;6;9;9;10;1;5;12;9;3;3;2;35;22;1;1;5;1;5;27;19;1;1;3;0;3;8;3;0;0;2;1;2;1;8;5;21;24;10;0;1;0.0;1.0;8.0;11;30;18;12;34;2;44;21;0;1;30.0
2B1770000;94;2B;2B000;2B177;Noceta;ZZZZZZ;2B17700;Z;5;82;36;44;2;74;6;1;5;11;12;7;2;4;7;14;7;2;0;36;16;8;5;3;0;4;30;12;7;5;3;0;3;4;2;1;0;0;0;1;6;3;7;20;28;3;0;5;0.0;1.0;19.0;9;33;23;10;35;2;47;5;0;10;33.0
2B1780000;94;2B;2B000;2B178;Nonza;ZZZZZZ;2B17800;Z;5;138;41;97;1;32;106;1;4;16;7;12;1;3;5;14;13;1;3;41;25;2;3;9;0;1;13;7;1;2;2;0;1;27;18;1;1;7;0;0;1;6;5;28;25;10;0;5;0.0;1.0;24.0;7;34;22;12;40;0;47;19;0;8;34.0
2B1790000;94;2B;2B000;2B179;Novale;ZZZZZZ;2B17900;Z;5;61;30;32;0;61;0;0;2;6;8;13;1;2;2;12;2;6;4;30;10;8;1;3;5;2;30;10;8;1;3;5;2;0;0;0;0;0;0;0;4;2;2;22;22;5;0;3;0.0;4.0;5.0;10;24;16;8;30;1;46;9;0;6;26.0
2B1800000;94;2B;2B000;2B180;Novella;ZZZZZZ;2B18000;Z;5;118;50;68;0;82;35;0;6;16;15;13;1;3;7;12;10;12;5;49;24;2;0;10;11;2;35;20;2;0;6;4;2;13;4;0;0;3;5;0;9;9;3;30;36;7;0;6;0.0;2.0;28.0;22;41;32;10;50;3;63;11;0;10;48.0
2B1820000;94;2B;2B000;2B182;Occhiatana;ZZZZZZ;2B18200;Z;5;330;126;196;8;271;56;1;15;42;38;30;2;18;29;23;22;13;19;124;33;19;9;24;17;22;105;29;18;7;22;17;12;17;4;1;2;2;0;8;14;22;22;68;94;28;0;4;0.0;1.0;79.0;64;103;52;51;126;7;176;62;0;8;124.0
2B1830000;94;2B;2B000;2B183;Ogliastro;ZZZZZZ;2B18300;Z;5;141;49;92;0;68;73;2;3;5;13;26;3;3;7;6;13;11;6;48;25;1;4;15;2;1;29;13;1;3;9;2;1;19;13;0;1;5;0;0;4;5;5;35;38;2;0;9;0.0;9.0;17.0;21;41;22;19;47;1;73;5;0;21;49.0
2B1840000;94;2B;2B000;2B184;Olcani;ZZZZZZ;2B18400;Z;5;86;39;47;0;45;40;0;7;12;9;10;1;1;12;11;7;1;5;39;21;3;2;6;4;3;30;14;3;0;6;3;3;8;5;0;2;0;1;0;5;3;5;26;32;3;0;4;1.0;1.0;6.0;17;35;12;23;39;4;69;7;0;6;37.0
2B1850000;94;2B;2B000;2B185;Oletta;ZZZZZZ;2B18500;Z;5;1327;722;579;25;757;565;11;68;176;237;230;6;24;91;167;164;135;136;649;69;47;56;159;144;173;418;44;26;28;109;112;99;228;25;22;27;50;32;72;117;137;132;336;470;223;27;30;5.0;65.0;480.0;436;668;342;327;715;34;1063;485;62;62;704.0
2B1870000;94;2B;2B000;2B187;Olmeta-di-Capocorso;ZZZZZZ;2B18700;Z;5;164;76;84;4;152;12;0;5;23;21;26;0;3;6;29;17;10;11;72;31;7;10;11;9;4;64;29;7;6;10;7;4;7;2;0;3;1;1;0;4;7;15;49;63;13;0;0;1.0;10.0;26.0;27;62;40;22;76;1;109;33;0;0;76.0
2B1880000;94;2B;2B000;2B188;Olmeta-di-Tuda;ZZZZZZ;2B18800;Z;5;336;207;116;14;228;107;1;16;68;63;59;3;3;29;62;47;30;33;190;41;5;15;47;35;47;129;27;4;15;24;26;34;60;14;1;0;23;9;12;26;51;30;100;134;64;17;9;4.0;28.0;118.0;142;193;86;106;206;10;323;142;42;23;206.0
2B1900000;94;2B;2B000;2B190;Olmi-Cappella;ZZZZZZ;2B19000;Z;5;272;105;162;5;244;28;1;4;25;35;40;1;4;11;32;31;13;13;100;56;5;4;25;5;6;78;52;4;4;7;5;6;23;4;1;0;18;0;0;11;25;22;48;68;32;18;5;0.0;5.0;44.0;45;82;39;42;104;0;129;44;23;7;101.0
2B1920000;94;2B;2B000;2B192;Olmo;ZZZZZZ;2B19200;Z;5;141;68;64;9;81;60;0;3;26;22;18;0;4;19;29;7;5;4;68;46;9;5;0;6;2;42;28;6;4;0;2;2;26;18;3;1;0;4;0;3;12;3;50;39;21;0;8;0.0;4.0;41.0;16;60;32;27;68;5;93;55;0;12;65.0
2B1930000;94;2B;2B000;2B193;Omessa;ZZZZZZ;2B19300;Z;5;501;249;215;37;275;226;3;27;84;72;63;0;15;43;53;71;31;35;248;69;31;31;62;22;31;166;45;15;13;47;20;24;82;24;16;18;15;2;7;24;39;46;140;152;81;0;16;0.0;22.0;146.0;171;219;101;118;246;16;365;185;0;37;247.0
2B1940000;94;2B;2B000;2B194;Ortale;ZZZZZZ;2B19400;Z;5;59;13;45;1;46;11;0;1;2;6;4;1;0;1;2;5;0;4;13;10;0;0;2;0;1;11;8;0;0;2;0;1;2;2;0;0;0;0;0;1;2;5;5;11;2;0;0;0.0;0.0;10.0;1;12;9;3;13;0;20;5;0;0;13.0
2B1950000;94;2B;2B000;2B195;Ortiporio;ZZZZZZ;2B19500;Z;5;120;58;62;0;109;11;0;4;15;21;17;0;5;17;17;8;3;7;56;19;10;3;18;1;4;48;19;10;2;11;1;4;8;0;0;1;7;0;0;4;9;11;34;44;13;0;1;0.0;7.0;8.0;18;49;26;22;58;2;97;29;0;1;58.0
2B1990000;94;2B;2B000;2B199;Palasca;ZZZZZZ;2B19900;Z;5;491;90;386;16;327;133;2;13;30;30;16;2;6;26;28;9;7;12;79;26;6;6;23;10;8;48;14;6;5;13;6;5;30;12;0;1;10;5;3;15;17;20;38;45;34;0;10;3.0;5.0;56.0;34;82;55;28;88;4;95;55;0;20;89.0
2B2010000;94;2B;2B000;2B201;Pancheraccia;ZZZZZZ;2B20100;Z;5;161;88;70;3;106;55;0;9;15;22;43;0;2;11;18;23;14;20;87;16;12;20;29;5;5;66;8;9;14;26;5;5;21;9;3;6;4;0;0;7;9;16;57;62;21;1;6;1.0;10.0;47.0;65;76;40;36;88;3;133;47;2;8;86.0
2B2020000;94;2B;2B000;2B202;Parata;ZZZZZZ;2B20200;Z;5;29;11;16;1;19;7;2;2;2;2;3;2;2;3;2;0;1;1;10;10;0;0;0;0;0;7;7;0;0;0;0;0;2;2;0;0;0;0;0;7;0;0;4;10;0;0;1;0.0;0.0;0.0;1;10;8;2;9;0;23;0;0;1;11.0
2B2050000;94;2B;2B000;2B205;Patrimonio;ZZZZZZ;2B20500;Z;5;716;383;300;34;440;272;10;35;96;117;125;8;16;31;89;103;68;67;347;37;10;33;121;75;72;259;25;10;18;88;57;61;85;8;0;15;33;18;11;49;61;64;209;267;95;0;21;2.0;41.0;243.0;294;348;181;168;378;16;577;191;0;40;334.0
2B2060000;94;2B;2B000;2B206;Penta-Acquatella;ZZZZZZ;2B20600;Z;5;45;16;27;3;43;2;0;1;2;6;7;0;0;4;4;2;4;2;16;9;1;1;2;2;1;15;8;1;1;2;2;1;1;1;0;0;0;0;0;0;2;3;11;15;1;0;0;0.0;1.0;3.0;10;15;5;10;16;0;33;1;0;0;16.0
2B2070000;94;2B;2B202;2B207;Penta-di-Casinca;ZZZZZZ;2B20700;Z;5;2256;1547;652;57;1397;831;7;200;451;551;339;6;48;255;430;429;206;173;1507;86;9;61;552;370;429;884;54;4;45;374;222;186;618;32;5;16;175;146;243;185;370;342;651;782;715;61;50;13.0;143.0;1180.0;1108;1373;787;586;1545;57;1784;1492;134;116;1521.0
2B2080000;94;2B;2B000;2B208;Perelli;ZZZZZZ;2B20800;Z;5;65;45;20;0;65;0;0;0;1;5;39;0;0;0;3;12;19;11;45;29;0;10;5;1;0;45;29;0;10;5;1;0;0;0;0;0;0;0;0;0;0;3;42;41;4;0;0;0.0;3.0;10.0;5;43;28;15;45;0;104;6;0;0;45.0
2B2100000;94;2B;2B000;2B210;Pero-Casevecchie;ZZZZZZ;2B21000;Z;5;143;59;84;0;93;49;0;8;16;19;16;2;3;10;27;11;3;3;59;46;4;1;4;3;1;36;24;4;1;3;3;1;22;21;0;0;1;0;0;5;11;9;34;44;8;0;7;0.0;0.0;18.0;21;54;35;19;59;4;87;19;0;17;58.0
2B2130000;94;2B;2B000;2B213;Pianello;ZZZZZZ;2B21300;Z;5;109;34;74;1;59;49;0;2;8;8;16;0;3;8;3;7;8;5;34;18;2;2;8;3;1;25;12;1;2;7;2;1;9;5;1;0;1;1;0;0;2;7;25;28;2;0;3;0.0;0.0;18.0;7;26;16;10;34;1;60;2;0;8;34.0
2B2140000;94;2B;2B000;2B214;Piano;ZZZZZZ;2B21400;Z;5;42;17;20;5;40;2;0;1;6;4;5;0;1;2;7;2;1;3;17;9;3;0;3;1;0;16;8;3;0;3;1;0;1;1;0;0;0;0;0;1;0;4;11;16;0;0;1;1.0;0.0;7.0;6;16;9;6;17;1;26;0;0;2;17.0
2B2160000;94;2B;2B000;2B216;Piazzali;ZZZZZZ;2B21600;Z;5;23;11;11;2;23;1;0;0;5;4;1;1;0;3;5;1;0;1;11;5;2;0;1;3;0;10;5;2;0;1;2;0;1;0;0;0;0;1;0;4;2;2;3;8;2;0;1;0.0;0.0;7.0;4;11;8;3;11;0;13;3;0;1;11.0
2B2170000;94;2B;2B000;2B217;Piazzole;ZZZZZZ;2B21700;Z;5;42;19;21;2;37;4;1;2;0;5;11;2;0;1;5;7;3;1;19;14;0;1;1;2;1;17;13;0;1;1;1;1;2;1;0;0;0;1;0;1;2;2;14;16;3;0;0;0.0;1.0;2.0;11;16;5;11;19;1;33;8;0;0;19.0
2B2180000;94;2B;2B000;2B218;Piedicorte-di-Gaggio;ZZZZZZ;2B21800;Z;5;180;52;121;7;80;99;0;8;12;16;16;2;4;8;14;12;7;5;52;25;5;5;11;6;0;25;9;3;3;6;4;0;27;16;2;2;5;2;0;6;6;4;36;34;11;0;7;1.0;7.0;30.0;11;44;33;11;52;3;58;26;0;13;50.0
2B2190000;94;2B;2B000;2B219;Piedicroce;ZZZZZZ;2B21900;Z;5;150;51;87;13;127;23;0;2;10;14;24;0;1;10;18;13;2;6;51;28;1;5;13;4;0;36;25;0;4;5;2;0;14;2;1;1;8;1;0;4;14;14;18;37;8;0;5;0.0;11.0;26.0;6;42;34;8;51;2;73;12;0;13;49.0
2B2200000;94;2B;2B000;2B220;Piedigriggio;ZZZZZZ;2B22000;Z;5;124;70;51;3;75;44;0;10;20;20;20;2;7;12;14;9;17;9;67;20;5;7;16;11;8;51;13;2;6;14;9;7;15;7;3;1;2;2;0;11;15;4;40;38;23;0;9;2.0;14.0;33.0;43;63;31;32;70;2;79;46;0;13;70.0
2B2210000;94;2B;2B000;2B221;Piedipartino;ZZZZZZ;2B22100;Z;5;23;9;12;3;16;7;0;0;1;2;5;0;0;0;3;4;1;0;9;7;0;0;0;0;1;9;7;0;0;0;0;1;0;0;0;0;0;0;0;0;0;2;6;7;0;0;1;0.0;2.0;2.0;2;5;2;3;9;0;16;0;0;1;9.0
2B2220000;94;2B;2B000;2B222;Pie-d'Orezza;ZZZZZZ;2B22200;Z;5;77;18;59;1;74;3;0;1;5;5;7;0;1;4;9;3;0;1;17;6;1;1;5;2;2;14;6;1;1;3;2;1;3;0;0;0;2;0;1;0;1;2;15;12;5;0;1;0.0;2.0;7.0;6;14;9;5;18;2;24;11;0;2;17.0
2B2230000;94;2B;2B000;2B223;Pietralba;ZZZZZZ;2B22300;Z;5;412;242;158;12;281;128;4;22;64;63;89;5;14;27;64;39;35;58;233;47;21;26;36;68;35;165;21;14;17;27;56;30;67;25;7;9;9;12;5;24;40;43;135;171;47;2;24;1.0;35.0;113.0;127;207;110;97;239;8;354;94;3;56;239.0
2B2240000;94;2B;2B000;2B224;Pietracorbara;ZZZZZZ;2B22400;Z;5;610;332;269;9;514;90;4;30;96;96;107;4;11;46;81;76;55;60;311;58;14;26;83;64;67;259;43;9;23;75;59;51;49;14;5;2;8;4;16;39;61;58;174;236;74;0;22;0.0;24.0;179.0;250;311;181;130;328;6;474;137;0;42;322.0
2B2250000;94;2B;2B000;2B225;Pietra-di-Verde;ZZZZZZ;2B22500;Z;5;177;60;116;1;110;66;0;3;12;15;30;1;6;13;13;10;10;8;60;32;8;2;14;2;2;44;26;4;1;10;2;1;16;7;4;1;4;0;1;5;9;5;42;43;13;3;4;1.0;4.0;20.0;16;44;31;12;60;2;71;23;6;8;54.0
2B2260000;94;2B;2B000;2B226;Pietraserena;ZZZZZZ;2B22600;Z;5;126;49;72;6;52;73;2;7;13;13;12;2;7;9;15;5;4;7;46;26;4;0;11;5;1;20;10;2;0;4;4;0;26;16;1;0;6;1;1;7;6;9;27;31;13;0;5;0.0;2.0;35.0;9;38;29;9;46;1;45;22;0;5;46.0
2B2270000;94;2B;2B000;2B227;Pietricaggio;ZZZZZZ;2B22700;Z;5;56;18;33;5;56;0;0;0;2;5;11;0;0;5;4;1;6;2;18;17;1;0;0;0;0;18;17;1;0;0;0;0;0;0;0;0;0;0;0;0;2;0;16;13;3;0;2;0.0;0.0;3.0;3;14;10;4;18;0;29;4;0;2;17.0
2B2290000;94;2B;2B000;2B229;Pietroso;ZZZZZZ;2B22900;Z;5;246;136;101;9;233;13;0;11;37;43;45;1;7;17;35;38;18;21;135;9;12;34;50;23;7;130;9;11;31;49;23;7;4;0;1;2;1;0;0;5;17;19;96;114;18;0;4;0.0;3.0;78.0;38;121;64;57;136;7;235;48;0;7;73.0
2B2300000;94;2B;2B000;2B230;Piève;ZZZZZZ;2B23000;Z;5;128;55;72;1;95;30;0;3;21;14;17;0;1;10;11;13;9;11;53;25;1;3;8;12;4;47;21;1;3;8;10;4;6;4;0;0;0;2;0;6;4;9;36;46;5;0;4;0.0;13.0;20.0;24;49;32;17;55;3;97;7;0;5;55.0
2B2310000;94;2B;2B000;2B231;Pigna;ZZZZZZ;2B23100;Z;5;97;40;54;3;87;10;2;2;5;13;18;1;0;8;8;3;8;12;37;17;1;2;11;4;2;29;14;1;0;8;4;2;8;3;0;2;3;0;0;6;1;2;31;32;6;0;2;0.0;2.0;9.0;32;40;23;17;39;2;78;11;0;6;39.0
2B2330000;94;2B;2B000;2B233;Pino;ZZZZZZ;2B23300;Z;5;241;83;143;15;157;81;1;4;21;26;31;1;5;18;21;20;11;7;83;40;8;6;19;7;3;60;24;5;6;17;5;3;23;16;3;0;2;2;0;1;6;13;63;74;5;0;4;0.0;7.0;45.0;27;72;42;30;82;2;150;8;0;6;83.0
2B2340000;94;2B;2B000;2B234;Piobetta;ZZZZZZ;2B23400;Z;5;48;15;32;1;45;2;0;0;2;5;7;0;3;1;3;2;4;1;15;12;1;1;1;0;0;13;9;1;1;1;0;0;2;2;0;0;0;0;0;1;4;2;7;9;3;0;2;0.0;0.0;7.0;2;14;9;4;15;0;13;5;0;2;15.0
2B2350000;94;2B;2B000;2B235;Pioggiola;ZZZZZZ;2B23500;Z;5;135;46;89;0;125;6;2;2;12;5;25;1;3;7;8;14;5;7;46;22;2;3;1;17;1;42;20;2;3;0;16;1;3;2;0;0;0;1;0;7;4;9;25;28;8;2;9;0.0;4.0;12.0;16;45;27;18;44;0;62;12;3;14;37.0
2B2360000;94;2B;2B000;2B236;Poggio-di-Nazza;ZZZZZZ;2B23600;Z;5;225;95;127;2;115;108;0;9;20;41;25;1;6;28;21;25;7;8;95;38;14;12;12;8;12;54;24;8;7;8;5;3;41;14;7;5;4;3;9;8;24;12;52;65;17;4;13;0.0;2.0;41.0;28;81;56;25;95;3;111;39;8;26;94.0
2B2380000;94;2B;2B000;2B238;Poggio-di-Venaco;ZZZZZZ;2B23800;Z;5;186;107;59;20;117;63;2;16;33;28;29;2;8;31;26;16;15;10;107;38;8;4;21;24;13;72;27;8;4;11;16;7;35;11;0;0;10;8;6;13;21;14;59;59;39;0;9;7.0;17.0;53.0;35;94;59;35;107;6;128;69;0;14;103.0
2B2390000;94;2B;2B000;2B239;Poggio-d'Oletta;ZZZZZZ;2B23900;Z;5;210;99;110;2;189;21;1;11;16;29;42;0;4;8;19;18;17;33;98;27;6;4;21;22;18;87;21;5;4;21;19;17;11;6;1;0;0;3;1;6;14;15;64;84;9;0;6;0.0;24.0;45.0;68;94;45;49;98;4;185;19;0;9;98.0
2B2410000;94;2B;2B000;2B241;Poggio-Marinaccio;ZZZZZZ;2B24100;Z;5;40;15;26;0;38;2;0;2;2;5;6;0;1;2;2;3;3;4;15;4;4;0;4;0;3;15;4;4;0;4;0;3;0;0;0;0;0;0;0;0;0;4;11;14;1;0;0;0.0;0.0;2.0;9;15;9;6;15;0;28;2;0;0;15.0
2B2420000;94;2B;2B202;2B242;Poggio-Mezzana;ZZZZZZ;2B24200;Z;5;1322;338;952;32;690;626;1;34;130;98;75;2;21;79;67;58;66;45;316;20;7;23;147;72;47;250;20;6;17;105;66;36;62;0;1;6;39;6;10;50;73;61;154;211;111;0;16;0.0;22.0;214.0;228;307;189;118;337;6;425;223;0;32;331.0
2B2430000;94;2B;2B000;2B243;Polveroso;ZZZZZZ;2B24300;Z;5;51;18;30;3;26;22;0;2;3;4;9;0;1;7;5;4;1;0;18;9;6;0;3;0;0;12;6;3;0;3;0;0;6;3;3;0;0;0;0;2;1;1;14;14;2;0;2;0.0;0.0;9.0;7;17;12;5;18;0;35;4;0;3;18.0
2B2440000;94;2B;2B000;2B244;Popolasca;ZZZZZZ;2B24400;Z;5;54;21;33;0;46;8;0;1;1;11;9;0;1;2;2;9;4;3;21;3;6;0;3;9;0;19;1;6;0;3;9;0;2;2;0;0;0;0;0;1;1;3;16;15;4;0;2;0.0;5.0;4.0;12;20;12;9;21;0;30;9;0;6;18.0
2B2450000;94;2B;2B000;2B245;Porri;ZZZZZZ;2B24500;Z;5;67;21;45;1;58;8;0;2;9;7;3;2;4;2;4;3;4;2;21;12;3;0;4;0;2;14;6;2;0;4;0;2;6;6;0;0;0;0;0;0;3;7;11;17;4;0;0;0.0;2.0;6.0;6;19;12;7;21;1;33;10;0;0;20.0
2B2460000;94;2B;2B000;2B246;La Porta;ZZZZZZ;2B24600;Z;5;191;95;76;20;102;89;3;8;30;30;24;2;7;19;22;22;17;6;93;45;8;15;12;9;4;57;22;6;10;8;7;4;36;23;2;5;4;2;0;10;11;8;66;68;17;0;10;1.0;12.0;39.0;36;74;56;18;93;6;137;33;0;23;90.0
2B2480000;94;2B;2B000;2B248;Prato-di-Giovellina;ZZZZZZ;2B24800;Z;5;74;23;45;6;60;15;0;2;7;6;9;0;1;3;9;6;4;1;22;4;4;4;3;4;4;18;4;3;2;2;3;4;5;0;1;2;1;1;0;3;4;3;14;21;3;0;0;0.0;1.0;13.0;2;20;12;8;23;0;37;5;0;0;23.0
2B2500000;94;2B;2B000;2B250;Prunelli-di-Casacconi;ZZZZZZ;2B25000;Z;5;164;80;61;23;105;60;0;7;34;22;18;2;6;25;14;23;7;4;77;41;0;9;10;14;4;56;33;0;6;7;8;2;22;8;0;3;3;6;2;14;18;9;40;51;20;0;10;1.0;4.0;32.0;19;70;38;32;80;3;96;34;0;20;76.0
2B2510000;94;2B;2B101;2B251;Prunelli-di-Fiumorbo;ZZZZZZ;2B25100;Z;5;2130;1584;438;108;1405;720;30;167;426;559;402;15;60;223;344;383;304;256;1440;28;52;274;521;271;295;997;18;23;166;341;221;229;438;10;29;107;177;51;65;216;336;280;753;897;620;133;68;5.0;119.0;1062.0;1305;1445;791;655;1564;72;1969;1458;351;131;1552.0
2B2520000;94;2B;2B000;2B252;Pruno;ZZZZZZ;2B25200;Z;5;172;91;77;4;119;54;0;6;32;24;30;1;2;28;26;19;8;8;85;44;3;11;15;5;7;53;22;2;6;11;5;7;33;22;1;6;4;0;0;14;18;17;41;55;25;0;11;0.0;10.0;45.0;39;80;42;38;91;3;116;42;0;17;91.0
2B2550000;94;2B;2B000;2B255;Quercitello;ZZZZZZ;2B25500;Z;5;62;25;38;0;59;3;0;0;7;6;11;0;1;5;6;7;2;3;24;15;0;1;2;2;3;24;15;0;1;2;2;3;0;0;0;0;0;0;0;1;3;4;16;20;2;0;2;0.0;2.0;1.0;6;19;10;9;25;0;36;6;0;2;25.0
2B2560000;94;2B;2B000;2B256;Rapaggio;ZZZZZZ;2B25600;Z;5;40;11;28;1;32;8;0;3;3;3;2;0;3;3;4;1;0;0;11;7;0;0;1;1;2;6;3;0;0;1;1;1;5;4;0;0;0;0;1;0;3;1;7;8;2;0;1;0.0;1.0;2.0;2;11;7;4;11;1;15;7;0;3;8.0
2B2570000;94;2B;2B000;2B257;Rapale;ZZZZZZ;2B25700;Z;5;143;70;65;8;105;38;1;5;16;20;28;1;3;11;16;13;13;13;69;20;3;11;13;11;11;54;12;3;10;12;7;10;15;8;0;1;1;4;1;6;11;11;42;55;11;0;4;1.0;10.0;25.0;35;64;36;28;69;1;127;17;0;7;69.0
2B2600000;94;2B;2B000;2B260;Riventosa;ZZZZZZ;2B26000;Z;5;149;80;70;0;109;40;4;14;11;26;24;3;10;13;19;14;8;12;79;12;10;5;26;22;3;61;9;10;4;23;12;3;17;3;0;1;3;10;0;14;9;11;45;42;28;0;9;0.0;11.0;38.0;30;79;51;27;75;3;89;48;0;20;77.0
2B2610000;94;2B;2B000;2B261;Rogliano;ZZZZZZ;2B26100;Z;5;820;282;500;39;496;315;3;15;86;87;91;3;10;53;64;58;52;41;263;67;16;29;68;55;27;191;52;13;21;42;42;21;70;14;3;8;25;14;6;26;44;55;156;191;69;16;22;1.0;21.0;136.0;154;257;168;89;279;5;373;155;42;28;276.0
2B2630000;94;2B;2B000;2B263;Rospigliani;ZZZZZZ;2B26300;Z;5;83;38;39;5;57;26;0;4;7;7;20;0;3;3;13;8;7;3;37;15;4;0;5;7;5;31;13;3;0;3;7;4;6;2;1;0;2;0;1;6;0;3;29;29;6;0;3;0.0;5.0;23.0;21;29;17;11;38;2;52;9;0;9;38.0
2B2640000;94;2B;2B000;2B264;Rusio;ZZZZZZ;2B26400;Z;5;74;43;30;1;68;6;0;5;12;10;16;0;3;13;9;11;4;3;43;33;2;2;4;1;1;38;29;1;2;4;1;1;5;4;1;0;0;0;0;0;5;7;31;42;1;0;0;0.0;2.0;18.0;1;30;25;5;43;0;70;1;0;0;42.0
2B2650000;94;2B;2B000;2B265;Rutali;ZZZZZZ;2B26500;Z;5;261;169;85;6;246;13;3;14;41;51;60;4;9;31;33;34;35;25;167;32;14;16;49;36;21;152;28;13;15;45;32;21;13;4;1;1;5;2;0;18;23;21;108;139;19;0;12;0.0;17.0;97.0;93;146;83;63;168;7;319;37;0;22;166.0
2B2670000;94;2B;2B000;2B267;Saliceto;ZZZZZZ;2B26700;Z;5;61;24;31;5;37;24;0;3;3;7;11;0;1;3;9;3;8;0;24;16;0;1;4;2;1;13;6;0;1;4;2;0;11;10;0;0;0;0;1;1;1;2;20;21;3;0;0;0.0;7.0;7.0;6;21;9;12;24;0;46;4;0;0;24.0
2B2730000;94;2B;2B000;2B273;Scata;ZZZZZZ;2B27300;Z;5;58;24;34;0;56;2;1;3;3;9;8;1;0;8;4;5;3;3;24;14;0;0;5;5;0;22;14;0;0;5;3;0;2;0;0;0;0;2;0;0;4;2;18;17;5;0;2;0.0;6.0;12.0;14;20;9;11;23;1;33;8;0;5;24.0
2B2740000;94;2B;2B000;2B274;Scolca;ZZZZZZ;2B27400;Z;5;103;48;51;4;91;11;0;2;7;17;22;0;1;7;16;10;9;5;46;24;7;7;4;3;1;43;23;7;5;4;3;1;2;1;0;1;0;0;0;3;7;3;35;38;5;0;4;0.0;2.0;15.0;14;41;26;15;48;2;86;11;0;4;47.0
2B2750000;94;2B;2B000;2B275;Sermano;ZZZZZZ;2B27500;Z;5;77;30;47;0;76;1;0;1;4;10;15;0;1;8;6;8;4;3;30;13;4;3;4;4;1;29;12;4;3;4;4;1;1;1;0;0;0;0;0;2;5;4;19;25;3;0;3;0.0;2.0;12.0;8;29;20;9;30;0;49;6;0;8;30.0
2B2770000;94;2B;2B000;2B277;Serra-di-Fiumorbo;ZZZZZZ;2B27700;Z;5;272;161;85;26;266;6;0;5;35;79;42;1;4;18;36;46;35;22;157;9;13;13;37;52;34;151;8;13;10;37;50;34;6;1;0;3;0;2;0;4;27;26;105;132;20;0;9;0.0;15.0;49.0;96;154;88;66;161;5;273;43;0;19;159.0
2B2800000;94;2B;2B000;2B280;Silvareccio;ZZZZZZ;2B28000;Z;5;125;62;55;8;106;20;0;4;17;19;23;1;7;6;19;18;5;6;62;48;5;2;2;5;0;53;38;5;2;2;5;0;9;9;0;0;0;0;0;5;14;14;30;45;14;0;4;0.0;2.0;18.0;24;55;31;24;62;3;93;32;0;6;58.0
2B2810000;94;2B;2B000;2B281;Sisco;ZZZZZZ;2B28100;Z;5;867;544;310;13;672;191;11;46;149;165;173;7;21;85;117;86;108;120;521;115;18;45;110;117;116;407;88;15;35;93;91;85;110;24;3;10;17;26;30;73;128;103;240;375;144;0;25;1.0;45.0;256.0;443;497;255;242;535;17;844;279;0;46;533.0
2B2830000;94;2B;2B000;2B283;Solaro;ZZZZZZ;2B28300;Z;5;672;332;334;6;591;77;6;41;67;101;117;7;17;49;42;62;75;80;310;15;4;29;149;81;32;284;12;3;27;136;74;32;24;3;1;2;11;7;0;50;57;37;188;216;99;0;17;4.0;34.0;179.0;253;316;154;162;326;11;469;201;0;36;328.0
2B2860000;94;2B;2B301;2B286;Sorbo-Ocagnano;ZZZZZZ;2B28600;Z;5;721;382;274;65;628;90;7;42;89;99;144;20;22;39;75;79;70;78;376;42;23;30;106;97;78;297;35;18;25;93;81;44;76;7;4;5;13;16;31;51;64;58;209;234;118;0;30;2.0;47.0;219.0;314;328;173;155;379;16;538;243;0;51;380.0
2B2870000;94;2B;2B000;2B287;Sorio;ZZZZZZ;2B28700;Z;5;122;70;34;18;110;10;2;2;17;21;29;3;4;15;23;19;3;4;69;22;1;32;8;6;1;63;18;1;31;8;5;1;5;4;0;0;0;1;0;5;8;8;49;53;10;0;7;0.0;1.0;42.0;25;59;39;20;69;1;108;25;0;9;67.0
2B2890000;94;2B;2B000;2B289;Soveria;ZZZZZZ;2B28900;Z;5;93;50;43;0;74;19;1;10;7;11;21;0;3;7;9;4;11;16;48;12;1;1;7;6;21;39;8;1;1;6;3;20;9;4;0;0;1;3;1;5;6;3;36;39;11;0;0;0.0;6.0;19.0;38;45;15;30;49;2;102;15;0;0;50.0
2B2900000;94;2B;2B000;2B290;Speloncato;ZZZZZZ;2B29000;Z;5;373;134;237;2;244;123;1;12;30;48;44;0;5;28;36;33;16;17;125;61;6;4;17;23;15;89;36;4;4;17;16;13;35;25;2;0;0;7;1;21;11;27;75;94;22;2;18;0.0;16.0;68.0;57;120;66;55;133;4;189;46;4;42;131.0
2B2910000;94;2B;2B000;2B291;Stazzona;ZZZZZZ;2B29100;Z;5;57;17;35;5;37;18;0;2;2;5;8;1;1;0;8;2;2;2;17;16;1;0;0;0;0;14;13;1;0;0;0;0;2;2;0;0;0;0;0;0;2;5;10;11;5;0;1;0.0;5.0;7.0;2;14;8;6;17;0;30;5;0;5;14.0
2B2920000;94;2B;2B000;2B292;Sant'Andréa-di-Bozio;ZZZZZZ;2B29200;Z;5;110;41;69;0;75;36;0;4;10;15;13;1;3;15;10;9;2;2;41;27;5;2;3;4;1;36;22;5;2;3;4;0;6;5;0;0;0;0;1;1;3;5;33;37;1;0;3;0.0;3.0;11.0;11;35;24;11;41;0;66;2;0;4;40.0
2B2930000;94;2B;2B000;2B293;Sant'Andréa-di-Cotone;ZZZZZZ;2B29300;Z;5;235;112;119;4;148;87;0;9;22;36;45;0;3;16;27;24;12;30;112;51;5;6;13;23;13;73;22;4;4;13;19;11;38;29;1;2;0;4;2;12;12;24;64;80;22;0;10;0.0;11.0;72.0;39;97;54;43;112;6;157;58;0;15;111.0
2B2960000;94;2B;2B000;2B296;Sant'Antonino;ZZZZZZ;2B29600;Z;5;143;56;86;1;119;23;2;6;13;11;24;3;5;14;9;17;4;5;53;10;7;7;11;8;11;45;8;4;7;9;7;11;8;2;3;0;2;1;0;7;8;8;33;39;12;0;5;1.0;1.0;31.0;25;51;29;21;55;1;96;23;0;8;55.0
2B2970000;94;2B;2B000;2B297;San-Damiano;ZZZZZZ;2B29700;Z;5;67;27;40;0;63;3;1;6;1;8;11;4;3;5;4;4;1;6;27;21;1;0;2;1;2;24;18;1;0;2;1;2;3;3;0;0;0;0;0;1;3;2;21;24;2;0;1;0.0;2.0;3.0;8;23;12;11;26;3;52;4;0;2;22.0
2B2980000;94;2B;2B000;2B298;Saint-Florent;ZZZZZZ;2B29800;Z;5;2133;822;1302;9;617;1328;18;129;271;189;215;21;45;171;218;135;123;110;822;88;14;150;307;161;103;311;28;2;41;108;89;43;508;60;12;109;198;70;59;90;155;114;462;436;321;89;65;14.0;112.0;572.0;595;667;430;236;806;40;855;636;182;141;817.0
2B2990000;94;2B;2B000;2B299;San-Gavino-d'Ampugnani;ZZZZZZ;2B29900;Z;5;129;47;79;3;113;14;0;5;9;20;12;1;1;8;9;13;9;5;47;14;6;7;12;2;5;45;13;5;7;12;2;5;2;1;1;0;0;0;0;4;3;7;33;41;2;0;4;0.0;0.0;29.0;23;47;23;23;47;0;95;3;0;9;46.0
2B3010000;94;2B;2B000;2B301;San-Gavino-di-Tenda;ZZZZZZ;2B30100;Z;5;60;29;26;5;52;8;0;2;5;6;16;0;2;2;6;3;7;8;27;10;1;5;7;2;1;24;9;1;5;7;1;1;2;1;0;0;0;1;0;1;5;3;20;25;2;0;1;0.0;3.0;10.0;10;21;13;8;29;0;60;3;0;2;28.0
2B3020000;94;2B;2B000;2B302;San-Giovanni-di-Moriani;ZZZZZZ;2B30200;Z;5;111;45;61;5;82;29;0;1;9;12;23;0;1;7;14;9;7;7;45;31;3;0;2;8;1;39;29;1;0;1;7;1;6;2;2;0;1;1;0;0;7;7;31;39;4;0;2;0.0;3.0;22.0;31;43;23;20;45;0;83;7;0;4;45.0
2B3030000;94;2B;2B000;2B303;San-Giuliano;ZZZZZZ;2B30300;Z;5;445;324;100;21;328;104;10;29;121;97;67;8;10;41;72;85;59;49;310;17;8;65;134;40;47;223;16;8;53;109;22;16;79;2;0;9;20;16;31;38;55;62;169;172;116;0;36;2.0;27.0;175.0;287;288;159;129;314;20;355;261;0;108;321.0
2B3040000;94;2B;2B000;2B304;San-Lorenzo;ZZZZZZ;2B30400;Z;5;123;58;58;6;103;20;0;1;14;17;26;0;2;6;15;17;7;11;58;25;1;5;12;10;5;48;17;1;5;12;8;5;10;8;0;0;0;2;0;6;7;8;37;40;10;0;8;1.0;2.0;14.0;36;52;29;23;58;1;96;24;0;23;55.0
2B3050000;94;2B;2B501;2B305;San-Martino-di-Lota;ZZZZZZ;2B30500;Z;5;1683;1345;303;35;889;788;52;129;318;408;438;32;78;167;274;373;201;219;1327;105;92;366;446;199;119;695;70;76;159;245;100;44;626;35;16;206;197;97;74;134;226;209;774;867;406;32;72;15.0;383.0;768.0;1030;1215;738;477;1302;49;1886;820;78;130;1295.0
2B3060000;94;2B;2B000;2B306;Santa-Lucia-di-Mercurio;ZZZZZZ;2B30600;Z;5;98;54;44;0;89;9;1;5;7;20;21;0;2;10;17;8;6;12;46;12;12;3;4;9;6;43;12;10;2;4;9;6;3;0;2;1;0;0;0;4;13;6;31;36;17;0;2;0.0;6.0;20.0;25;50;29;21;53;0;74;34;0;3;53.0
2B3070000;94;2B;2B202;2B307;Santa-Lucia-di-Moriani;ZZZZZZ;2B30700;Z;5;1271;630;626;15;764;506;13;65;198;230;124;9;32;89;161;139;104;97;628;19;8;47;211;183;161;473;17;6;46;156;140;107;154;2;1;1;54;43;53;100;178;102;251;342;263;51;26;2.0;40.0;419.0;558;580;331;250;619;37;776;599;117;53;579.0
2B3090000;94;2B;2B501;2B309;Santa-Maria-di-Lota;ZZZZZZ;2B30900;Z;5;1062;744;259;59;753;306;6;22;125;244;347;6;13;60;123;245;170;126;740;34;44;161;372;85;44;551;28;36;102;272;73;40;185;6;7;58;99;11;4;52;76;104;512;604;98;0;41;6.0;185.0;440.0;620;678;317;361;739;22;1395;214;0;107;671.0
2B3110000;94;2B;2B000;2B311;Santa-Maria-Poggio;ZZZZZZ;2B31100;Z;5;690;332;334;24;574;101;6;23;86;133;84;8;15;32;76;72;64;67;312;19;7;17;143;60;65;263;14;7;16;122;51;53;42;6;0;1;21;5;9;43;68;46;175;199;112;15;20;4.0;19.0;215.0;264;300;146;154;327;14;438;261;34;34;324.0
2B3130000;94;2B;2B000;2B313;San-Nicolao;ZZZZZZ;2B31300;Z;5;2115;933;1152;30;682;1424;41;186;341;243;121;37;52;199;269;191;96;88;874;41;27;143;212;153;297;375;32;12;70;124;74;64;496;7;16;73;88;79;234;148;219;221;345;445;442;114;45;12.0;74.0;707.0;662;754;493;262;903;69;915;923;255;100;924.0
2B3140000;94;2B;2B000;2B314;Santo-Pietro-di-Tenda;ZZZZZZ;2B31400;Z;5;380;170;200;10;299;74;4;6;46;46;68;10;20;29;37;30;16;27;169;79;13;19;28;19;10;134;60;10;14;23;18;8;33;19;3;5;5;0;1;18;8;25;120;128;25;0;18;2.0;13.0;64.0;81;135;62;73;169;9;279;49;0;33;165.0
2B3150000;94;2B;2B000;2B315;Santo-Pietro-di-Venaco;ZZZZZZ;2B31500;Z;5;201;125;68;8;129;71;4;26;29;30;36;6;18;21;17;27;22;14;124;12;20;14;20;41;17;79;10;15;7;11;23;13;44;1;5;7;9;18;4;30;29;17;49;66;56;0;3;2.0;20.0;60.0;68;111;58;53;121;8;170;102;0;5;113.0
2B3160000;94;2B;2B000;2B316;Santa-Reparata-di-Balagna;ZZZZZZ;2B31600;Z;5;827;475;318;34;634;187;14;47;133;169;112;9;28;38;127;131;79;64;445;51;44;52;156;79;62;343;40;32;45;120;60;47;99;11;12;7;36;17;15;49;90;72;265;320;132;20;24;4.0;21.0;319.0;277;418;232;186;467;29;655;313;46;43;458.0
2B3170000;94;2B;2B000;2B317;Santa-Reparata-di-Moriani;ZZZZZZ;2B31700;Z;5;107;34;71;1;106;1;2;5;12;8;8;1;4;12;11;3;4;1;33;28;3;1;0;2;0;32;28;3;0;0;2;0;1;0;0;1;0;0;0;4;5;7;18;24;4;0;6;0.0;0.0;7.0;1;25;21;5;33;1;35;9;0;10;32.0
2B3180000;94;2B;2B202;2B318;Taglio-Isolaccio;ZZZZZZ;2B31800;Z;5;477;242;221;14;334;138;1;19;56;71;95;4;18;35;45;36;56;48;237;45;11;15;87;51;28;192;32;9;13;67;49;22;44;13;2;2;20;1;6;19;27;45;151;196;35;0;11;0.0;55.0;89.0;174;220;89;131;241;9;457;87;0;28;234.0
2B3190000;94;2B;2B202;2B319;Talasani;ZZZZZZ;2B31900;Z;5;556;328;216;12;493;61;3;27;93;119;86;3;7;41;89;64;57;67;314;27;4;35;66;80;102;263;23;4;27;59;71;80;49;4;0;8;7;8;21;53;82;62;131;192;114;1;22;0.0;28.0;175.0;256;309;174;135;326;23;471;257;4;45;324.0
2B3200000;94;2B;2B000;2B320;Tallone;ZZZZZZ;2B32000;Z;5;239;153;53;32;195;41;0;8;36;47;63;0;8;21;42;29;22;30;143;26;11;22;39;29;16;112;20;11;18;32;18;12;29;6;0;4;6;11;2;18;26;23;86;103;23;0;27;0.0;16.0;63.0;78;141;84;57;153;3;211;49;0;55;149.0
2B3210000;94;2B;2B000;2B321;Tarrano;ZZZZZZ;2B32100;Z;5;39;10;29;0;38;1;0;0;3;3;4;0;0;2;3;4;0;1;10;9;0;0;0;1;0;9;8;0;0;0;1;0;1;1;0;0;0;0;0;1;2;0;7;8;2;0;0;0.0;2.0;5.0;2;10;7;3;10;0;13;3;0;0;10.0
2B3270000;94;2B;2B000;2B327;Tomino;ZZZZZZ;2B32700;Z;5;292;114;177;2;245;47;8;9;32;28;38;3;7;8;30;21;21;24;110;18;7;22;37;15;11;95;17;4;19;30;14;11;14;1;2;3;7;1;0;3;25;14;71;89;19;0;7;0.0;13.0;61.0;61;100;58;42;106;1;174;23;0;11;113.0
2B3280000;94;2B;2B000;2B328;Tox;ZZZZZZ;2B32800;Z;5;137;53;77;7;78;58;1;6;9;20;17;2;5;6;7;21;5;7;53;5;17;6;14;7;4;46;4;17;5;11;6;3;6;1;0;1;3;0;1;0;6;5;42;40;3;0;10;0.0;13.0;23.0;20;38;20;18;52;2;74;3;0;19;46.0
2B3290000;94;2B;2B000;2B329;Tralonca;ZZZZZZ;2B32900;Z;5;93;54;39;0;86;7;0;3;17;19;15;0;2;10;16;11;5;10;52;11;7;5;10;10;9;45;8;7;4;8;9;9;7;3;0;1;2;1;0;4;11;9;30;41;8;0;5;0.0;1.0;25.0;18;46;28;18;54;1;89;12;0;9;54.0
2B3320000;94;2B;2B000;2B332;Urtaca;ZZZZZZ;2B33200;Z;5;242;109;129;5;202;38;1;12;28;28;40;0;4;12;30;27;19;18;108;39;5;10;20;18;16;89;30;3;9;18;16;14;18;10;2;1;2;2;1;7;25;18;59;81;19;0;9;1.0;13.0;59.0;71;95;53;41;108;4;168;40;0;19;108.0
2B3330000;94;2B;2B000;2B333;Vallecalle;ZZZZZZ;2B33300;Z;5;138;72;61;5;89;46;1;11;16;16;29;1;7;11;14;11;10;19;71;23;1;6;12;14;16;52;14;1;3;10;10;14;18;9;0;3;2;3;1;3;16;15;39;50;10;0;13;0.0;16.0;29.0;42;67;42;25;71;0;100;13;0;24;71.0
2B3340000;94;2B;2B000;2B334;Valle-d'Alesani;ZZZZZZ;2B33400;Z;5;118;57;61;0;82;34;0;4;9;18;26;2;2;11;21;6;8;7;57;32;6;2;8;7;2;46;27;2;2;7;6;2;11;5;4;0;1;1;0;3;2;9;43;49;4;0;4;0.0;5.0;24.0;12;43;32;11;57;2;93;11;0;5;56.0
2B3350000;94;2B;2B000;2B335;Valle-di-Campoloro;ZZZZZZ;2B33500;Z;5;269;155;68;46;181;85;1;11;38;47;58;2;11;7;35;34;35;31;152;12;2;21;36;35;46;107;7;1;8;30;25;36;42;4;1;13;5;9;10;15;22;24;94;111;28;2;16;1.0;14.0;76.0;119;151;66;85;155;6;246;63;4;35;154.0
2B3370000;94;2B;2B000;2B337;Valle-di-Rostino;ZZZZZZ;2B33700;Z;5;163;70;86;8;146;17;2;4;18;23;22;2;1;3;20;17;17;9;67;22;12;8;7;13;4;62;18;12;8;7;13;4;4;4;0;0;0;0;0;7;12;15;35;53;14;9;2;0.0;7.0;24.0;40;57;37;20;68;1;103;27;19;2;69.0
2B3380000;94;2B;2B000;2B338;Valle-d'Orezza;ZZZZZZ;2B33800;Z;5;56;22;29;4;53;3;0;0;7;4;10;0;0;3;4;10;4;0;22;19;1;0;1;0;0;22;19;1;0;1;0;0;0;0;0;0;0;0;0;0;1;1;19;22;0;0;0;0.0;4.0;0.0;15;19;6;13;22;1;43;0;0;0;21.0
2B3390000;94;2B;2B000;2B339;Vallica;ZZZZZZ;2B33900;Z;5;50;18;28;4;50;0;0;1;5;6;6;0;0;4;6;7;1;0;18;14;0;0;2;2;0;18;14;0;0;2;2;0;0;0;0;0;0;0;0;0;2;3;13;15;2;0;1;0.0;0.0;5.0;12;17;8;9;18;0;20;5;0;1;18.0
2B3400000;94;2B;2B000;2B340;Velone-Orneto;ZZZZZZ;2B34000;Z;5;99;53;43;2;86;12;1;5;18;14;15;1;5;9;20;11;3;4;53;23;0;5;16;5;4;46;18;0;5;15;4;4;6;4;0;0;1;1;0;3;6;9;35;33;16;0;4;0.0;14.0;12.0;13;46;19;27;52;4;71;39;0;7;53.0
2B3410000;94;2B;2B000;2B341;Venaco;ZZZZZZ;2B34100;Z;5;653;373;194;86;418;235;13;45;92;93;129;15;29;46;98;88;54;42;370;93;107;44;59;45;21;236;61;55;26;42;33;18;134;32;52;18;17;12;3;40;52;59;222;257;73;1;43;3.0;90.0;202.0;149;305;190;115;361;10;484;137;4;91;368.0
2B3420000;94;2B;2B000;2B342;Ventiseri;ZZZZZZ;2B34200;Z;5;1407;986;404;17;1243;139;4;51;181;356;394;3;24;86;159;291;247;176;927;30;13;113;360;185;226;845;25;10;96;328;172;214;75;5;3;16;30;10;11;152;246;207;381;545;375;69;66;15.0;131.0;564.0;764;919;422;497;985;35;1204;1018;206;135;960.0
2B3430000;94;2B;2B301;2B343;Venzolasca;ZZZZZZ;2B34300;Z;5;1389;793;458;138;769;390;4;117;288;244;140;7;38;124;217;176;109;122;792;68;71;74;272;152;156;515;31;30;33;206;100;116;268;37;41;40;62;49;39;116;198;102;377;411;321;3;62;6.0;53.0;496.0;654;705;417;287;789;62;903;763;6;130;781.0
2B3440000;94;2B;2B000;2B344;Verdèse;ZZZZZZ;2B34400;Z;5;71;23;46;2;57;14;0;4;5;9;5;1;4;4;6;4;4;0;21;11;3;1;4;3;0;19;11;3;1;3;1;0;3;0;0;0;1;2;0;4;4;3;12;18;2;0;4;0.0;1.0;15.0;6;19;12;6;23;0;29;3;0;5;19.0
2B3460000;94;2B;2B301;2B346;Vescovato;ZZZZZZ;2B34600;Z;5;1415;1233;70;111;792;612;9;109;374;380;361;17;35;154;411;280;182;155;1201;162;59;184;357;147;292;689;54;29;73;252;115;166;504;106;30;108;105;31;123;173;291;178;591;694;474;179;64;120.0;164.0;616.0;847;1097;616;482;1227;52;1616;1080;425;140;1209.0
2B3470000;94;2B;2B000;2B347;Vezzani;ZZZZZZ;2B34700;Z;5;365;140;214;11;278;86;3;20;28;34;55;4;11;27;28;31;16;23;137;46;22;24;25;10;10;103;28;16;22;21;7;9;33;18;6;2;4;3;0;9;21;29;81;100;20;0;20;1.0;23.0;72.0;28;106;62;44;137;4;193;38;0;33;138.0
2B3500000;94;2B;2B000;2B350;Vignale;ZZZZZZ;2B35000;Z;5;153;86;50;17;144;7;3;7;30;21;26;4;9;17;20;15;16;5;85;29;3;9;24;8;13;75;28;2;8;19;7;12;7;1;1;1;3;1;0;12;10;10;52;66;15;0;5;0.0;4.0;42.0;46;73;48;26;83;0;128;24;0;9;82.0
2B3520000;94;2B;2B000;2B352;Ville-di-Paraso;ZZZZZZ;2B35200;Z;5;229;101;116;12;128;100;1;11;19;21;48;0;4;16;9;31;22;18;100;38;12;5;18;11;15;86;30;9;5;18;11;12;14;8;3;0;0;0;3;7;21;19;54;80;12;0;9;0.0;2.0;43.0;59;94;49;44;101;5;178;20;0;15;94.0
2B3530000;94;2B;2B501;2B353;Ville-di-Pietrabugno;ZZZZZZ;2B35300;Z;5;2005;1645;247;112;615;1389;18;195;440;563;430;10;56;188;407;480;262;242;1629;101;36;311;730;245;205;534;93;30;118;157;102;35;1094;7;6;194;573;143;170;158;297;287;904;1176;409;4;60;276.0;448.0;818.0;1333;1463;836;628;1629;35;2436;767;7;110;1618.0
2B3540000;94;2B;2B000;2B354;Vivario;ZZZZZZ;2B35400;Z;5;393;176;185;31;171;219;3;14;44;55;60;2;8;35;64;30;24;13;175;71;22;34;28;15;5;85;34;11;8;15;11;4;88;35;9;26;12;4;1;12;28;25;111;107;57;9;12;30.0;10.0;86.0;41;150;102;48;173;4;215;103;19;16;174.0
2B3550000;94;2B;2B000;2B355;Volpajola;ZZZZZZ;2B35500;Z;5;241;160;39;42;205;35;0;4;31;60;65;1;1;21;40;47;24;27;154;41;24;15;30;33;11;138;37;17;13;30;30;10;15;4;7;1;0;2;1;10;25;20;106;115;34;0;12;0.0;16.0;60.0;113;146;65;81;160;4;287;77;0;23;160.0
2B3560000;94;2B;2B000;2B356;Zalana;ZZZZZZ;2B35600;Z;5;156;74;77;5;99;57;0;3;13;28;30;2;3;12;20;19;13;5;74;42;2;1;14;11;4;48;19;1;1;13;10;4;26;23;1;0;1;1;0;5;11;6;52;62;4;0;8;0.0;5.0;33.0;33;67;43;24;74;0;120;9;0;12;72.0
2B3610000;94;2B;2B000;2B361;Zilia;ZZZZZZ;2B36100;Z;5;262;131;127;4;215;48;2;3;36;44;46;2;9;19;34;28;17;24;127;33;7;16;15;24;34;98;30;7;11;14;10;27;30;3;0;5;1;14;7;17;36;23;56;74;50;9;7;0.0;6.0;66.0;49;114;73;41;129;3;160;114;23;12;120.0
2B3640000;94;2B;2B000;2B364;Zuani;ZZZZZZ;2B36400;Z;5;59;18;41;0;42;17;0;2;5;5;5;0;2;4;5;3;3;0;18;4;7;4;0;2;0;14;3;6;3;0;1;0;4;1;1;1;0;1;0;1;2;3;12;14;2;0;2;0.0;0.0;9.0;3;16;13;3;18;0;21;6;0;2;18.0
2B3650000;94;2B;2B000;2B365;San-Gavino-di-Fiumorbo;ZZZZZZ;2B36500;Z;5;195;68;123;4;159;36;2;7;10;30;19;0;5;9;21;26;7;1;67;10;8;22;18;9;0;63;8;8;22;16;9;0;5;2;0;0;2;0;0;1;3;6;58;57;3;0;8;0.0;5.0;19.0;13;56;31;25;66;3;106;7;0;8;65.0
2B3660000;94;2B;2B000;2B366;Chisa;ZZZZZZ;2B36600;Z;5;137;51;86;0;132;6;0;2;8;19;22;0;0;7;12;13;11;8;50;6;6;5;12;13;8;48;6;5;5;12;13;7;2;0;1;0;0;0;1;3;5;10;33;46;3;0;2;0.0;10.0;10.0;31;46;20;26;51;1;91;6;0;3;48.0
