IRIS;REG;DEP;UU2010;COM;LIBCOM;TRIRIS;GRD_QUART;TYP_IRIS;LAB_IRIS;P17_LOG;P17_RP;P17_RSECOCC;P17_LOGVAC;P17_MAISON;P17_APPART;P17_RP_1P;P17_RP_2P;P17_RP_3P;P17_RP_4P;P17_RP_5PP;P17_RP_M30M2;P17_RP_3040M2;P17_RP_4060M2;P17_RP_6080M2;P17_RP_80100M2;P17_RP_100120M2;P17_RP_120M2P;P17_RP_ACHTOT;P17_RP_ACH19;P17_RP_ACH45;P17_RP_ACH70;P17_RP_ACH90;P17_RP_ACH05;P17_RP_ACH14;P17_RPMAISON_ACHTOT;P17_RPMAISON_ACH19;P17_RPMAISON_ACH45;P17_RPMAISON_ACH70;P17_RPMAISON_ACH90;P17_RPMAISON_ACH05;P17_RPMAISON_ACH14;P17_RPAPPART_ACHTOT;P17_RPAPPART_ACH19;P17_RPAPPART_ACH45;P17_RPAPPART_ACH70;P17_RPAPPART_ACH90;P17_RPAPPART_ACH05;P17_RPAPPART_ACH14;P17_MEN_ANEM0002;P17_MEN_ANEM0204;P17_MEN_ANEM0509;P17_MEN_ANEM10P;P17_RP_PROP;P17_RP_LOC;P17_RP_LOCHLMV;P17_RP_GRAT;P17_RP_CCCOLL;P17_RP_CCIND;P17_RP_CINDELEC;P17_RP_GARL;P17_RP_VOIT1P;C17_RP_HSTU1P;C17_RP_HSTU1P_SUROCC
320010000;76;32;32000;32001;Aignan;ZZZZZZ;3200100;Z;5;500;381;40;79;414;82;5;22;87;112;155;8;10;26;73;98;65;101;381;120;20;82;92;48;19;314;108;18;55;78;40;15;65;12;2;27;14;6;4;45;59;51;225;257;116;46;8;11.0;212.0;75.0;259;325;374;10
320020000;76;32;32000;32002;Ansan;ZZZZZZ;3200200;Z;5;55;44;9;1;52;2;1;1;6;14;23;0;2;1;3;9;11;19;44;19;4;3;7;6;6;42;17;4;3;7;6;6;2;2;0;0;0;0;0;3;7;7;28;34;7;0;4;0.0;17.0;13.0;32;42;39;0
320030000;76;32;32000;32003;Antras;ZZZZZZ;3200300;Z;5;32;24;6;2;32;0;0;1;1;7;15;0;0;1;1;5;6;11;23;13;1;1;3;5;0;23;13;1;1;3;5;0;0;0;0;0;0;0;0;1;2;2;19;23;1;0;0;0.0;7.0;6.0;19;21;20;0
320040000;76;32;32000;32004;Arblade-le-Bas;ZZZZZZ;3200400;Z;5;72;60;6;6;71;1;0;0;2;22;36;0;0;1;7;12;20;21;59;12;8;8;14;9;9;57;12;8;8;13;9;9;1;0;0;0;1;0;0;4;2;9;44;56;3;0;0;0.0;13.0;13.0;47;56;65;0
320050000;76;32;32000;32005;Arblade-le-Haut;ZZZZZZ;3200500;Z;5;162;134;10;18;159;3;0;3;16;36;80;1;0;5;7;39;37;46;129;32;13;13;32;17;23;126;32;12;13;32;17;21;3;0;1;0;0;0;2;12;18;20;84;116;17;0;2;1.0;28.0;31.0;114;127;131;5
320070000;76;32;32000;32007;Ardizas;ZZZZZZ;3200700;Z;5;98;87;5;7;94;1;1;4;9;24;49;1;1;3;7;18;30;26;85;18;5;6;16;18;22;81;18;5;6;16;17;20;1;1;0;0;0;0;0;5;13;21;48;73;11;0;3;0.0;29.0;27.0;70;84;83;0
320080000;76;32;32000;32008;Armentieux;ZZZZZZ;3200800;Z;5;43;38;4;2;43;0;1;2;2;8;25;0;1;2;6;7;8;13;37;14;4;4;4;3;7;37;14;4;4;4;3;7;0;0;0;0;0;0;0;1;5;5;27;34;3;0;1;0.0;9.0;8.0;34;36;41;0
320090000;76;32;32000;32009;Armous-et-Cau;ZZZZZZ;3200900;Z;5;52;38;8;5;49;2;1;1;1;13;22;1;0;0;1;7;12;17;38;27;0;1;2;4;4;35;25;0;1;2;4;3;2;2;0;0;0;0;0;7;2;7;22;34;4;0;0;0.0;17.0;3.0;26;37;40;0
320100000;76;32;32000;32010;Arrouède;ZZZZZZ;3201000;Z;5;61;48;7;6;61;0;0;1;4;20;22;0;1;2;7;7;8;21;48;21;2;5;7;6;5;48;21;2;5;7;6;5;0;0;0;0;0;0;0;7;6;6;28;37;11;0;0;0.0;13.0;12.0;37;43;48;5
320120000;76;32;32000;32012;Aubiet;ZZZZZZ;3201200;Z;5;570;499;23;48;517;52;4;23;46;171;254;4;5;16;60;133;120;161;499;145;24;70;133;61;66;454;132;20;62;122;56;61;44;13;4;7;10;5;4;50;86;87;275;365;123;4;11;2.0;191.0;176.0;380;460;498;10
320130101;76;32;32401;32013;Auch;320031;3201301;H;1;857;689;53;116;221;631;62;125;155;212;135;57;71;80;205;151;74;51;683;103;88;237;208;28;19;179;45;49;42;27;5;12;498;56;39;191;182;23;7;127;187;136;239;247;427;75;15;40.0;444.0;192.0;382;521;621;5
320130102;76;32;32401;32013;Auch;320021;3201301;H;1;2013;1513;144;356;233;1775;352;524;312;180;145;247;358;380;250;138;69;72;1505;844;88;151;286;104;32;152;128;5;9;10;0;0;1347;716;83;142;275;101;31;481;521;167;344;244;1252;163;17;37.0;465.0;992.0;251;1045;1178;50
320130201;76;32;32401;32013;Auch;320021;3201302;H;1;1837;1519;47;272;1010;826;110;242;284;394;488;95;129;202;311;310;218;255;1488;293;135;402;396;110;153;871;217;62;257;226;42;67;616;76;73;145;170;68;86;278;343;248;650;812;692;80;15;106.0;767.0;572.0;854;1281;1413;17
320130202;76;32;32401;32013;Auch;320021;3201302;H;1;1599;1339;73;187;793;806;49;258;303;337;392;49;99;282;265;294;153;197;1327;74;59;418;416;140;220;683;70;43;294;188;26;62;644;4;15;124;228;114;158;205;359;250;524;666;627;40;46;47.0;572.0;659.0;1052;1168;1298;33
320130203;76;32;32401;32013;Auch;320031;3201302;H;1;1271;1058;48;165;364;893;173;157;266;261;200;132;86;215;280;237;49;58;1036;47;70;347;387;107;79;301;30;31;102;112;22;4;725;16;39;242;271;81;75;223;250;160;425;372;670;149;15;239.0;392.0;405.0;674;749;903;34
320130204;76;32;32401;32013;Auch;320031;3201302;H;1;1423;1292;18;112;1072;344;3;128;260;389;512;11;24;178;315;355;266;144;1273;89;59;478;366;116;165;964;78;59;384;289;74;79;302;7;0;94;73;42;87;149;316;212;616;842;418;76;33;28.0;807.0;375.0;1039;1154;1287;24
320130301;76;32;32401;32013;Auch;320031;3201303;H;1;880;806;3;72;215;665;4;55;241;229;276;2;9;107;348;272;52;17;795;30;12;394;256;82;22;184;12;6;81;51;31;5;611;18;6;313;206;51;17;124;220;136;326;149;603;536;54;367.0;332.0;103.0;319;568;802;30
320130302;76;32;32401;32013;Auch;320031;3201303;H;1;706;581;0;125;130;573;4;63;148;302;63;0;15;64;370;115;13;5;581;0;6;311;233;32;0;120;0;3;36;81;0;0;459;0;3;272;152;32;0;100;152;117;212;83;491;485;8;264.0;289.0;23.0;125;379;577;34
320130401;76;32;32401;32013;Auch;320011;3201304;A;1;1276;1124;37;116;861;412;7;135;242;270;471;7;67;166;205;312;178;189;1121;70;59;182;426;203;181;778;64;56;164;344;113;38;340;6;3;18;83;90;140;151;240;150;584;623;483;41;18;6.0;503.0;544.0;977;1002;1121;3
320130501;76;32;32401;32013;Auch;320011;3201305;A;3;757;695;5;57;609;148;0;32;145;216;302;0;8;44;124;238;170;111;689;21;12;76;246;242;93;561;15;12;68;199;186;81;128;6;0;8;47;55;11;102;147;110;336;423;260;36;12;8.0;241.0;380.0;621;670;695;5
320130601;76;32;32401;32013;Auch;320011;3201306;H;1;1020;921;19;80;880;137;25;44;103;249;501;28;29;29;97;204;213;322;905;118;36;127;415;135;73;794;114;33;114;351;124;57;107;4;3;13;64;8;16;103;127;107;584;695;198;3;29;14.0;368.0;300.0;745;849;895;15
320140000;76;32;32000;32014;Augnax;ZZZZZZ;3201400;Z;5;54;46;3;5;53;1;0;0;4;9;33;0;0;3;1;9;13;20;43;19;1;3;4;3;13;42;19;1;2;4;3;13;1;0;0;1;0;0;0;5;11;11;19;42;4;0;0;0.0;15.0;18.0;32;43;45;0
320150000;76;32;32000;32015;Aujan-Mournède;ZZZZZZ;3201500;Z;5;52;44;5;3;51;0;0;0;6;11;27;0;1;1;4;4;14;20;43;27;6;0;6;1;3;42;27;6;0;6;0;3;0;0;0;0;0;0;0;2;3;6;33;37;4;0;3;0.0;14.0;12.0;38;39;45;0
320160000;76;32;32000;32016;Auradé;ZZZZZZ;3201600;Z;5;280;254;11;15;277;3;0;3;17;65;169;0;0;5;11;44;72;122;243;54;6;16;39;69;59;240;52;6;16;39;69;58;3;2;0;0;0;0;1;25;33;41;155;220;29;0;5;0.0;94.0;107.0;217;243;255;0
320170000;76;32;32000;32017;Aurensan;ZZZZZZ;3201700;Z;5;69;59;4;6;68;0;0;0;4;14;41;1;0;0;4;11;17;26;58;18;3;9;11;6;11;57;17;3;9;11;6;11;0;0;0;0;0;0;0;7;2;7;43;52;6;0;1;0.0;22.0;19.0;47;56;55;0
320180000;76;32;32000;32018;Aurimont;ZZZZZZ;3201800;Z;5;93;77;6;11;91;3;0;2;8;19;48;0;2;1;5;15;26;28;77;28;3;3;11;15;17;75;28;3;3;11;13;17;2;0;0;0;0;2;0;6;13;10;49;64;13;0;1;0.0;31.0;27.0;55;74;77;5
320190000;76;32;32000;32019;Auterive;ZZZZZZ;3201900;Z;5;264;238;13;13;247;17;0;8;24;63;142;0;0;9;31;50;72;76;235;46;18;35;70;41;24;219;45;17;30;68;35;23;16;1;1;5;2;6;1;11;31;37;158;199;32;0;7;1.0;126.0;71.0;185;230;237;5
320200000;76;32;32000;32020;Aux-Aussat;ZZZZZZ;3202000;Z;5;142;117;22;3;138;3;0;3;3;18;93;1;1;3;4;25;22;61;112;63;8;5;16;9;11;108;63;7;5;16;8;9;3;0;1;0;0;0;2;13;22;11;71;88;17;1;12;1.0;44.0;22.0;108;109;119;0
320210000;76;32;32000;32021;Avensac;ZZZZZZ;3202100;Z;5;48;31;15;2;47;0;0;1;2;7;21;0;0;1;2;2;9;17;31;19;1;3;4;2;2;31;19;1;3;4;2;2;0;0;0;0;0;0;0;3;4;11;12;22;7;0;2;0.0;12.0;4.0;22;30;31;0
320220000;76;32;32000;32022;Avéron-Bergelle;ZZZZZZ;3202200;Z;5;116;79;19;18;111;2;1;1;9;23;45;2;2;5;6;23;16;25;77;42;6;9;9;6;6;74;41;6;9;9;6;4;1;0;0;0;0;0;1;6;11;10;53;68;9;0;2;2.0;21.0;9.0;53;75;82;0
320230000;76;32;32000;32023;Avezan;ZZZZZZ;3202300;Z;5;62;44;15;3;60;2;0;1;3;12;28;0;1;1;2;5;13;22;44;32;0;1;4;3;4;42;31;0;1;4;3;3;2;1;0;0;0;0;1;4;6;8;26;34;7;0;3;0.0;26.0;11.0;33;44;46;0
320240000;76;32;32000;32024;Ayguetinte;ZZZZZZ;3202400;Z;5;100;80;15;5;93;6;0;1;17;17;45;0;1;3;17;13;13;33;80;38;9;7;12;7;7;73;32;9;7;12;6;7;6;5;0;0;0;1;0;7;16;10;47;64;11;0;5;0.0;26.0;27.0;64;74;75;0
320250000;76;32;32000;32025;Ayzieu;ZZZZZZ;3202500;Z;5;104;79;15;10;97;5;0;2;14;22;41;1;1;2;6;26;18;26;79;53;6;0;8;3;9;74;51;5;0;8;3;7;3;2;0;0;0;0;1;8;15;13;43;61;14;0;4;2.0;16.0;13.0;67;78;79;0
320260000;76;32;32000;32026;Bajonnette;ZZZZZZ;3202600;Z;5;56;45;7;5;56;0;0;0;3;12;30;0;0;1;2;8;11;23;42;17;8;3;5;6;4;42;17;8;3;5;6;4;0;0;0;0;0;0;0;2;8;4;31;38;6;0;1;0.0;22.0;12.0;35;42;49;0
320270000;76;32;00263;32027;Barcelonne-du-Gers;ZZZZZZ;3202700;Z;5;778;668;36;74;706;70;2;32;118;214;302;3;10;39;115;189;146;167;630;104;43;145;197;87;55;582;94;40;126;184;85;54;48;10;3;19;13;2;1;92;100;108;368;466;187;37;15;7.0;329.0;189.0;529;597;669;25
320280000;76;32;32000;32028;Barcugnan;ZZZZZZ;3202800;Z;5;70;56;11;3;69;1;0;1;5;10;40;0;0;2;7;14;17;17;56;31;9;3;3;8;2;55;31;8;3;3;8;2;1;0;1;0;0;0;0;6;3;2;45;46;9;0;1;1.0;27.0;3.0;46;52;59;0
320290000;76;32;32000;32029;Barran;ZZZZZZ;3202900;Z;5;403;316;34;53;367;34;2;9;48;65;192;3;1;12;40;70;93;97;304;111;22;24;61;49;36;278;99;19;23;60;43;34;24;12;3;1;0;6;2;42;52;37;184;220;82;20;14;0.0;106.0;108.0;232;300;318;0
320300000;76;32;32000;32030;Bars;ZZZZZZ;3203000;Z;5;83;64;14;5;73;8;2;1;4;15;41;2;0;2;3;7;22;27;55;20;3;2;15;9;5;50;18;3;2;15;7;5;2;0;0;0;0;2;0;11;5;3;44;49;12;0;2;0.0;23.0;19.0;48;58;66;0
320310000;76;32;32000;32031;Bascous;ZZZZZZ;3203100;Z;5;96;72;9;15;93;2;2;1;5;23;41;1;0;0;7;18;25;21;68;9;6;5;20;9;19;65;9;6;4;19;9;18;2;0;0;1;0;0;1;3;8;24;37;65;5;0;2;0.0;12.0;19.0;60;69;70;0
320320000;76;32;32000;32032;Bassoues;ZZZZZZ;3203200;Z;5;237;171;33;33;224;13;0;13;25;44;88;0;2;14;25;33;32;64;170;101;7;15;23;15;9;158;96;7;13;18;15;9;12;5;0;2;5;0;0;13;23;14;121;131;38;8;2;3.0;57.0;48.0;111;150;171;0
320330000;76;32;32000;32033;Bazian;ZZZZZZ;3203300;Z;5;86;48;22;16;83;0;2;0;6;8;31;1;0;1;5;8;9;23;45;30;0;4;4;4;2;44;29;0;4;4;4;2;0;0;0;0;0;0;0;8;3;2;34;35;8;0;4;0.0;12.0;11.0;41;46;52;0
320340000;76;32;32000;32034;Bazugues;ZZZZZZ;3203400;Z;5;32;27;2;3;32;0;1;1;0;9;16;2;0;0;0;6;4;15;27;18;2;1;1;1;4;27;18;2;1;1;1;4;0;0;0;0;0;0;0;2;4;7;14;21;4;0;2;0.0;11.0;2.0;17;27;24;0
320350000;76;32;32000;32035;Beaucaire;ZZZZZZ;3203500;Z;5;172;128;34;10;165;5;0;5;14;43;67;0;1;7;16;31;30;43;127;56;15;11;21;16;8;122;55;15;11;19;15;7;4;0;0;0;2;1;1;8;11;15;94;101;20;1;7;0.0;52.0;30.0;81;124;130;5
320360000;76;32;32000;32036;Beaumarchés;ZZZZZZ;3203600;Z;5;364;289;49;26;337;23;1;12;34;83;159;1;4;9;26;82;72;95;285;73;17;39;61;56;39;264;70;15;35;56;51;37;20;3;2;3;5;5;2;22;36;55;176;213;70;19;6;3.0;109.0;65.0;228;275;290;5
320370000;76;32;32000;32037;Beaumont;ZZZZZZ;3203700;Z;5;88;65;12;11;87;1;0;2;3;20;40;0;0;1;3;13;16;33;64;24;4;1;5;13;17;63;23;4;1;5;13;17;1;1;0;0;0;0;0;4;4;13;44;59;3;0;3;1.0;19.0;19.0;55;61;69;0
320380000;76;32;32000;32038;Beaupuy;ZZZZZZ;3203800;Z;5;73;67;5;1;69;3;0;0;5;12;50;0;0;0;1;9;20;37;56;13;2;2;5;21;13;53;12;1;2;5;20;13;2;0;1;0;0;1;0;5;12;12;37;60;5;0;1;0.0;23.0;24.0;58;66;68;0
320390000;76;32;32000;32039;Beccas;ZZZZZZ;3203900;Z;5;56;48;5;3;55;0;0;2;3;15;28;0;1;1;4;14;13;14;46;14;1;0;10;10;10;45;14;1;0;10;9;10;0;0;0;0;0;0;0;3;6;11;28;43;5;0;0;0.0;13.0;9.0;36;48;46;0
320400000;76;32;32000;32040;Bédéchan;ZZZZZZ;3204000;Z;5;71;59;3;9;70;0;0;1;6;11;41;0;0;1;3;12;13;29;59;17;4;12;7;12;7;58;16;4;12;7;12;7;0;0;0;0;0;0;0;6;3;8;42;49;9;0;1;0.0;34.0;11.0;45;57;56;0
320410000;76;32;32000;32041;Bellegarde;ZZZZZZ;3204100;Z;5;87;73;4;10;82;5;2;3;5;16;46;0;1;6;5;16;18;26;73;37;10;2;12;8;5;69;37;10;2;9;6;5;4;0;0;0;3;1;0;8;5;19;41;55;11;0;8;1.0;10.0;13.0;51;71;81;5
320420000;76;32;32000;32042;Belloc-Saint-Clamens;ZZZZZZ;3204200;Z;5;73;59;9;5;73;0;0;1;7;11;40;0;0;2;6;11;12;28;58;32;5;1;6;9;5;58;32;5;1;6;9;5;0;0;0;0;0;0;0;4;3;2;50;53;5;0;1;0.0;26.0;13.0;55;57;55;0
320430000;76;32;32000;32043;Belmont;ZZZZZZ;3204300;Z;5;100;72;19;9;93;6;1;5;11;21;34;1;1;5;5;15;10;35;71;39;4;6;8;5;9;66;39;4;6;8;5;4;4;0;0;0;0;0;4;7;7;12;46;56;13;4;3;0.0;27.0;18.0;51;67;70;0
320440000;76;32;32000;32044;Béraut;ZZZZZZ;3204400;Z;5;183;155;24;3;174;7;3;4;25;29;94;0;3;8;14;25;29;76;149;48;7;7;31;34;22;143;48;7;7;31;33;17;6;0;0;0;0;1;5;10;16;26;103;127;22;0;6;0.0;55.0;51.0;145;152;150;0
320450000;76;32;32000;32045;Berdoues;ZZZZZZ;3204500;Z;5;224;191;17;16;216;4;3;2;14;63;109;5;0;3;18;51;39;75;189;43;7;26;35;38;40;181;38;7;25;35;36;40;4;2;0;1;0;1;0;15;21;24;131;162;23;0;6;1.0;67.0;42.0;152;188;195;5
320460000;76;32;32000;32046;Bernède;ZZZZZZ;3204600;Z;5;106;86;12;8;105;1;0;2;3;16;65;0;0;2;3;14;33;34;85;24;2;13;20;14;12;84;24;2;12;20;14;12;1;0;0;1;0;0;0;6;12;11;57;69;10;0;7;1.0;25.0;22.0;69;83;90;0
320470000;76;32;32000;32047;Berrac;ZZZZZZ;3204700;Z;5;58;41;15;2;58;0;0;1;3;9;28;0;1;2;3;6;10;19;39;18;2;3;6;6;5;39;18;2;3;6;6;5;0;0;0;0;0;0;0;5;6;0;30;38;3;0;0;1.0;14.0;9.0;36;40;42;0
320480000;76;32;32000;32048;Betcave-Aguin;ZZZZZZ;3204800;Z;5;50;40;6;4;48;2;0;1;5;11;23;0;1;0;8;9;9;14;38;19;1;2;3;7;6;36;19;1;2;3;5;6;2;0;0;0;0;2;0;3;5;7;25;31;5;0;4;2.0;12.0;5.0;22;38;39;0
320490000;76;32;32000;32049;Bétous;ZZZZZZ;3204900;Z;5;53;41;5;8;53;0;0;0;13;9;19;0;0;6;6;7;13;9;41;3;1;3;12;14;7;41;3;1;3;12;14;7;0;0;0;0;0;0;0;5;5;9;22;27;14;0;0;0.0;9.0;16.0;30;41;41;0
320500000;76;32;32000;32050;Betplan;ZZZZZZ;3205000;Z;5;61;48;3;10;61;0;0;1;8;14;25;0;1;1;8;12;8;18;47;17;5;3;10;10;2;47;17;5;3;10;10;2;0;0;0;0;0;0;0;6;3;5;34;39;9;0;0;1.0;15.0;9.0;38;44;50;0
320510000;76;32;32000;32051;Bézéril;ZZZZZZ;3205100;Z;5;57;47;3;7;56;1;0;2;1;10;34;0;0;1;1;6;10;29;46;22;1;0;4;7;12;45;22;1;0;4;7;11;1;0;0;0;0;0;1;3;6;8;30;37;7;0;3;0.0;21.0;13.0;42;47;45;0
320520000;76;32;32000;32052;Bezolles;ZZZZZZ;3205200;Z;5;104;66;22;16;98;3;0;3;6;13;44;2;0;2;8;11;19;24;65;38;4;4;8;7;4;62;37;4;4;8;5;4;1;1;0;0;0;0;0;5;4;9;48;58;6;0;2;1.0;18.0;14.0;50;59;65;0
320530000;76;32;32000;32053;Bézues-Bajon;ZZZZZZ;3205300;Z;5;111;83;12;16;107;1;0;4;14;24;41;1;3;3;11;17;21;27;82;42;3;3;16;13;5;78;41;3;3;14;13;4;1;0;0;0;1;0;0;5;9;13;56;67;10;0;6;0.0;19.0;13.0;57;77;85;0
320540000;76;32;32000;32054;Biran;ZZZZZZ;3205400;Z;5;218;173;22;24;207;9;0;6;19;35;113;0;1;9;16;35;30;83;166;87;13;9;17;23;18;158;83;11;9;17;21;18;6;3;2;0;0;1;0;9;25;26;113;149;18;2;6;2.0;85.0;37.0;134;164;179;0
320550000;76;32;32000;32055;Bivès;ZZZZZZ;3205500;Z;5;70;55;14;1;70;0;0;2;5;12;36;0;0;2;4;9;18;22;54;34;3;2;7;5;3;54;34;3;2;7;5;3;0;0;0;0;0;0;0;5;7;7;36;44;9;0;2;0.0;24.0;12.0;46;51;55;0
320560000;76;32;32000;32056;Blanquefort;ZZZZZZ;3205600;Z;5;24;18;1;5;23;0;0;0;1;3;13;0;0;0;0;1;7;9;18;9;1;3;1;2;1;18;9;1;3;1;2;1;0;0;0;0;0;0;0;1;1;2;13;16;2;0;0;0.0;12.0;1.0;13;18;16;0
320570000;76;32;32000;32057;Blaziert;ZZZZZZ;3205700;Z;5;82;60;17;5;79;2;0;1;5;9;45;0;1;0;4;15;13;28;60;41;1;2;7;6;3;59;40;1;2;7;6;3;0;0;0;0;0;0;0;3;8;8;41;49;5;0;6;1.0;34.0;10.0;48;58;54;0
320580000;76;32;32000;32058;Blousson-Sérian;ZZZZZZ;3205800;Z;5;38;21;13;4;37;0;0;0;1;7;13;0;0;1;2;2;8;8;21;12;1;0;5;1;2;21;12;1;0;5;1;2;0;0;0;0;0;0;0;0;0;6;15;19;1;0;1;0.0;7.0;4.0;17;20;25;0
320590000;76;32;32000;32059;Bonas;ZZZZZZ;3205900;Z;5;87;62;14;11;81;5;1;3;2;19;37;0;1;4;6;14;15;22;62;27;6;2;14;9;4;59;25;6;2;14;8;4;3;2;0;0;0;1;0;1;7;9;45;49;9;0;4;1.0;20.0;12.0;57;62;55;0
320600000;76;32;32000;32060;Boucagnères;ZZZZZZ;3206000;Z;5;90;80;8;2;89;0;0;1;2;29;48;0;0;0;3;18;26;34;78;16;2;4;24;3;29;77;16;2;4;24;3;28;0;0;0;0;0;0;0;4;22;15;39;73;5;0;2;0.0;25.0;25.0;73;78;77;0
320610000;76;32;32000;32061;Boulaur;ZZZZZZ;3206100;Z;5;82;68;8;7;79;4;0;3;2;18;44;0;1;3;1;12;16;35;64;35;1;5;8;5;11;60;33;1;5;7;4;11;4;2;0;0;1;1;0;8;7;12;42;56;8;0;4;2.0;23.0;17.0;52;64;63;0
320620000;76;32;32000;32062;Bourrouillan;ZZZZZZ;3206200;Z;5;91;70;14;7;88;3;0;1;3;22;44;0;0;1;6;15;16;32;66;30;4;6;12;8;6;65;30;4;6;12;8;5;1;0;0;0;0;0;1;8;7;11;44;54;14;0;2;0.0;24.0;20.0;62;66;69;0
320630000;76;32;32000;32063;Bouzon-Gellenave;ZZZZZZ;3206300;Z;5;102;85;9;7;101;1;0;1;8;19;57;0;1;0;2;17;28;37;85;36;4;8;14;14;9;84;36;3;8;14;14;9;1;0;1;0;0;0;0;3;9;15;58;76;7;0;2;1.0;32.0;13.0;63;81;80;0
320640000;76;32;32000;32064;Bretagne-d'Armagnac;ZZZZZZ;3206400;Z;5;238;208;13;16;219;18;3;13;34;66;92;0;5;13;22;58;49;61;201;36;21;33;42;37;32;186;34;19;31;40;33;30;14;2;2;2;2;4;2;22;30;35;121;151;47;3;9;0.0;73.0;81.0;161;197;201;0
320650000;76;32;32000;32065;Le Brouilh-Monbert;ZZZZZZ;3206500;Z;5;129;95;14;20;126;1;0;2;11;20;62;1;0;3;12;8;29;42;94;45;12;8;18;6;5;92;44;12;7;18;6;5;1;0;0;1;0;0;0;7;12;12;64;80;11;0;4;0.0;46.0;21.0;67;92;100;10
320660000;76;32;32000;32066;Brugnens;ZZZZZZ;3206600;Z;5;124;111;3;10;120;4;0;2;9;30;69;0;1;2;6;20;24;57;110;53;7;3;26;12;9;107;52;5;3;26;12;9;3;1;2;0;0;0;0;11;15;13;72;92;16;0;3;2.0;38.0;35.0;87;105;111;0
320670000;76;32;32000;32067;Cabas-Loumassès;ZZZZZZ;3206700;Z;5;32;23;1;7;32;0;0;0;1;5;17;0;0;0;3;4;4;12;21;17;0;0;0;0;4;21;17;0;0;0;0;4;0;0;0;0;0;0;0;4;3;4;12;20;3;0;0;0.0;19.0;2.0;6;23;25;0
320680000;76;32;32000;32068;Cadeilhan;ZZZZZZ;3206800;Z;5;69;56;7;6;63;6;0;1;6;18;31;0;1;1;1;16;9;28;55;27;5;1;5;8;9;51;25;3;1;5;8;9;4;2;2;0;0;0;0;6;12;8;30;47;8;0;1;0.0;19.0;23.0;48;56;55;0
320690000;76;32;32000;32069;Cadeillan;ZZZZZZ;3206900;Z;5;46;29;13;5;46;0;0;0;4;9;16;0;1;1;2;9;3;14;28;14;1;3;4;4;3;28;14;1;3;4;4;3;0;0;0;0;0;0;0;4;7;7;12;24;5;0;0;0.0;9.0;12.0;16;26;29;0
320700000;76;32;32000;32070;Cahuzac-sur-Adour;ZZZZZZ;3207000;Z;5;126;102;7;17;114;12;1;4;11;32;54;2;1;4;20;28;21;26;101;23;6;16;33;9;14;91;21;5;14;28;9;14;11;2;1;2;5;0;0;9;20;17;56;77;24;12;1;0.0;33.0;36.0;87;92;91;0
320710000;76;32;32000;32071;Caillavet;ZZZZZZ;3207100;Z;5;123;96;14;13;122;1;0;2;3;24;66;0;1;1;3;15;33;42;95;62;4;0;10;13;6;95;62;4;0;10;13;6;0;0;0;0;0;0;0;6;7;15;68;80;10;0;6;1.0;31.0;18.0;54;93;99;0
320720000;76;32;32000;32072;Callian;ZZZZZZ;3207200;Z;5;26;21;3;2;26;0;0;1;1;8;11;0;0;0;1;10;4;6;21;14;2;2;1;0;2;21;14;2;2;1;0;2;0;0;0;0;0;0;0;3;1;4;13;20;1;0;0;0.0;6.0;2.0;18;21;20;0
320730000;76;32;32000;32073;Campagne-d'Armagnac;ZZZZZZ;3207300;Z;5;135;102;25;8;131;3;1;0;7;32;61;0;1;0;10;27;26;38;99;32;9;11;19;21;6;97;31;8;11;19;21;6;1;1;0;0;0;0;0;10;14;14;65;81;17;0;4;0.0;38.0;30.0;84;99;104;0
320750000;76;32;32000;32075;Cassaigne;ZZZZZZ;3207500;Z;5;119;93;17;9;119;0;0;1;8;20;64;0;0;2;8;20;26;37;93;42;3;1;18;10;19;93;42;3;1;18;10;19;0;0;0;0;0;0;0;7;9;23;54;78;14;0;1;0.0;41.0;27.0;82;86;95;0
320760000;76;32;32000;32076;Castelnau-Barbarens;ZZZZZZ;3207600;Z;5;309;235;36;38;289;18;4;11;26;70;124;3;1;8;23;41;55;104;228;90;15;17;42;31;33;214;87;15;15;40;25;32;12;3;0;2;2;4;1;23;27;38;147;188;35;3;12;0.0;76.0;74.0;177;223;230;0
320770000;76;32;32000;32077;Castelnau-d'Anglès;ZZZZZZ;3207700;Z;5;63;43;15;5;59;4;1;0;8;11;23;1;1;3;2;11;12;13;42;20;1;0;6;8;7;38;20;1;0;6;4;7;4;0;0;0;0;4;0;6;5;9;23;38;5;1;0;0.0;5.0;9.0;31;42;40;0
320780000;76;32;32000;32078;Castelnau-d'Arbieu;ZZZZZZ;3207800;Z;5;130;99;17;15;129;0;2;3;13;26;54;2;1;2;4;23;25;42;96;48;3;9;10;12;13;95;48;3;9;10;11;13;0;0;0;0;0;0;0;10;15;15;57;82;12;1;4;1.0;41.0;30.0;79;96;92;5
320790000;76;32;32000;32079;Castelnau d'Auzan Labarrère;ZZZZZZ;3207900;Z;5;848;611;115;122;757;80;8;30;101;173;299;5;11;39;102;163;122;169;609;197;64;103;112;62;72;555;178;60;89;108;57;65;47;15;4;14;3;4;7;64;91;87;370;445;136;17;29;10.0;176.0;169.0;447;555;606;5
320800000;76;32;32000;32080;Castelnau-sur-l'Auvignon;ZZZZZZ;3208000;Z;5;97;69;20;8;92;3;0;3;7;11;48;0;1;3;5;9;15;36;69;27;3;7;5;15;12;67;26;3;7;5;14;12;2;1;0;0;0;1;0;4;7;9;49;58;9;0;2;1.0;30.0;15.0;63;63;64;0
320810000;76;32;32000;32081;Castelnavet;ZZZZZZ;3208100;Z;5;82;63;10;9;79;3;0;3;9;11;40;0;0;4;8;6;10;35;61;32;1;7;5;10;6;58;29;1;7;5;10;6;3;3;0;0;0;0;0;6;5;12;40;55;8;1;0;1.0;16.0;11.0;43;61;60;0
320820000;76;32;32000;32082;Castéra-Lectourois;ZZZZZZ;3208200;Z;5;187;143;36;8;184;2;2;3;21;29;88;0;2;3;22;24;23;69;142;56;16;5;29;24;12;139;54;16;5;29;24;11;2;2;0;0;0;0;0;16;21;21;85;118;20;0;5;0.0;61.0;46.0;109;138;145;0
320830000;76;32;32000;32083;Castéra-Verduzan;ZZZZZZ;3208300;Z;5;528;425;34;69;445;82;2;22;87;122;192;1;6;33;75;124;81;105;424;111;22;48;109;71;62;351;101;15;42;89;55;49;71;10;7;5;20;15;13;46;77;82;220;276;136;26;13;2.0;93.0;214.0;324;398;424;5
320840000;76;32;32000;32084;Castéron;ZZZZZZ;3208400;Z;5;38;28;4;5;36;2;0;1;4;6;17;0;0;2;1;4;9;12;28;14;2;2;6;3;1;26;12;2;2;6;3;1;2;2;0;0;0;0;0;3;3;2;20;24;4;0;0;0.0;5.0;14.0;23;26;25;0
320850000;76;32;32000;32085;Castet-Arrouy;ZZZZZZ;3208500;Z;5;93;71;13;8;88;4;0;0;9;16;46;0;0;1;6;14;19;30;70;21;5;5;11;13;15;67;19;4;5;11;12;15;3;1;1;0;0;1;0;2;11;16;42;55;14;3;2;0.0;38.0;22.0;56;69;70;0
320860000;76;32;32000;32086;Castex;ZZZZZZ;3208600;Z;5;59;41;17;2;59;0;0;0;0;8;33;0;0;0;1;3;9;28;41;24;2;1;2;9;2;41;24;2;1;2;9;2;0;0;0;0;0;0;0;3;3;4;30;39;2;0;0;0.0;13.0;8.0;37;39;39;0
320870000;76;32;32000;32087;Castex-d'Armagnac;ZZZZZZ;3208700;Z;5;82;56;13;13;78;4;3;1;5;12;35;1;2;1;3;15;11;23;55;30;4;8;5;4;4;52;30;2;8;4;4;4;3;0;2;0;1;0;0;4;11;7;34;39;12;0;5;2.0;16.0;12.0;48;54;50;5
320880000;76;32;32000;32088;Castillon-Debats;ZZZZZZ;3208800;Z;5;186;146;14;26;174;6;4;3;9;29;101;4;1;3;4;21;42;71;142;49;13;17;29;16;18;134;48;13;13;29;14;17;5;0;0;2;0;2;1;10;14;22;100;126;15;0;5;0.0;43.0;33.0;71;135;135;0
320890000;76;32;32000;32089;Castillon-Massas;ZZZZZZ;3208900;Z;5;109;100;0;9;103;3;0;3;12;23;62;0;3;2;8;16;34;38;100;24;3;6;24;30;14;95;24;3;6;23;26;14;3;0;0;0;1;2;0;11;14;14;62;83;14;0;3;0.0;35.0;34.0;79;99;99;0
320900000;76;32;32000;32090;Castillon-Savès;ZZZZZZ;3209000;Z;5;152;138;4;9;146;5;1;6;12;42;77;1;2;5;8;26;39;56;138;36;3;6;20;45;28;133;36;3;6;16;45;27;5;0;0;0;4;0;1;12;28;27;71;101;32;0;5;0.0;52.0;50.0;116;133;135;5
320910000;76;32;32000;32091;Castin;ZZZZZZ;3209100;Z;5;147;135;11;1;143;4;0;0;2;28;105;0;0;0;3;20;54;58;129;25;2;1;46;25;30;125;25;2;1;46;24;27;4;0;0;0;0;1;3;9;11;25;90;125;9;0;1;1.0;37.0;51.0;114;131;135;0
320920000;76;32;32000;32092;Catonvielle;ZZZZZZ;3209200;Z;5;51;44;2;5;50;0;0;1;6;11;26;0;0;1;1;8;8;26;42;10;3;0;7;8;14;41;10;3;0;6;8;14;0;0;0;0;0;0;0;2;4;11;27;38;3;1;3;0.0;22.0;9.0;41;42;45;0
320930000;76;32;32000;32093;Caumont;ZZZZZZ;3209300;Z;5;59;47;6;6;53;4;1;2;3;10;31;1;2;2;1;10;10;20;47;16;6;2;9;10;3;42;14;6;1;9;8;3;3;1;0;1;0;1;0;7;4;6;30;39;4;0;4;0.0;15.0;8.0;35;45;46;0
320940000;76;32;32000;32094;Caupenne-d'Armagnac;ZZZZZZ;3209400;Z;5;228;198;10;20;220;3;0;6;21;53;118;1;0;8;11;38;56;85;195;62;11;14;47;42;20;190;59;10;14;46;42;20;2;1;1;0;0;0;0;18;23;18;140;165;25;0;8;4.0;48.0;64.0;140;186;199;0
320950000;76;32;32000;32095;Caussens;ZZZZZZ;3209500;Z;5;315;277;21;17;305;7;0;2;31;56;187;1;1;6;18;75;68;107;275;104;5;18;81;44;22;269;103;5;17;81;43;19;5;1;0;1;0;1;2;18;30;30;199;229;41;6;7;0.0;97.0;97.0;239;262;282;15
320960000;76;32;32000;32096;Cazaubon;ZZZZZZ;3209600;Z;5;2489;870;1429;190;766;1692;79;106;141;204;339;65;64;96;122;187;143;194;869;180;59;188;287;70;84;580;156;44;97;167;47;69;280;23;14;84;119;23;15;134;167;152;417;512;321;29;36;42.0;254.0;333.0;578;758;804;15
320970000;76;32;32000;32097;Cazaux-d'Anglès;ZZZZZZ;3209700;Z;5;75;51;15;8;71;2;2;1;2;14;32;2;0;0;4;9;16;20;50;34;0;2;7;4;3;48;32;0;2;7;4;3;2;2;0;0;0;0;0;5;3;6;37;42;8;0;1;0.0;14.0;8.0;44;51;50;0
320980000;76;32;32000;32098;Cazaux-Savès;ZZZZZZ;3209800;Z;5;122;109;3;10;121;1;0;3;9;30;67;1;0;3;16;20;24;45;99;22;5;13;7;29;23;98;22;4;13;7;29;23;1;0;1;0;0;0;0;10;17;24;58;96;11;0;2;0.0;36.0;35.0;87;106;110;0
320990000;76;32;32000;32099;Cazaux-Villecomtal;ZZZZZZ;3209900;Z;5;50;39;8;3;45;5;0;3;4;12;20;0;0;4;1;11;9;15;39;27;2;1;4;3;2;34;22;2;1;4;3;2;5;5;0;0;0;0;0;4;3;7;25;30;8;0;1;0.0;8.0;11.0;31;39;34;0
321000000;76;32;32000;32100;Cazeneuve;ZZZZZZ;3210000;Z;5;98;64;19;15;96;1;1;2;10;21;30;1;0;2;5;11;18;26;57;17;10;2;11;9;8;56;16;10;2;11;9;8;1;1;0;0;0;0;0;6;10;11;36;59;3;0;2;0.0;21.0;14.0;55;60;64;5
321010000;76;32;32000;32101;Céran;ZZZZZZ;3210100;Z;5;96;87;3;6;94;2;0;3;12;26;46;0;0;1;12;21;21;32;85;20;3;11;9;16;26;83;19;3;11;9;16;25;2;1;0;0;0;0;1;7;18;19;43;59;26;9;2;3.0;30.0;31.0;78;84;85;0
321020000;76;32;32000;32102;Cézan;ZZZZZZ;3210200;Z;5;122;97;17;8;119;3;2;2;16;43;34;2;0;2;19;33;21;20;96;49;4;5;5;9;24;93;47;4;5;5;9;23;3;2;0;0;0;0;1;15;24;17;41;67;25;10;5;0.0;35.0;28.0;79;92;95;0
321030000;76;32;32000;32103;Chélan;ZZZZZZ;3210300;Z;5;107;80;16;10;102;3;0;4;4;38;34;1;0;2;6;17;23;31;80;48;5;4;7;7;9;75;45;5;4;7;5;9;3;1;0;0;0;2;0;2;10;9;59;69;9;0;2;0.0;29.0;11.0;42;79;80;5
321040000;76;32;32000;32104;Clermont-Pouyguillès;ZZZZZZ;3210400;Z;5;88;75;7;7;84;1;4;0;7;16;48;3;1;2;4;14;17;34;72;37;5;1;9;9;11;69;35;5;1;8;9;11;1;1;0;0;0;0;0;8;6;10;51;66;6;0;3;0.0;25.0;29.0;59;72;74;0
321050000;76;32;32000;32105;Clermont-Savès;ZZZZZZ;3210500;Z;5;126;118;5;3;124;2;0;2;6;25;86;0;0;2;6;15;30;64;94;13;2;8;22;20;29;92;13;2;8;21;20;28;2;0;0;0;1;0;1;19;28;16;55;102;14;2;2;0.0;40.0;53.0;110;116;124;0
321060000;76;32;32000;32106;Cologne;ZZZZZZ;3210600;Z;5;405;360;30;14;328;77;8;22;67;114;150;4;6;34;60;97;64;96;342;91;23;31;76;64;57;279;68;19;24;64;51;53;62;23;4;7;12;13;4;81;61;67;151;205;129;36;26;8.0;68.0;237.0;214;330;355;10
321070101;76;32;32203;32107;Condom;ZZZZZZ;3210701;H;4;1315;960;101;253;1021;288;25;89;192;226;427;18;34;88;162;236;194;227;957;363;118;145;225;76;31;746;281;76;109;191;60;29;209;82;41;34;34;16;2;118;164;167;512;605;324;32;31;28.0;515.0;286.0;581;801;938;29
321070102;76;32;32203;32107;Condom;ZZZZZZ;3210701;H;4;1429;1169;64;196;1071;352;25;110;233;357;443;18;34;115;238;301;217;244;1160;301;54;226;328;113;137;883;202;43;178;287;100;74;270;97;11;48;38;12;64;155;257;159;597;626;505;187;38;45.0;605.0;396.0;820;985;1160;34
321070103;76;32;32203;32107;Condom;ZZZZZZ;3210701;H;4;1352;1044;50;258;1150;198;12;69;169;317;476;6;19;87;178;329;226;198;1037;266;121;256;289;75;30;892;224;85;219;270;68;26;142;42;35;36;17;7;4;110;166;154;614;639;384;101;21;5.0;702.0;185.0;687;882;1019;10
321080000;76;32;32000;32108;Corneillan;ZZZZZZ;3210800;Z;5;79;58;11;9;72;6;0;3;7;8;41;1;0;2;8;5;18;25;52;27;1;4;9;8;4;50;25;1;4;9;8;4;1;1;0;0;0;0;0;8;10;10;31;53;3;0;2;0.0;18.0;10.0;50;56;57;5
321090000;76;32;32000;32109;Couloumé-Mondebat;ZZZZZZ;3210900;Z;5;138;96;21;21;134;2;2;0;6;21;67;1;1;2;9;13;29;41;94;47;11;4;12;15;5;90;45;10;4;11;15;5;2;2;0;0;0;0;0;8;14;12;62;79;16;0;1;0.0;26.0;16.0;85;85;95;0
321100000;76;32;32000;32110;Courrensan;ZZZZZZ;3211000;Z;5;267;191;52;23;257;6;0;4;27;37;122;1;1;14;20;40;39;77;190;72;17;11;41;21;28;184;70;17;11;41;19;26;6;2;0;0;0;2;2;33;23;33;102;140;38;0;12;3.0;66.0;40.0;158;178;192;0
321110000;76;32;32000;32111;Courties;ZZZZZZ;3211100;Z;5;33;25;8;0;33;0;0;1;2;4;18;0;0;1;1;5;6;12;25;12;0;0;7;1;5;25;12;0;0;7;1;5;0;0;0;0;0;0;0;3;1;4;17;24;1;0;0;0.0;6.0;2.0;17;24;26;0
321120000;76;32;32000;32112;Crastes;ZZZZZZ;3211200;Z;5;128;105;8;14;119;5;0;0;6;39;60;2;0;2;8;22;31;40;101;46;8;7;15;9;16;95;44;7;7;14;9;14;4;0;1;0;1;0;2;15;11;15;64;86;16;7;3;3.0;50.0;16.0;70;102;100;0
321130000;76;32;32000;32113;Cravencères;ZZZZZZ;3211300;Z;5;56;47;6;3;54;2;0;2;6;16;23;0;0;4;2;15;8;19;47;15;9;7;6;7;4;45;14;8;7;6;7;4;2;1;1;0;0;0;0;5;6;6;30;34;11;0;2;0.0;19.0;9.0;40;45;44;0
321140000;76;32;32000;32114;Cuélas;ZZZZZZ;3211400;Z;5;57;51;3;3;56;1;0;0;5;12;34;0;0;2;4;8;11;26;51;25;4;3;5;9;5;50;25;4;3;5;8;5;1;0;0;0;0;1;0;2;6;8;35;43;7;0;1;0.0;17.0;11.0;41;47;55;0
321150000;76;32;32000;32115;Dému;ZZZZZZ;3211500;Z;5;210;167;15;27;202;8;0;6;23;51;87;0;0;12;17;52;39;46;161;71;10;20;25;21;15;153;70;10;16;25;16;15;8;1;0;3;0;4;0;16;16;22;113;137;27;2;4;0.0;54.0;49.0;129;156;164;0
321160000;76;32;32000;32116;Duffort;ZZZZZZ;3211600;Z;5;77;61;13;3;77;0;0;4;3;16;38;0;0;1;4;9;11;36;60;27;5;6;9;9;4;60;27;5;6;9;9;4;0;0;0;0;0;0;0;4;9;5;43;51;6;0;4;0.0;20.0;11.0;55;59;65;0
321170000;76;32;32401;32117;Duran;ZZZZZZ;3211700;Z;5;386;366;5;15;373;13;1;4;23;111;226;0;1;4;33;104;103;121;351;21;6;53;125;64;81;339;20;5;48;125;64;75;11;1;1;4;0;0;5;28;43;56;240;288;70;19;8;2.0;172.0;138.0;331;358;367;0
321180000;76;32;32000;32118;Durban;ZZZZZZ;3211800;Z;5;77;66;9;2;74;2;0;2;6;16;42;0;0;3;7;9;15;32;66;35;2;2;15;3;9;64;33;2;2;13;3;9;2;1;0;0;1;0;0;2;6;8;50;57;4;0;4;1.0;33.0;17.0;44;62;67;0
321190000;76;32;32103;32119;Eauze;ZZZZZZ;3211900;Z;5;2445;1889;267;289;1882;552;16;142;357;646;729;12;53;163;303;560;411;387;1828;281;225;395;484;232;211;1406;210;147;299;403;197;151;416;70;77;95;78;36;60;201;325;328;1036;1208;636;170;46;98.0;492.0;761.0;1272;1660;1862;20
321200000;76;32;32000;32120;Encausse;ZZZZZZ;3212000;Z;5;183;167;6;10;181;2;0;3;3;50;111;0;0;1;5;28;47;86;165;55;5;13;20;29;42;164;55;5;12;20;29;42;1;0;0;1;0;0;0;7;25;33;102;156;8;0;3;0.0;56.0;49.0;151;159;168;0
321210000;76;32;32000;32121;Endoufielle;ZZZZZZ;3212100;Z;5;254;222;11;21;246;6;0;0;22;61;139;0;2;7;11;45;67;90;219;54;18;14;51;58;24;214;53;16;14;51;57;23;5;1;2;0;0;1;1;19;30;31;142;182;39;0;1;1.0;98.0;59.0;168;218;224;0
321220000;76;32;32000;32122;Esclassan-Labastide;ZZZZZZ;3212200;Z;5;181;159;14;9;173;7;0;10;9;38;101;1;1;9;8;29;51;59;150;26;21;16;29;36;23;144;26;21;16;26;34;22;6;0;0;0;3;2;1;17;21;13;108;122;29;0;7;0.0;56.0;49.0;131;154;166;0
321230000;76;32;32000;32123;Escorneboeuf;ZZZZZZ;3212300;Z;5;254;225;12;17;250;2;1;2;9;50;162;0;1;3;6;42;60;112;225;63;12;10;72;32;36;221;63;12;10;72;31;33;2;0;0;0;0;0;2;14;26;41;144;201;17;0;7;0.0;93.0;85.0;206;214;229;0
321240000;76;32;32000;32124;Espaon;ZZZZZZ;3212400;Z;5;99;80;12;7;96;3;0;4;10;25;41;0;0;1;7;12;27;33;78;33;15;5;2;16;7;75;31;15;5;1;16;7;3;2;0;0;1;0;0;4;9;12;55;62;16;3;2;0.0;21.0;20.0;64;75;80;0
321250000;76;32;32000;32125;Espas;ZZZZZZ;3212500;Z;5;75;54;19;2;75;0;0;1;8;12;33;0;0;4;4;12;13;21;53;31;5;6;5;4;2;53;31;5;6;5;4;2;0;0;0;0;0;0;0;4;6;7;37;49;5;0;0;1.0;8.0;7.0;43;51;60;0
321260000;76;32;32000;32126;Estampes;ZZZZZZ;3212600;Z;5;111;79;19;13;109;1;0;1;6;19;53;0;0;1;3;14;17;44;79;44;3;5;12;8;7;78;44;3;5;12;8;6;0;0;0;0;0;0;0;3;9;15;52;69;8;0;2;0.0;30.0;9.0;64;73;79;0
321270000;76;32;32000;32127;Estang;ZZZZZZ;3212700;Z;5;471;329;85;58;431;40;1;15;60;74;179;1;2;17;37;92;85;95;329;122;66;46;51;27;16;292;116;46;39;50;26;14;37;6;19;7;1;1;2;43;42;50;193;243;77;7;9;0.0;93.0;83.0;211;287;328;5
321280000;76;32;32000;32128;Estipouy;ZZZZZZ;3212800;Z;5;114;87;17;10;106;8;0;5;8;30;43;0;3;1;7;18;24;33;86;26;3;3;24;14;15;82;25;3;2;24;13;14;4;1;0;1;0;1;1;5;8;9;65;73;12;1;2;4.0;25.0;21.0;68;84;86;0
321290000;76;32;32000;32129;Estramiac;ZZZZZZ;3212900;Z;5;82;60;14;8;76;6;3;0;5;6;46;0;2;0;3;9;22;23;60;37;2;2;12;3;4;59;36;2;2;12;3;4;1;1;0;0;0;0;0;3;3;11;43;52;7;0;1;0.0;36.0;9.0;56;59;56;0
321300000;76;32;32000;32130;Faget-Abbatial;ZZZZZZ;3213000;Z;5;125;103;12;9;120;3;3;9;13;26;52;3;2;5;12;21;22;38;99;45;10;7;16;15;6;94;43;8;7;16;14;6;3;2;1;0;0;0;0;13;14;18;58;84;17;0;2;0.0;36.0;17.0;82;100;100;5
321310000;76;32;32000;32131;Flamarens;ZZZZZZ;3213100;Z;5;97;68;16;13;96;0;1;1;3;18;45;0;1;0;5;11;15;35;66;36;2;3;11;5;7;65;36;2;3;11;5;6;0;0;0;0;0;0;0;3;14;11;40;64;4;2;0;0.0;34.0;13.0;48;66;78;0
321320101;76;32;32201;32132;Fleurance;ZZZZZZ;3213201;H;4;1140;986;28;126;1023;112;10;40;144;321;471;4;11;68;145;348;190;220;976;79;64;194;425;130;84;882;78;64;161;401;106;72;91;1;0;32;23;24;11;90;159;148;589;726;252;26;8;29.0;351.0;446.0;700;893;1005;25
321320102;76;32;32201;32132;Fleurance;ZZZZZZ;3213201;H;4;1355;1050;45;260;937;413;36;113;273;311;317;24;38;103;259;288;132;206;1042;318;63;179;303;122;57;760;240;52;146;186;88;48;278;77;11;32;116;33;9;164;242;159;485;506;526;127;18;68.0;314.0;553.0;570;851;985;40
321320103;76;32;32201;32132;Fleurance;ZZZZZZ;3213201;H;4;1155;956;43;156;879;273;22;102;209;279;344;21;47;107;171;263;185;162;941;262;76;214;251;114;24;741;193;63;165;212;86;22;198;69;12;49;39;27;2;124;185;148;499;543;395;16;18;32.0;374.0;434.0;545;772;935;20
321330000;76;32;32000;32133;Fourcès;ZZZZZZ;3213300;Z;5;204;141;39;25;198;6;0;3;15;28;95;1;2;4;16;38;24;55;141;72;11;9;25;17;8;136;71;11;9;24;17;5;5;1;0;0;1;0;3;12;18;17;94;103;29;4;9;1.0;64.0;37.0;91;133;138;0
321340000;76;32;32000;32134;Frégouville;ZZZZZZ;3213400;Z;5;148;135;2;11;147;1;0;0;7;48;80;0;0;1;8;30;46;50;131;33;3;5;21;25;44;130;33;3;5;21;25;43;1;0;0;0;0;0;1;7;32;26;70;116;18;0;1;1.0;29.0;70.0;127;134;135;0
321350000;76;32;32000;32135;Fustérouau;ZZZZZZ;3213500;Z;5;71;59;11;2;67;3;1;3;5;11;39;1;0;3;7;17;11;20;57;22;7;8;6;11;3;53;20;6;8;6;10;3;3;1;1;0;0;1;0;5;5;10;39;49;5;0;5;1.0;16.0;6.0;32;56;60;0
321360000;76;32;32000;32136;Galiax;ZZZZZZ;3213600;Z;5;89;70;12;7;84;2;1;1;7;16;45;2;0;2;6;13;15;33;68;16;2;4;27;12;7;64;14;1;4;27;11;7;2;1;1;0;0;0;0;9;6;9;45;56;13;2;1;0.0;22.0;19.0;56;68;74;0
321380000;76;32;32000;32138;Garravet;ZZZZZZ;3213800;Z;5;84;65;11;8;81;3;0;1;12;19;33;0;0;2;3;15;17;28;65;33;8;3;8;8;5;63;31;8;3;8;8;5;2;2;0;0;0;0;0;2;13;9;41;54;10;0;1;0.0;24.0;14.0;49;57;66;0
321390000;76;32;32000;32139;Gaudonville;ZZZZZZ;3213900;Z;5;66;50;11;5;65;1;0;0;4;13;33;0;0;2;4;6;11;27;49;26;2;5;6;5;5;48;25;2;5;6;5;5;1;1;0;0;0;0;0;5;2;6;37;40;9;0;1;0.0;16.0;13.0;42;47;50;0
321400000;76;32;32000;32140;Gaujac;ZZZZZZ;3214000;Z;5;44;31;13;1;43;1;0;1;1;12;16;0;0;1;0;6;11;12;27;10;0;1;1;2;13;26;10;0;0;1;2;13;1;0;0;1;0;0;0;2;6;4;19;28;1;0;2;0.0;11.0;11.0;20;31;33;0
321410000;76;32;32000;32141;Gaujan;ZZZZZZ;3214100;Z;5;74;54;12;8;72;2;0;3;8;7;35;0;1;3;6;13;12;19;54;26;9;2;7;3;5;52;25;8;2;7;3;5;2;1;1;0;0;0;0;5;12;9;27;39;15;0;0;1.0;15.0;11.0;42;51;53;5
321420000;76;32;32000;32142;Gavarret-sur-Aulouste;ZZZZZZ;3214200;Z;5;72;61;7;4;71;0;1;3;2;12;43;1;0;2;3;16;14;25;58;15;3;7;18;8;6;58;15;3;7;18;8;6;0;0;0;0;0;0;0;10;6;9;36;52;9;0;0;0.0;27.0;16.0;47;56;61;0
321430000;76;32;32000;32143;Gazaupouy;ZZZZZZ;3214300;Z;5;196;146;32;17;185;9;2;2;22;28;92;2;0;3;15;21;37;68;139;69;13;15;18;13;10;130;68;13;13;16;10;10;8;1;0;2;1;3;0;14;17;23;92;112;28;0;7;2.0;53.0;41.0;106;138;136;0
321440000;76;32;32000;32144;Gazax-et-Baccarisse;ZZZZZZ;3214400;Z;5;51;38;6;6;51;0;0;0;3;7;28;0;0;2;3;5;9;19;38;15;2;4;10;3;3;38;15;2;4;10;3;3;0;0;0;0;0;0;0;1;5;5;26;34;4;2;0;1.0;10.0;3.0;37;34;38;0
321450000;76;32;32000;32145;Gée-Rivière;ZZZZZZ;3214500;Z;5;31;25;5;0;30;1;0;2;3;6;15;0;2;1;4;6;5;8;25;5;3;6;5;5;2;24;5;3;5;5;5;2;1;0;0;1;0;0;0;2;5;1;18;22;3;0;1;0.0;10.0;7.0;21;24;29;0
321460000;76;32;32000;32146;Gimbrède;ZZZZZZ;3214600;Z;5;149;113;14;22;147;2;0;0;6;30;77;0;0;1;8;17;35;52;111;55;8;10;10;15;12;109;54;8;10;9;15;12;2;1;0;0;1;0;0;7;7;18;81;100;10;0;3;0.0;46.0;21.0;92;111;109;0
321470000;76;32;32101;32147;Gimont;ZZZZZZ;3214700;Z;5;1602;1319;47;236;1233;366;16;68;297;403;535;10;18;119;273;378;261;259;1318;341;103;215;324;159;175;1028;271;67;175;262;122;130;288;69;35;40;62;37;46;169;292;210;648;822;447;53;50;57.0;618.0;479.0;801;1153;1327;5
321480000;76;32;32000;32148;Giscaro;ZZZZZZ;3214800;Z;5;38;33;5;0;37;1;0;0;0;11;22;0;0;0;1;8;9;15;32;11;1;4;3;4;9;31;10;1;4;3;4;9;1;1;0;0;0;0;0;2;5;8;18;27;4;0;2;0.0;16.0;9.0;26;31;30;0
321490000;76;32;32000;32149;Gondrin;ZZZZZZ;3214900;Z;5;706;553;69;84;635;64;2;17;79;170;285;2;12;30;74;132;127;176;543;138;50;71;102;92;90;490;132;43;57;92;83;83;47;4;6;14;9;8;6;59;92;99;303;401;135;11;17;4.0;153.0;221.0;380;513;550;10
321500000;76;32;32000;32150;Goutz;ZZZZZZ;3215000;Z;5;99;86;10;2;97;2;0;1;5;25;55;0;1;1;5;15;26;39;83;35;3;3;9;18;15;81;35;2;3;8;18;15;2;0;1;0;1;0;0;12;10;8;57;72;13;0;2;3.0;36.0;22.0;68;80;82;0
321510000;76;32;32000;32151;Goux;ZZZZZZ;3215100;Z;5;53;29;14;10;53;0;0;0;2;7;19;0;0;0;3;6;10;10;28;9;5;4;5;2;2;28;9;5;4;5;2;2;0;0;0;0;0;0;0;1;2;3;22;28;1;0;0;0.0;6.0;1.0;24;29;32;0
321520000;76;32;32000;32152;Haget;ZZZZZZ;3215200;Z;5;182;151;11;20;178;2;1;2;12;37;99;1;2;3;11;39;35;60;149;40;17;17;39;12;24;145;38;17;16;38;12;24;2;2;0;0;0;0;0;18;15;29;89;126;22;0;3;0.0;45.0;33.0;139;148;145;0
321530000;76;32;32000;32153;Haulies;ZZZZZZ;3215300;Z;5;61;57;2;2;60;1;0;3;2;17;35;0;0;3;1;9;18;25;56;19;1;0;4;13;19;55;19;1;0;3;13;19;1;0;0;0;1;0;0;2;3;17;35;53;2;0;2;1.0;20.0;14.0;47;56;53;0
321540000;76;32;32000;32154;Homps;ZZZZZZ;3215400;Z;5;68;47;12;9;66;2;1;2;7;14;22;1;1;2;3;5;10;25;47;21;7;3;7;4;5;45;20;7;3;7;4;5;2;1;1;0;0;0;0;6;4;5;33;41;5;0;1;0.0;25.0;7.0;38;44;47;0
321550000;76;32;32000;32155;Le Houga;ZZZZZZ;3215500;Z;5;638;527;26;85;560;76;1;32;65;136;293;6;10;33;49;145;160;124;519;105;28;88;153;61;84;460;101;24;85;127;50;73;58;4;4;3;25;11;11;52;66;103;306;390;126;41;11;38.0;160.0;140.0;429;473;535;5
321560000;76;32;32000;32156;Idrac-Respaillès;ZZZZZZ;3215600;Z;5;105;88;9;8;103;1;1;2;5;26;54;0;1;2;3;17;18;47;87;42;4;7;13;14;7;86;42;4;7;13;14;6;1;0;0;0;0;0;1;6;9;16;57;74;10;1;4;0.0;30.0;16.0;80;82;90;0
321570000;76;32;32000;32157;L'Isle-Arné;ZZZZZZ;3215700;Z;5;73;64;2;7;66;5;1;4;7;22;30;2;1;5;3;12;24;17;62;17;0;2;6;9;28;57;14;0;2;5;8;28;5;3;0;0;1;1;0;8;8;20;28;49;13;0;2;0.0;23.0;22.0;56;61;65;0
321580000;76;32;32000;32158;L'Isle-Bouzon;ZZZZZZ;3215800;Z;5;144;110;23;11;135;8;0;6;12;26;66;0;2;1;14;20;32;41;110;71;2;6;5;11;15;103;67;2;6;5;8;15;7;4;0;0;0;3;0;5;25;20;60;79;24;0;7;1.0;50.0;28.0;77;106;110;5
321590000;76;32;32000;32159;L'Isle-de-Noé;ZZZZZZ;3215900;Z;5;294;240;25;29;280;8;0;6;25;55;155;3;3;6;27;55;51;96;231;65;18;27;34;57;32;219;65;17;24;34;51;30;6;0;1;2;0;3;0;27;22;35;157;191;41;5;9;3.0;91.0;56.0;194;231;238;5
321600101;76;32;32202;32160;L'Isle-Jourdain;ZZZZZZ;3216001;H;4;1671;1509;58;105;1053;613;18;238;361;377;515;14;54;256;328;355;251;252;1446;173;65;208;450;256;295;925;115;45;127;362;150;126;516;57;18;81;87;105;169;221;347;279;662;813;669;141;26;21.0;653.0;710.0;1013;1342;1483;44
321600102;76;32;32202;32160;L'Isle-Jourdain;ZZZZZZ;3216001;H;4;2687;2464;76;146;2011;664;37;225;404;822;976;23;80;240;391;642;545;543;2150;248;98;199;403;573;629;1611;202;77;146;323;425;437;529;44;20;53;75;146;191;373;672;518;901;1448;961;187;55;20.0;968.0;1258.0;1962;2295;2420;44
321610000;76;32;32000;32161;Izotges;ZZZZZZ;3216100;Z;5;60;48;4;7;58;1;0;2;8;13;25;0;0;2;7;12;12;16;47;21;8;7;3;3;5;46;21;8;6;3;3;5;1;0;0;1;0;0;0;3;9;3;32;38;9;0;1;0.0;16.0;7.0;45;47;46;0
321620000;76;32;32000;32162;Jegun;ZZZZZZ;3216200;Z;5;679;527;70;83;587;86;4;30;77;156;260;5;20;34;68;101;118;181;520;226;27;34;81;82;70;445;204;23;30;61;60;66;72;20;4;4;19;20;4;70;95;94;269;355;148;8;24;13.0;211.0;199.0;314;483;524;5
321630000;76;32;32000;32163;Jû-Belloc;ZZZZZZ;3216300;Z;5;175;144;17;14;161;5;3;10;19;52;60;3;7;7;8;36;42;41;144;64;15;11;15;24;15;132;61;12;10;15;23;11;5;1;0;0;0;0;4;14;17;14;99;113;25;1;6;1.0;37.0;31.0;120;134;140;0
321640000;76;32;32000;32164;Juillac;ZZZZZZ;3216400;Z;5;71;56;5;10;69;3;0;1;5;12;38;0;0;0;0;9;18;28;55;22;2;2;11;6;12;55;22;2;2;11;6;12;0;0;0;0;0;0;0;2;2;9;42;56;0;0;0;0.0;28.0;9.0;45;52;58;0
321650000;76;32;32000;32165;Juilles;ZZZZZZ;3216500;Z;5;102;88;1;13;102;0;0;2;7;27;52;0;1;2;2;15;23;45;84;28;7;7;11;22;9;84;28;7;7;11;22;9;0;0;0;0;0;0;0;10;6;10;62;75;12;0;1;0.0;29.0;18.0;82;88;90;0
321660000;76;32;32000;32166;Justian;ZZZZZZ;3216600;Z;5;70;49;16;5;68;1;1;1;4;15;28;1;0;2;3;12;15;16;49;23;1;2;8;8;7;47;23;1;2;7;8;6;1;0;0;0;0;0;1;2;7;4;36;47;1;0;1;0.0;21.0;12.0;41;47;50;0
321670000;76;32;32000;32167;Laas;ZZZZZZ;3216700;Z;5;167;126;33;9;161;0;1;2;13;47;63;0;1;1;11;37;28;48;124;56;8;8;13;15;25;122;55;8;8;13;14;25;0;0;0;0;0;0;0;8;11;27;80;108;13;0;5;0.0;34.0;29.0;111;123;126;5
321690000;76;32;32000;32169;Labarthe;ZZZZZZ;3216900;Z;5;74;68;4;2;74;0;0;1;4;12;50;0;0;4;5;17;19;23;68;27;1;10;16;6;7;68;27;1;10;16;6;7;0;0;0;0;0;0;0;4;2;11;50;54;11;0;2;2.0;26.0;17.0;54;63;68;5
321700000;76;32;32000;32170;Labarthète;ZZZZZZ;3217000;Z;5;92;62;14;16;88;2;0;3;2;11;46;0;0;2;5;13;14;28;62;24;3;5;11;12;7;61;24;3;5;11;12;6;1;0;0;0;0;0;1;4;5;14;39;54;3;0;5;0.0;21.0;10.0;50;58;60;0
321710000;76;32;32000;32171;Labastide-Savès;ZZZZZZ;3217100;Z;5;85;69;5;11;80;5;0;1;10;19;39;0;1;0;5;16;20;27;56;17;4;3;11;6;17;54;17;4;3;11;5;16;2;0;0;0;0;1;1;9;9;16;36;60;8;1;1;0.0;16.0;29.0;52;67;68;0
321720000;76;32;32000;32172;Labéjan;ZZZZZZ;3217200;Z;5;149;122;12;15;138;6;3;4;10;23;82;3;1;2;11;21;30;54;120;42;4;8;20;28;18;113;41;4;7;18;26;17;5;0;0;1;1;2;1;5;13;22;82;104;15;3;3;1.0;54.0;28.0;92;121;120;5
321730000;76;32;32000;32173;Labrihe;ZZZZZZ;3217300;Z;5;115;87;14;14;114;0;1;4;3;23;56;1;2;1;5;19;25;34;87;34;4;5;21;12;11;86;33;4;5;21;12;11;0;0;0;0;0;0;0;9;8;14;56;74;11;0;2;1.0;28.0;35.0;69;84;85;0
321740000;76;32;32000;32174;Ladevèze-Rivière;ZZZZZZ;3217400;Z;5;132;108;16;8;123;8;1;2;15;25;65;0;0;2;13;25;16;51;97;44;6;8;13;13;13;94;44;6;7;13;11;13;3;0;0;1;0;2;0;11;12;15;70;93;11;4;5;0.0;22.0;18.0;82;102;111;0
321750000;76;32;32000;32175;Ladevèze-Ville;ZZZZZZ;3217500;Z;5;99;81;8;10;98;1;0;3;8;17;53;0;0;1;5;18;18;40;80;40;1;3;9;11;16;79;39;1;3;9;11;16;1;1;0;0;0;0;0;4;4;11;61;74;6;0;1;0.0;30.0;17.0;50;80;78;0
321760000;76;32;32000;32176;Lagarde;ZZZZZZ;3217600;Z;5;90;57;25;8;86;4;0;3;4;16;34;1;2;0;4;7;14;29;57;30;1;4;9;8;5;54;30;1;3;8;7;5;3;0;0;1;1;1;0;2;5;4;46;49;4;0;4;1.0;25.0;8.0;46;52;55;0
321770000;76;32;32000;32177;Lagarde-Hachan;ZZZZZZ;3217700;Z;5;100;67;26;6;93;7;0;0;10;25;32;0;0;2;9;11;21;25;62;18;7;0;9;17;13;61;18;7;0;9;16;12;2;0;0;0;0;1;1;0;18;13;37;57;10;5;1;1.0;27.0;16.0;58;64;63;5
321780000;76;32;32000;32178;Lagardère;ZZZZZZ;3217800;Z;5;34;30;3;1;34;0;0;1;1;7;21;0;0;2;4;2;3;18;28;15;1;2;3;1;5;28;15;1;2;3;1;5;0;0;0;0;0;0;0;3;0;8;18;25;5;3;0;0.0;11.0;4.0;23;28;36;0
321800000;76;32;32000;32180;Lagraulet-du-Gers;ZZZZZZ;3218000;Z;5;359;241;96;21;344;8;3;14;27;70;127;3;5;13;23;53;55;88;239;64;12;15;41;39;68;225;58;12;14;39;38;64;7;5;0;1;0;0;1;30;47;41;123;194;34;6;13;3.0;56.0;79.0;180;222;239;16
321810000;76;32;32000;32181;Laguian-Mazous;ZZZZZZ;3218100;Z;5;144;112;18;14;136;6;1;2;5;45;59;1;0;2;8;25;39;37;107;37;12;8;27;13;11;100;34;9;8;26;13;11;5;2;2;0;1;0;0;12;8;17;76;97;12;0;3;0.0;32.0;28.0;89;106;113;5
321820000;76;32;32000;32182;Lahas;ZZZZZZ;3218200;Z;5;94;73;12;10;92;0;0;1;5;16;51;0;1;0;5;12;12;43;73;40;4;2;5;8;13;73;40;4;2;5;8;13;0;0;0;0;0;0;0;7;9;13;43;59;11;0;3;0.0;25.0;21.0;67;72;74;5
321830000;76;32;32000;32183;Lahitte;ZZZZZZ;3218300;Z;5;114;106;2;6;108;4;0;2;4;27;73;0;0;3;5;24;33;41;104;11;4;10;34;30;15;99;11;4;9;33;30;12;4;0;0;0;1;0;3;5;14;11;76;97;9;3;0;3.0;47.0;33.0;86;102;105;0
321840000;76;32;32000;32184;Lalanne;ZZZZZZ;3218400;Z;5;60;54;4;2;58;2;0;0;6;11;36;0;0;1;2;7;17;27;52;15;3;3;2;20;9;50;12;3;3;2;20;9;2;2;0;0;0;0;0;3;6;9;35;47;5;0;2;2.0;26.0;13.0;51;52;52;0
321850000;76;32;32000;32185;Lalanne-Arqué;ZZZZZZ;3218500;Z;5;91;72;9;10;90;0;1;4;8;20;38;1;1;1;6;12;15;35;68;28;4;1;13;6;15;67;28;4;1;13;6;14;0;0;0;0;0;0;0;7;9;14;42;61;7;0;4;0.0;20.0;17.0;63;68;71;0
321860000;76;32;32000;32186;Lamaguère;ZZZZZZ;3218600;Z;5;44;33;5;6;37;0;2;0;4;8;19;1;0;1;3;8;7;13;31;25;0;1;2;2;1;29;24;0;0;2;2;1;0;0;0;0;0;0;0;1;4;5;23;27;3;0;3;0.0;7.0;5.0;25;31;35;0
321870000;76;32;32000;32187;Lamazère;ZZZZZZ;3218700;Z;5;67;53;9;5;66;1;0;1;5;14;33;0;1;0;3;8;22;20;53;24;1;5;5;12;7;52;23;1;5;5;12;7;1;1;0;0;0;0;0;3;7;11;32;42;8;0;3;0.0;26.0;14.0;37;52;54;0
321880000;76;32;32000;32188;Lamothe-Goas;ZZZZZZ;3218800;Z;5;45;33;7;5;43;1;1;1;3;7;21;0;1;1;2;5;7;17;30;10;5;3;3;3;6;28;9;5;3;2;3;6;1;1;0;0;0;0;0;4;3;7;19;28;3;0;2;0.0;13.0;7.0;24;31;30;0
321890000;76;32;32000;32189;Lannemaignan;ZZZZZZ;3218900;Z;5;77;49;18;9;71;5;0;0;7;10;32;0;0;3;6;5;10;25;47;22;5;6;2;9;3;44;21;5;6;2;8;2;3;1;0;0;0;1;1;3;10;6;30;40;8;0;1;0.0;15.0;9.0;27;44;46;0
321900000;76;32;32000;32190;Lannepax;ZZZZZZ;3219000;Z;5;332;243;41;48;317;13;1;10;30;79;123;3;2;14;24;84;52;64;236;95;23;20;64;23;10;227;91;23;19;63;22;8;7;3;0;1;1;0;2;11;33;36;163;186;48;9;9;0.0;57.0;70.0;170;226;239;5
321910000;76;32;32000;32191;Lanne-Soubiran;ZZZZZZ;3219100;Z;5;71;60;6;6;68;2;0;3;9;7;42;0;3;1;3;17;13;24;56;12;11;9;6;10;10;53;12;11;9;5;9;9;2;0;0;0;1;1;0;8;7;11;35;53;6;0;2;0.0;18.0;15.0;46;55;63;0
321920000;76;32;32000;32192;Lannux;ZZZZZZ;3219200;Z;5;137;109;10;17;129;7;1;6;9;31;62;0;2;4;8;24;23;48;108;24;5;16;26;15;22;101;20;5;15;24;15;22;6;4;0;1;1;0;0;9;10;27;63;90;16;0;3;0.0;40.0;23.0;86;104;105;0
321930000;76;32;32000;32193;Larée;ZZZZZZ;3219300;Z;5;138;108;20;10;136;2;0;1;14;33;60;0;0;1;7;37;27;36;104;23;12;13;31;10;15;104;23;12;13;31;10;15;0;0;0;0;0;0;0;10;8;20;70;94;11;0;3;1.0;26.0;27.0;81;102;110;0
321940000;76;32;32000;32194;Larressingle;ZZZZZZ;3219400;Z;5;132;96;29;7;122;9;1;8;12;21;54;1;6;2;10;23;25;29;94;23;5;12;19;24;11;84;22;5;9;15;22;11;9;1;0;2;4;2;0;15;19;14;48;68;24;0;4;0.0;34.0;32.0;62;93;95;5
321950000;76;32;32000;32195;Larroque-Engalin;ZZZZZZ;3219500;Z;5;37;26;8;3;36;1;0;1;5;5;14;0;0;1;3;3;9;10;24;12;4;1;3;1;2;23;12;4;1;2;1;2;1;0;0;0;1;0;0;1;8;5;12;19;5;0;2;0.0;10.0;10.0;20;25;27;0
321960000;76;32;32000;32196;Larroque-Saint-Sernin;ZZZZZZ;3219600;Z;5;117;75;22;20;107;10;0;3;15;10;47;0;2;2;11;16;12;32;74;32;8;4;12;7;11;64;32;8;3;9;6;6;10;0;0;1;3;1;5;8;8;11;48;58;15;0;2;3.0;17.0;18.0;53;75;80;0
321970000;76;32;32000;32197;Larroque-sur-l'Osse;ZZZZZZ;3219700;Z;5;139;111;16;11;138;1;0;0;10;20;81;0;0;0;16;18;32;46;108;54;0;5;14;6;29;107;53;0;5;14;6;29;1;1;0;0;0;0;0;5;13;16;77;93;16;0;2;2.0;41.0;34.0;97;108;111;0
321980000;76;32;32000;32198;Lartigue;ZZZZZZ;3219800;Z;5;90;71;11;8;88;1;0;1;11;21;37;0;0;1;4;11;20;34;70;30;3;3;8;7;18;70;30;3;3;8;7;18;0;0;0;0;0;0;0;6;15;11;38;69;0;0;2;0.0;29.0;9.0;48;71;73;0
321990000;76;32;32000;32199;Lasserade;ZZZZZZ;3219900;Z;5;121;90;18;13;120;1;0;2;9;20;59;0;0;4;2;23;28;33;89;37;11;11;15;9;6;89;37;11;11;15;9;6;0;0;0;0;0;0;0;5;10;11;64;74;9;0;7;0.0;37.0;13.0;76;80;90;0
322000000;76;32;32000;32200;Lasséran;ZZZZZZ;3220000;Z;5;184;168;5;11;179;4;1;6;21;45;95;0;0;6;17;41;46;58;144;20;7;8;35;41;32;140;20;6;8;35;39;31;3;0;1;0;0;1;1;21;32;14;100;137;24;2;7;1.0;52.0;65.0;142;165;160;5
322010000;76;32;32000;32201;Lasseube-Propre;ZZZZZZ;3220100;Z;5;153;142;3;7;148;4;1;3;14;38;86;2;0;1;10;35;37;57;140;30;4;1;40;45;20;135;28;4;1;39;45;18;4;1;0;0;1;0;2;5;10;18;109;133;7;3;2;1.0;53.0;41.0;126;138;138;0
322020000;76;32;32000;32202;Laujuzan;ZZZZZZ;3220200;Z;5;173;129;19;25;153;10;0;5;26;29;69;0;1;6;20;29;39;34;123;34;7;16;25;14;27;119;33;7;15;23;14;27;4;1;0;1;2;0;0;18;24;25;62;96;27;1;6;0.0;28.0;40.0;98;124;125;5
322030000;76;32;32000;32203;Lauraët;ZZZZZZ;3220300;Z;5;141;111;17;12;136;5;1;2;10;31;67;0;1;5;5;27;33;40;106;38;14;5;14;19;16;102;37;13;5;14;19;14;4;1;1;0;0;0;2;10;14;14;73;89;14;0;8;0.0;27.0;33.0;89;108;115;0
322040000;76;32;32000;32204;Lavardens;ZZZZZZ;3220400;Z;5;228;185;25;18;217;9;2;4;14;42;123;3;2;7;17;34;38;83;182;92;19;7;25;31;7;171;88;17;6;24;29;7;9;4;2;1;1;1;0;11;18;22;134;154;22;0;8;2.0;75.0;30.0;127;176;183;0
322050000;76;32;32000;32205;Laveraët;ZZZZZZ;3220500;Z;5;75;53;13;8;71;2;1;0;8;11;33;1;0;0;6;11;12;23;50;21;7;4;5;6;7;49;21;7;4;5;6;6;0;0;0;0;0;0;0;4;6;7;36;44;6;0;3;0.0;15.0;6.0;48;51;50;0
322060000;76;32;32000;32206;Laymont;ZZZZZZ;3220600;Z;5;111;91;12;7;109;2;0;2;6;22;61;0;0;2;4;13;27;45;91;54;7;2;11;11;6;89;52;7;2;11;11;6;2;2;0;0;0;0;0;4;15;12;60;75;13;0;3;2.0;26.0;24.0;70;89;95;0
322070000;76;32;32000;32207;Leboulin;ZZZZZZ;3220700;Z;5;161;147;4;10;157;4;0;5;8;33;101;1;0;4;6;19;49;68;139;24;6;3;42;33;31;135;21;6;3;42;32;31;4;3;0;0;0;1;0;18;18;29;82;115;26;1;6;3.0;62.0;52.0;139;147;145;0
322080000;76;32;32102;32208;Lectoure;ZZZZZZ;3220800;Z;5;2337;1747;268;322;1835;491;22;134;342;479;770;36;46;146;277;461;338;443;1726;669;102;216;409;185;145;1370;510;80;169;357;142;113;347;158;21;47;48;42;31;210;316;272;950;1087;607;156;53;38.0;731.0;719.0;1111;1533;1728;20
322090000;76;32;32000;32209;Lelin-Lapujolle;ZZZZZZ;3220900;Z;5;149;124;13;11;134;2;1;5;22;25;71;5;7;3;9;27;30;42;121;26;5;15;30;20;24;109;26;5;15;30;8;24;0;0;0;0;0;0;0;21;14;28;61;111;11;0;2;1.0;28.0;37.0;82;117;121;0
322100000;76;32;32000;32210;Lias;ZZZZZZ;3221000;Z;5;224;201;1;22;223;1;0;2;7;54;138;0;0;1;4;28;59;109;183;18;5;4;39;62;55;182;18;5;4;39;61;55;1;0;0;0;0;1;0;26;38;43;94;173;26;2;2;0.0;90.0;66.0;182;194;200;0
322110000;76;32;32000;32211;Lias-d'Armagnac;ZZZZZZ;3221100;Z;5;129;91;24;14;126;2;0;3;11;32;45;0;0;6;9;36;20;20;89;40;6;7;10;16;10;86;38;6;7;10;15;10;2;1;0;0;0;1;0;4;9;20;58;78;12;0;1;0.0;13.0;14.0;61;88;90;0
322120000;76;32;32000;32212;Ligardes;ZZZZZZ;3221200;Z;5;134;101;17;16;130;4;0;4;8;30;59;0;1;5;11;22;29;33;98;53;6;7;14;12;6;94;53;6;5;13;11;6;4;0;0;2;1;1;0;8;14;8;71;86;8;0;7;2.0;31.0;26.0;81;89;100;5
322130000;76;32;32000;32213;Lombez;ZZZZZZ;3221300;Z;5;1255;967;220;69;1068;185;11;75;175;357;349;7;23;76;136;325;195;205;940;196;38;101;183;207;216;788;144;26;83;165;187;184;151;52;12;17;18;21;32;138;214;216;399;638;314;76;16;3.0;230.0;567.0;717;885;952;5
322140000;76;32;32000;32214;Loubédat;ZZZZZZ;3221400;Z;5;68;54;11;3;67;1;1;0;5;20;28;0;1;1;5;15;13;19;54;13;2;11;16;4;8;53;13;2;10;16;4;8;1;0;0;1;0;0;0;3;6;9;36;46;4;0;4;0.0;17.0;5.0;43;52;55;0
322150000;76;32;32000;32215;Loubersan;ZZZZZZ;3221500;Z;5;87;72;13;2;83;2;2;3;3;20;44;1;1;2;2;12;15;40;72;37;4;2;14;10;6;68;35;3;2;13;10;6;2;2;0;0;0;0;0;6;9;6;52;62;8;0;2;0.0;20.0;15.0;61;67;63;0
322160000;76;32;32000;32216;Lourties-Monbrun;ZZZZZZ;3221600;Z;5;68;62;2;4;65;2;1;2;6;20;33;1;1;1;2;13;17;27;58;17;1;0;11;17;12;56;17;1;0;9;17;12;2;0;0;0;2;0;0;9;5;13;35;45;14;2;3;0.0;27.0;16.0;50;61;65;0
322170000;76;32;32000;32217;Louslitges;ZZZZZZ;3221700;Z;5;48;34;13;1;48;0;1;2;3;7;21;1;1;4;1;8;9;10;34;22;0;3;4;5;0;34;22;0;3;4;5;0;0;0;0;0;0;0;0;2;6;1;25;28;6;0;0;0.0;13.0;1.0;22;32;30;0
322180000;76;32;32000;32218;Loussous-Débat;ZZZZZZ;3221800;Z;5;40;27;11;2;40;0;1;0;1;11;13;0;0;2;2;4;6;12;27;7;4;2;6;3;4;27;7;4;2;6;3;4;0;0;0;0;0;0;0;4;1;6;16;22;4;0;1;0.0;7.0;6.0;20;25;26;5
322190000;76;32;32000;32219;Lupiac;ZZZZZZ;3221900;Z;5;231;146;56;29;216;13;1;4;15;39;87;1;3;7;23;22;31;59;145;94;3;9;9;16;14;133;86;3;8;7;16;13;9;7;0;1;1;0;0;12;15;17;101;122;19;6;5;2.0;44.0;24.0;108;139;138;5
322200000;76;32;32000;32220;Luppé-Violles;ZZZZZZ;3222000;Z;5;87;77;8;2;85;2;0;0;9;21;48;0;0;1;6;17;32;22;77;25;6;13;17;8;9;77;25;6;13;17;8;9;0;0;0;0;0;0;0;4;11;13;49;59;17;0;2;0.0;30.0;22.0;52;71;77;0
322210000;76;32;32000;32221;Lussan;ZZZZZZ;3222100;Z;5;115;94;11;10;110;3;0;6;9;27;53;0;0;4;9;28;24;30;93;29;2;2;25;25;11;89;29;1;2;24;23;11;3;0;1;0;1;1;0;4;10;10;71;85;9;0;1;0.0;32.0;24.0;77;92;88;0
322220000;76;32;32000;32222;Magnan;ZZZZZZ;3222200;Z;5;125;113;7;5;118;5;1;5;13;28;67;1;1;8;14;20;34;35;113;33;6;17;23;16;19;107;32;6;16;22;14;18;5;0;0;1;1;2;1;3;19;19;73;95;16;0;2;0.0;30.0;38.0;96;104;108;5
322230000;76;32;32000;32223;Magnas;ZZZZZZ;3222300;Z;5;29;20;6;3;26;3;0;0;0;4;16;0;0;0;0;1;6;13;20;11;0;0;3;3;3;20;11;0;0;3;3;3;0;0;0;0;0;0;0;1;1;3;15;19;1;0;0;0.0;11.0;4.0;17;20;20;0
322240000;76;32;32000;32224;Maignaut-Tauzia;ZZZZZZ;3222400;Z;5;140;116;19;5;139;1;0;2;9;26;79;0;0;3;10;24;30;48;110;38;2;4;19;17;30;109;38;2;4;18;17;30;1;0;0;0;1;0;0;7;11;28;70;102;10;0;3;0.0;40.0;42.0;101;110;117;0
322250000;76;32;32000;32225;Malabat;ZZZZZZ;3222500;Z;5;68;54;13;1;66;2;0;0;2;14;37;0;0;1;1;5;19;27;53;26;3;1;3;8;11;52;25;3;1;3;8;11;1;1;0;0;0;0;0;2;8;11;33;49;3;0;1;2.0;16.0;11.0;46;54;55;0
322260000;76;32;32000;32226;Manas-Bastanous;ZZZZZZ;3222600;Z;5;52;41;9;2;52;0;0;2;11;7;21;1;0;2;4;5;5;24;37;17;5;2;9;2;2;37;17;5;2;9;2;2;0;0;0;0;0;0;0;5;4;5;27;36;4;0;1;0.0;11.0;4.0;37;38;40;0
322270000;76;32;32000;32227;Manciet;ZZZZZZ;3222700;Z;5;497;375;46;76;446;46;7;16;46;118;187;9;8;16;43;110;74;114;369;89;63;53;74;54;35;335;82;52;48;72;48;32;31;7;11;5;1;6;1;40;46;56;233;292;73;3;10;1.0;101.0;100.0;274;345;371;20
322280000;76;32;32000;32228;Manent-Montané;ZZZZZZ;3222800;Z;5;57;42;7;8;55;2;0;2;6;16;18;0;0;2;8;8;13;11;41;15;5;0;12;1;8;39;14;5;0;11;1;8;2;1;0;0;1;0;0;1;5;7;29;32;7;0;3;0.0;14.0;4.0;24;39;45;0
322290000;76;32;32000;32229;Mansempuy;ZZZZZZ;3222900;Z;5;40;36;2;2;38;1;0;0;3;12;21;1;0;0;3;7;7;18;36;11;3;3;5;5;9;34;11;3;2;5;4;9;1;0;0;1;0;0;0;0;6;8;22;31;4;0;1;1.0;12.0;14.0;30;34;40;0
322300000;76;32;32000;32230;Mansencôme;ZZZZZZ;3223000;Z;5;35;24;6;6;33;2;0;0;2;4;19;0;0;0;1;2;7;15;24;15;5;3;1;1;0;23;14;5;3;1;1;0;1;1;0;0;0;0;0;4;2;0;19;22;2;0;1;0.0;13.0;1.0;20;24;24;0
322310000;76;32;32104;32231;Marambat;ZZZZZZ;3223100;Z;5;209;190;7;12;202;5;0;2;22;74;92;0;2;3;12;75;52;46;186;30;11;18;51;32;44;180;28;9;18;50;32;43;4;2;2;0;0;0;0;9;21;36;124;161;26;0;3;0.0;53.0;70.0;150;184;195;0
322320000;76;32;32000;32232;Maravat;ZZZZZZ;3223200;Z;5;26;21;3;2;26;0;0;0;4;7;10;0;0;0;3;3;5;10;20;10;2;1;0;2;5;20;10;2;1;0;2;5;0;0;0;0;0;0;0;2;2;2;15;17;3;0;1;0.0;5.0;7.0;18;19;25;0
322330000;76;32;32000;32233;Marciac;ZZZZZZ;3223300;Z;5;853;621;152;80;639;207;18;48;115;180;260;16;25;48;129;150;109;144;617;167;50;94;150;73;83;464;140;38;72;106;49;59;146;27;10;21;42;24;22;76;122;103;320;369;226;91;26;26.0;192.0;254.0;382;540;610;10
322340000;76;32;32000;32234;Marestaing;ZZZZZZ;3223400;Z;5;127;120;2;5;127;0;0;1;6;32;81;0;1;0;6;16;27;70;110;31;7;4;13;18;38;110;31;7;4;13;18;38;0;0;0;0;0;0;0;9;20;22;69;106;12;0;2;1.0;42.0;41.0;107;118;121;0
322350000;76;32;32000;32235;Margouët-Meymes;ZZZZZZ;3223500;Z;5;122;91;23;8;119;2;0;3;10;20;58;0;1;3;12;15;26;34;91;33;12;4;14;17;11;89;32;12;4;13;17;11;1;0;0;0;1;0;0;4;9;9;69;79;7;0;4;2.0;36.0;17.0;68;85;91;0
322360000;76;32;32000;32236;Marguestau;ZZZZZZ;3223600;Z;5;37;32;3;2;37;0;0;0;3;12;16;0;1;0;2;9;7;12;32;5;5;8;5;3;5;32;5;5;8;5;3;5;0;0;0;0;0;0;0;1;4;3;24;26;5;0;1;0.0;10.0;10.0;8;29;31;0
322370000;76;32;32000;32237;Marsan;ZZZZZZ;3223700;Z;5;220;197;4;19;209;8;0;7;29;67;94;1;0;8;24;53;48;62;195;40;6;25;65;37;21;186;39;6;21;63;37;19;8;1;0;4;2;0;1;14;33;25;124;167;24;4;6;2.0;63.0;86.0;166;186;197;0
322380000;76;32;32000;32238;Marseillan;ZZZZZZ;3223800;Z;5;56;45;5;6;56;0;0;2;5;21;17;0;1;2;1;11;21;9;43;18;5;0;1;7;12;43;18;5;0;1;7;12;0;0;0;0;0;0;0;4;6;12;23;36;7;0;2;0.0;12.0;9.0;36;41;45;0
322390000;76;32;32000;32239;Marsolan;ZZZZZZ;3223900;Z;5;264;197;44;23;253;9;0;6;20;65;105;0;1;5;20;48;48;75;194;94;4;15;33;19;27;187;90;4;15;33;19;25;4;3;0;0;0;0;1;14;31;32;119;157;37;4;2;0.0;79.0;42.0;162;189;198;0
322400000;76;32;32000;32240;Mascaras;ZZZZZZ;3224000;Z;5;26;26;0;0;24;2;0;1;4;6;15;0;0;0;5;10;4;7;26;11;1;2;6;3;3;24;11;1;2;5;2;3;2;0;0;0;1;1;0;0;3;4;19;23;2;0;1;0.0;9.0;2.0;21;26;30;0
322410000;76;32;32000;32241;Mas-d'Auvignon;ZZZZZZ;3224100;Z;5;99;79;12;8;90;8;3;6;3;19;49;0;2;5;6;13;20;34;78;39;6;3;13;9;9;72;36;6;2;12;9;8;5;3;0;1;0;0;1;7;13;11;49;66;9;0;4;1.0;36.0;15.0;53;76;78;0
322420000;76;32;32000;32242;Masseube;ZZZZZZ;3224200;Z;5;897;701;71;125;677;205;8;71;149;197;276;13;25;91;129;168;133;141;676;142;106;102;147;102;77;511;116;65;81;135;78;37;155;25;41;18;12;22;36;122;123;91;365;418;260;16;23;13.0;206.0;326.0;451;613;701;15
322430000;76;32;32000;32243;Mauléon-d'Armagnac;ZZZZZZ;3224300;Z;5;191;139;23;29;185;6;0;4;30;37;67;0;1;2;23;36;33;43;139;77;8;18;15;9;12;133;75;8;17;14;7;12;6;2;0;1;1;2;0;16;15;19;89;111;15;0;13;1.0;44.0;18.0;119;129;135;0
322440000;76;32;32000;32244;Maulichères;ZZZZZZ;3224400;Z;5;95;81;4;10;91;4;0;2;10;21;48;0;0;2;10;25;22;23;81;19;3;16;27;6;11;78;18;3;16;27;5;10;3;1;0;0;0;1;1;6;10;11;54;71;8;0;2;0.0;34.0;18.0;58;77;84;0
322450000;76;32;32000;32245;Maumusson-Laguian;ZZZZZZ;3224500;Z;5;84;70;12;2;83;0;1;2;5;18;44;0;1;3;8;6;24;28;69;30;6;10;13;6;4;69;30;6;10;13;6;4;0;0;0;0;0;0;0;3;7;11;49;61;6;0;3;0.0;31.0;8.0;37;66;64;0
322460000;76;32;32000;32246;Maupas;ZZZZZZ;3224600;Z;5;108;79;13;15;101;4;0;2;14;24;38;1;2;0;9;15;20;31;76;48;3;8;5;5;7;71;45;3;8;5;4;6;3;3;0;0;0;0;0;9;10;12;48;65;12;1;2;1.0;21.0;13.0;68;75;86;0
322470000;76;32;32000;32247;Maurens;ZZZZZZ;3224700;Z;5;133;119;7;7;129;3;1;3;8;31;77;0;0;4;5;12;43;56;118;34;9;2;19;31;24;116;33;9;2;19;30;24;2;1;0;0;0;1;0;8;18;17;77;98;17;0;4;0.0;45.0;37.0;98;117;119;0
322480000;76;32;32000;32248;Mauroux;ZZZZZZ;3224800;Z;5;95;57;35;3;91;4;1;2;8;9;37;0;1;1;4;8;8;37;52;34;1;2;6;5;5;49;33;1;2;5;4;5;3;1;0;0;1;1;0;7;10;8;33;50;7;0;1;0.0;35.0;15.0;47;54;56;5
322490000;76;32;32000;32249;Mauvezin;ZZZZZZ;3224900;Z;5;1304;1013;65;226;1029;272;8;77;178;302;448;9;27;92;193;278;179;234;1010;267;76;106;195;162;203;794;224;65;92;149;131;133;213;42;11;13;47;31;69;157;211;180;465;614;371;134;28;27.0;403.0;413.0;630;897;1008;5
322500000;76;32;32000;32250;Meilhan;ZZZZZZ;3225000;Z;5;40;35;0;5;38;2;0;1;3;11;20;0;0;1;4;6;9;15;34;12;1;6;3;8;4;32;12;1;6;3;6;4;2;0;0;0;0;2;0;1;1;6;27;30;4;0;1;0.0;7.0;8.0;30;34;35;0
322510000;76;32;32000;32251;Mérens;ZZZZZZ;3225100;Z;5;31;25;3;3;31;0;0;0;1;5;19;0;0;0;2;4;7;12;25;5;1;1;5;6;7;25;5;1;1;5;6;7;0;0;0;0;0;0;0;2;2;6;16;22;3;0;0;0.0;5.0;11.0;21;25;28;0
322520000;76;32;32000;32252;Miélan;ZZZZZZ;3225200;Z;5;807;591;78;137;619;142;41;29;86;179;256;6;42;61;81;166;89;147;588;228;27;92;151;55;34;451;187;20;71;100;41;32;99;40;7;20;17;13;1;61;102;100;328;379;194;48;18;24.0;191.0;221.0;402;499;550;5
322530000;76;32;32000;32253;Miradoux;ZZZZZZ;3225300;Z;5;316;217;55;43;304;10;1;6;31;60;119;2;1;9;22;31;58;95;217;110;11;20;36;23;18;208;108;11;20;34;22;15;8;2;0;0;2;1;3;23;40;33;121;162;44;11;11;3.0;85.0;60.0;148;202;207;0
322540000;76;32;32000;32254;Miramont-d'Astarac;ZZZZZZ;3225400;Z;5;177;152;13;12;174;0;0;5;8;44;95;0;1;3;6;38;42;62;149;41;3;6;47;28;24;146;39;3;6;46;28;24;0;0;0;0;0;0;0;10;18;26;98;128;18;1;6;0.0;46.0;45.0;139;148;150;0
322550000;76;32;32000;32255;Miramont-Latour;ZZZZZZ;3225500;Z;5;81;67;6;8;66;15;0;9;5;19;33;0;8;1;7;12;16;22;66;11;4;6;27;6;11;53;9;3;6;18;6;10;13;2;1;0;9;0;1;11;11;19;25;39;22;0;5;0.0;17.0;38.0;58;61;66;0
322560000;76;32;32105;32256;Mirande;ZZZZZZ;3225600;Z;5;2158;1708;147;303;1484;619;28;162;426;530;562;23;64;209;351;542;243;276;1708;516;115;317;409;229;122;1188;321;73;220;311;156;106;514;194;42;96;97;69;16;289;376;270;773;859;710;146;140;111.0;886.0;547.0;1021;1413;1682;9
322570000;76;32;32000;32257;Mirannes;ZZZZZZ;3225700;Z;5;36;32;3;1;36;0;0;0;3;4;25;0;0;0;3;7;7;15;32;12;9;1;2;4;4;32;12;9;1;2;4;4;0;0;0;0;0;0;0;1;3;7;21;24;6;0;2;0.0;14.0;8.0;29;31;35;0
322580000;76;32;32000;32258;Mirepoix;ZZZZZZ;3225800;Z;5;124;97;4;23;123;1;0;2;2;35;58;0;0;3;8;19;33;33;96;24;8;9;18;18;18;95;24;8;9;18;18;17;1;0;0;0;0;0;1;5;16;24;51;71;22;0;4;0.0;48.0;34.0;86;91;91;0
322600000;76;32;32000;32260;Monbardon;ZZZZZZ;3226000;Z;5;50;39;3;8;47;1;1;1;7;14;16;1;0;1;10;9;9;10;38;23;5;3;3;2;1;36;23;5;1;3;2;1;1;0;0;1;0;0;0;3;2;4;29;33;3;0;3;0.0;11.0;7.0;33;38;44;0
322610000;76;32;32000;32261;Monblanc;ZZZZZZ;3226100;Z;5;183;155;17;11;163;18;2;3;20;36;93;1;1;4;8;29;26;86;155;58;6;7;25;40;20;136;56;6;6;17;30;20;17;1;0;1;6;9;0;9;25;23;98;125;22;15;7;0.0;60.0;41.0;128;147;157;15
322620000;76;32;32000;32262;Monbrun;ZZZZZZ;3226200;Z;5;165;143;14;8;148;18;1;9;12;35;87;0;1;11;13;19;37;63;137;38;8;6;18;47;21;119;38;8;6;16;33;19;18;0;0;0;2;14;2;19;31;20;74;106;35;0;2;0.0;45.0;65.0;116;137;139;0
322630000;76;32;32000;32263;Moncassin;ZZZZZZ;3226300;Z;5;72;58;9;5;72;0;0;1;4;11;42;0;0;0;3;8;14;33;55;33;3;4;8;4;2;55;33;3;4;8;4;2;0;0;0;0;0;0;0;5;8;5;39;51;7;0;0;0.0;30.0;13.0;52;57;58;0
322640000;76;32;32000;32264;Monclar;ZZZZZZ;3226400;Z;5;96;85;5;7;92;2;1;0;9;20;55;0;3;1;5;25;25;25;82;16;11;14;15;15;12;78;15;10;13;15;15;12;2;1;0;1;0;0;0;5;10;15;55;64;14;0;7;0.0;25.0;25.0;76;81;77;0
322650000;76;32;32000;32265;Monclar-sur-Losse;ZZZZZZ;3226500;Z;5;61;48;5;7;58;2;0;2;3;10;33;0;0;2;2;7;21;16;48;24;3;1;7;5;8;46;24;1;1;7;5;8;2;0;2;0;0;0;0;8;5;6;29;43;5;0;0;0.0;21.0;9.0;21;45;50;0
322660000;76;32;32000;32266;Moncorneil-Grazan;ZZZZZZ;3226600;Z;5;83;70;11;2;77;3;1;3;6;9;50;1;1;2;3;8;11;43;68;28;5;4;7;10;12;63;28;5;4;6;7;12;3;0;0;0;1;2;0;3;6;15;46;62;6;0;1;3.0;31.0;17.0;56;68;73;5
322670000;76;32;32000;32267;Monferran-Plavès;ZZZZZZ;3226700;Z;5;73;59;5;9;71;2;0;3;4;16;36;1;1;3;3;15;5;31;58;31;7;1;6;10;3;56;31;6;1;6;8;3;2;0;1;0;0;1;0;4;6;8;40;50;7;0;2;2.0;15.0;17.0;51;55;64;0
322680000;76;32;32000;32268;Monferran-Savès;ZZZZZZ;3226800;Z;5;338;305;15;18;311;27;0;15;40;60;190;0;2;21;28;60;75;119;297;101;18;23;63;56;36;270;89;17;22;63;51;28;27;12;1;1;0;5;8;31;39;43;192;232;69;5;4;2.0;103.0;115.0;231;289;300;5
322690000;76;32;32000;32269;Monfort;ZZZZZZ;3226900;Z;5;327;230;50;47;301;25;3;4;37;73;114;1;2;8;29;51;56;84;229;106;8;14;40;38;24;207;98;6;12;39;32;21;21;7;2;2;1;6;3;19;48;40;123;159;58;6;13;0.0;103.0;75.0;167;221;219;0
322700000;76;32;32000;32270;Mongausy;ZZZZZZ;3227000;Z;5;44;32;7;5;43;1;0;1;1;9;21;0;0;0;1;7;10;14;32;17;8;1;2;1;3;31;17;7;1;2;1;3;1;0;1;0;0;0;0;2;2;7;21;27;4;0;1;0.0;11.0;6.0;30;31;30;0
322710000;76;32;32000;32271;Monguilhem;ZZZZZZ;3227100;Z;5;167;128;18;21;149;17;1;7;16;24;80;1;0;13;13;25;37;39;128;56;11;10;30;15;6;118;53;10;9;27;14;5;10;3;1;1;3;1;1;9;17;22;80;106;21;0;1;0.0;45.0;30.0;85;118;130;5
322720000;76;32;32000;32272;Monlaur-Bernet;ZZZZZZ;3227200;Z;5;100;73;16;10;99;1;0;5;7;14;47;0;0;4;10;11;16;33;67;30;8;8;5;9;9;67;30;8;7;5;9;9;1;0;0;1;0;0;0;7;11;10;46;67;5;0;1;2.0;21.0;16.0;47;68;72;0
322730000;76;32;32000;32273;Monlezun;ZZZZZZ;3227300;Z;5;109;79;18;11;107;0;2;0;3;22;52;0;1;2;3;15;19;39;79;37;4;7;9;12;10;78;37;4;6;9;12;10;0;0;0;0;0;0;0;3;12;10;54;69;6;0;4;0.0;35.0;12.0;60;75;75;0
322740000;76;32;32000;32274;Monlezun-d'Armagnac;ZZZZZZ;3227400;Z;5;118;98;8;12;107;11;0;3;17;27;51;1;0;5;13;24;24;31;97;43;4;19;12;8;11;88;36;4;18;12;8;10;9;7;0;1;0;0;1;8;15;16;59;78;18;0;2;1.0;28.0;18.0;66;94;95;0
322750000;76;32;32000;32275;Monpardiac;ZZZZZZ;3227500;Z;5;26;18;6;2;20;6;0;2;1;3;12;0;0;2;2;1;4;9;16;5;1;2;3;2;3;16;5;1;2;3;2;3;0;0;0;0;0;0;0;3;4;2;9;17;1;0;0;0.0;4.0;6.0;16;17;20;0
322760000;76;32;32000;32276;Montadet;ZZZZZZ;3227600;Z;5;50;37;11;2;48;2;0;1;5;7;24;0;0;2;3;6;6;20;37;19;1;3;5;7;2;35;16;1;3;5;7;2;2;2;0;0;0;0;0;0;2;3;32;30;5;0;2;1.0;12.0;11.0;31;34;36;0
322770000;76;32;32000;32277;Montamat;ZZZZZZ;3227700;Z;5;61;52;4;5;60;1;1;0;4;16;31;1;0;0;2;10;16;22;52;12;5;5;9;9;11;51;12;5;4;9;9;11;1;0;0;1;0;0;0;7;4;14;27;40;11;0;1;0.0;19.0;12.0;43;51;51;0
322780000;76;32;32000;32278;Montaut;ZZZZZZ;3227800;Z;5;66;49;15;2;66;0;0;0;3;12;34;0;0;1;2;9;17;21;48;32;2;3;3;3;5;48;32;2;3;3;3;5;0;0;0;0;0;0;0;2;8;7;32;45;3;0;1;2.0;14.0;7.0;42;45;49;0
322790000;76;32;32000;32279;Montaut-les-Créneaux;ZZZZZZ;3227900;Z;5;337;308;12;17;329;7;0;10;26;67;205;0;4;10;19;70;83;123;300;72;14;22;98;50;45;293;72;14;22;94;48;44;6;0;0;0;4;2;0;31;40;44;193;255;47;16;6;0.0;119.0;136.0;256;298;309;0
322800000;76;32;32000;32280;Mont-d'Astarac;ZZZZZZ;3228000;Z;5;62;50;11;2;62;0;0;0;2;13;34;0;1;1;1;12;11;23;49;32;2;1;4;3;6;49;32;2;1;4;3;6;0;0;0;0;0;0;0;2;3;4;40;49;0;0;1;0.0;18.0;6.0;43;48;44;0
322810000;76;32;32000;32281;Mont-de-Marrast;ZZZZZZ;3228100;Z;5;64;49;13;2;62;2;0;0;2;9;38;0;0;1;2;15;10;21;49;23;1;6;5;7;7;47;21;1;6;5;7;7;2;2;0;0;0;0;0;2;4;11;32;45;3;0;1;0.0;12.0;9.0;35;47;50;0
322820000;76;32;32000;32282;Montégut;ZZZZZZ;3228200;Z;5;231;212;6;13;225;4;1;1;9;59;142;0;1;1;9;57;51;94;211;25;4;12;58;51;61;206;22;4;12;57;50;61;3;3;0;0;0;0;0;5;31;65;111;187;22;5;3;3.0;78.0;74.0;191;207;213;0
322830000;76;32;32000;32283;Montégut-Arros;ZZZZZZ;3228300;Z;5;169;144;18;7;169;0;1;4;12;38;89;2;0;0;17;27;40;59;138;53;11;15;26;20;13;138;53;11;15;26;20;13;0;0;0;0;0;0;0;11;18;15;100;123;17;8;5;0.0;55.0;24.0;127;136;139;0
322840000;76;32;32000;32284;Montégut-Savès;ZZZZZZ;3228400;Z;5;32;27;1;4;31;1;0;0;2;7;18;0;0;1;0;2;16;8;27;16;2;0;3;4;2;26;16;1;0;3;4;2;1;0;1;0;0;0;0;1;2;4;20;25;1;0;1;0.0;14.0;5.0;23;26;30;0
322850000;76;32;32000;32285;Montesquiou;ZZZZZZ;3228500;Z;5;358;276;47;35;335;21;2;12;36;71;154;2;5;13;28;57;65;105;273;145;12;10;41;41;24;256;137;8;10;41;36;24;16;8;4;0;0;4;0;17;41;51;167;218;45;8;13;4.0;109.0;69.0;205;256;276;0
322860000;76;32;32000;32286;Montestruc-sur-Gers;ZZZZZZ;3228600;Z;5;375;325;9;41;335;39;3;11;47;100;164;1;3;19;45;80;79;98;320;51;35;37;100;64;33;292;50;34;29;91;57;31;27;1;1;8;9;7;1;40;50;60;175;230;87;24;8;6.0;146.0;127.0;248;303;335;0
322870000;76;32;32000;32287;Monties;ZZZZZZ;3228700;Z;5;53;38;2;13;52;0;1;0;5;7;25;1;1;1;2;4;13;16;36;19;5;2;6;1;3;36;19;5;2;6;1;3;0;0;0;0;0;0;0;1;3;7;27;33;3;0;2;0.0;12.0;5.0;30;36;40;5
322880000;76;32;32000;32288;Montiron;ZZZZZZ;3228800;Z;5;72;64;4;4;71;1;0;0;10;7;47;0;0;0;5;13;16;30;63;27;4;5;7;11;9;62;27;3;5;7;11;9;1;0;1;0;0;0;0;4;7;12;41;57;4;0;3;0.0;22.0;16.0;54;63;60;0
322890000;76;32;32000;32289;Montpézat;ZZZZZZ;3228900;Z;5;123;103;20;0;121;1;0;5;18;35;45;0;1;6;13;17;22;44;101;60;6;2;10;10;13;99;60;6;2;9;10;12;1;0;0;0;1;0;0;11;12;17;63;94;7;0;2;0.0;31.0;31.0;63;99;105;0
322900000;76;32;32000;32290;Montréal;ZZZZZZ;3229000;Z;5;831;553;185;93;682;142;3;33;70;171;276;5;5;22;79;129;111;202;547;240;51;62;83;66;45;489;217;47;53;79;58;35;54;21;4;9;4;7;9;42;86;79;346;398;124;24;31;13.0;233.0;166.0;370;512;557;10
322910000;76;32;32000;32291;Mormès;ZZZZZZ;3229100;Z;5;69;55;5;9;67;2;0;1;6;11;37;0;0;3;3;14;14;21;55;22;3;6;8;8;8;55;22;3;6;8;8;8;0;0;0;0;0;0;0;4;6;9;36;46;7;0;2;0.0;19.0;8.0;47;54;55;0
322920000;76;32;32000;32292;Mouchan;ZZZZZZ;3229200;Z;5;253;182;34;37;243;8;0;6;25;45;106;0;4;6;10;50;45;66;180;53;7;16;36;33;34;176;53;7;16;32;33;34;4;0;0;0;4;0;0;17;47;30;88;147;29;0;6;1.0;45.0;53.0;154;172;180;0
322930000;76;32;32000;32293;Mouchès;ZZZZZZ;3229300;Z;5;44;36;3;5;42;2;1;2;4;9;20;0;1;3;2;8;5;17;35;13;3;1;6;7;5;33;13;3;1;6;5;5;2;0;0;0;0;2;0;2;3;5;26;27;8;0;1;1.0;10.0;11.0;35;34;35;0
322940000;76;32;32000;32294;Mourède;ZZZZZZ;3229400;Z;5;48;38;3;8;48;0;0;1;1;13;23;0;0;0;6;7;8;17;38;11;6;2;5;7;7;38;11;6;2;5;7;7;0;0;0;0;0;0;0;0;2;5;31;32;3;0;2;0.0;14.0;10.0;28;37;34;0
322950000;76;32;32000;32295;Nizas;ZZZZZZ;3229500;Z;5;64;62;1;1;64;0;0;1;6;14;40;0;0;1;5;11;11;33;59;14;3;2;16;16;8;59;14;3;2;16;16;8;0;0;0;0;0;0;0;5;2;11;43;55;5;0;1;0.0;22.0;22.0;50;62;59;0
322960000;76;32;32000;32296;Nogaro;ZZZZZZ;3229600;Z;5;1198;1001;36;160;797;400;25;111;241;291;332;9;56;140;206;281;158;151;984;113;85;295;223;145;123;654;102;49;191;174;77;60;330;11;35;104;48;69;63;188;208;134;471;482;500;128;19;42.0;509.0;330.0;647;836;958;35
322970000;76;32;32000;32297;Noilhan;ZZZZZZ;3229700;Z;5;171;152;8;10;166;2;0;6;20;36;90;0;1;2;7;23;36;83;150;58;5;7;17;27;36;147;58;5;6;17;26;35;2;0;0;1;0;0;1;16;13;23;100;131;18;0;3;0.0;68.0;41.0;130;148;155;0
322980000;76;32;32000;32298;Nougaroulet;ZZZZZZ;3229800;Z;5;173;157;11;5;167;4;0;0;13;66;78;0;0;1;9;40;39;68;157;53;8;6;30;30;29;153;51;8;6;30;29;28;3;1;0;0;0;1;1;8;20;38;90;134;20;0;3;0.0;55.0;55.0;129;150;152;0
322990000;76;32;32000;32299;Noulens;ZZZZZZ;3229900;Z;5;70;47;11;12;69;1;1;2;5;13;26;0;1;1;5;11;13;15;45;11;9;8;8;5;3;44;11;9;7;8;5;3;1;0;0;1;0;0;0;2;3;4;38;42;1;0;4;0.0;10.0;12.0;35;43;46;0
323000000;76;32;32000;32300;Orbessan;ZZZZZZ;3230000;Z;5;125;109;3;13;124;1;0;2;8;34;64;1;0;2;11;26;26;42;106;21;5;7;26;34;12;105;20;5;7;26;34;12;1;1;0;0;0;0;0;11;12;15;70;90;17;0;2;0.0;53.0;28.0;87;106;109;0
323010000;76;32;32000;32301;Ordan-Larroque;ZZZZZZ;3230100;Z;5;421;366;22;33;396;23;2;13;21;98;232;1;3;9;21;63;88;182;365;135;13;12;84;81;39;345;122;13;11;81;79;38;19;13;0;1;2;2;1;37;47;46;236;299;54;0;12;6.0;124.0;129.0;330;351;361;5
323020000;76;32;32000;32302;Ornézan;ZZZZZZ;3230200;Z;5;124;100;14;10;119;5;0;1;16;23;60;0;0;3;10;20;28;39;98;34;7;7;29;15;6;95;32;7;7;28;15;6;3;2;0;0;1;0;0;5;9;16;70;87;12;0;1;0.0;49.0;11.0;75;91;100;0
323030000;76;32;32000;32303;Pallanne;ZZZZZZ;3230300;Z;5;38;29;8;1;37;0;0;1;3;9;16;1;0;0;3;3;6;16;28;20;1;1;1;5;0;27;20;1;0;1;5;0;0;0;0;0;0;0;0;1;2;4;22;25;4;0;0;0.0;10.0;3.0;26;28;25;0
323040000;76;32;32000;32304;Panassac;ZZZZZZ;3230400;Z;5;145;121;14;10;124;21;0;3;16;28;74;1;4;5;13;30;18;51;115;37;6;15;30;19;9;97;36;6;11;21;16;8;18;1;0;4;9;3;1;17;16;21;68;83;34;6;4;3.0;39.0;37.0;106;115;119;0
323050000;76;32;32000;32305;Panjas;ZZZZZZ;3230500;Z;5;254;181;47;25;242;11;2;3;18;46;112;0;2;13;21;39;41;65;181;71;15;22;26;29;17;172;71;12;21;26;25;16;9;0;3;1;0;4;1;17;27;26;110;140;34;1;7;1.0;56.0;45.0;130;170;181;5
323060000;76;32;32000;32306;Pauilhac;ZZZZZZ;3230600;Z;5;278;238;19;21;267;5;3;4;15;75;141;0;2;1;13;61;63;98;231;62;12;10;57;46;44;226;60;11;10;56;45;44;5;2;1;0;1;1;0;16;38;46;138;195;39;3;4;5.0;91.0;97.0;211;233;240;0
323070000;76;32;32401;32307;Pavie;ZZZZZZ;3230700;Z;5;1254;1132;29;92;1120;129;25;33;118;346;610;26;13;34;121;336;300;303;1092;106;23;152;457;227;128;985;93;13;143;427;204;106;102;13;10;8;29;20;22;123;160;165;684;826;275;49;31;14.0;523.0;411.0;954;1079;1114;15
323080000;76;32;32000;32308;Pébées;ZZZZZZ;3230800;Z;5;44;41;2;1;43;1;2;1;2;19;17;2;0;2;0;8;9;20;41;19;1;3;3;8;7;40;18;1;3;3;8;7;1;1;0;0;0;0;0;2;7;3;29;39;2;0;0;1.0;10.0;10.0;31;41;40;0
323090000;76;32;32000;32309;Pellefigue;ZZZZZZ;3230900;Z;5;60;50;5;5;57;3;0;3;6;11;30;0;0;1;4;7;14;24;50;25;5;1;5;6;8;49;24;5;1;5;6;8;1;1;0;0;0;0;0;3;4;10;33;45;4;0;1;0.0;26.0;8.0;31;47;50;5
323100000;76;32;32000;32310;Perchède;ZZZZZZ;3231000;Z;5;59;53;6;0;58;1;0;1;9;9;34;0;0;2;10;10;14;17;50;17;1;5;10;5;12;49;16;1;5;10;5;12;1;1;0;0;0;0;0;6;8;9;30;44;6;0;2;0.0;20.0;17.0;45;49;54;0
323110000;76;32;32000;32311;Pergain-Taillac;ZZZZZZ;3231100;Z;5;178;132;22;24;162;15;1;2;29;48;52;1;0;2;20;30;30;50;132;79;5;8;8;15;17;118;74;5;6;8;13;11;13;3;0;2;0;2;6;6;20;21;85;98;27;10;7;1.0;52.0;39.0;110;122;130;5
323120000;76;32;32000;32312;Pessan;ZZZZZZ;3231200;Z;5;321;291;12;18;300;20;1;5;39;80;166;0;1;11;34;76;75;94;289;75;15;42;93;40;24;269;64;13;41;91;40;20;18;10;2;1;1;0;4;19;39;41;192;233;50;9;8;4.0;132.0;97.0;252;289;290;0
323130000;76;32;32000;32313;Pessoulens;ZZZZZZ;3231300;Z;5;73;60;10;3;71;2;0;0;5;13;42;0;0;0;3;15;12;30;60;31;3;2;12;6;6;58;31;3;2;12;4;6;2;0;0;0;0;2;0;2;5;9;44;49;9;0;2;2.0;31.0;8.0;50;59;60;0
323140000;76;32;32000;32314;Peyrecave;ZZZZZZ;3231400;Z;5;42;32;7;3;41;0;0;0;0;9;23;0;0;0;0;0;11;21;32;17;3;6;5;1;0;32;17;3;6;5;1;0;0;0;0;0;0;0;0;2;2;3;25;29;1;0;2;0.0;21.0;4.0;31;32;29;0
323150000;76;32;32000;32315;Peyrusse-Grande;ZZZZZZ;3231500;Z;5;126;82;27;17;121;3;0;2;8;23;50;1;0;1;9;14;23;35;82;58;3;2;6;10;4;81;57;3;2;6;10;3;1;1;0;0;0;0;0;7;5;5;66;73;7;0;3;0.0;31.0;8.0;54;76;89;0
323160000;76;32;32000;32316;Peyrusse-Massas;ZZZZZZ;3231600;Z;5;58;52;3;3;51;6;3;3;4;15;27;0;4;3;5;8;10;23;47;14;3;5;8;5;13;41;12;2;4;8;4;12;5;2;1;1;0;0;1;6;7;7;32;41;10;0;1;0.0;18.0;21.0;46;51;39;0
323170000;76;32;32000;32317;Peyrusse-Vieille;ZZZZZZ;3231700;Z;5;49;35;8;6;49;0;0;1;1;5;28;0;0;2;1;3;15;14;34;18;1;3;7;3;2;34;18;1;3;7;3;2;0;0;0;0;0;0;0;3;2;3;27;28;7;1;0;0.0;19.0;3.0;27;32;40;0
323180000;76;32;32000;32318;Pis;ZZZZZZ;3231800;Z;5;46;42;3;1;46;0;0;1;5;13;23;0;0;1;2;12;20;7;41;7;3;2;9;12;7;41;7;3;2;9;12;7;0;0;0;0;0;0;0;1;7;8;26;34;6;0;2;0.0;15.0;14.0;33;41;41;0
323190000;76;32;32000;32319;Plaisance;ZZZZZZ;3231900;Z;5;996;748;116;132;803;165;9;71;126;202;340;9;22;81;132;193;161;150;736;181;50;141;219;81;64;606;133;44;113;193;62;61;126;46;6;28;25;18;3;82;145;112;409;475;242;46;31;43.0;244.0;283.0;492;653;740;30
323200000;76;32;32000;32320;Plieux;ZZZZZZ;3232000;Z;5;85;62;19;5;84;1;0;0;3;10;49;0;0;0;2;10;16;34;58;33;3;4;13;3;3;57;32;3;4;13;3;3;1;1;0;0;0;0;0;4;10;4;44;53;5;0;4;0.0;29.0;13.0;44;60;63;0
323210000;76;32;32000;32321;Polastron;ZZZZZZ;3232100;Z;5;116;105;2;10;114;1;1;1;3;33;67;0;1;0;5;18;28;53;101;48;1;1;12;16;23;99;48;1;1;12;15;22;1;0;0;0;0;1;0;7;22;9;67;87;17;0;1;0.0;42.0;43.0;97;101;100;0
323220000;76;32;32000;32322;Pompiac;ZZZZZZ;3232200;Z;5;80;76;1;3;79;0;0;2;3;19;52;0;0;1;4;17;20;34;75;25;1;2;11;19;17;74;25;1;2;11;18;17;0;0;0;0;0;0;0;4;13;12;47;66;8;0;2;0.0;34.0;20.0;63;75;75;0
323230000;76;32;32000;32323;Ponsampère;ZZZZZZ;3232300;Z;5;69;61;6;2;69;0;0;0;9;12;40;0;1;0;5;12;9;34;61;27;5;0;11;12;7;61;27;5;0;11;12;7;0;0;0;0;0;0;0;6;2;9;43;58;2;0;0;2.0;26.0;12.0;50;60;58;0
323240000;76;32;32000;32324;Ponsan-Soubiran;ZZZZZZ;3232400;Z;5;71;47;16;7;69;1;0;1;5;8;34;0;0;2;3;7;14;21;47;24;3;5;11;3;1;47;24;3;5;11;3;1;0;0;0;0;0;0;0;2;2;7;36;43;2;0;2;0.0;24.0;9.0;42;43;45;0
323250000;76;32;32000;32325;Pouydraguin;ZZZZZZ;3232500;Z;5;82;58;13;11;80;1;0;1;3;12;42;0;0;1;3;13;17;24;58;19;2;6;13;8;10;57;19;2;6;13;8;9;0;0;0;0;0;0;0;2;10;4;42;48;9;0;1;3.0;25.0;6.0;47;55;60;5
323260000;76;32;32000;32326;Pouylebon;ZZZZZZ;3232600;Z;5;94;67;19;7;85;6;2;0;9;14;42;0;1;3;2;8;19;35;63;25;7;1;15;8;8;61;25;7;1;13;8;8;2;0;0;0;2;0;0;7;7;10;44;61;3;0;3;1.0;27.0;6.0;61;61;62;0
323270000;76;32;32000;32327;Pouy-Loubrin;ZZZZZZ;3232700;Z;5;46;37;7;2;44;1;2;0;0;5;30;2;0;0;1;5;9;20;37;25;1;0;6;2;3;35;23;1;0;6;2;3;1;1;0;0;0;0;0;0;2;6;29;32;5;0;0;0.0;15.0;7.0;34;37;39;0
323280000;76;32;32000;32328;Pouy-Roquelaure;ZZZZZZ;3232800;Z;5;77;55;15;7;77;0;0;1;3;16;35;0;0;0;5;2;17;31;55;38;4;3;5;3;2;55;38;4;3;5;3;2;0;0;0;0;0;0;0;5;5;3;42;48;7;0;0;0.0;28.0;8.0;47;54;55;0
323290000;76;32;32000;32329;Préchac;ZZZZZZ;3232900;Z;5;89;72;12;5;89;0;0;2;2;17;51;0;1;0;3;13;13;43;70;27;9;4;8;10;10;70;27;9;4;8;10;10;0;0;0;0;0;0;0;4;9;15;44;63;5;0;4;0.0;32.0;10.0;63;70;68;0
323300000;76;32;32000;32330;Préchac-sur-Adour;ZZZZZZ;3233000;Z;5;124;95;12;16;112;12;0;2;7;30;56;1;0;1;7;26;32;27;94;35;4;10;23;12;10;87;32;4;9;21;10;10;7;2;0;1;2;2;0;8;10;22;55;69;22;4;4;0.0;37.0;26.0;80;94;96;0
323310000;76;32;32000;32331;Preignan;ZZZZZZ;3233100;Z;5;555;527;5;23;492;62;0;15;63;176;272;0;5;14;69;178;124;136;527;27;4;23;199;134;139;471;27;4;23;198;119;100;55;0;0;0;1;14;40;51;125;95;256;364;155;54;8;9.0;186.0;265.0;465;510;528;9
323320000;76;32;32000;32332;Préneron;ZZZZZZ;3233200;Z;5;66;56;8;2;66;0;0;0;11;11;34;0;0;1;8;8;17;23;56;26;3;2;11;11;3;56;26;3;2;11;11;3;0;0;0;0;0;0;0;1;5;6;44;48;6;0;2;0.0;17.0;16.0;50;53;59;0
323330000;76;32;32000;32333;Projan;ZZZZZZ;3233300;Z;5;90;72;8;10;89;1;0;2;7;20;43;0;0;2;3;15;24;28;69;17;7;7;18;6;14;68;17;6;7;18;6;14;1;0;1;0;0;0;0;8;10;14;40;62;10;0;0;0.0;19.0;13.0;60;68;70;5
323340000;76;32;32000;32334;Pujaudran;ZZZZZZ;3233400;Z;5;641;604;5;32;597;37;4;28;50;157;365;8;14;17;40;109;143;273;535;46;10;35;165;174;105;493;43;9;35;162;161;83;36;1;1;0;3;11;20;60;123;103;318;504;90;13;11;4.0;222.0;275.0;552;584;608;0
323350000;76;32;32000;32335;Puycasquier;ZZZZZZ;3233500;Z;5;249;200;21;28;222;26;2;4;32;51;111;2;1;4;38;35;53;67;196;76;12;16;41;25;26;174;73;11;12;36;21;21;22;3;1;4;5;4;5;12;37;35;116;149;45;18;6;2.0;84.0;70.0;150;183;200;0
323360000;76;32;32000;32336;Puylausic;ZZZZZZ;3233600;Z;5;95;78;15;2;95;0;1;1;6;24;46;0;2;1;4;13;21;37;77;47;2;1;4;16;7;77;47;2;1;4;16;7;0;0;0;0;0;0;0;3;12;8;55;73;4;0;1;0.0;37.0;23.0;62;72;82;0
323370000;76;32;32000;32337;Puységur;ZZZZZZ;3233700;Z;5;38;32;6;0;35;3;1;0;5;12;15;1;0;3;5;10;5;9;32;13;5;3;4;3;5;29;12;4;2;4;3;5;3;1;1;1;0;0;0;4;3;5;20;26;5;0;1;3.0;10.0;8.0;20;30;29;0
323380000;76;32;32000;32338;Ramouzens;ZZZZZZ;3233800;Z;5;100;79;11;10;91;5;0;5;21;20;33;4;1;1;5;12;21;35;79;33;9;9;17;8;3;70;32;6;8;15;8;1;5;1;0;1;1;0;2;8;3;15;53;67;5;0;7;0.0;30.0;10.0;72;73;80;5
323390000;76;32;32000;32339;Razengues;ZZZZZZ;3233900;Z;5;99;87;5;7;94;5;0;3;5;27;52;0;0;2;8;19;29;29;74;18;3;4;6;18;26;71;16;3;4;6;17;26;3;2;0;0;0;1;0;10;15;21;41;70;14;0;3;0.0;31.0;39.0;74;86;93;0
323400000;76;32;32000;32340;Réans;ZZZZZZ;3234000;Z;5;163;131;10;21;162;1;0;1;17;40;73;0;0;1;16;19;45;50;131;27;7;13;46;21;17;130;26;7;13;46;21;17;1;1;0;0;0;0;0;8;21;20;82;109;18;0;4;0.0;28.0;28.0;119;126;136;0
323410000;76;32;32000;32341;Réjaumont;ZZZZZZ;3234100;Z;5;122;95;14;13;122;0;1;0;5;23;66;0;0;2;1;20;27;44;95;43;5;3;13;10;20;95;43;5;3;13;10;20;0;0;0;0;0;0;0;2;15;16;62;88;4;2;3;1.0;49.0;18.0;75;91;91;0
323420000;76;32;32000;32342;Ricourt;ZZZZZZ;3234200;Z;5;43;26;8;9;42;1;0;1;4;2;19;0;0;0;3;4;6;13;26;12;0;2;4;4;4;26;12;0;2;4;4;4;0;0;0;0;0;0;0;1;7;3;15;26;0;0;0;0.0;5.0;5.0;15;26;30;0
323430000;76;32;32000;32343;Riguepeu;ZZZZZZ;3234300;Z;5;132;99;20;13;122;8;0;2;12;15;70;0;1;2;5;17;21;52;98;62;6;6;16;3;5;93;62;5;3;16;3;3;3;0;1;2;0;0;0;2;17;15;64;73;21;0;5;0.0;35.0;15.0;89;97;99;0
323440000;76;32;32000;32344;Riscle;ZZZZZZ;3234400;Z;5;1102;848;59;195;911;184;13;56;119;257;403;11;19;70;136;237;174;201;842;192;106;170;233;79;62;717;170;82;151;196;63;55;122;21;24;19;37;14;7;106;126;147;469;567;251;50;30;20.0;369.0;239.0;523;747;840;5
323450000;76;32;32000;32345;La Romieu;ZZZZZZ;3234500;Z;5;385;276;71;38;342;27;13;13;24;80;146;5;9;13;29;44;68;108;270;101;19;17;42;42;49;235;94;19;15;41;33;33;22;7;0;2;1;9;3;20;56;52;148;210;55;1;11;7.0;102.0;82.0;162;250;255;5
323460000;76;32;32000;32346;Roquebrune;ZZZZZZ;3234600;Z;5;128;94;23;11;123;2;1;2;12;22;57;2;0;4;8;19;25;36;91;44;5;6;13;18;5;88;43;5;5;13;17;5;2;0;0;1;0;1;0;5;11;13;65;85;4;0;5;1.0;33.0;20.0;82;93;90;0
323470000;76;32;32000;32347;Roquefort;ZZZZZZ;3234700;Z;5;131;121;0;10;128;2;0;2;9;40;70;1;1;4;9;40;29;36;121;24;6;11;27;21;30;118;24;6;9;27;21;29;2;0;0;2;0;0;0;9;21;29;61;93;23;0;4;0.0;36.0;40.0;92;116;127;0
323480000;76;32;32000;32348;Roquelaure;ZZZZZZ;3234800;Z;5;285;240;28;17;279;6;0;2;23;60;155;1;3;4;12;55;55;110;236;75;8;15;56;49;33;230;74;8;15;56;46;31;6;1;0;0;0;3;2;14;23;40;163;199;34;0;7;3.0;100.0;87.0;187;235;239;0
323490000;76;32;32000;32349;Roquelaure-Saint-Aubin;ZZZZZZ;3234900;Z;5;50;47;1;1;50;0;1;1;2;8;34;1;0;0;2;7;15;22;45;10;2;0;6;14;13;45;10;2;0;6;14;13;0;0;0;0;0;0;0;3;7;1;36;44;2;0;1;1.0;16.0;19.0;39;46;52;0
323500000;76;32;32000;32350;Roquepine;ZZZZZZ;3235000;Z;5;35;23;10;2;34;1;1;1;4;3;13;1;0;0;2;3;8;9;23;10;2;0;2;5;3;22;10;2;0;1;5;3;1;0;0;0;1;0;0;1;2;4;15;19;2;0;2;0.0;4.0;7.0;17;22;22;5
323510000;76;32;32000;32351;Roques;ZZZZZZ;3235100;Z;5;83;49;24;10;81;2;0;0;2;14;33;0;0;0;3;10;13;23;48;23;0;6;5;10;4;47;23;0;5;5;10;4;1;0;0;1;0;0;0;2;3;8;36;44;4;0;1;1.0;19.0;15.0;29;47;45;0
323520000;76;32;32000;32352;Rozès;ZZZZZZ;3235200;Z;5;71;57;12;2;69;1;0;0;8;13;36;0;0;1;5;8;17;26;57;27;4;4;8;5;9;56;26;4;4;8;5;9;1;1;0;0;0;0;0;1;4;13;39;52;5;0;0;1.0;31.0;5.0;44;53;60;0
323530000;76;32;32000;32353;Sabaillan;ZZZZZZ;3235300;Z;5;82;65;11;6;80;2;2;1;3;21;38;2;1;2;3;13;18;26;64;31;1;4;11;9;8;62;29;1;4;11;9;8;2;2;0;0;0;0;0;6;9;14;36;55;8;0;2;4.0;27.0;12.0;47;60;65;0
323540000;76;32;32000;32354;Sabazan;ZZZZZZ;3235400;Z;5;82;62;9;11;78;4;0;0;9;16;37;0;0;1;7;10;22;22;62;24;4;5;12;12;5;58;23;3;4;12;11;5;4;1;1;1;0;1;0;2;7;12;41;47;10;0;5;0.0;26.0;10.0;55;59;65;0
323550000;76;32;32000;32355;Sadeillan;ZZZZZZ;3235500;Z;5;40;32;3;5;38;1;0;1;1;7;23;0;1;2;2;3;8;16;32;19;2;1;1;1;8;30;19;2;0;1;1;7;1;0;0;1;0;0;0;4;3;6;19;28;3;0;1;0.0;9.0;6.0;24;31;30;0
323560000;76;32;32000;32356;Saint-André;ZZZZZZ;3235600;Z;5;54;49;2;3;53;1;0;2;3;13;31;0;1;1;1;11;16;19;48;20;4;0;4;6;14;47;20;4;0;4;6;13;1;0;0;0;0;0;1;3;7;13;26;45;3;0;1;0.0;17.0;17.0;41;46;45;0
323570000;76;32;32000;32357;Sainte-Anne;ZZZZZZ;3235700;Z;5;46;39;1;6;45;0;1;1;3;9;25;1;1;0;1;5;9;22;39;9;1;1;6;17;5;38;9;1;1;6;17;4;0;0;0;0;0;0;0;2;6;11;20;31;7;0;1;0.0;14.0;11.0;32;37;40;5
323580000;76;32;32000;32358;Saint-Antoine;ZZZZZZ;3235800;Z;5;102;88;9;5;101;0;0;2;8;25;53;1;0;2;9;9;22;44;86;34;6;5;11;17;12;85;33;6;5;11;17;12;0;0;0;0;0;0;0;5;9;18;56;71;15;0;1;0.0;31.0;32.0;59;83;88;5
323590000;76;32;32000;32359;Saint-Antonin;ZZZZZZ;3235900;Z;5;86;76;8;2;86;0;0;3;7;24;42;0;0;2;10;11;19;34;71;31;7;4;6;12;11;71;31;7;4;6;12;11;0;0;0;0;0;0;0;7;7;14;48;68;6;0;2;0.0;24.0;18.0;66;73;75;0
323600000;76;32;32000;32360;Saint-Arailles;ZZZZZZ;3236000;Z;5;85;63;13;8;82;1;0;2;10;15;37;0;1;3;5;16;9;30;63;45;2;1;5;4;7;62;45;2;1;5;4;6;1;0;0;0;0;0;1;7;8;10;39;52;7;1;4;0.0;27.0;12.0;51;60;63;5
323610000;76;32;32000;32361;Saint-Arroman;ZZZZZZ;3236100;Z;5;73;59;6;7;70;1;1;1;5;13;39;0;0;1;2;6;23;27;57;30;5;1;7;7;7;56;30;5;1;6;7;7;0;0;0;0;0;0;0;7;5;4;43;50;8;0;1;1.0;26.0;11.0;52;57;55;0
323620000;76;32;32000;32362;Saint-Aunix-Lengros;ZZZZZZ;3236200;Z;5;88;68;14;6;87;1;0;3;6;17;42;0;0;2;2;22;24;18;68;15;4;11;15;14;9;67;15;4;11;14;14;9;1;0;0;0;1;0;0;6;4;7;51;59;8;0;1;0.0;20.0;19.0;60;64;70;0
323630000;76;32;32000;32363;Sainte-Aurence-Cazaux;ZZZZZZ;3236300;Z;5;62;49;13;0;59;3;0;1;4;16;28;0;0;3;0;6;8;33;49;40;1;3;4;2;0;46;40;1;0;4;2;0;3;0;0;3;0;0;0;6;8;8;28;38;8;0;4;1.0;9.0;8.0;26;46;47;0
323640000;76;32;32000;32364;Saint-Avit-Frandat;ZZZZZZ;3236400;Z;5;53;45;1;7;51;2;1;1;7;10;26;1;1;6;0;7;18;12;45;26;3;1;6;8;1;44;25;3;1;6;8;1;1;1;0;0;0;0;0;1;6;7;31;36;7;0;2;0.0;28.0;3.0;27;43;45;0
323650000;76;32;32000;32365;Saint-Blancard;ZZZZZZ;3236500;Z;5;150;100;35;15;128;7;0;6;14;31;49;1;3;6;8;23;23;36;96;45;4;0;7;28;12;90;43;4;0;7;26;10;5;2;0;0;0;1;2;7;14;13;66;73;25;6;2;0.0;22.0;28.0;82;91;100;0
323660000;76;32;32000;32366;Saint-Brès;ZZZZZZ;3236600;Z;5;38;30;2;6;36;2;0;1;2;7;20;0;1;1;0;1;6;21;30;18;0;1;8;2;2;29;18;0;1;8;1;2;1;0;0;0;0;1;0;0;2;4;24;23;4;0;3;0.0;11.0;7.0;22;30;29;0
323670000;76;32;32000;32367;Saint-Christaud;ZZZZZZ;3236700;Z;5;46;36;8;2;40;2;0;4;1;12;19;1;1;2;2;4;11;15;34;13;0;4;9;5;3;32;13;0;4;7;5;3;2;0;0;0;2;0;0;4;2;11;19;30;5;0;1;0.0;8.0;4.0;27;34;40;0
323680000;76;32;32000;32368;Sainte-Christie;ZZZZZZ;3236800;Z;5;263;231;6;26;245;14;0;6;14;55;156;3;1;6;17;55;69;80;224;50;10;23;56;49;36;216;48;9;22;55;47;35;5;2;0;1;1;0;1;24;27;39;140;186;36;0;8;1.0;103.0;74.0;205;224;228;5
323690000;76;32;32000;32369;Sainte-Christie-d'Armagnac;ZZZZZZ;3236900;Z;5;213;169;21;23;201;10;0;0;21;50;98;0;1;2;11;50;46;59;165;48;7;18;51;23;18;158;46;7;18;47;23;17;5;1;0;0;3;0;1;9;18;26;116;138;25;0;6;1.0;47.0;32.0;146;165;170;0
323700000;76;32;32000;32370;Saint-Clar;ZZZZZZ;3237000;Z;5;624;462;76;86;550;68;12;23;70;158;199;11;5;32;69;128;88;130;439;173;28;43;90;72;33;384;150;21;34;86;60;33;50;21;7;9;4;10;0;75;84;74;230;298;138;22;25;7.0;146.0;225.0;283;422;460;5
323710000;76;32;32000;32371;Saint-Créac;ZZZZZZ;3237100;Z;5;65;41;12;12;64;1;0;1;6;6;28;0;0;0;2;6;13;21;41;25;0;1;7;4;4;41;25;0;1;7;4;4;0;0;0;0;0;0;0;1;1;8;31;37;2;0;2;0.0;18.0;5.0;41;39;39;5
323720000;76;32;32000;32372;Saint-Cricq;ZZZZZZ;3237200;Z;5;134;118;12;4;132;1;1;3;9;49;56;1;0;5;9;27;40;36;118;13;5;5;35;32;28;116;13;4;5;35;32;27;1;0;1;0;0;0;0;9;19;31;59;103;11;0;4;0.0;21.0;50.0;98;115;115;0
323730000;76;32;32000;32373;Sainte-Dode;ZZZZZZ;3237300;Z;5;129;89;33;7;122;6;1;0;8;18;63;1;0;0;4;15;24;46;88;38;6;4;13;10;18;83;38;5;4;11;9;17;4;0;1;0;2;1;0;5;11;12;62;81;6;0;2;2.0;26.0;18.0;70;82;93;0
323740000;76;32;32000;32374;Saint-Élix-d'Astarac;ZZZZZZ;3237400;Z;5;91;76;11;4;91;0;0;2;8;20;46;0;2;1;1;19;16;38;75;30;4;5;5;21;9;75;30;4;5;5;21;9;0;0;0;0;0;0;0;5;10;18;43;64;11;0;1;0.0;19.0;34.0;73;73;78;0
323750000;76;32;32000;32375;Saint-Élix-Theux;ZZZZZZ;3237500;Z;5;60;47;7;6;59;1;0;0;1;6;40;0;0;0;0;5;13;29;47;29;4;7;4;2;1;46;29;4;6;4;2;1;1;0;0;1;0;0;0;4;3;4;36;41;6;0;0;1.0;17.0;4.0;39;46;49;0
323760000;76;32;32000;32376;Sainte-Gemme;ZZZZZZ;3237600;Z;5;73;55;9;9;72;0;0;2;6;14;33;0;1;5;8;7;13;21;54;23;4;5;6;9;7;53;23;4;4;6;9;7;0;0;0;0;0;0;0;8;6;5;36;48;6;1;1;0.0;27.0;11.0;40;51;55;0
323770000;76;32;32000;32377;Saint-Georges;ZZZZZZ;3237700;Z;5;98;74;9;15;95;1;0;2;2;18;52;0;0;2;2;8;17;45;74;41;4;6;5;7;11;73;40;4;6;5;7;11;1;1;0;0;0;0;0;6;9;14;45;64;9;0;1;0.0;36.0;18.0;67;73;75;0
323780000;76;32;32000;32378;Saint-Germé;ZZZZZZ;3237800;Z;5;208;191;3;14;197;11;0;9;24;55;103;0;3;10;30;60;43;45;186;48;12;40;32;26;28;175;48;12;38;32;20;25;11;0;0;2;0;6;3;28;36;27;100;131;53;4;7;1.0;88.0;48.0;143;170;195;0
323790000;76;32;32000;32379;Saint-Germier;ZZZZZZ;3237900;Z;5;94;78;9;7;92;0;0;0;7;25;46;0;2;1;3;20;21;32;77;28;2;3;8;25;12;75;27;2;3;7;25;12;0;0;0;0;0;0;0;4;18;17;39;64;13;0;1;0.0;22.0;31.0;71;77;79;0
323800000;76;32;32000;32380;Saint-Griède;ZZZZZZ;3238000;Z;5;64;59;0;5;63;0;0;1;0;12;46;1;0;0;0;6;16;36;56;16;1;5;9;11;13;55;15;1;5;9;11;13;0;0;0;0;0;0;0;4;8;9;38;54;3;0;2;0.0;13.0;16.0;47;58;61;0
323810000;76;32;32000;32381;Saint-Jean-le-Comtal;ZZZZZZ;3238100;Z;5;181;163;4;14;178;3;1;0;9;39;114;0;0;1;7;33;53;70;158;44;5;7;43;37;22;156;43;5;7;43;36;22;2;1;0;0;0;1;0;12;20;19;112;143;19;0;1;0.0;74.0;48.0;145;153;162;0
323820000;76;32;32000;32382;Saint-Jean-Poutge;ZZZZZZ;3238200;Z;5;177;148;6;23;172;4;2;4;9;51;81;2;0;2;7;49;24;64;142;51;6;22;20;18;25;138;49;6;20;20;18;25;3;1;0;2;0;0;0;8;18;13;109;129;18;0;1;3.0;58.0;44.0;124;141;146;0
323830000;76;32;32000;32383;Saint-Justin;ZZZZZZ;3238300;Z;5;96;68;23;5;95;1;0;1;5;16;46;0;0;2;5;15;14;31;66;35;4;6;9;4;8;65;35;4;6;9;4;7;1;0;0;0;0;0;1;6;10;9;43;57;8;0;3;0.0;22.0;12.0;60;64;66;0
323840000;76;32;32000;32384;Saint-Lary;ZZZZZZ;3238400;Z;5;135;110;19;6;131;4;0;1;12;32;65;0;1;1;10;13;32;53;108;31;5;9;15;23;25;105;30;5;7;15;23;25;3;1;0;2;0;0;0;5;13;31;61;90;15;0;5;3.0;49.0;30.0;93;108;115;0
323850000;76;32;32000;32385;Saint-Léonard;ZZZZZZ;3238500;Z;5;102;73;17;12;101;1;0;2;5;16;50;0;1;0;7;15;16;34;70;24;1;6;18;9;12;70;24;1;6;18;9;12;0;0;0;0;0;0;0;4;9;14;46;63;8;0;2;1.0;35.0;12.0;63;68;80;0
323860000;76;32;32000;32386;Saint-Lizier-du-Planté;ZZZZZZ;3238600;Z;5;64;56;5;3;64;0;0;1;4;17;34;0;0;0;1;4;19;32;52;32;4;2;5;3;7;52;32;4;2;5;3;7;0;0;0;0;0;0;0;4;7;8;38;50;4;0;2;0.0;24.0;9.0;26;55;53;0
323870000;76;32;32000;32387;Saint-Loube;ZZZZZZ;3238700;Z;5;51;42;4;5;51;0;0;0;4;12;26;0;0;0;2;10;11;20;39;19;2;5;2;4;8;39;19;2;5;2;4;8;0;0;0;0;0;0;0;3;8;10;22;36;5;0;1;0.0;11.0;16.0;37;42;39;0
323880000;76;32;32000;32388;Sainte-Marie;ZZZZZZ;3238800;Z;5;189;161;12;16;181;7;0;5;14;35;106;0;0;5;12;31;40;72;159;47;6;7;17;40;41;155;45;6;7;16;39;41;3;2;0;0;1;0;0;11;19;46;85;130;28;0;3;1.0;67.0;49.0;128;158;167;5
323890000;76;32;32105;32389;Saint-Martin;ZZZZZZ;3238900;Z;5;227;205;12;10;221;3;1;4;13;56;131;1;1;5;20;45;55;78;198;19;10;9;78;58;24;194;19;10;9;78;55;23;3;0;0;0;0;2;1;16;21;31;137;178;23;5;4;1.0;71.0;61.0;169;197;205;0
323900000;76;32;32000;32390;Saint-Martin-d'Armagnac;ZZZZZZ;3239000;Z;5;107;93;7;6;107;0;0;1;9;27;56;0;1;0;5;30;31;27;93;39;3;6;18;15;11;93;39;3;6;18;15;11;0;0;0;0;0;0;0;6;17;20;49;79;6;0;8;0.0;29.0;23.0;20;91;92;0
323910000;76;32;32000;32391;Saint-Martin-de-Goyne;ZZZZZZ;3239100;Z;5;73;58;9;6;72;1;0;2;7;16;33;0;1;3;4;7;16;27;58;15;6;7;11;8;11;57;15;6;7;11;7;11;1;0;0;0;0;1;0;4;8;7;39;51;4;1;3;0.0;34.0;11.0;38;56;55;0
323920000;76;32;32000;32392;Saint-Martin-Gimois;ZZZZZZ;3239200;Z;5;40;36;4;0;40;0;0;1;2;13;20;0;0;0;1;5;10;20;36;18;4;2;3;4;5;36;18;4;2;3;4;5;0;0;0;0;0;0;0;1;3;8;24;34;2;0;0;0.0;15.0;4.0;22;34;35;0
323930000;76;32;32000;32393;Saint-Maur;ZZZZZZ;3239300;Z;5;66;58;6;2;60;4;0;2;3;18;35;1;2;0;3;13;9;30;55;25;2;0;6;12;10;51;22;2;0;6;10;10;2;2;0;0;0;0;0;3;12;9;34;43;13;0;2;0.0;18.0;16.0;47;56;61;0
323940000;76;32;32000;32394;Saint-Médard;ZZZZZZ;3239400;Z;5;172;149;17;5;163;5;2;7;14;37;90;1;2;8;13;32;40;53;149;73;7;4;24;17;23;142;69;7;4;24;16;21;3;1;0;0;0;0;2;16;16;19;98;120;23;7;7;2.0;45.0;36.0;145;140;143;0
323950000;76;32;32000;32395;Sainte-Mère;ZZZZZZ;3239500;Z;5;118;99;10;9;101;16;0;4;17;19;59;0;0;3;19;10;25;42;96;30;6;12;26;13;8;79;27;4;11;20;10;7;16;3;2;1;6;3;1;15;17;14;51;63;31;0;5;0.0;38.0;35.0;75;92;98;0
323960000;76;32;32000;32396;Saint-Mézard;ZZZZZZ;3239600;Z;5;135;95;19;21;133;2;1;3;9;30;53;0;2;8;12;15;23;36;92;57;4;4;13;10;6;91;56;4;4;13;10;6;1;1;0;0;0;0;0;6;13;14;63;78;13;0;5;2.0;32.0;16.0;77;90;96;0
323970000;76;32;32000;32397;Saint-Michel;ZZZZZZ;3239700;Z;5;147;119;16;11;143;1;0;4;17;28;71;1;1;3;8;17;24;65;113;69;3;3;6;12;19;111;67;3;3;6;12;19;0;0;0;0;0;0;0;4;19;19;78;104;12;0;3;2.0;44.0;26.0;103;117;119;0
323980000;76;32;32000;32398;Saint-Mont;ZZZZZZ;3239800;Z;5;191;145;25;22;176;13;2;11;23;27;82;2;5;13;17;29;31;48;133;46;15;16;21;21;14;126;46;12;15;20;19;14;6;0;3;1;1;1;0;19;23;15;88;104;34;11;7;0.0;45.0;50.0;109;138;145;0
323990000;76;32;32000;32399;Saint-Orens;ZZZZZZ;3239900;Z;5;36;32;4;0;36;0;0;0;2;8;22;0;0;0;4;7;3;18;30;13;4;0;4;4;5;30;13;4;0;4;4;5;0;0;0;0;0;0;0;2;2;9;19;27;4;1;1;0.0;14.0;9.0;23;32;35;0
324000000;76;32;32000;32400;Saint-Orens-Pouy-Petit;ZZZZZZ;3240000;Z;5;121;83;32;6;117;4;0;0;2;15;66;0;0;0;5;19;19;40;80;44;3;3;7;8;15;79;44;3;3;7;8;14;1;0;0;0;0;0;1;6;14;18;45;72;11;0;0;0.0;27.0;27.0;48;78;85;0
324010000;76;32;32000;32401;Saint-Ost;ZZZZZZ;3240100;Z;5;57;42;12;3;54;3;0;1;5;8;28;0;0;4;2;12;8;16;37;26;1;2;4;2;2;35;25;0;2;4;2;2;2;1;1;0;0;0;0;5;6;1;30;36;6;0;0;1.0;10.0;11.0;30;42;44;0
324020000;76;32;32000;32402;Saint-Paul-de-Baïse;ZZZZZZ;3240200;Z;5;73;50;13;10;73;0;0;0;5;16;29;0;0;1;8;17;7;17;50;37;4;1;4;3;1;50;37;4;1;4;3;1;0;0;0;0;0;0;0;1;4;7;38;44;4;0;2;0.0;22.0;7.0;15;48;55;0
324030000;76;32;32000;32403;Saint-Pierre-d'Aubézies;ZZZZZZ;3240300;Z;5;43;34;8;1;42;1;1;1;5;7;19;0;1;2;2;7;9;13;34;16;2;2;6;3;4;33;15;2;2;6;3;4;1;1;0;0;0;0;0;3;1;4;26;30;1;0;3;0.0;12.0;9.0;27;33;32;11
324040000;76;32;32000;32404;Saint-Puy;ZZZZZZ;3240400;Z;5;376;293;53;30;354;21;4;11;34;74;170;0;7;9;34;62;63;118;288;156;12;21;44;19;36;268;143;11;18;43;17;36;20;13;1;3;1;2;0;26;38;60;169;220;64;10;9;2.0;100.0;75.0;214;269;285;5
324050000;76;32;32000;32405;Sainte-Radegonde;ZZZZZZ;3240500;Z;5;83;75;5;3;83;0;0;1;7;19;48;0;0;1;6;18;15;35;75;19;3;7;20;18;8;75;19;3;7;20;18;8;0;0;0;0;0;0;0;3;8;13;51;67;5;0;3;0.0;27.0;25.0;62;71;75;0
324060000;76;32;32000;32406;Saint-Sauvy;ZZZZZZ;3240600;Z;5;186;152;13;21;175;6;5;5;14;40;88;4;2;3;13;34;41;55;147;51;10;12;28;25;22;139;48;9;12;27;21;22;5;3;1;0;0;1;0;12;18;25;97;129;21;1;2;1.0;79.0;40.0;102;146;144;0
324070000;76;32;32000;32407;Saint-Soulan;ZZZZZZ;3240700;Z;5;89;71;7;11;86;2;0;2;8;23;38;1;0;1;4;12;25;28;67;23;5;7;16;9;7;64;23;4;7;14;9;7;2;0;1;0;1;0;0;3;13;11;44;62;8;0;1;0.0;19.0;18.0;58;67;75;0
324080000;76;32;32000;32408;Salles-d'Armagnac;ZZZZZZ;3240800;Z;5;68;58;7;3;64;4;0;0;8;16;34;0;0;0;6;13;17;22;55;23;5;4;1;14;8;52;23;4;4;1;12;8;3;0;1;0;0;2;0;5;7;11;35;44;13;0;1;0.0;18.0;15.0;47;54;60;0
324090000;76;32;32000;32409;Samaran;ZZZZZZ;3240900;Z;5;52;37;9;6;52;0;1;0;3;7;26;0;1;0;2;6;9;19;37;23;1;4;2;4;3;37;23;1;4;2;4;3;0;0;0;0;0;0;0;1;6;4;26;33;4;0;0;0.0;12.0;2.0;32;37;35;0
324100000;76;32;32000;32410;Samatan;ZZZZZZ;3241000;Z;5;1346;1117;102;126;1045;300;8;96;189;332;492;1;45;87;159;308;244;273;1102;230;123;145;219;222;163;889;187;75;118;185;184;139;213;43;47;26;34;38;23;129;213;206;569;724;381;53;12;27.0;331.0;557.0;614;994;1103;10
324110000;76;32;32000;32411;Sansan;ZZZZZZ;3241100;Z;5;44;40;2;1;44;0;0;2;3;14;22;0;0;2;3;11;16;9;39;17;1;4;8;6;4;39;17;1;4;8;6;4;0;0;0;0;0;0;0;0;7;7;26;34;5;0;1;0.0;17.0;8.0;35;40;39;0
324120000;76;32;32000;32412;Saramon;ZZZZZZ;3241200;Z;5;546;401;67;79;451;58;12;23;89;123;154;15;13;40;64;93;89;87;385;115;33;42;57;62;76;321;100;25;34;52;54;55;49;15;8;8;5;1;13;38;77;80;206;272;112;11;17;3.0;125.0;181.0;252;357;391;10
324130000;76;32;32000;32413;Sarcos;ZZZZZZ;3241300;Z;5;46;33;7;6;42;2;0;1;4;12;16;0;0;1;4;7;5;16;30;20;0;2;2;3;4;30;20;0;2;2;3;4;0;0;0;0;0;0;0;3;5;5;19;30;2;1;1;0.0;7.0;5.0;21;30;32;5
324140000;76;32;32000;32414;Sarragachies;ZZZZZZ;3241400;Z;5;137;107;16;14;134;2;0;2;5;18;82;1;2;3;10;19;38;34;107;26;4;25;24;13;15;104;23;4;25;24;13;15;2;2;0;0;0;0;0;4;10;16;77;95;10;0;2;0.0;44.0;19.0;85;98;105;0
324150000;76;32;32000;32415;Sarraguzan;ZZZZZZ;3241500;Z;5;56;39;12;4;54;1;0;0;3;9;28;0;0;0;3;7;6;24;37;24;4;0;4;3;3;37;24;4;0;4;3;3;0;0;0;0;0;0;0;3;11;7;19;33;6;0;0;0.0;18.0;4.0;31;37;43;0
324160000;76;32;32000;32416;Sarrant;ZZZZZZ;3241600;Z;5;213;167;20;26;206;6;2;4;25;40;97;2;2;3;20;28;31;81;162;80;8;18;19;19;17;156;77;7;17;19;19;16;5;3;1;1;0;0;0;14;18;25;110;132;24;0;10;2.0;66.0;55.0;129;162;167;5
324170000;76;32;32000;32417;La Sauvetat;ZZZZZZ;3241700;Z;5;224;165;24;35;221;3;0;5;16;41;103;0;0;1;13;26;51;75;162;88;13;8;18;20;15;159;87;11;8;18;20;15;3;1;2;0;0;0;0;13;26;28;98;130;32;1;4;1.0;64.0;46.0;121;154;164;5
324180000;76;32;32000;32418;Sauveterre;ZZZZZZ;3241800;Z;5;155;115;26;15;149;5;0;5;12;34;63;0;0;7;7;30;28;43;112;40;11;8;23;10;19;106;38;10;8;21;9;19;5;2;1;0;1;1;0;5;18;18;73;87;21;0;6;0.0;35.0;31.0;83;113;113;0
324190000;76;32;32000;32419;Sauviac;ZZZZZZ;3241900;Z;5;63;51;7;5;63;0;0;1;1;9;40;0;0;1;2;6;13;29;50;18;6;1;9;9;7;50;18;6;1;9;9;7;0;0;0;0;0;0;0;2;6;10;33;49;1;0;1;2.0;30.0;7.0;42;50;50;0
324200000;76;32;32000;32420;Sauvimont;ZZZZZZ;3242000;Z;5;35;27;3;5;33;0;0;0;2;5;20;0;0;0;1;6;7;13;26;11;1;0;3;8;3;26;11;1;0;3;8;3;0;0;0;0;0;0;0;0;2;3;22;26;0;0;1;0.0;8.0;7.0;21;26;25;0
324210000;76;32;32000;32421;Savignac-Mona;ZZZZZZ;3242100;Z;5;67;56;3;8;63;4;0;0;7;20;29;0;0;0;4;13;16;23;53;14;3;12;11;9;4;53;14;3;12;11;9;4;0;0;0;0;0;0;0;6;4;10;36;48;8;0;0;0.0;23.0;17.0;45;55;55;5
324220000;76;32;32000;32422;Scieurac-et-Flourès;ZZZZZZ;3242200;Z;5;30;21;6;3;29;0;0;2;1;6;13;0;1;0;1;6;3;11;21;8;2;2;4;5;1;20;8;1;2;4;5;1;0;0;0;0;0;0;0;1;5;3;13;19;3;0;0;0.0;7.0;6.0;20;20;19;0
324230000;76;32;32000;32423;Séailles;ZZZZZZ;3242300;Z;5;40;24;9;7;40;0;0;0;2;9;13;0;0;1;1;7;8;6;24;3;2;5;2;8;5;24;3;2;5;2;8;5;0;0;0;0;0;0;0;1;4;3;17;19;2;0;3;0.0;5.0;8.0;21;23;23;0
324240000;76;32;32000;32424;Ségos;ZZZZZZ;3242400;Z;5;125;105;11;10;122;3;0;3;6;22;73;0;0;4;3;16;33;49;104;17;5;16;28;23;13;101;17;5;16;27;22;12;3;0;0;0;1;1;1;6;8;10;80;89;13;0;3;0.0;30.0;34.0;91;97;102;0
324250000;76;32;32000;32425;Ségoufielle;ZZZZZZ;3242500;Z;5;465;435;5;25;436;28;1;10;49;161;213;1;3;14;40;142;123;113;387;29;17;43;89;96;113;358;28;14;40;85;86;105;28;1;4;3;3;10;8;58;86;88;202;317;112;11;6;0.0;135.0;228.0;354;426;427;0
324260000;76;32;32000;32426;Seissan;ZZZZZZ;3242600;Z;5;605;518;40;47;527;77;1;35;86;173;223;2;8;35;99;141;98;134;505;116;39;96;125;49;78;450;101;33;88;112;45;69;53;15;5;8;12;4;9;76;86;88;267;370;143;11;5;13.0;183.0;199.0;368;465;522;5
324270000;76;32;32000;32427;Sembouès;ZZZZZZ;3242700;Z;5;36;30;1;5;36;0;0;0;3;10;18;0;0;0;2;6;9;14;30;21;0;2;5;1;2;30;21;0;2;5;1;2;0;0;0;0;0;0;0;0;2;5;24;29;2;0;0;3.0;15.0;2.0;28;29;34;0
324280000;76;32;32000;32428;Sémézies-Cachan;ZZZZZZ;3242800;Z;5;45;31;10;4;42;1;0;1;4;10;16;1;0;1;2;3;4;20;31;23;0;3;1;2;2;29;21;0;3;1;2;2;1;1;0;0;0;0;0;2;3;4;22;25;4;0;2;0.0;14.0;3.0;26;26;35;0
324290000;76;32;32000;32429;Sempesserre;ZZZZZZ;3242900;Z;5;168;131;19;18;168;0;0;4;10;31;86;1;0;3;9;21;32;65;127;73;6;9;15;13;11;127;73;6;9;15;13;11;0;0;0;0;0;0;0;13;15;14;89;114;14;0;3;2.0;64.0;30.0;117;127;135;0
324300000;76;32;32000;32430;Sère;ZZZZZZ;3243000;Z;5;55;39;5;10;53;0;0;1;3;19;16;0;1;0;10;6;13;11;34;13;3;5;4;5;4;33;13;3;5;4;4;4;0;0;0;0;0;0;0;2;9;3;26;34;4;0;2;0.0;11.0;5.0;34;39;43;0
324310000;76;32;32000;32431;Sérempuy;ZZZZZZ;3243100;Z;5;25;17;3;5;22;3;0;1;2;2;12;1;0;1;2;1;2;10;17;10;0;0;1;3;3;14;9;0;0;0;2;3;3;1;0;0;1;1;0;0;1;6;10;12;4;1;1;0.0;5.0;7.0;11;17;15;0
324320000;76;32;32000;32432;Seysses-Savès;ZZZZZZ;3243200;Z;5;100;95;2;3;100;0;0;0;9;27;59;0;0;1;3;16;25;50;94;54;3;4;8;15;10;94;54;3;4;8;15;10;0;0;0;0;0;0;0;6;5;9;75;84;11;0;0;0.0;43.0;27.0;85;94;90;5
324330000;76;32;32000;32433;Simorre;ZZZZZZ;3243300;Z;5;448;313;71;64;410;35;0;20;49;95;149;2;5;15;29;84;64;114;306;158;16;24;40;34;34;281;149;16;23;37;31;25;22;9;0;1;3;2;7;37;38;59;179;235;64;13;14;2.0;107.0;85.0;202;286;315;0
324340000;76;32;32000;32434;Sion;ZZZZZZ;3243400;Z;5;58;47;6;5;57;2;1;1;4;15;25;0;0;0;12;6;8;20;45;19;1;4;5;7;7;44;19;1;3;5;7;7;1;0;0;1;0;0;0;4;1;4;37;36;7;0;3;0.0;19.0;8.0;37;46;48;5
324350000;76;32;32000;32435;Sirac;ZZZZZZ;3243500;Z;5;85;73;11;1;83;2;0;2;6;20;45;0;0;2;7;16;14;33;65;28;7;5;4;9;11;64;27;7;5;4;9;11;1;1;0;0;0;0;0;4;16;14;38;57;11;0;5;2.0;20.0;27.0;62;69;71;0
324360000;76;32;32000;32436;Solomiac;ZZZZZZ;3243600;Z;5;276;219;23;33;254;21;0;7;37;61;114;0;1;12;33;43;41;88;215;90;17;18;29;25;35;195;80;15;17;27;21;34;20;10;2;1;2;4;1;24;37;48;109;153;63;0;3;0.0;77.0;83.0;150;206;217;0
324370000;76;32;32000;32437;Sorbets;ZZZZZZ;3243700;Z;5;114;98;6;10;113;0;0;3;9;31;55;1;2;1;11;25;32;25;95;28;14;13;12;22;5;94;27;14;13;12;22;5;0;0;0;0;0;0;0;8;13;11;66;87;8;0;3;1.0;33.0;14.0;73;92;96;0
324380000;76;32;32000;32438;Tachoires;ZZZZZZ;3243800;Z;5;53;41;7;5;49;3;0;2;4;9;26;0;1;1;7;4;7;21;40;14;2;6;3;7;8;36;14;2;4;3;6;7;3;0;0;2;0;1;0;5;5;5;26;35;6;0;0;2.0;16.0;9.0;35;40;40;0
324390000;76;32;32000;32439;Tarsac;ZZZZZZ;3243900;Z;5;123;88;16;18;115;5;0;5;9;25;50;1;2;3;7;26;19;31;84;28;9;7;18;9;13;78;27;9;6;16;8;12;4;1;0;1;2;0;0;12;14;12;51;68;17;0;4;1.0;41.0;21.0;67;81;84;0
324400000;76;32;32000;32440;Tasque;ZZZZZZ;3244000;Z;5;134;111;11;12;125;8;2;4;11;32;62;1;3;8;11;18;35;35;110;41;6;13;21;9;19;103;39;6;10;21;9;17;6;2;0;3;0;0;1;13;17;16;64;80;29;5;3;0.0;50.0;27.0;92;108;117;0
324410000;76;32;32000;32441;Taybosc;ZZZZZZ;3244100;Z;5;33;27;4;2;33;0;0;0;1;8;18;0;0;0;3;3;4;17;27;10;3;2;6;2;4;27;10;3;2;6;2;4;0;0;0;0;0;0;0;2;0;5;20;24;2;0;1;1.0;12.0;7.0;21;26;25;0
324420000;76;32;32000;32442;Terraube;ZZZZZZ;3244200;Z;5;212;154;23;35;209;3;0;1;13;36;104;1;0;2;13;26;37;75;150;82;9;3;25;18;13;147;81;8;3;24;18;13;3;1;1;0;1;0;0;11;27;31;85;118;29;6;7;1.0;51.0;44.0;101;150;155;0
324430000;76;32;32000;32443;Termes-d'Armagnac;ZZZZZZ;3244300;Z;5;111;81;18;12;107;2;2;2;6;20;51;2;1;1;7;17;16;37;79;34;9;6;14;8;8;75;34;8;5;14;6;8;2;0;0;1;0;1;0;7;11;12;51;67;11;0;3;0.0;23.0;11.0;71;78;75;0
324440000;76;32;32000;32444;Thoux;ZZZZZZ;3244400;Z;5;122;105;15;3;121;1;0;4;16;30;55;0;4;6;10;21;28;36;97;22;11;7;19;18;19;97;22;11;7;19;18;19;0;0;0;0;0;0;0;7;18;22;58;79;22;0;4;0.0;34.0;50.0;86;103;102;0
324450000;76;32;32000;32445;Tieste-Uragnoux;ZZZZZZ;3244500;Z;5;101;81;12;7;98;0;2;3;12;21;43;2;2;3;5;24;17;28;80;20;2;7;14;13;24;77;20;2;6;13;12;24;0;0;0;0;0;0;0;12;10;15;45;66;11;0;4;0.0;24.0;21.0;72;79;75;0
324460000;76;32;32000;32446;Tillac;ZZZZZZ;3244600;Z;5;169;131;25;13;161;6;0;3;16;29;83;0;1;2;14;28;28;58;130;72;3;9;19;14;13;124;69;2;8;18;14;13;4;1;1;1;1;0;0;9;11;21;90;108;18;0;5;1.0;46.0;18.0;116;125;140;0
324470000;76;32;32000;32447;Tirent-Pontéjac;ZZZZZZ;3244700;Z;5;42;38;4;0;41;1;0;0;1;12;25;0;0;0;0;4;13;21;38;17;5;4;5;4;3;37;17;5;4;5;3;3;1;0;0;0;0;1;0;1;3;8;26;35;3;0;0;0.0;19.0;7.0;35;37;45;0
324480000;76;32;32000;32448;Touget;ZZZZZZ;3244800;Z;5;260;213;20;26;253;4;1;3;16;57;136;2;1;5;13;41;55;96;210;74;14;10;29;52;30;205;72;14;10;27;52;29;2;1;0;0;0;0;1;11;41;36;125;172;39;0;2;1.0;73.0;91.0;149;208;211;5
324490000;76;32;32000;32449;Toujouse;ZZZZZZ;3244900;Z;5;123;105;2;16;116;4;1;5;17;26;55;3;4;1;13;26;33;26;88;14;7;11;17;17;21;83;13;7;11;15;16;21;3;0;0;0;3;0;0;14;32;20;39;62;37;1;5;3.0;17.0;31.0;87;100;105;5
324500000;76;32;32000;32450;Tourdun;ZZZZZZ;3245000;Z;5;68;49;14;4;62;2;1;3;4;12;29;0;1;1;4;10;11;22;46;18;1;3;10;6;8;43;18;1;2;10;6;7;2;0;0;1;1;0;0;9;10;7;24;39;10;0;0;1.0;18.0;10.0;41;48;52;0
324510000;76;32;32000;32451;Tournan;ZZZZZZ;3245100;Z;5;101;78;2;21;98;3;0;4;3;21;50;0;0;1;1;11;30;35;78;36;6;2;12;9;13;75;33;6;2;12;9;13;3;3;0;0;0;0;0;5;12;22;39;69;6;0;3;1.0;23.0;15.0;67;76;80;0
324520000;76;32;32000;32452;Tournecoupe;ZZZZZZ;3245200;Z;5;175;125;27;23;170;4;1;3;13;28;80;0;0;8;7;31;24;55;122;59;8;17;15;14;9;117;56;8;17;15;12;9;4;2;0;0;0;2;0;10;9;18;88;96;19;0;10;4.0;59.0;21.0;92;115;121;5
324530000;76;32;32000;32453;Tourrenquets;ZZZZZZ;3245300;Z;5;58;50;4;4;56;0;0;1;1;13;35;1;0;0;1;8;17;23;49;20;2;5;11;9;2;47;19;2;5;11;9;1;0;0;0;0;0;0;0;3;4;6;37;43;5;0;2;0.0;24.0;10.0;46;46;50;0
324540000;76;32;32000;32454;Traversères;ZZZZZZ;3245400;Z;5;38;33;1;4;37;1;0;1;4;7;21;0;0;2;4;5;8;14;30;17;1;0;2;6;4;29;16;1;0;2;6;4;1;1;0;0;0;0;0;4;2;4;23;29;3;0;1;0.0;20.0;3.0;28;33;35;0
324550000;76;32;32000;32455;Troncens;ZZZZZZ;3245500;Z;5;96;76;14;6;94;2;0;0;6;18;52;0;0;0;4;14;19;39;76;51;2;2;10;5;6;74;49;2;2;10;5;6;2;2;0;0;0;0;0;3;5;10;58;69;6;0;1;2.0;25.0;5.0;68;71;75;0
324560000;76;32;32000;32456;Tudelle;ZZZZZZ;3245600;Z;5;33;27;4;2;31;1;0;1;3;11;11;0;0;2;2;4;7;11;24;17;0;1;3;1;2;23;16;0;1;3;1;2;1;1;0;0;0;0;0;2;3;2;19;21;4;0;1;0.0;6.0;3.0;26;23;28;0
324570000;76;32;32000;32457;Urdens;ZZZZZZ;3245700;Z;5;123;111;5;7;115;7;1;0;10;30;70;1;0;0;11;29;39;31;109;14;2;9;29;29;26;103;12;2;9;28;28;24;6;2;0;0;1;1;2;12;13;22;64;99;10;0;2;1.0;38.0;41.0;89;107;108;5
324580000;76;32;32000;32458;Urgosse;ZZZZZZ;3245800;Z;5;128;114;3;11;122;6;0;4;9;28;73;0;3;6;9;27;29;40;111;23;5;15;32;19;16;106;17;5;15;32;19;16;5;5;0;0;0;0;0;8;12;14;79;92;19;0;2;0.0;33.0;39.0;95;110;113;0
324590000;76;32;32000;32459;Valence-sur-Baïse;ZZZZZZ;3245900;Z;5;716;553;57;106;661;54;3;16;106;155;273;5;8;39;107;143;116;135;547;170;47;98;104;78;50;497;151;44;93;99;69;41;49;18;3;5;5;9;9;54;101;83;315;362;164;67;27;7.0;218.0;197.0;372;503;545;0
324600000;76;32;32000;32460;Vergoignan;ZZZZZZ;3246000;Z;5;156;136;9;11;151;4;0;5;12;42;78;0;2;5;9;38;46;37;129;19;9;21;31;19;30;125;18;9;19;30;19;30;4;1;0;2;1;0;0;16;19;23;79;111;23;0;2;0.0;41.0;41.0;119;130;136;0
324610000;76;32;32000;32461;Verlus;ZZZZZZ;3246100;Z;5;45;38;2;5;45;0;0;0;1;6;31;0;0;0;1;7;11;19;38;18;3;4;5;3;5;38;18;3;4;5;3;5;0;0;0;0;0;0;0;1;7;4;26;35;3;1;0;0.0;11.0;6.0;30;37;40;0
324620000;76;32;32104;32462;Vic-Fezensac;ZZZZZZ;3246200;Z;5;2220;1719;85;417;1755;444;21;131;336;533;697;30;41;139;295;505;356;353;1716;401;134;378;436;192;176;1359;312;98;287;381;149;133;339;84;35;87;48;43;41;216;302;274;927;1085;582;90;52;30.0;774.0;636.0;1040;1517;1706;14
324630000;76;32;32000;32463;Viella;ZZZZZZ;3246300;Z;5;354;252;59;43;335;17;1;4;41;68;138;2;2;9;26;55;57;101;246;78;29;34;57;24;24;228;74;26;34;55;20;19;16;4;2;0;2;4;4;26;43;31;152;201;48;3;3;2.0;88.0;64.0;188;236;250;5
324640000;76;32;32000;32464;Villecomtal-sur-Arros;ZZZZZZ;3246400;Z;5;465;404;20;41;378;84;2;24;69;130;179;3;10;38;62;114;94;83;395;81;28;59;121;52;54;322;76;26;41;97;38;44;72;5;2;17;24;14;10;54;70;88;192;259;138;53;7;20.0;164.0;108.0;307;378;410;10
324650000;76;32;32000;32465;Villefranche;ZZZZZZ;3246500;Z;5;103;63;26;14;100;3;0;1;7;17;38;0;0;1;8;9;14;32;63;47;3;1;4;6;2;61;45;3;1;4;6;2;2;2;0;0;0;0;0;7;7;15;34;52;11;0;0;3.0;28.0;5.0;51;60;64;0
324660000;76;32;32000;32466;Viozan;ZZZZZZ;3246600;Z;5;50;41;9;0;49;1;0;0;3;6;32;0;0;0;5;10;11;14;41;32;2;3;0;1;3;40;31;2;3;0;1;3;1;1;0;0;0;0;0;4;2;7;28;35;5;0;1;1.0;16.0;5.0;20;41;41;0
324670000;76;32;32000;32467;Saint-Caprais;ZZZZZZ;3246700;Z;5;65;59;3;3;62;1;1;2;3;22;31;1;1;0;3;9;15;30;57;24;5;5;8;5;10;54;23;3;5;8;5;10;1;0;1;0;0;0;0;4;11;11;33;53;4;0;2;0.0;26.0;13.0;47;55;55;0
324680000;76;32;32000;32468;Aussos;ZZZZZZ;3246800;Z;5;42;35;3;4;42;0;0;1;1;9;24;0;0;3;2;6;7;16;35;22;1;3;2;3;4;35;22;1;3;2;3;4;0;0;0;0;0;0;0;1;4;8;22;29;5;0;1;0.0;25.0;3.0;13;33;36;0
