IRIS;REG;DEP;UU2010;COM;LIBCOM;TRIRIS;GRD_QUART;TYP_IRIS;LAB_IRIS;P17_LOG;P17_RP;P17_RSECOCC;P17_LOGVAC;P17_MAISON;P17_APPART;P17_RP_1P;P17_RP_2P;P17_RP_3P;P17_RP_4P;P17_RP_5PP;P17_RP_M30M2;P17_RP_3040M2;P17_RP_4060M2;P17_RP_6080M2;P17_RP_80100M2;P17_RP_100120M2;P17_RP_120M2P;P17_RP_ACHTOT;P17_RP_ACH19;P17_RP_ACH45;P17_RP_ACH70;P17_RP_ACH90;P17_RP_ACH05;P17_RP_ACH14;P17_RPMAISON_ACHTOT;P17_RPMAISON_ACH19;P17_RPMAISON_ACH45;P17_RPMAISON_ACH70;P17_RPMAISON_ACH90;P17_RPMAISON_ACH05;P17_RPMAISON_ACH14;P17_RPAPPART_ACHTOT;P17_RPAPPART_ACH19;P17_RPAPPART_ACH45;P17_RPAPPART_ACH70;P17_RPAPPART_ACH90;P17_RPAPPART_ACH05;P17_RPAPPART_ACH14;P17_MEN;P17_MEN_ANEM0002;P17_MEN_ANEM0204;P17_MEN_ANEM0509;P17_MEN_ANEM10P;P17_RP_PROP;P17_RP_LOC;P17_RP_LOCHLMV;P17_RP_GRAT;P17_RP_CCCOLL;P17_RP_CCIND;P17_RP_CINDELEC;P17_RP_GARL;P17_RP_VOIT1P;P17_RP_VOIT1;P17_RP_VOIT2P;C17_RP_HSTU1P;C17_RP_HSTU1P_SUROCC;P17_NPER_RP_PROP;P17_NPER_RP_LOC;P17_NPER_RP_LOCHLMV;P17_NPER_RP_GRAT;P17_RP_SDB
2A0010000;94;2A;2A105;2A001;Afa;ZZZZZZ;2A00100;Z;5;1480;1282;178;19;1259;211;21;95;211;389;567;16;37;97;178;285;301;369;1276;35;30;94;447;368;301;1108;33;27;74;416;323;235;160;2;1;18;29;45;65;1282;141;197;221;723;972;233;1;77;6.0;200.0;756.0;1057;1217;491;726;1264;45;2441;510;5;182;1258.0
2A0040101;94;2A;2A501;2A004;Ajaccio;2A0011;2A00401;H;1;869;795;48;25;24;845;29;192;340;159;75;7;71;251;279;122;48;17;789;116;141;439;78;6;9;17;0;7;4;6;0;0;772;116;134;435;72;6;9;795;105;227;116;347;230;554;103;11;60.0;245.0;478.0;259;648;501;147;780;51;419;1149;228;25;777.0
2A0040102;94;2A;2A501;2A004;Ajaccio;2A0011;2A00401;H;1;1386;1255;59;72;22;1364;50;239;539;369;58;23;89;265;530;288;55;5;1238;2;39;969;173;7;48;22;2;3;12;0;4;1;1216;0;36;956;173;4;47;1255;136;372;222;526;461;772;48;22;24.0;404.0;787.0;567;942;684;258;1223;123;900;1791;120;42;1246.0
2A0040103;94;2A;2A501;2A004;Ajaccio;2A0011;2A00401;H;1;1652;1401;187;64;41;1611;129;253;450;373;197;97;73;262;416;284;167;103;1397;382;329;433;239;10;3;28;0;11;18;0;0;0;1368;382;319;416;239;10;3;1401;171;337;216;678;621;702;3;78;50.0;443.0;889.0;241;1034;776;257;1283;81;1359;1365;11;213;1366.0
2A0040201;94;2A;2A501;2A004;Ajaccio;2A0021;2A00402;H;1;1325;1125;145;55;6;1319;46;265;369;310;134;31;48;229;352;273;93;98;1125;307;390;352;37;38;0;6;3;0;3;0;0;0;1118;304;390;349;37;38;0;1125;54;241;263;568;569;524;24;32;27.0;410.0;671.0;278;840;637;203;1084;72;1220;1062;41;70;1077.0
2A0040202;94;2A;2A501;2A004;Ajaccio;2A0021;2A00402;H;1;1145;928;193;25;13;1132;115;145;349;216;102;60;96;171;225;187;110;79;928;490;211;119;83;21;3;13;6;3;3;0;0;0;915;484;208;116;83;21;3;928;136;184;235;371;399;503;0;26;47.0;117.0;743.0;108;680;444;236;819;64;903;976;0;39;916.0
2A0040203;94;2A;2A501;2A004;Ajaccio;2A0021;2A00402;H;1;1243;1181;55;7;30;1213;0;130;509;379;162;10;41;150;415;337;151;77;1181;49;103;701;283;41;3;26;7;7;12;0;0;0;1154;42;96;690;283;41;3;1181;68;179;189;744;720;436;75;24;3.0;382.0;796.0;302;1042;614;429;1181;40;1609;1149;242;55;1177.0
2A0040301;94;2A;2A501;2A004;Ajaccio;2A0021;2A00403;H;1;1345;1270;59;16;153;1192;20;180;473;380;218;11;51;190;327;310;227;156;1270;4;53;383;695;124;11;141;4;0;30;89;9;9;1129;0;53;353;605;115;2;1270;54;190;179;847;915;322;1;33;0.0;426.0;824.0;564;1155;630;525;1253;54;2175;683;3;98;1259.0
2A0040302;94;2A;2A501;2A004;Ajaccio;2A0031;2A00403;H;1;1631;1449;163;20;113;1517;19;188;662;384;197;12;36;212;509;334;239;106;1449;15;140;709;500;56;29;100;1;19;38;40;3;0;1348;13;121;671;460;53;29;1449;82;254;251;863;884;477;0;88;71.0;459.0;907.0;313;1184;822;361;1433;73;1941;1100;0;193;1438.0
2A0040401;94;2A;2A501;2A004;Ajaccio;2A0031;2A00404;H;1;2017;1675;292;51;95;1922;24;370;543;488;249;54;109;254;360;406;338;153;1606;6;33;471;661;23;413;77;3;18;19;21;13;3;1528;3;14;452;640;10;410;1675;207;470;391;606;884;738;152;53;179.0;703.0;780.0;970;1503;926;577;1662;167;2078;1910;464;112;1649.0
2A0040402;94;2A;2A501;2A004;Ajaccio;2A0031;2A00404;H;1;3505;2046;1334;125;536;2932;216;423;641;468;298;115;127;342;483;476;246;258;2035;0;14;309;1344;266;102;293;0;3;49;167;50;24;1733;0;11;259;1168;216;78;2046;289;506;367;884;1008;980;8;58;26.0;554.0;1396.0;927;1905;1070;835;1878;122;2291;2001;20;121;1948.0
2A0040501;94;2A;2A501;2A004;Ajaccio;2A0051;2A00405;H;1;1073;1027;38;7;26;1047;22;151;425;319;110;0;33;161;480;313;33;8;1027;0;12;416;584;15;0;26;0;6;10;10;0;0;1001;0;6;406;574;15;0;1027;74;201;179;574;409;597;57;21;17.0;435.0;557.0;289;871;550;321;1010;53;862;1453;103;30;1011.0
2A0040502;94;2A;2A501;2A004;Ajaccio;2A0041;2A00405;H;1;859;807;24;29;99;759;2;44;257;364;139;1;10;71;331;296;69;29;797;4;37;306;424;15;12;84;0;2;35;29;14;3;712;4;35;270;394;1;9;807;76;184;125;421;383;246;3;178;99.0;393.0;294.0;421;736;455;282;805;42;904;667;13;486;804.0
2A0040503;94;2A;2A501;2A004;Ajaccio;2A0041;2A00405;H;1;1667;1458;140;69;382;1267;30;194;484;485;265;12;58;235;345;555;160;92;1438;7;16;300;986;115;14;330;7;13;64;161;73;12;1104;0;4;236;825;39;0;1458;131;322;200;805;758;651;66;49;128.0;667.0;527.0;797;1307;861;445;1426;90;1762;1566;136;128;1407.0
2A0040601;94;2A;2A501;2A004;Ajaccio;2A0051;2A00406;H;1;998;920;41;38;0;993;21;53;439;345;62;22;22;122;316;292;140;5;920;0;34;505;367;13;0;0;0;0;0;0;0;0;914;0;31;505;367;10;0;920;30;144;133;613;296;615;174;8;14.0;411.0;460.0;122;741;414;327;904;70;732;1630;403;17;821.0
2A0040602;94;2A;2A501;2A004;Ajaccio;2A0051;2A00406;H;1;1559;1334;95;130;80;1466;134;201;460;424;114;59;140;199;445;309;151;32;1279;3;13;700;380;41;142;63;0;2;14;33;11;3;1213;3;11;686;348;27;140;1334;222;326;228;557;579;711;1;43;46.0;570.0;681.0;407;1117;687;431;1259;157;1316;1733;1;117;1178.0
2A0040701;94;2A;2A501;2A004;Ajaccio;2A0061;2A00407;H;1;868;855;3;10;0;865;0;58;333;395;70;0;18;104;467;253;12;0;855;7;6;670;85;85;3;0;0;0;0;0;0;0;852;7;6;666;85;85;3;855;28;97;130;600;72;777;690;6;37.0;656.0;161.0;109;629;404;225;855;85;209;1957;1738;13;663.0
2A0040702;94;2A;2A501;2A004;Ajaccio;2A0061;2A00407;H;1;1678;1631;20;27;37;1637;10;143;632;629;216;7;61;206;795;524;20;19;1628;0;11;494;540;506;77;37;0;0;13;25;0;0;1587;0;11;478;515;506;77;1631;110;300;287;934;370;1228;885;33;71.0;611.0;929.0;480;1369;823;546;1625;139;968;3285;2378;69;1435.0
2A0040703;94;2A;2A501;2A004;Ajaccio;2A0061;2A00407;H;1;2087;1989;36;63;23;2061;56;227;840;765;101;8;101;268;874;634;82;21;1917;0;3;529;1105;52;228;17;0;3;10;0;3;1;1897;0;0;516;1105;49;227;1989;255;476;280;978;668;1246;759;75;27.0;890.0;982.0;583;1681;1173;508;1944;156;1352;3039;1846;164;1982.0
2A0040801;94;2A;2A501;2A004;Ajaccio;2A0071;2A00408;H;1;1637;1387;180;70;188;1392;89;266;421;354;257;36;146;194;423;358;117;113;1383;0;0;234;912;132;105;159;0;0;40;115;1;3;1224;0;0;194;797;131;102;1387;187;262;233;705;700;638;60;50;10.0;840.0;479.0;472;1253;816;437;1327;110;1470;1291;157;95;1359.0
2A0040802;94;2A;2A501;2A004;Ajaccio;2A0071;2A00408;H;1;1156;1048;40;69;56;1096;51;176;400;324;96;54;45;182;360;324;80;4;1048;0;26;478;535;1;8;54;0;8;36;9;0;0;990;0;18;442;522;1;8;1048;148;211;163;525;364;632;120;52;147.0;426.0;429.0;372;860;639;221;1015;97;717;1482;259;86;991.0
2A0040803;94;2A;2A501;2A004;Ajaccio;2A0071;2A00408;H;1;1184;1126;41;18;43;1139;13;264;299;415;134;0;59;219;230;463;145;9;1121;0;1;21;679;285;135;38;0;1;14;9;7;8;1081;0;0;7;669;279;126;1126;176;183;222;544;705;397;0;24;21.0;263.0;810.0;638;1044;571;473;1113;40;1569;811;0;37;1105.0
2A0040901;94;2A;2A501;2A004;Ajaccio;2A0081;2A00409;A;3;659;632;10;18;311;348;0;121;132;253;126;1;28;121;223;188;51;20;563;0;0;20;167;206;170;309;0;0;7;146;79;76;254;0;0;13;20;127;94;632;95;167;140;230;196;400;303;36;65.0;113.0;413.0;370;606;353;254;632;47;409;1210;1015;115;617.0
2A0040902;94;2A;2A501;2A004;Ajaccio;2A0081;2A00409;H;1;1075;1018;14;43;712;363;16;126;262;414;200;8;24;121;221;266;241;136;977;2;5;48;674;134;112;644;1;5;37;423;117;60;332;1;0;12;251;17;51;1018;95;164;179;580;703;248;16;67;2.0;140.0;647.0;730;964;403;561;1004;59;1770;592;44;138;888.0
2A0040903;94;2A;2A501;2A004;Ajaccio;2A0081;2A00409;H;1;1711;1608;56;47;570;1141;102;275;545;491;195;35;119;270;522;351;183;129;1472;9;49;34;885;213;282;534;9;11;27;357;65;65;938;0;38;7;528;148;217;1608;221;427;286;674;667;910;453;31;8.0;520.0;922.0;1042;1492;811;680;1550;124;1553;2233;1226;53;1587.0
2A0060000;94;2A;2A000;2A006;Alata;ZZZZZZ;2A00600;Z;5;1472;1303;143;26;1322;139;12;63;169;510;548;16;23;60;143;312;362;387;1297;34;25;71;576;299;293;1191;31;19;65;524;286;265;97;2;6;6;47;12;24;1303;120;195;221;767;1066;164;1;73;4.0;170.0;627.0;1020;1263;446;817;1295;36;2716;396;4;131;1282.0
2A0080000;94;2A;2A000;2A008;Albitreccia;ZZZZZZ;2A00800;Z;5;1678;751;785;142;902;767;41;112;189;173;236;32;62;131;110;101;129;186;675;47;15;36;217;200;159;462;40;10;25;129;150;107;205;7;6;11;87;43;52;751;106;140;130;375;523;183;1;44;13.0;91.0;505.0;538;722;344;378;717;33;1113;359;1;89;728.0
2A0110000;94;2A;2A000;2A011;Altagène;ZZZZZZ;2A01100;Z;5;65;25;38;1;40;25;0;2;5;8;10;0;1;3;7;8;2;6;23;15;0;0;2;4;2;15;10;0;0;2;2;1;8;5;0;0;0;2;1;25;1;5;5;15;21;2;0;3;0.0;1.0;14.0;10;23;10;12;25;1;35;8;0;7;25.0
2A0140000;94;2A;2A000;2A014;Ambiegna;ZZZZZZ;2A01400;Z;5;37;26;11;0;33;2;0;5;7;5;9;2;2;4;3;10;2;3;25;12;1;3;4;3;2;22;11;1;2;4;3;1;2;1;0;1;0;0;0;26;1;2;2;21;23;2;0;1;0.0;1.0;12.0;10;24;12;12;26;6;62;3;0;3;25.0
2A0170000;94;2A;2A105;2A017;Appietto;ZZZZZZ;2A01700;Z;5;1183;735;441;7;1018;155;10;64;142;196;323;10;32;71;92;159;178;192;713;26;16;37;300;171;161;643;25;15;34;273;154;141;62;1;1;3;27;13;16;735;89;117;113;416;555;128;0;53;3.0;97.0;420.0;606;707;277;431;729;28;1415;286;0;124;721.0
2A0180000;94;2A;2A000;2A018;Arbellara;ZZZZZZ;2A01800;Z;5;139;74;65;0;93;46;2;9;19;31;14;0;7;8;20;15;10;15;66;23;3;9;8;13;11;48;11;3;6;7;11;11;19;13;0;3;1;2;0;74;11;18;12;34;53;20;0;1;0.0;16.0;28.0;34;69;36;33;72;2;115;40;0;1;72.0
2A0190000;94;2A;2A000;2A019;Arbori;ZZZZZZ;2A01900;Z;5;85;35;46;4;76;8;1;5;10;15;5;0;2;4;20;5;4;1;34;25;0;4;2;2;2;32;23;0;4;2;2;2;2;2;0;0;0;0;0;35;1;5;9;21;31;1;0;3;0.0;0.0;19.0;6;27;18;10;34;1;49;1;0;4;33.0
2A0210000;94;2A;2A000;2A021;Argiusta-Moriccio;ZZZZZZ;2A02100;Z;5;142;40;97;5;115;27;0;5;11;12;12;0;2;13;8;11;2;4;40;8;7;7;11;7;0;37;5;7;7;11;7;0;3;3;0;0;0;0;0;40;4;4;5;27;30;5;0;5;0.0;8.0;8.0;20;31;20;11;40;0;57;10;0;9;40.0
2A0220000;94;2A;2A000;2A022;Arro;ZZZZZZ;2A02200;Z;5;81;38;41;1;64;16;1;8;12;7;9;2;6;7;3;9;6;4;38;6;8;5;7;8;3;32;3;7;4;7;7;3;6;3;1;1;0;1;0;38;3;0;8;27;29;7;0;2;0.0;3.0;8.0;17;34;16;19;38;5;68;9;0;5;26.0
2A0240000;94;2A;2A000;2A024;Aullène;ZZZZZZ;2A02400;Z;5;442;91;347;4;303;138;0;18;27;35;11;1;12;33;24;12;7;2;85;8;18;34;14;3;8;50;4;11;23;9;1;2;34;4;7;10;5;2;6;91;20;16;19;36;56;27;0;8;0.0;2.0;24.0;14;79;39;40;91;1;113;57;0;17;91.0
2A0260000;94;2A;2A000;2A026;Azilone-Ampaza;ZZZZZZ;2A02600;Z;5;154;80;70;4;128;26;2;7;28;20;23;2;6;18;16;12;9;17;78;29;11;4;6;14;14;70;25;9;4;6;12;14;8;4;2;0;0;2;0;80;10;17;17;36;62;16;0;2;0.0;0.0;34.0;38;70;46;24;78;4;149;32;0;3;79.0
2A0270000;94;2A;2A000;2A027;Azzana;ZZZZZZ;2A02700;Z;5;108;31;77;0;100;6;2;2;5;9;13;4;6;7;4;2;3;5;30;10;9;5;0;5;1;25;7;8;5;0;4;1;4;3;1;0;0;0;0;31;1;3;1;26;25;4;0;2;0.0;2.0;4.0;1;29;22;7;30;4;47;5;0;2;26.0
2A0280000;94;2A;2A000;2A028;Balogna;ZZZZZZ;2A02800;Z;5;189;80;100;9;132;50;7;9;19;19;26;10;11;17;16;11;9;5;74;15;9;15;19;13;3;55;14;6;13;16;6;0;15;1;3;1;3;5;3;80;11;13;9;46;57;19;0;5;1.0;5.0;39.0;20;64;40;25;76;6;93;37;0;8;76.0
2A0310000;94;2A;2A000;2A031;Bastelica;ZZZZZZ;2A03100;Z;5;735;273;453;9;666;67;2;24;43;101;104;4;14;48;56;61;44;47;271;110;63;30;29;25;13;230;95;50;29;24;23;8;39;13;13;1;4;2;5;273;19;42;36;177;210;49;0;14;2.0;31.0;134.0;115;239;142;96;271;7;413;92;0;27;269.0
2A0320000;94;2A;2A103;2A032;Bastelicaccia;ZZZZZZ;2A03200;Z;5;2069;1707;308;54;1456;597;24;157;367;452;706;36;60;189;286;317;331;488;1537;66;64;121;620;393;273;1209;51;45;95;504;299;214;319;14;18;26;113;88;59;1707;226;323;273;885;1087;517;1;103;9.0;227.0;1109.0;1481;1642;682;960;1688;65;2620;1151;6;210;1678.0
2A0350000;94;2A;2A000;2A035;Belvédère-Campomoro;ZZZZZZ;2A03500;Z;5;330;75;253;2;283;45;1;11;18;19;26;0;7;14;10;9;7;28;73;9;5;7;25;20;7;56;8;1;3;19;18;7;17;1;4;4;6;2;0;75;9;11;11;44;47;15;0;13;0.0;12.0;42.0;58;71;40;31;74;5;107;29;0;29;71.0
2A0380000;94;2A;2A000;2A038;Bilia;ZZZZZZ;2A03800;Z;5;61;23;36;2;51;9;0;2;3;8;9;0;1;3;8;4;4;2;23;1;5;4;6;1;5;17;1;3;3;5;1;3;6;0;2;1;1;0;2;23;6;4;2;10;14;9;0;0;0.0;10.0;7.0;18;22;16;6;23;1;25;21;0;0;23.0
2A0400000;94;2A;2A000;2A040;Bocognano;ZZZZZZ;2A04000;Z;5;479;193;284;3;436;43;1;13;48;48;82;2;13;27;44;53;31;23;192;43;22;39;43;28;16;169;34;18;36;43;26;12;22;9;3;3;0;2;4;193;20;37;29;106;132;47;0;14;4.0;15.0;48.0;88;161;77;84;192;4;276;91;0;29;191.0
2A0410000;94;2A;2A101;2A041;Bonifacio;ZZZZZZ;2A04100;Z;5;3224;1373;1777;74;2130;1069;32;148;390;454;350;37;89;206;323;317;194;206;1253;164;48;129;412;357;144;793;16;7;52;283;309;127;447;147;41;75;127;44;14;1373;124;304;232;713;768;507;106;99;45.0;179.0;870.0;696;1241;669;571;1350;64;1682;1146;287;227;1330.0
2A0480000;94;2A;2A000;2A048;Calcatoggio;ZZZZZZ;2A04800;Z;5;1040;248;743;49;603;434;9;25;73;62;79;6;20;38;42;50;39;53;236;34;18;33;75;45;30;185;17;16;25;52;45;29;48;17;2;5;23;0;1;248;19;45;39;146;185;47;0;17;0.0;16.0;119.0;174;236;111;125;241;14;390;91;0;42;241.0
2A0560000;94;2A;2A000;2A056;Campo;ZZZZZZ;2A05600;Z;5;107;58;43;6;97;10;1;5;24;15;13;2;5;12;14;12;8;5;52;20;13;5;6;2;6;42;16;9;5;4;2;6;10;4;4;0;2;0;0;58;4;10;12;32;45;10;0;3;0.0;10.0;33.0;28;53;29;24;57;1;89;17;0;4;57.0
2A0600000;94;2A;2A000;2A060;Cannelle;ZZZZZZ;2A06000;Z;5;69;28;40;1;58;11;0;8;2;6;12;2;1;7;2;7;4;5;28;7;0;5;7;5;4;23;5;0;4;6;4;4;5;2;0;1;1;1;0;28;6;2;2;18;18;8;0;2;0.0;2.0;8.0;17;27;10;17;28;1;43;17;0;5;28.0
2A0610000;94;2A;2A000;2A061;Carbini;ZZZZZZ;2A06100;Z;5;162;52;93;18;111;51;0;7;13;19;12;0;6;13;11;10;9;3;52;13;6;11;13;6;2;38;6;4;7;13;6;2;14;6;3;4;0;1;0;52;3;6;5;38;43;6;0;3;0.0;5.0;20.0;32;50;26;24;52;6;85;10;0;8;49.0
2A0620000;94;2A;2A000;2A062;Carbuccia;ZZZZZZ;2A06200;Z;5;261;182;59;21;227;14;1;18;69;45;48;15;18;42;42;27;20;17;181;48;13;24;39;38;19;150;41;12;23;35;23;17;13;5;1;1;1;4;1;182;32;30;28;92;115;46;1;21;1.0;13.0;58.0;90;155;71;85;181;16;251;99;2;43;175.0
2A0640000;94;2A;2A000;2A064;Cardo-Torgia;ZZZZZZ;2A06400;Z;5;24;16;6;2;21;3;0;2;8;0;6;0;1;7;2;4;2;0;16;7;0;3;4;1;1;15;6;0;3;4;1;1;1;1;0;0;0;0;0;16;2;3;2;9;11;2;0;3;0.0;3.0;6.0;6;16;7;9;16;0;21;3;0;8;16.0
2A0650000;94;2A;2A000;2A065;Cargèse;ZZZZZZ;2A06500;Z;5;1887;625;1262;0;939;846;5;76;188;168;188;4;46;81;159;112;101;122;609;122;46;83;204;98;56;334;51;25;39;128;55;36;264;71;21;40;75;38;19;625;84;109;111;321;364;210;2;51;4.0;55.0;418.0;273;544;343;201;621;34;757;444;3;108;618.0
2A0660000;94;2A;2A000;2A066;Cargiaca;ZZZZZZ;2A06600;Z;5;77;30;39;8;62;16;1;5;9;10;6;1;5;8;4;10;1;2;30;19;3;5;2;0;1;22;14;3;3;2;0;1;8;6;0;2;0;0;0;30;5;4;7;14;20;7;0;3;0.0;0.0;8.0;5;30;20;10;29;1;39;14;0;3;30.0
2A0700000;94;2A;2A000;2A070;Casaglione;ZZZZZZ;2A07000;Z;5;811;210;599;2;309;435;12;32;53;49;64;10;22;34;27;27;42;48;203;19;13;29;70;48;24;144;16;9;19;39;43;18;55;3;4;9;30;5;4;210;26;27;31;126;150;45;3;15;3.0;17.0;103.0;138;185;102;83;200;6;292;77;6;29;199.0
2A0710000;94;2A;2A000;2A071;Casalabriva;ZZZZZZ;2A07100;Z;5;223;110;105;8;144;70;5;18;29;35;23;5;13;21;23;22;11;13;107;20;13;7;29;19;18;65;10;8;7;19;8;12;37;8;5;0;8;9;6;110;15;18;16;60;66;39;2;5;1.0;19.0;37.0;71;94;58;36;105;4;125;76;8;11;107.0
2A0850000;94;2A;2A000;2A085;Cauro;ZZZZZZ;2A08500;Z;5;789;609;178;3;570;218;10;59;142;173;225;8;26;71;126;120;124;133;550;61;29;65;160;167;67;416;41;17;34;132;151;42;132;20;13;31;27;17;24;609;99;89;79;342;418;160;21;30;1.0;69.0;361.0;365;579;256;323;599;19;951;359;36;62;598.0
2A0890000;94;2A;2A000;2A089;Ciamannacce;ZZZZZZ;2A08900;Z;5;145;71;65;9;115;30;1;10;12;18;30;3;4;10;25;15;6;8;71;26;15;16;9;4;1;60;22;11;13;9;4;1;11;4;4;3;0;0;0;71;5;5;11;50;62;7;0;2;1.0;3.0;25.0;33;66;42;24;71;3;117;11;0;5;69.0
2A0900000;94;2A;2A000;2A090;Coggia;ZZZZZZ;2A09000;Z;5;870;351;518;1;674;190;5;30;76;114;125;5;19;37;65;95;59;70;348;47;15;59;127;73;26;288;47;14;43;98;59;26;57;0;1;16;28;12;0;351;22;29;51;249;263;67;10;21;1.0;63.0;141.0;221;324;177;146;347;10;526;129;22;40;336.0
2A0910000;94;2A;2A000;2A091;Cognocoli-Monticchi;ZZZZZZ;2A09100;Z;5;188;88;92;8;180;6;0;11;37;23;18;1;7;22;19;17;9;14;86;35;6;6;20;9;11;80;34;5;5;19;8;10;6;1;1;1;1;1;1;88;13;12;9;54;66;12;0;10;0.0;3.0;30.0;52;81;53;28;88;4;129;22;0;18;83.0
2A0920000;94;2A;2A000;2A092;Conca;ZZZZZZ;2A09200;Z;5;1531;531;979;21;1434;92;6;50;180;162;133;8;23;70;142;120;85;83;507;24;35;99;168;99;82;451;17;33;88;148;91;74;54;7;2;11;20;6;8;531;64;103;92;272;356;139;29;36;2.0;27.0;284.0;426;488;302;186;526;23;687;342;79;71;514.0
2A0940000;94;2A;2A000;2A094;Corrano;ZZZZZZ;2A09400;Z;5;96;36;51;9;91;5;0;5;11;13;7;0;1;8;13;5;8;1;35;14;9;1;7;3;1;32;13;7;1;7;3;1;3;1;2;0;0;0;0;36;1;4;1;30;29;4;0;3;0.0;4.0;12.0;18;29;19;10;36;2;54;13;0;5;34.0
2A0980000;94;2A;2A000;2A098;Coti-Chiavari;ZZZZZZ;2A09800;Z;5;1173;350;817;7;1027;121;6;36;74;89;145;5;12;35;60;65;71;102;333;23;19;30;117;85;59;304;20;12;28;111;79;54;27;3;6;2;6;4;5;350;33;41;53;223;291;35;0;24;5.0;34.0;173.0;273;334;169;165;345;14;592;84;0;51;334.0
2A0990000;94;2A;2A000;2A099;Cozzano;ZZZZZZ;2A09900;Z;5;315;130;160;24;204;111;2;16;36;28;48;6;14;26;31;24;13;15;128;30;39;17;13;14;14;98;27;28;13;10;12;7;30;3;11;4;3;2;7;130;9;21;15;85;84;30;11;16;9.0;16.0;30.0;38;104;75;29;128;5;176;70;21;27;120.0
2A1000000;94;2A;2A000;2A100;Cristinacce;ZZZZZZ;2A10000;Z;5;105;34;68;3;64;40;2;5;10;6;11;0;7;7;10;4;2;5;32;12;7;3;3;7;1;20;9;4;3;2;2;0;11;3;3;0;1;4;1;34;6;5;5;19;26;6;0;2;0.0;4.0;14.0;2;31;23;8;32;2;48;13;0;2;32.0
2A1030000;94;2A;2A000;2A103;Cuttoli-Corticchiato;ZZZZZZ;2A10300;Z;5;1031;799;225;7;964;63;7;46;152;258;336;6;29;61;100;203;186;214;757;40;37;67;266;234;111;701;39;32;64;253;213;100;52;1;6;3;10;22;11;799;88;81;88;543;619;129;18;51;7.0;117.0;359.0;562;756;306;449;795;34;1561;313;37;110;791.0
2A1040000;94;2A;2A000;2A104;Eccica-Suarella;ZZZZZZ;2A10400;Z;5;591;468;108;15;514;72;3;33;65;123;244;3;15;45;48;77;106;174;463;38;16;32;152;99;125;396;28;16;26;132;89;106;62;9;0;7;17;11;19;468;55;94;86;233;362;78;0;28;3.0;66.0;224.0;251;451;178;273;465;15;955;185;0;39;450.0
2A1080000;94;2A;2A000;2A108;Évisa;ZZZZZZ;2A10800;Z;5;419;120;290;9;363;56;1;20;35;40;24;2;7;26;42;25;11;7;120;32;30;21;27;5;5;106;32;23;18;23;5;5;14;0;7;3;4;0;0;120;8;31;12;69;93;15;0;12;2.0;23.0;43.0;38;106;72;34;119;5;161;29;0;29;115.0
2A1140000;94;2A;2A000;2A114;Figari;ZZZZZZ;2A11400;Z;5;1158;647;450;60;864;274;9;71;233;186;148;12;35;105;163;136;97;99;628;59;19;69;204;101;177;425;41;12;39;111;80;142;194;16;6;28;92;20;32;647;95;140;162;250;359;242;79;46;1.0;29.0;396.0;446;592;311;282;640;44;784;562;183;101;639.0
2A1150000;94;2A;2A000;2A115;Foce;ZZZZZZ;2A11500;Z;5;124;66;57;2;119;5;2;4;12;17;30;0;3;9;7;11;16;19;64;4;5;4;23;19;8;60;3;5;4;23;16;8;4;1;0;0;0;3;0;66;11;8;6;41;43;14;0;9;0.0;6.0;35.0;59;62;31;30;64;1;103;28;0;20;64.0
2A1170000;94;2A;2A000;2A117;Forciolo;ZZZZZZ;2A11700;Z;5;71;39;19;13;70;1;0;3;12;12;12;0;2;8;8;8;6;7;39;10;5;9;11;4;0;38;9;5;9;11;4;0;1;1;0;0;0;0;0;39;5;4;2;28;31;3;0;5;0.0;4.0;12.0;18;32;18;14;39;0;68;5;0;8;38.0
2A1180000;94;2A;2A000;2A118;Fozzano;ZZZZZZ;2A11800;Z;5;200;108;80;11;114;82;5;16;36;30;22;7;9;18;25;20;20;11;105;37;8;14;23;16;7;57;20;5;7;10;12;4;43;18;3;7;13;3;0;108;16;14;14;65;63;30;0;16;1.0;3.0;49.0;46;88;47;40;104;4;121;61;0;27;106.0
2A1190000;94;2A;2A000;2A119;Frasseto;ZZZZZZ;2A11900;Z;5;168;71;91;6;113;56;0;6;37;23;5;2;2;30;23;9;4;2;69;8;17;28;8;7;2;65;6;16;26;8;7;2;4;2;1;2;0;0;0;71;7;9;8;47;61;6;0;4;0.0;4.0;51.0;28;62;48;14;71;4;101;10;0;12;70.0
2A1270000;94;2A;2A000;2A127;Giuncheto;ZZZZZZ;2A12700;Z;5;89;42;45;2;66;23;2;3;13;11;13;0;3;6;7;10;9;7;39;10;1;1;10;11;6;32;5;1;1;9;10;6;7;5;0;0;1;1;0;42;5;10;5;22;33;5;0;4;0.0;9.0;12.0;29;38;20;18;40;1;66;13;0;7;41.0
2A1280000;94;2A;2A000;2A128;Granace;ZZZZZZ;2A12800;Z;5;104;43;61;0;101;2;1;6;10;4;21;0;5;4;10;15;3;5;42;8;6;6;18;0;3;39;6;5;6;18;0;3;2;1;1;0;0;0;0;43;7;3;6;27;36;3;0;4;2.0;4.0;16.0;17;42;25;17;43;1;81;3;0;6;38.0
2A1290000;94;2A;2A000;2A129;Grossa;ZZZZZZ;2A12900;Z;5;108;22;79;7;39;69;0;4;6;9;3;1;0;4;7;5;0;5;20;3;3;2;6;4;2;12;1;1;1;5;3;1;8;2;2;1;1;1;1;22;5;3;1;13;16;5;0;1;1.0;3.0;11.0;14;19;11;8;22;1;27;14;0;2;22.0
2A1300000;94;2A;2A000;2A130;Grosseto-Prugna;ZZZZZZ;2A13000;Z;5;4057;1494;2559;4;2649;1399;61;250;331;405;448;76;140;239;248;262;208;321;1363;45;26;172;679;241;201;1006;31;20;130;495;199;129;351;14;6;40;182;39;70;1494;214;297;209;774;998;408;0;88;43.0;181.0;1064.0;1023;1400;753;647;1448;84;2141;788;0;195;1463.0
2A1310000;94;2A;2A000;2A131;Guagno;ZZZZZZ;2A13100;Z;5;217;85;127;5;215;2;2;9;30;19;25;0;1;32;18;20;4;10;85;47;8;12;10;7;1;83;46;7;12;10;7;1;2;1;1;0;0;0;0;85;5;11;14;55;69;11;0;5;1.0;3.0;5.0;7;71;61;10;85;6;132;23;0;10;82.0
2A1320000;94;2A;2A000;2A132;Guargualé;ZZZZZZ;2A13200;Z;5;110;73;22;15;96;14;0;3;3;21;46;0;3;9;39;15;6;1;73;32;30;7;3;1;0;67;30;26;7;3;1;0;6;2;4;0;0;0;0;73;1;4;10;58;55;17;1;1;2.0;2.0;15.0;25;63;59;4;73;0;109;35;3;1;73.0
2A1330000;94;2A;2A000;2A133;Guitera-les-Bains;ZZZZZZ;2A13300;Z;5;138;72;66;1;99;38;1;7;21;19;25;0;2;14;21;13;18;5;68;8;12;16;20;10;3;53;6;9;15;15;6;3;14;2;3;1;4;4;0;72;4;13;7;48;56;10;2;6;0.0;8.0;35.0;29;62;41;21;71;2;117;18;5;14;70.0
2A1390000;94;2A;2A000;2A139;Lecci;ZZZZZZ;2A13900;Z;5;2572;725;1846;1;1556;891;14;105;200;205;202;26;54;113;136;136;89;171;721;8;27;73;267;167;179;503;8;15;43;177;116;145;214;0;12;30;88;50;33;725;146;190;153;237;394;232;1;99;1.0;22.0;422.0;598;676;327;349;717;73;932;584;2;219;711.0
2A1410000;94;2A;2A000;2A141;Letia;ZZZZZZ;2A14100;Z;5;306;70;232;4;154;152;0;7;28;17;17;1;12;15;17;16;4;5;69;38;6;0;15;8;2;42;21;2;0;9;8;2;27;16;4;0;7;0;0;70;5;12;9;45;49;6;0;15;0.0;8.0;37.0;11;62;38;24;70;3;88;11;0;22;68.0
2A1420000;94;2A;2A000;2A142;Levie;ZZZZZZ;2A14200;Z;5;751;323;409;19;527;221;9;43;108;101;61;6;32;53;97;72;39;24;306;86;52;54;68;30;17;177;46;19;25;46;27;13;128;38;33;29;22;3;3;323;36;54;47;186;202;86;8;35;7.0;27.0;82.0;75;259;154;105;315;23;412;176;22;71;314.0
2A1440000;94;2A;2A000;2A144;Lopigna;ZZZZZZ;2A14400;Z;5;132;54;73;5;129;3;0;4;13;20;17;0;2;5;11;15;12;9;53;31;1;6;12;3;0;50;28;1;6;12;3;0;3;3;0;0;0;0;0;54;3;3;3;45;48;4;0;2;0.0;2.0;7.0;16;48;31;17;54;6;88;11;0;4;52.0
2A1460000;94;2A;2A000;2A146;Loreto-di-Tallano;ZZZZZZ;2A14600;Z;5;71;31;28;12;59;11;1;3;8;9;10;0;2;2;5;11;7;4;31;8;6;3;9;3;2;28;6;5;3;9;3;2;2;2;0;0;0;0;0;31;0;6;5;20;25;1;0;5;0.0;1.0;15.0;17;28;20;8;30;1;43;1;0;9;29.0
2A1540000;94;2A;2A000;2A154;Marignana;ZZZZZZ;2A15400;Z;5;248;54;182;12;174;64;2;5;15;15;18;3;4;8;24;5;4;5;54;23;2;2;17;8;2;42;18;0;2;13;6;2;10;5;2;0;1;2;0;54;7;8;8;30;43;8;0;3;0.0;7.0;16.0;13;47;27;20;52;2;89;10;0;10;50.0
2A1580000;94;2A;2A000;2A158;Mela;ZZZZZZ;2A15800;Z;5;69;19;46;4;35;33;0;0;7;7;5;0;2;5;6;3;2;1;19;7;4;2;3;2;1;13;7;0;0;3;2;1;5;0;3;2;0;0;0;19;1;2;4;12;15;4;0;0;0.0;0.0;6.0;4;18;16;2;19;0;24;5;0;0;19.0
2A1600000;94;2A;2A000;2A160;Moca-Croce;ZZZZZZ;2A16000;Z;5;246;128;99;19;186;56;0;13;39;31;45;1;7;20;32;29;22;17;126;41;16;17;31;15;6;107;35;15;16;27;13;1;19;6;1;1;4;2;5;128;13;13;13;89;100;21;3;7;1.0;19.0;49.0;39;106;61;45;128;9;199;37;6;16;126.0
2A1630000;94;2A;2A000;2A163;Monacia-d'Aullène;ZZZZZZ;2A16300;Z;5;681;273;399;9;625;51;6;49;67;72;79;14;27;59;52;41;52;28;267;42;40;48;62;39;36;251;40;40;46;58;32;34;14;2;0;2;3;5;1;273;46;38;49;139;208;41;0;24;0.0;8.0;134.0;127;228;126;102;269;8;399;77;0;52;266.0
2A1740000;94;2A;2A000;2A174;Murzo;ZZZZZZ;2A17400;Z;5;124;51;74;0;120;3;1;7;12;11;19;4;2;8;9;14;5;7;51;17;4;4;15;6;4;46;15;4;1;15;6;4;3;1;0;2;0;0;0;51;2;8;8;32;40;8;0;2;0.0;7.0;18.0;25;45;23;23;50;2;74;15;0;7;47.0
2A1810000;94;2A;2A000;2A181;Ocana;ZZZZZZ;2A18100;Z;5;377;246;125;6;329;46;2;30;63;72;79;3;14;42;52;48;40;45;224;26;36;25;50;39;48;205;23;32;22;47;38;43;16;3;4;3;2;1;4;246;20;59;37;130;158;66;2;21;0.0;13.0;122.0;153;229;114;116;245;11;362;138;4;37;238.0
2A1860000;94;2A;2A000;2A186;Olivese;ZZZZZZ;2A18600;Z;5;284;118;127;39;245;39;0;11;42;44;21;0;2;21;28;31;16;20;118;39;14;21;31;8;5;101;28;12;18;30;8;5;17;11;2;3;1;0;0;118;2;13;18;85;100;6;0;12;0.0;10.0;24.0;48;93;55;38;118;1;194;13;0;19;115.0
2A1890000;94;2A;2A000;2A189;Olmeto;ZZZZZZ;2A18900;Z;5;1548;590;909;49;1099;434;14;74;153;162;187;16;30;80;114;123;111;116;576;41;60;59;196;156;64;374;18;25;21;131;120;59;197;23;35;38;64;34;3;590;59;100;88;343;371;178;18;41;2.0;59.0;384.0;403;522;286;236;577;25;775;342;38;99;576.0
2A1910000;94;2A;2A000;2A191;Olmiccia;ZZZZZZ;2A19100;Z;5;105;60;32;13;92;13;0;2;28;16;14;0;2;12;17;16;6;7;56;17;4;2;9;9;15;47;15;4;1;7;8;12;9;2;0;1;2;1;3;60;18;12;12;18;38;19;0;3;1.0;5.0;18.0;50;59;37;22;60;2;79;33;0;10;60.0
2A1960000;94;2A;2A000;2A196;Orto;ZZZZZZ;2A19600;Z;5;111;36;74;1;81;29;0;9;7;16;4;3;2;18;6;2;2;3;35;5;23;3;2;2;0;27;4;16;3;2;2;0;8;1;7;0;0;0;0;36;3;2;5;26;34;0;0;2;0.0;0.0;11.0;3;26;22;4;36;3;53;0;0;2;35.0
2A1970000;94;2A;2A000;2A197;Osani;ZZZZZZ;2A19700;Z;5;246;61;158;27;182;62;4;9;26;10;12;4;7;17;20;9;3;2;60;11;13;4;18;11;4;50;6;11;3;18;9;4;9;5;2;1;0;1;0;61;1;14;9;37;43;5;0;13;0.0;0.0;19.0;14;55;38;17;58;2;67;8;0;23;58.0
2A1980000;94;2A;2A000;2A198;Ota;ZZZZZZ;2A19800;Z;5;705;262;430;13;234;466;13;33;83;86;46;14;28;66;63;56;27;7;260;48;17;64;80;37;13;114;24;13;22;34;11;10;141;24;4;40;43;26;3;262;24;33;44;161;141;74;7;47;1.0;20.0;165.0;112;230;155;75;253;15;277;158;19;93;255.0
2A2000000;94;2A;2A000;2A200;Palneca;ZZZZZZ;2A20000;Z;5;238;83;144;11;132;105;0;11;23;26;24;3;9;17;29;17;5;4;83;18;27;17;12;7;3;49;8;16;9;11;4;2;33;10;11;7;1;3;1;83;7;21;20;36;59;10;0;14;0.0;12.0;2.0;6;60;48;12;83;5;111;23;0;28;83.0
2A2030000;94;2A;2A000;2A203;Partinello;ZZZZZZ;2A20300;Z;5;187;54;129;4;111;76;0;4;15;21;13;1;4;10;9;11;12;6;54;6;7;12;23;4;1;46;6;7;8;20;3;1;8;0;0;4;3;1;0;54;5;2;3;44;48;2;0;4;0.0;3.0;20.0;32;48;27;21;54;1;89;3;0;10;54.0
2A2040000;94;2A;2A000;2A204;Pastricciola;ZZZZZZ;2A20400;Z;5;190;47;138;5;179;11;3;2;16;13;13;3;4;11;13;12;3;1;47;25;6;3;12;1;0;43;23;6;3;10;1;0;4;2;0;0;2;0;0;47;3;16;3;25;34;8;0;5;0.0;0.0;10.0;10;41;31;10;44;0;77;12;0;8;42.0
2A2090000;94;2A;2A000;2A209;Peri;ZZZZZZ;2A20900;Z;5;1077;835;238;4;934;129;16;76;163;239;341;15;32;111;112;155;191;219;793;46;37;54;238;211;207;701;43;33;46;216;183;180;88;3;4;8;21;25;27;835;96;165;165;409;573;196;0;66;3.0;111.0;411.0;627;782;348;434;819;31;1465;379;0;155;818.0
2A2110000;94;2A;2A000;2A211;Petreto-Bicchisano;ZZZZZZ;2A21100;Z;5;561;273;252;35;515;38;1;18;63;104;87;3;7;34;79;78;38;34;265;32;29;64;82;39;19;223;23;25;48;74;35;18;38;9;4;15;7;3;0;273;15;45;39;174;191;59;0;23;2.0;40.0;90.0;157;244;148;96;272;3;388;129;0;47;266.0
2A2120000;94;2A;2A000;2A212;Piana;ZZZZZZ;2A21200;Z;5;650;245;401;4;322;328;3;55;78;61;49;13;43;41;50;39;28;30;245;38;23;54;64;45;20;110;18;10;12;33;25;12;135;21;13;42;31;20;8;245;33;37;45;129;149;60;0;35;1.0;20.0;177.0;53;209;136;73;244;16;275;134;0;72;240.0
2A2150000;94;2A;2A000;2A215;Pianottoli-Caldarello;ZZZZZZ;2A21500;Z;5;1093;443;630;20;919;145;14;68;160;113;88;36;18;74;110;85;55;65;418;19;32;80;162;66;59;343;14;22;64;140;55;48;66;5;10;16;20;7;8;443;82;87;68;206;300;107;26;36;1.0;21.0;323.0;351;404;249;155;435;27;616;216;59;80;433.0
2A2280000;94;2A;2A000;2A228;Pietrosella;ZZZZZZ;2A22800;Z;5;1649;662;986;1;1298;302;14;53;123;173;299;12;18;80;112;115;117;209;652;25;7;115;307;125;72;531;25;7;87;256;107;48;119;0;0;26;52;17;23;662;71;139;82;370;468;138;0;57;2.0;83.0;441.0;582;635;267;367;653;38;1135;399;0;150;644.0
2A2320000;94;2A;2A000;2A232;Pila-Canale;ZZZZZZ;2A23200;Z;5;320;154;161;6;233;85;0;18;62;32;41;0;7;42;43;30;11;19;152;83;11;12;16;20;9;110;54;10;11;13;14;8;41;29;1;1;3;6;1;154;16;35;15;87;107;31;0;15;0.0;9.0;104.0;75;137;84;54;154;7;187;66;0;31;151.0
2A2400000;94;2A;2A000;2A240;Poggiolo;ZZZZZZ;2A24000;Z;5;136;37;97;2;134;2;0;3;3;9;21;0;2;3;8;13;4;6;37;12;2;7;13;1;1;36;12;2;7;13;1;0;1;0;0;0;0;0;1;37;2;2;2;30;32;1;0;3;0.0;10.0;14.0;14;32;18;14;37;2;90;1;0;6;36.0
2A2470101;94;2A;2A301;2A247;Porto-Vecchio;ZZZZZZ;2A24701;H;1;1441;907;519;16;532;910;30;133;302;262;179;24;120;125;263;221;68;86;896;93;39;327;265;135;37;326;7;14;154;86;54;11;570;86;25;173;180;80;26;907;91;277;139;400;368;472;0;66;136.0;80.0;593.0;634;783;495;289;891;105;725;1234;0;147;867.0
2A2470102;94;2A;2A301;2A247;Porto-Vecchio;ZZZZZZ;2A24701;H;3;1784;861;923;0;591;1188;41;113;298;220;189;40;29;164;197;233;92;106;856;0;0;67;543;71;175;408;0;0;36;243;61;68;442;0;0;30;300;10;102;861;100;186;153;421;415;391;55;55;11.0;54.0;685.0;563;780;454;325;828;80;883;901;183;115;843.0
2A2470201;94;2A;2A301;2A247;Porto-Vecchio;ZZZZZZ;2A24702;H;3;2972;1478;1474;19;1780;1188;46;233;324;411;464;67;104;218;260;261;222;346;1390;11;2;96;727;292;261;733;9;1;26;338;219;141;652;2;1;70;389;70;120;1478;96;376;196;810;680;749;279;49;28.0;114.0;1162.0;1294;1344;714;630;1440;120;1565;1864;825;106;1418.0
2A2470202;94;2A;2A301;2A247;Porto-Vecchio;ZZZZZZ;2A24702;H;3;6039;1890;4147;2;5124;915;8;136;564;524;657;14;83;248;404;314;324;504;1831;32;96;170;583;489;462;1704;32;93;165;523;452;439;127;0;2;5;60;37;22;1890;182;328;279;1102;1398;366;2;126;0.0;83.0;1115.0;1708;1851;857;993;1889;80;3270;904;4;249;1880.0
2A2490000;94;2A;2A104;2A249;Propriano;ZZZZZZ;2A24900;Z;5;3155;1753;1296;106;757;2362;98;337;683;421;214;72;181;342;509;353;177;119;1703;114;102;229;701;221;337;436;11;16;49;230;89;41;1233;103;86;178;469;125;271;1753;259;430;301;763;767;871;188;115;23.0;123.0;1514.0;902;1463;999;463;1668;159;1510;1906;504;210;1705.0
2A2530000;94;2A;2A000;2A253;Quasquara;ZZZZZZ;2A25300;Z;5;71;26;31;14;66;4;1;2;3;8;12;1;2;2;4;11;4;2;26;7;4;4;8;3;0;24;6;4;4;7;3;0;2;1;0;0;1;0;0;26;0;7;1;18;21;3;0;2;0.0;1.0;19.0;12;20;10;10;25;0;44;4;0;3;25.0
2A2540000;94;2A;2A000;2A254;Quenza;ZZZZZZ;2A25400;Z;5;644;112;503;29;460;182;4;21;39;24;25;9;8;26;26;26;9;10;109;23;17;25;25;13;7;80;11;12;20;18;12;6;29;11;4;5;7;1;1;112;10;15;19;68;78;23;0;11;0.0;15.0;42.0;64;95;55;40;109;2;133;42;0;15;108.0
2A2580000;94;2A;2A000;2A258;Renno;ZZZZZZ;2A25800;Z;5;201;33;168;0;169;32;0;5;8;11;10;0;3;9;7;7;3;5;33;22;1;2;6;1;2;30;18;1;2;6;1;2;4;4;0;0;0;0;0;33;1;8;3;22;22;6;0;6;0.0;2.0;9.0;14;29;18;11;33;0;39;10;0;10;31.0
2A2590000;94;2A;2A000;2A259;Rezza;ZZZZZZ;2A25900;Z;5;98;26;70;2;93;5;0;3;12;5;6;0;0;3;7;10;5;1;26;14;4;0;3;3;3;26;14;4;0;3;3;3;0;0;0;0;0;0;0;26;1;3;3;18;23;3;0;0;0.0;1.0;15.0;1;26;23;3;26;2;44;10;0;0;26.0
2A2620000;94;2A;2A000;2A262;Rosazia;ZZZZZZ;2A26200;Z;5;108;25;83;0;100;4;1;0;6;13;6;0;4;7;11;3;0;1;25;17;2;1;4;1;1;25;16;2;1;4;1;1;1;1;0;0;0;0;0;25;1;5;6;14;23;0;0;3;0.0;1.0;8.0;5;22;14;8;25;1;43;0;0;6;25.0
2A2660000;94;2A;2A000;2A266;Salice;ZZZZZZ;2A26600;Z;5;149;49;93;7;148;1;2;6;12;17;11;4;3;10;12;9;9;1;47;19;6;7;8;3;3;47;19;6;7;8;3;3;0;0;0;0;0;0;0;49;4;1;6;38;45;1;0;3;0.0;3.0;12.0;14;41;24;17;47;2;84;1;0;6;46.0
2A2680000;94;2A;2A000;2A268;Sampolo;ZZZZZZ;2A26800;Z;5;117;45;64;8;108;9;1;5;13;14;12;0;7;3;12;10;3;10;45;14;7;11;8;1;4;42;11;7;11;8;1;4;3;3;0;0;0;0;0;45;5;11;6;23;36;7;0;2;0.0;4.0;17.0;16;36;22;14;44;0;61;15;0;4;45.0
2A2690000;94;2A;2A000;2A269;Sari-Solenzara;ZZZZZZ;2A26900;Z;5;1545;620;915;10;857;678;14;80;163;173;191;16;30;75;155;146;91;107;601;17;11;109;241;127;96;286;9;5;53;95;70;55;310;8;4;56;146;56;39;620;116;119;107;279;328;250;81;42;14.0;57.0;440.0;428;553;299;253;609;23;671;564;232;90;575.0
2A2700000;94;2A;2A000;2A270;Sari-d'Orcino;ZZZZZZ;2A27000;Z;5;280;156;121;3;210;69;4;12;34;58;48;3;6;30;39;31;22;24;156;61;12;12;39;16;16;121;44;9;9;30;15;15;35;17;3;3;10;1;1;156;18;30;17;92;116;20;0;20;1.0;21.0;63.0;80;133;72;61;153;7;234;48;0;47;152.0
2A2710000;94;2A;2A000;2A271;Sarrola-Carcopino;ZZZZZZ;2A27100;Z;5;1526;1327;127;72;1034;481;64;194;231;429;409;54;88;154;241;326;244;220;1319;91;47;65;387;287;441;913;67;40;53;342;228;183;395;24;7;12;44;54;255;1327;260;216;249;602;929;344;53;53;98.0;115.0;695.0;884;1273;593;680;1271;61;2284;688;96;119;1293.0
2A2720000;94;2A;2A102;2A272;Sartène;ZZZZZZ;2A27200;Z;5;2874;1523;1057;294;940;1918;63;217;446;458;339;58;121;216;416;317;215;181;1511;283;172;288;449;194;125;559;51;28;68;228;95;89;939;233;144;219;216;96;32;1523;203;350;196;774;790;610;95;123;39.0;117.0;1004.0;743;1261;810;451;1477;110;1641;1304;221;250;1497.0
2A2760000;94;2A;2A000;2A276;Serra-di-Ferro;ZZZZZZ;2A27600;Z;5;1067;238;829;0;458;591;7;32;84;68;47;17;14;36;46;46;34;45;233;21;16;28;74;54;39;165;18;11;22;49;37;27;59;3;5;4;23;14;9;238;24;48;45;122;151;52;0;35;0.0;20.0;125.0;216;215;121;94;233;15;308;102;0;72;233.0
2A2780000;94;2A;2A000;2A278;Serra-di-Scopamène;ZZZZZZ;2A27800;Z;5;270;55;201;14;152;118;3;6;20;15;11;1;8;10;21;7;7;1;54;24;9;8;8;1;4;31;13;5;2;6;1;4;23;11;4;6;2;0;0;55;8;7;6;34;29;20;0;6;2.0;5.0;25.0;6;44;28;16;53;3;44;36;0;9;54.0
2A2790000;94;2A;2A000;2A279;Serriera;ZZZZZZ;2A27900;Z;5;167;65;90;12;159;8;1;7;15;23;19;0;4;13;13;24;7;3;64;12;9;8;23;8;3;56;12;6;8;20;6;3;8;0;3;0;3;2;0;65;3;17;4;41;53;6;0;6;0.0;12.0;31.0;34;57;36;21;64;3;99;12;0;15;65.0
2A2820000;94;2A;2A000;2A282;Soccia;ZZZZZZ;2A28200;Z;5;242;78;164;1;228;12;1;3;15;21;37;4;6;7;20;18;11;11;77;30;14;13;11;3;5;67;26;13;12;10;3;3;7;3;1;1;0;0;2;78;6;6;6;59;64;6;0;7;0.0;7.0;25.0;18;61;35;26;77;3;117;17;0;12;75.0
2A2840000;94;2A;2A000;2A284;Sollacaro;ZZZZZZ;2A28400;Z;5;439;193;232;15;377;57;3;13;62;49;66;6;10;43;43;46;22;23;179;52;34;18;29;24;23;146;42;28;13;24;19;21;30;9;7;5;4;4;1;193;15;41;32;104;137;46;3;10;2.0;12.0;116.0;72;165;99;66;191;4;256;90;3;18;184.0
2A2850000;94;2A;2A000;2A285;Sorbollano;ZZZZZZ;2A28500;Z;5;132;46;73;13;123;8;1;7;17;11;10;1;6;11;14;7;0;7;46;20;8;2;13;3;0;43;19;8;1;12;3;0;3;1;0;1;1;0;0;46;1;8;4;33;42;4;0;0;0.0;6.0;21.0;20;44;30;14;45;0;73;5;0;0;44.0
2A2880000;94;2A;2A000;2A288;Sotta;ZZZZZZ;2A28800;Z;5;1017;617;398;2;840;162;9;50;164;194;201;8;22;61;134;165;93;135;584;49;45;71;170;130;120;493;43;36;58;142;109;106;84;5;9;13;27;20;10;617;89;113;110;306;434;125;0;58;0.0;27.0;295.0;545;587;301;286;611;23;958;296;0;117;610.0
2A2950000;94;2A;2A000;2A295;Sant'Andréa-d'Orcino;ZZZZZZ;2A29500;Z;5;158;51;106;1;143;14;0;5;13;18;14;0;0;7;13;10;11;9;50;11;0;2;9;9;18;46;9;0;1;8;9;18;4;2;0;1;1;0;0;51;3;20;2;25;34;11;0;6;0.0;3.0;22.0;29;44;16;28;51;0;77;23;0;9;50.0
2A3000000;94;2A;2A000;2A300;San-Gavino-di-Carbini;ZZZZZZ;2A30000;Z;5;905;505;348;52;777;89;10;45;115;169;166;13;27;60;100;103;78;124;478;53;36;36;116;148;89;420;52;36;32;98;126;76;43;1;0;4;15;14;9;505;81;79;79;266;329;139;0;37;0.0;44.0;230.0;415;477;263;214;500;28;710;325;0;75;496.0
2A3080000;94;2A;2A000;2A308;Sainte-Lucie-de-Tallano;ZZZZZZ;2A30800;Z;5;568;224;288;56;277;285;2;37;66;59;61;14;26;36;50;47;29;23;219;76;50;19;38;18;19;127;41;30;11;19;13;12;91;34;20;8;19;3;7;224;21;42;24;137;154;44;0;26;6.0;29.0;112.0;71;188;124;63;222;11;289;81;0;53;213.0
2A3100000;94;2A;2A000;2A310;Santa-Maria-Figaniella;ZZZZZZ;2A31000;Z;5;71;44;27;0;63;8;1;7;14;10;12;2;2;12;7;7;4;10;43;16;3;4;8;8;4;38;14;2;3;8;7;4;5;2;1;1;0;1;0;44;6;8;4;26;34;7;0;3;0.0;2.0;14.0;21;37;17;20;44;4;70;18;0;12;44.0
2A3120000;94;2A;2A000;2A312;Santa-Maria-Siché;ZZZZZZ;2A31200;Z;5;321;193;83;44;246;72;2;16;41;71;63;3;6;17;32;74;35;26;193;41;20;22;47;36;26;146;24;14;21;36;27;23;46;17;6;1;10;9;3;193;17;33;48;95;125;50;0;18;8.0;37.0;57.0;83;174;104;70;191;15;283;120;0;35;186.0
2A3220000;94;2A;2A000;2A322;Tasso;ZZZZZZ;2A32200;Z;5;153;53;88;12;98;53;0;8;12;17;15;0;6;19;14;10;2;2;53;21;8;6;11;4;3;39;13;5;6;7;4;3;14;7;3;0;4;0;0;53;8;6;8;31;43;7;0;3;1.0;0.0;8.0;6;38;30;8;53;6;87;15;0;7;53.0
2A3230000;94;2A;2A000;2A323;Tavaco;ZZZZZZ;2A32300;Z;5;199;163;35;1;190;3;4;15;46;61;39;6;6;18;21;48;33;31;139;13;1;4;39;36;46;131;12;1;4;39;34;41;3;1;0;0;0;0;2;163;30;26;36;72;122;32;0;9;0.0;15.0;91.0;140;156;61;95;160;9;285;68;0;16;162.0
2A3240000;94;2A;2A000;2A324;Tavera;ZZZZZZ;2A32400;Z;5;363;207;151;5;332;26;0;33;47;50;77;2;22;39;40;51;30;23;202;69;25;28;38;21;21;186;66;23;23;36;17;21;12;3;2;5;2;0;0;207;19;43;20;125;159;33;0;15;0.0;34.0;70.0;96;182;108;74;207;5;300;68;0;33;200.0
2A3260000;94;2A;2A000;2A326;Tolla;ZZZZZZ;2A32600;Z;5;217;77;140;0;204;12;0;14;33;21;9;3;13;25;23;14;0;0;77;15;13;16;15;12;7;64;12;13;16;14;7;3;12;3;0;0;1;5;3;77;6;15;7;49;44;31;11;1;4.0;3.0;45.0;31;65;46;19;77;3;73;50;21;2;76.0
2A3300000;94;2A;2A000;2A330;Ucciani;ZZZZZZ;2A33000;Z;5;418;227;186;5;396;18;4;26;53;58;86;7;14;39;53;36;36;42;222;106;17;15;34;25;25;211;103;15;13;34;24;22;9;3;2;2;0;1;1;227;20;29;41;137;175;35;0;17;7.0;28.0;100.0;145;205;97;108;224;9;404;62;0;35;223.0
2A3310000;94;2A;2A000;2A331;Urbalacone;ZZZZZZ;2A33100;Z;5;50;38;13;0;44;7;4;11;9;9;4;6;2;9;10;7;3;1;38;15;4;5;6;3;6;36;13;4;5;6;3;6;2;2;0;0;0;0;0;38;5;4;7;23;29;5;0;4;0.0;0.0;8.0;18;31;26;5;34;2;57;5;0;4;37.0
2A3360000;94;2A;2A000;2A336;Valle-di-Mezzana;ZZZZZZ;2A33600;Z;5;223;161;62;0;205;18;1;7;38;55;59;4;5;21;24;41;25;41;139;24;8;11;35;29;31;126;23;4;11;34;27;27;12;1;5;0;1;2;4;161;27;32;24;78;116;39;0;6;0.0;13.0;55.0;111;157;60;97;160;9;331;101;0;12;160.0
2A3450000;94;2A;2A000;2A345;Vero;ZZZZZZ;2A34500;Z;5;343;233;108;2;316;22;3;15;60;84;71;3;5;16;44;47;75;43;218;47;17;13;55;49;37;199;44;14;13;50;44;34;16;3;2;0;5;4;2;233;33;42;42;116;172;45;6;16;0.0;13.0;89.0;178;220;99;121;231;14;424;111;10;44;232.0
2A3480000;94;2A;2A000;2A348;Vico;ZZZZZZ;2A34800;Z;5;1186;425;757;4;784;395;7;40;76;138;163;12;16;69;71;120;59;77;415;78;30;52;151;66;38;264;41;18;24;92;57;32;150;37;12;27;60;8;6;425;37;68;79;241;269;125;16;30;15.0;62.0;204.0;252;360;202;159;418;11;568;257;34;59;408.0
2A3490000;94;2A;2A104;2A349;Viggianello;ZZZZZZ;2A34900;Z;5;592;347;190;55;386;199;5;35;77;105;125;9;13;34;65;59;51;116;315;16;12;16;92;86;93;214;10;6;9;66;55;68;96;5;5;7;25;31;23;347;57;66;68;156;218;93;0;36;4.0;37.0;172.0;261;326;142;184;342;9;539;196;0;79;336.0
2A3510000;94;2A;2A000;2A351;Villanova;ZZZZZZ;2A35100;Z;5;296;156;138;2;282;14;1;9;27;63;56;1;1;11;17;53;37;36;156;19;4;9;64;33;26;152;17;4;9;63;32;26;4;2;0;0;1;1;0;156;13;24;30;90;131;20;0;5;0.0;12.0;61.0;123;150;48;101;156;4;313;42;0;6;153.0
2A3570000;94;2A;2A000;2A357;Zérubia;ZZZZZZ;2A35700;Z;5;122;22;91;9;96;24;2;1;9;5;4;0;5;9;3;3;2;0;19;8;3;1;4;1;2;19;8;3;1;4;1;2;0;0;0;0;0;0;0;22;4;3;5;9;15;3;0;3;0.0;2.0;8.0;8;20;9;11;20;0;31;6;0;6;20.0
2A3580000;94;2A;2A000;2A358;Zévaco;ZZZZZZ;2A35800;Z;5;74;30;42;2;54;21;1;0;12;10;7;0;0;11;12;6;1;0;30;12;6;0;3;9;0;22;9;5;0;3;5;0;8;3;1;0;0;4;0;30;1;6;5;18;23;7;0;0;0.0;1.0;11.0;6;26;12;14;30;1;46;13;0;0;29.0
2A3590000;94;2A;2A000;2A359;Zicavo;ZZZZZZ;2A35900;Z;5;268;121;101;46;180;88;1;9;45;34;32;0;7;28;35;26;7;18;121;47;16;26;15;13;4;97;34;14;22;10;13;4;24;13;2;4;5;0;0;121;11;16;21;73;89;25;0;7;1.0;7.0;20.0;14;86;64;22;120;6;173;45;0;11;121.0
2A3600000;94;2A;2A000;2A360;Zigliara;ZZZZZZ;2A36000;Z;5;163;69;69;24;152;11;0;7;12;24;26;2;4;14;11;17;10;11;69;35;10;10;9;2;3;66;34;10;8;9;2;3;3;1;0;2;0;0;0;69;6;5;13;45;59;6;0;4;0.0;11.0;17.0;30;59;33;26;69;0;111;15;0;4;65.0
2A3620000;94;2A;2A000;2A362;Zonza;ZZZZZZ;2A36200;Z;5;4114;1203;2900;12;3027;1066;8;107;357;430;300;18;51;149;261;248;214;263;1124;50;24;110;311;310;318;849;33;16;70;239;244;247;262;16;8;36;67;64;70;1203;175;223;240;565;714;388;25;101;4.0;90.0;715.0;962;1122;559;562;1197;62;1559;963;71;200;1181.0
2A3630000;94;2A;2A000;2A363;Zoza;ZZZZZZ;2A36300;Z;5;81;30;44;7;70;9;0;3;10;10;6;0;0;5;7;7;8;2;30;14;4;2;7;1;1;26;13;3;2;6;1;1;3;1;1;0;1;0;0;30;4;0;7;18;29;1;0;0;0.0;0.0;4.0;14;23;14;9;30;1;52;2;0;0;29.0
