IRIS;DEP;UU2010;COM;TRIRIS;GRD_QUART;TYP_IRIS;P17_POP;P17_POP0014;P17_POP1529;P17_POP3044;P17_POP4559;P17_POP6074;P17_POP75P;P17_POP0019;P17_POP2064;P17_POP65P;C17_POP15P;C17_POP15P_CS1;C17_POP15P_CS2;C17_POP15P_CS3;C17_POP15P_CS4;C17_POP15P_CS5;C17_POP15P_CS6;C17_POP15P_CS7;C17_POP15P_CS8;P17_POP_FR;P17_POP_ETR;P17_POP_IMM;P17_PMEN;P17_PHORMEN
680010000;68;68202;68001;ZZZZZZ;6800100;Z;1141;216;162;197;299;217;51;291;673;177;912;5;10;82;178;143;163;224;106;894;247;297;1112;29
680020000;68;68201;68002;ZZZZZZ;6800200;Z;393;61;71;58;106;55;42;91;230;72;320;10;5;10;50;40;70;115;20;388;5;14;393;0
680040101;68;68206;68004;ZZZZZZ;6800401;H;3764;586;685;666;832;554;441;770;2233;760;3138;0;91;152;436;593;598;853;415;3545;219;381;3595;168
680040102;68;68206;68004;ZZZZZZ;6800401;H;1973;367;331;380;448;285;162;503;1127;344;1683;5;30;193;238;264;228;436;289;1852;122;207;1972;1
680050000;68;68203;68005;ZZZZZZ;6800500;Z;1779;239;254;265;468;334;219;320;1049;410;1533;74;24;172;242;193;158;552;117;1744;35;56;1706;73
680060000;68;68000;68006;ZZZZZZ;6800600;Z;1180;242;159;257;260;199;63;297;717;167;956;5;35;108;222;158;143;168;118;1160;20;29;1180;0
680070000;68;68121;68007;ZZZZZZ;6800700;Z;2162;348;312;335;621;383;164;479;1327;357;1834;20;69;180;314;259;200;560;234;2096;66;136;2162;0
680080000;68;68000;68008;ZZZZZZ;6800800;Z;579;113;65;134;115;115;38;140;328;111;471;0;10;45;112;72;66;110;56;562;17;26;579;0
680090000;68;68000;68009;ZZZZZZ;6800900;Z;846;168;127;182;200;133;36;231;498;117;665;10;30;50;125;100;115;170;65;815;31;43;846;0
680100000;68;68206;68010;ZZZZZZ;6801000;Z;1128;191;204;222;269;162;80;272;681;175;943;0;30;40;180;165;149;259;119;1099;29;53;1128;0
680110000;68;68000;68011;ZZZZZZ;6801100;Z;1321;262;213;266;340;180;61;353;809;158;1056;10;20;164;284;164;130;176;109;1295;26;44;1321;0
680120000;68;68000;68012;ZZZZZZ;6801200;Z;1788;347;269;354;487;228;103;452;1113;223;1450;5;50;165;315;250;195;275;195;1754;34;57;1788;0
680130000;68;68000;68013;ZZZZZZ;6801300;Z;973;166;120;188;253;165;80;215;581;177;803;0;44;89;162;118;118;187;84;876;97;113;973;0
680140000;68;68000;68014;ZZZZZZ;6801400;Z;360;54;43;75;98;63;27;69;228;63;285;5;0;0;50;75;15;105;35;349;11;14;341;19
680150000;68;68701;68015;ZZZZZZ;6801500;Z;2616;476;366;497;597;493;186;621;1520;474;2139;5;70;165;395;305;355;599;244;2542;74;164;2616;0
680160000;68;68109;68016;ZZZZZZ;6801600;Z;969;188;139;198;245;139;60;245;587;138;824;10;0;80;106;136;226;167;100;888;81;85;969;0
680170000;68;68000;68017;ZZZZZZ;6801700;Z;824;130;120;160;203;122;90;176;489;159;714;10;25;30;104;89;170;202;84;814;10;16;824;0
680180000;68;68000;68018;ZZZZZZ;6801800;Z;757;106;116;127;200;145;63;152;449;156;642;20;10;66;112;112;102;158;61;754;3;10;757;0
680190000;68;68000;68019;ZZZZZZ;6801900;Z;574;111;82;111;161;80;29;148;348;78;488;0;10;35;64;88;129;102;59;516;58;69;574;0
680200000;68;68000;68020;ZZZZZZ;6802000;Z;1608;205;203;236;396;344;224;295;873;440;1422;0;56;76;192;177;212;504;207;1507;101;160;1528;80
680210000;68;68205;68021;ZZZZZZ;6802100;Z;3837;632;603;838;917;580;267;813;2433;591;3133;5;120;297;444;573;530;773;390;3485;352;488;3764;73
680220000;68;68000;68022;ZZZZZZ;6802200;Z;1587;281;221;330;365;268;123;357;943;287;1285;5;56;128;214;199;184;356;143;1558;29;64;1587;0
680230000;68;68122;68023;ZZZZZZ;6802300;Z;941;153;113;154;196;192;133;190;491;260;785;45;55;40;90;120;115;270;50;911;30;40;887;54
680240000;68;68000;68024;ZZZZZZ;6802400;Z;190;12;26;27;45;17;62;18;101;70;187;0;5;10;10;26;5;81;50;172;18;25;92;98
680250000;68;68000;68025;ZZZZZZ;6802500;Z;216;42;27;34;61;38;15;52;126;38;178;0;5;5;27;41;50;41;9;204;12;17;216;0
680260000;68;68122;68026;ZZZZZZ;6802600;Z;1335;207;222;220;336;198;152;304;765;266;1118;45;55;101;177;151;132;265;191;1270;65;93;1332;3
680270000;68;68000;68027;ZZZZZZ;6802700;Z;324;58;44;46;95;58;23;77;196;50;267;10;0;10;50;25;65;91;15;292;32;38;324;0
680280000;68;68000;68028;ZZZZZZ;6802800;Z;2121;336;276;404;443;386;276;428;1173;520;1757;21;62;144;328;226;257;586;133;2072;49;79;2001;120
680290000;68;68000;68029;ZZZZZZ;6802900;Z;1078;183;134;197;245;219;100;233;594;251;903;20;59;39;197;99;89;281;118;1051;27;48;1078;0
680300000;68;68000;68030;ZZZZZZ;6803000;Z;433;80;77;76;98;54;47;106;243;83;364;5;5;49;69;48;54;95;38;417;16;25;433;0
680320000;68;68000;68032;ZZZZZZ;6803200;Z;1192;211;172;213;294;225;76;270;715;207;1002;10;50;55;254;115;140;254;125;1179;13;20;1192;0
680330000;68;68000;68033;ZZZZZZ;6803300;Z;450;50;84;70;133;84;28;78;300;72;408;0;5;10;64;64;127;107;31;425;25;32;450;0
680340000;68;68000;68034;ZZZZZZ;6803400;Z;311;49;33;55;82;67;26;62;176;74;268;10;0;35;40;55;45;60;25;280;31;35;311;0
680350000;68;68000;68035;ZZZZZZ;6803500;Z;317;63;29;51;98;46;29;73;184;60;266;0;10;40;25;30;55;70;35;236;81;87;317;0
680360000;68;68103;68036;ZZZZZZ;6803600;Z;2571;513;361;524;562;433;178;661;1480;430;2016;5;56;131;227;384;409;562;242;2339;232;300;2570;1
680370000;68;68000;68037;ZZZZZZ;6803700;Z;444;79;66;92;125;70;12;98;306;40;359;6;6;33;40;81;77;58;59;425;19;26;444;0
680380000;68;68108;68038;ZZZZZZ;6803800;Z;1039;197;111;233;247;175;76;240;623;177;822;9;23;98;177;107;107;237;65;1019;20;36;1039;0
680390000;68;68000;68039;ZZZZZZ;6803900;Z;544;99;72;98;128;102;47;121;316;108;443;5;15;10;65;70;115;130;35;525;19;30;544;0
680400000;68;68402;68040;ZZZZZZ;6804000;Z;1960;309;292;331;436;328;264;414;1076;471;1646;5;40;54;207;253;308;536;243;1871;89;142;1891;69
680410000;68;68000;68041;ZZZZZZ;6804100;Z;1957;356;291;406;500;283;122;462;1221;274;1630;5;59;96;278;283;347;306;256;1887;70;116;1957;0
680420000;68;68118;68042;ZZZZZZ;6804200;Z;4526;804;674;935;1021;788;304;1015;2730;781;3835;5;141;369;587;646;675;888;524;3902;624;733;4520;6
680430000;68;68701;68043;ZZZZZZ;6804300;Z;4027;721;628;772;835;670;401;938;2269;820;3302;15;93;249;557;547;474;943;425;3909;118;235;3971;56
680440000;68;68000;68044;ZZZZZZ;6804400;Z;752;117;100;119;211;130;76;166;434;153;613;15;15;25;84;74;138;199;63;738;14;19;710;42
680450000;68;68000;68045;ZZZZZZ;6804500;Z;560;80;77;94;143;107;58;113;330;117;462;0;24;33;78;58;62;144;61;549;11;24;560;0
680460000;68;68000;68046;ZZZZZZ;6804600;Z;420;71;47;88;113;67;34;92;260;68;336;0;10;50;70;55;35;86;30;412;8;18;420;0
680490000;68;68000;68049;ZZZZZZ;6804900;Z;459;66;52;64;139;55;83;87;256;116;400;10;15;24;64;44;91;112;39;430;29;36;401;58
680500000;68;68000;68050;ZZZZZZ;6805000;Z;412;75;42;67;90;82;57;92;218;102;347;5;25;45;35;41;45;122;30;411;1;4;390;22
680510000;68;68302;68051;ZZZZZZ;6805100;Z;828;122;119;128;198;200;61;160;497;171;719;25;15;45;101;146;106;226;55;823;5;15;828;0
680520000;68;68000;68052;ZZZZZZ;6805200;Z;181;31;27;42;51;21;9;44;118;19;160;10;5;16;36;21;36;26;10;178;3;4;181;0
680540000;68;68000;68054;ZZZZZZ;6805400;Z;405;80;54;66;104;78;23;103;238;64;320;0;0;70;35;50;55;75;35;376;29;35;405;0
680550000;68;68000;68055;ZZZZZZ;6805500;Z;1061;181;135;177;269;213;87;236;619;206;857;5;30;140;180;89;66;246;100;1036;25;52;1061;0
680560101;68;68701;68056;ZZZZZZ;6805601;H;3538;461;703;568;767;665;374;660;2085;793;3069;0;125;385;460;380;290;932;496;3327;211;340;3538;0
680560102;68;68701;68056;ZZZZZZ;6805601;H;2787;438;547;485;597;449;271;623;1615;548;2352;0;75;410;305;355;200;596;410;2607;180;273;2599;188
680560201;68;68701;68056;ZZZZZZ;6805602;H;1687;291;230;289;399;273;204;376;958;353;1397;0;75;170;229;229;140;359;195;1588;99;172;1687;0
680570000;68;68000;68057;ZZZZZZ;6805700;Z;277;53;52;54;57;39;22;81;155;41;234;10;0;20;51;31;20;46;56;270;7;8;277;0
680580000;68;68401;68058;ZZZZZZ;6805800;Z;3310;618;528;603;780;478;302;819;1909;582;2753;5;101;171;473;452;498;717;335;3051;259;313;3310;0
680590000;68;68110;68059;ZZZZZZ;6805900;Z;1878;351;324;427;381;278;117;463;1135;280;1559;24;39;117;371;210;215;347;235;1840;38;71;1874;4
680600000;68;68110;68060;ZZZZZZ;6806000;Z;1802;355;239;376;405;300;127;455;1038;309;1437;10;57;98;335;273;185;340;139;1764;38;64;1802;0
680610000;68;68403;68061;ZZZZZZ;6806100;Z;1040;179;136;199;262;180;84;231;618;191;815;5;30;80;155;125;80;240;100;887;153;171;1040;0
680620000;68;68206;68062;ZZZZZZ;6806200;Z;2044;359;336;372;494;296;187;485;1206;352;1692;5;80;175;325;315;245;347;201;1986;58;93;1974;70
680630101;68;68402;68063;ZZZZZZ;6806301;H;2078;395;395;422;369;322;175;477;1229;372;1683;0;33;148;265;303;296;439;200;1933;144;190;2078;0
680630102;68;68402;68063;ZZZZZZ;6806301;H;1970;234;279;335;398;434;289;320;1133;518;1733;3;45;145;213;282;221;598;225;1881;90;124;1848;123
680630103;68;68402;68063;ZZZZZZ;6806301;H;3106;650;541;752;526;423;215;809;1853;444;2456;0;69;125;359;486;461;532;424;2857;249;307;3057;49
680630104;68;68402;68063;ZZZZZZ;6806301;H;3165;576;445;666;721;487;270;743;1891;531;2579;3;45;116;374;386;377;635;643;2903;262;366;2639;526
680630105;68;68402;68063;ZZZZZZ;6806301;H;1246;351;204;208;159;242;81;423;581;242;895;0;10;7;42;131;220;285;202;922;324;357;1246;0
680640000;68;68000;68064;ZZZZZZ;6806400;Z;950;141;141;167;216;200;85;192;547;210;822;5;15;45;160;139;110;248;99;832;118;135;950;0
680650000;68;68000;68065;ZZZZZZ;6806500;Z;693;173;107;166;119;95;33;210;403;80;513;0;10;45;121;75;100;106;55;677;16;19;693;0
680660101;68;68501;68066;680061;6806601;H;2169;310;586;415;356;307;195;458;1357;354;1859;0;58;126;286;401;248;424;314;1881;288;322;2160;9
680660102;68;68501;68066;680061;6806601;H;2835;355;668;653;536;368;256;558;1813;465;2480;6;73;302;305;537;356;507;394;2582;253;322;2835;0
680660103;68;68501;68066;680061;6806601;H;2309;315;481;421;455;352;285;478;1271;560;1994;0;59;196;249;341;249;549;349;2054;255;322;2309;0
680660104;68;68501;68066;680061;6806601;H;1876;155;523;429;380;271;119;307;1294;275;1722;0;57;292;285;243;142;296;407;1756;120;183;1700;176
680660105;68;68501;68066;680021;6806601;H;2880;459;644;626;478;391;282;638;1713;529;2417;0;53;283;256;519;412;532;362;2540;340;470;2872;8
680660201;68;68501;68066;680021;6806602;H;1972;297;229;362;337;291;456;391;946;635;1676;0;73;368;184;107;109;656;179;1889;83;134;1768;204
680660202;68;68501;68066;680021;6806602;H;2084;310;279;308;431;444;311;427;1102;555;1773;1;62;344;234;183;92;627;231;1943;141;198;2029;55
680660301;68;68501;68066;680011;6806603;H;6525;896;1036;1330;1495;1086;682;1157;4069;1300;5631;21;158;954;1133;832;431;1603;500;6277;248;389;6473;53
680660401;68;68501;68066;680011;6806604;H;3391;551;616;604;724;515;381;718;1967;706;2840;1;81;158;452;569;485;782;312;3157;234;322;3391;0
680660402;68;68501;68066;680011;6806604;H;3890;761;719;806;780;545;280;990;2246;654;3129;0;76;163;381;644;604;764;497;3544;346;532;3889;1
680660501;68;68501;68066;680081;6806605;H;2814;454;541;549;549;405;316;660;1595;558;2359;0;33;124;313;457;421;629;381;2610;204;352;2814;0
680660502;68;68501;68066;680081;6806605;H;2546;528;557;585;491;255;129;682;1585;279;2019;7;70;155;306;456;373;334;318;2233;313;367;2507;39
680660503;68;68501;68066;680081;6806605;H;2524;321;880;378;468;294;183;559;1621;344;2203;0;59;66;283;580;411;410;394;2338;186;241;1908;616
680660601;68;68501;68066;680041;6806606;H;2199;283;343;397;490;392;295;407;1251;541;1916;0;24;107;286;355;317;602;224;2078;121;223;2199;0
680660602;68;68501;68066;680041;6806606;H;2327;394;545;512;415;330;131;539;1464;323;1929;0;35;202;290;405;275;410;312;2120;207;252;2237;89
680660603;68;68501;68066;680071;6806606;H;2741;492;607;578;549;338;177;686;1684;371;2234;3;68;111;382;469;353;462;387;2431;310;370;2632;109
680660604;68;68501;68066;680071;6806606;H;2311;236;287;354;548;437;449;315;1249;746;2078;4;41;99;213;314;350;809;248;2171;140;234;1714;597
680660701;68;68501;68066;680071;6806607;H;1817;292;283;359;254;236;393;394;879;545;1525;0;9;21;62;246;313;567;308;1616;201;352;1520;297
680660702;68;68501;68066;680071;6806607;H;2980;663;576;657;429;440;216;841;1632;507;2317;3;51;58;197;419;500;580;507;2349;631;711;2980;0
680660801;68;68501;68066;680031;6806608;H;2259;643;508;518;270;234;85;815;1207;237;1616;0;20;12;57;251;452;245;577;1482;778;836;2259;0
680660802;68;68501;68066;680031;6806608;H;3212;734;604;601;709;469;95;948;1911;353;2478;3;38;108;277;493;551;445;563;2470;742;875;3212;0
680660803;68;68501;68066;680051;6806608;H;2089;428;424;421;341;335;142;554;1161;374;1675;0;42;57;131;220;359;402;463;1586;504;583;1970;119
680660804;68;68501;68066;680051;6806608;H;2210;498;539;400;396;261;116;682;1268;260;1709;0;27;13;74;344;421;305;525;1643;567;662;2137;73
680660805;68;68501;68066;680051;6806608;H;2471;672;492;527;365;232;183;844;1273;354;1799;0;32;34;94;346;442;380;471;1960;511;704;2471;0
680660901;68;68501;68066;680041;6806609;H;2115;308;397;396;405;401;209;413;1236;466;1808;0;51;231;263;289;221;510;242;1946;169;239;2094;21
680660902;68;68501;68066;680031;6806609;H;2560;364;423;422;556;418;376;506;1439;615;2193;0;45;229;225;355;284;734;320;2461;99;178;2420;140
680670000;68;68000;68067;ZZZZZZ;6806700;Z;368;55;59;68;94;61;31;77;229;62;307;5;21;0;36;57;78;57;52;342;26;43;368;0
680680000;68;68201;68068;ZZZZZZ;6806800;Z;2255;380;411;415;442;316;292;523;1244;488;1894;5;65;100;238;402;355;457;272;2161;94;141;2146;109
680690000;68;68000;68069;ZZZZZZ;6806900;Z;1420;321;211;318;308;175;87;402;824;194;1093;15;20;87;203;178;229;205;157;1349;71;80;1420;0
680710000;68;68000;68071;ZZZZZZ;6807100;Z;290;54;38;65;62;54;18;70;177;43;243;0;5;10;24;68;68;44;24;279;11;18;290;0
680720000;68;68119;68072;ZZZZZZ;6807200;Z;1447;280;194;278;350;288;58;367;857;222;1210;5;26;215;216;116;135;339;159;1416;31;80;1447;0
680730000;68;68114;68073;ZZZZZZ;6807300;Z;475;94;71;90;112;77;31;126;276;73;411;0;0;25;59;69;114;94;49;469;6;5;475;0
680740000;68;68000;68074;ZZZZZZ;6807400;Z;566;113;78;130;108;97;40;142;338;86;435;0;5;20;60;70;125;85;70;534;32;35;566;0
680750000;68;68000;68075;ZZZZZZ;6807500;Z;841;131;144;143;180;166;78;179;473;189;722;25;20;10;76;116;172;207;96;794;47;61;840;1
680760000;68;68000;68076;ZZZZZZ;6807600;Z;907;169;142;177;232;136;50;233;538;135;720;9;5;28;155;132;179;160;52;866;41;58;907;0
680770000;68;68000;68077;ZZZZZZ;6807700;Z;365;77;64;76;83;51;14;110;208;47;290;0;0;40;45;60;25;75;45;360;5;9;365;0
680780000;68;68000;68078;ZZZZZZ;6807800;Z;1726;296;218;284;390;360;179;356;988;382;1464;70;85;206;211;191;110;416;176;1640;86;108;1726;0
680790000;68;68000;68079;ZZZZZZ;6807900;Z;259;24;33;33;62;85;22;40;138;81;215;0;10;5;30;45;35;65;25;248;11;16;259;0
680800000;68;68000;68080;ZZZZZZ;6808000;Z;287;56;28;61;65;64;14;67;162;58;233;0;10;38;52;48;29;43;14;277;10;19;287;0
680810000;68;68000;68081;ZZZZZZ;6808100;Z;571;112;66;94;129;122;48;140;317;113;468;20;41;51;61;51;57;151;36;559;12;23;571;0
680820000;68;68207;68082;ZZZZZZ;6808200;Z;7508;1397;1268;1543;1471;1117;712;1782;4326;1400;6180;10;140;390;1000;1035;930;1725;950;7284;224;451;7167;341
680830000;68;68302;68083;ZZZZZZ;6808300;Z;362;57;51;49;100;59;45;85;194;84;326;0;15;5;45;65;45;115;35;358;4;5;362;0
680840000;68;68104;68084;ZZZZZZ;6808400;Z;1473;240;200;263;370;300;100;331;851;291;1245;10;50;180;230;170;95;340;170;1413;60;77;1473;0
680850000;68;68000;68085;ZZZZZZ;6808500;Z;380;83;48;88;79;56;26;99;233;48;275;0;20;10;65;50;50;55;25;364;16;21;380;0
680860000;68;68000;68086;ZZZZZZ;6808600;Z;191;30;30;40;42;33;17;38;118;35;129;0;5;20;25;20;15;40;5;190;1;6;191;0
680870000;68;68000;68087;ZZZZZZ;6808700;Z;444;87;56;97;97;82;25;111;254;79;356;5;5;34;48;67;72;77;48;435;9;12;444;0
680880000;68;68701;68088;ZZZZZZ;6808800;Z;990;165;157;173;251;159;85;238;580;172;855;0;15;40;210;135;140;201;115;949;41;53;990;0
680890000;68;68301;68089;ZZZZZZ;6808900;Z;1606;245;223;266;375;316;180;316;908;382;1330;5;88;59;169;219;289;393;108;1572;34;49;1606;0
680900000;68;68000;68090;ZZZZZZ;6809000;Z;729;139;119;162;150;114;45;173;452;104;593;0;31;31;112;103;99;85;130;584;145;158;729;0
680910000;68;68109;68091;ZZZZZZ;6809100;Z;2353;440;356;460;555;400;142;582;1393;378;1879;5;36;119;394;285;358;426;254;2261;92;134;2353;0
680920000;68;68000;68092;ZZZZZZ;6809200;Z;418;69;50;78;100;88;33;99;239;80;351;11;5;11;85;21;58;96;64;385;33;38;418;0
680930000;68;68120;68093;ZZZZZZ;6809300;Z;1448;235;200;218;357;276;161;322;801;325;1196;10;50;183;193;130;84;438;109;1426;22;50;1448;0
680940000;68;68000;68094;ZZZZZZ;6809400;Z;918;205;129;184;197;137;65;258;510;150;736;0;10;66;163;96;163;126;112;826;92;108;918;0
680950000;68;68000;68095;ZZZZZZ;6809500;Z;1157;207;153;210;317;226;45;278;713;166;943;5;35;119;189;149;134;218;94;1090;67;86;1157;0
680960000;68;68000;68096;ZZZZZZ;6809600;Z;349;67;51;68;88;53;21;89;210;50;270;0;5;39;43;34;72;48;29;320;29;33;349;0
680970000;68;68000;68097;ZZZZZZ;6809700;Z;1343;213;172;227;343;250;139;282;772;289;1137;15;70;55;217;201;221;281;77;1314;29;44;1307;36
680980000;68;68000;68098;ZZZZZZ;6809800;Z;644;111;97;109;156;111;60;151;370;124;520;0;30;25;50;50;119;183;64;617;27;36;644;0
680990000;68;68107;68099;ZZZZZZ;6809900;Z;739;123;106;137;159;155;58;160;426;152;626;5;19;78;112;92;78;199;44;717;22;38;739;0
681000000;68;68000;68100;ZZZZZZ;6810000;Z;342;63;34;63;85;74;24;75;198;70;267;0;10;20;50;35;55;86;10;337;5;6;341;1
681010000;68;68000;68101;ZZZZZZ;6810100;Z;805;143;102;176;176;150;57;199;454;151;653;10;30;65;156;70;79;163;80;791;14;30;805;0
681020000;68;68000;68102;ZZZZZZ;6810200;Z;441;51;38;54;119;124;56;67;241;133;374;5;4;23;19;56;79;153;35;434;7;12;441;0
681030000;68;68000;68103;ZZZZZZ;6810300;Z;449;75;51;81;104;95;42;100;242;107;367;10;30;40;40;55;55;91;45;435;14;21;449;0
681040000;68;68000;68104;ZZZZZZ;6810400;Z;306;49;33;68;82;60;13;64;195;47;263;10;0;26;46;67;57;36;21;258;48;53;306;0
681050000;68;68000;68105;ZZZZZZ;6810500;Z;271;36;23;47;82;60;24;49;158;64;235;0;0;21;52;26;31;78;26;261;10;14;271;0
681060000;68;68000;68106;ZZZZZZ;6810600;Z;286;30;45;39;89;57;26;49;176;60;256;0;21;15;15;51;67;46;41;283;3;4;286;0
681070000;68;68201;68107;ZZZZZZ;6810700;Z;361;66;46;61;81;64;42;80;200;81;281;30;0;10;49;25;44;104;20;360;1;5;361;0
681090000;68;68302;68109;ZZZZZZ;6810900;Z;714;116;104;119;198;128;49;161;426;127;560;5;20;60;125;80;40;185;45;702;12;21;714;0
681100000;68;68000;68110;ZZZZZZ;6811000;Z;830;122;143;156;216;123;70;172;533;125;657;10;21;77;72;103;118;190;67;817;13;27;830;0
681110000;68;68000;68111;ZZZZZZ;6811100;Z;837;149;95;146;182;147;118;186;446;205;700;35;15;80;105;70;90;190;115;794;43;53;785;52
681120101;68;68401;68112;ZZZZZZ;6811201;H;1951;345;314;330;450;399;113;463;1129;359;1605;0;42;42;158;267;357;402;335;1664;287;354;1940;11
681120102;68;68401;68112;ZZZZZZ;6811201;H;1975;328;369;387;359;293;238;429;1131;415;1638;2;46;74;227;241;316;480;251;1727;248;239;1895;80
681120103;68;68401;68112;ZZZZZZ;6811201;H;2509;360;402;395;598;398;356;453;1447;608;2149;0;71;140;283;325;361;684;285;2348;161;249;2404;105
681120104;68;68401;68112;ZZZZZZ;6811201;H;2209;413;350;329;505;397;215;553;1176;479;1800;5;66;169;287;229;229;546;269;2094;115;180;2172;37
681120105;68;68401;68112;ZZZZZZ;6811201;H;2451;417;509;452;432;390;251;574;1378;498;2037;0;36;91;273;364;419;578;277;2265;185;242;2404;47
681130000;68;68000;68113;ZZZZZZ;6811300;Z;1384;230;214;252;350;229;110;307;831;246;1187;15;59;64;206;201;157;304;181;1311;73;103;1384;0
681140000;68;68000;68114;ZZZZZZ;6811400;Z;140;20;17;27;33;33;11;24;87;29;124;0;0;5;35;25;30;30;0;137;3;3;140;0
681150000;68;68000;68115;ZZZZZZ;6811500;Z;1302;232;199;219;314;240;99;306;766;231;1079;5;20;70;214;194;154;308;114;1285;17;42;1302;0
681160000;68;68000;68116;ZZZZZZ;6811600;Z;699;117;97;134;165;146;40;157;417;125;581;20;15;73;124;48;85;147;69;693;6;19;699;0
681170000;68;68302;68117;ZZZZZZ;6811700;Z;907;143;127;164;216;161;96;193;509;205;715;10;35;45;160;125;95;175;70;872;35;47;907;0
681180000;68;68701;68118;ZZZZZZ;6811800;Z;4894;759;758;936;1137;891;413;1027;2913;953;4077;0;123;276;728;618;605;1183;545;4738;156;281;4894;0
681190000;68;68000;68119;ZZZZZZ;6811900;Z;706;132;119;133;169;99;54;180;417;109;560;0;5;30;105;115;110;135;60;686;20;25;706;0
681200000;68;68000;68120;ZZZZZZ;6812000;Z;1220;207;144;248;301;220;100;271;720;229;1024;0;35;90;166;161;201;281;90;1043;177;203;1220;0
681210000;68;68000;68121;ZZZZZZ;6812100;Z;664;121;88;125;174;112;45;162;411;91;513;0;10;31;109;62;72;135;93;577;87;102;664;0
681220000;68;68000;68122;ZZZZZZ;6812200;Z;638;114;108;103;159;96;57;162;367;109;501;5;40;35;115;50;60;145;50;624;14;29;638;0
681230000;68;68000;68123;ZZZZZZ;6812300;Z;785;125;104;148;188;150;70;164;454;166;675;10;20;70;129;110;35;217;85;773;12;32;785;0
681240000;68;68000;68124;ZZZZZZ;6812400;Z;383;52;54;62;106;82;27;87;229;67;345;0;10;24;39;61;68;86;57;377;6;18;383;0
681250000;68;68000;68125;ZZZZZZ;6812500;Z;497;108;73;109;103;85;19;140;295;61;371;0;22;48;93;33;70;79;26;494;3;13;497;0
681260000;68;68403;68126;ZZZZZZ;6812600;Z;3420;597;391;674;761;655;342;729;1925;766;2827;5;147;548;401;391;279;726;330;2662;758;925;3420;0
681270000;68;68000;68127;ZZZZZZ;6812700;Z;624;109;80;110;138;131;55;148;342;134;501;0;24;73;73;58;49;165;58;614;10;23;624;0
681280000;68;68000;68128;ZZZZZZ;6812800;Z;660;123;101;130;142;117;48;164;382;114;549;5;30;40;85;50;99;142;99;628;32;39;660;0
681290000;68;68000;68129;ZZZZZZ;6812900;Z;1325;166;166;167;350;315;161;244;716;365;1194;0;64;129;228;149;104;405;114;1304;21;64;1264;61
681300000;68;68000;68130;ZZZZZZ;6813000;Z;1040;207;148;230;250;145;58;259;636;144;822;0;15;15;130;205;175;165;115;959;81;96;1040;0
681310000;68;68000;68131;ZZZZZZ;6813100;Z;169;19;25;25;48;40;11;31;104;35;148;0;5;5;25;5;25;66;15;165;4;6;169;0
681320000;68;68000;68132;ZZZZZZ;6813200;Z;692;82;91;104;204;144;68;123;425;144;604;0;34;77;58;68;89;195;83;659;33;53;692;0
681340000;68;68000;68134;ZZZZZZ;6813400;Z;1818;307;222;365;377;375;172;383;1012;422;1521;10;54;127;303;186;186;538;117;1772;46;77;1818;0
681350000;68;68403;68135;ZZZZZZ;6813500;Z;2719;529;357;592;643;408;189;675;1611;433;2233;15;93;196;407;339;368;530;285;2279;440;558;2719;0
681360000;68;68000;68136;ZZZZZZ;6813600;Z;331;49;48;56;88;73;17;66;215;50;313;0;5;15;45;40;96;81;30;313;18;21;331;0
681370000;68;68000;68137;ZZZZZZ;6813700;Z;636;120;101;129;151;93;41;165;376;96;505;0;5;15;71;86;121;116;91;612;24;28;636;0
681380000;68;68101;68138;ZZZZZZ;6813800;Z;2121;326;330;354;486;403;223;439;1224;458;1717;10;55;84;213;283;298;547;227;2021;100;169;2062;59
681390000;68;68000;68139;ZZZZZZ;6813900;Z;1442;270;239;289;316;228;100;354;856;232;1135;10;35;45;130;250;245;265;155;1385;57;79;1442;0
681400000;68;68000;68140;ZZZZZZ;6814000;Z;1261;273;147;289;258;216;78;336;711;214;973;10;5;64;251;143;103;285;113;1243;18;34;1261;0
681410000;68;68107;68141;ZZZZZZ;6814100;Z;2143;319;280;344;501;407;292;444;1151;548;1820;35;55;225;305;250;160;630;160;2094;49;92;2061;82
681420000;68;68302;68142;ZZZZZZ;6814200;Z;365;59;44;78;92;63;29;77;222;66;295;10;5;5;65;70;35;95;10;357;8;10;357;8
681430000;68;68108;68143;ZZZZZZ;6814300;Z;1782;321;255;350;472;267;117;435;1083;264;1425;32;54;115;281;244;194;356;148;1709;73;80;1782;0
681440000;68;68000;68144;ZZZZZZ;6814400;Z;1334;286;184;322;281;176;83;357;792;185;1001;5;20;129;124;193;218;208;104;1252;82;110;1334;0
681450101;68;68501;68145;ZZZZZZ;6814501;H;2992;436;461;552;542;616;385;582;1618;792;2558;0;79;157;476;363;319;904;261;2886;106;212;2942;49
681450102;68;68501;68145;ZZZZZZ;6814501;H;2975;542;456;614;671;491;202;715;1745;515;2455;15;49;201;486;452;344;565;344;2868;107;186;2941;34
681460000;68;68501;68146;ZZZZZZ;6814600;Z;2249;445;390;488;495;297;134;558;1393;298;1800;10;55;185;445;285;275;390;155;2189;60;95;2249;0
681470000;68;68000;68147;ZZZZZZ;6814700;Z;602;106;98;98;136;108;56;144;336;122;490;25;40;25;65;90;90;105;50;589;13;19;602;0
681480000;68;68000;68148;ZZZZZZ;6814800;Z;346;69;54;81;78;43;20;98;205;43;291;0;5;25;35;70;40;80;35;339;7;12;346;0
681490101;68;68403;68149;ZZZZZZ;6814901;H;4316;826;619;1027;824;677;343;987;2595;733;3467;0;46;283;501;673;674;788;502;3486;830;1087;4315;1
681490102;68;68403;68149;ZZZZZZ;6814901;H;2922;595;449;625;612;457;185;752;1725;444;2350;0;86;238;273;380;405;556;411;2368;554;763;2877;45
681500000;68;68000;68150;ZZZZZZ;6815000;Z;514;98;67;104;105;87;53;133;271;110;437;5;20;56;86;56;46;121;46;492;22;23;514;0
681510000;68;68301;68151;ZZZZZZ;6815100;Z;1048;198;149;186;231;196;88;245;589;214;830;0;40;30;70;155;140;305;90;1023;25;42;1048;0
681520000;68;68117;68152;ZZZZZZ;6815200;Z;2474;451;375;456;575;386;230;587;1414;473;2023;5;71;191;352;337;322;530;216;2421;53;103;2449;25
681530000;68;68000;68153;ZZZZZZ;6815300;Z;702;125;115;143;161;103;55;171;420;111;580;10;5;31;132;81;86;168;66;682;20;28;702;0
681540101;68;68701;68154;680101;6815401;H;1555;368;308;264;268;207;141;489;784;282;1188;0;29;24;103;178;241;263;349;1249;307;489;1555;0
681540102;68;68701;68154;680101;6815401;H;1685;381;228;321;299;309;147;471;881;333;1304;0;20;39;149;240;252;371;234;1526;159;302;1685;0
681540103;68;68701;68154;680091;6815401;H;3016;695;593;645;513;386;184;862;1762;391;2320;0;47;68;252;465;547;484;456;2609;407;563;3016;0
681540104;68;68701;68154;680091;6815401;H;1955;557;370;388;284;254;103;696;976;284;1397;0;43;26;146;218;325;305;334;1505;451;572;1928;27
681540105;68;68701;68154;680091;6815401;H;2674;423;390;489;546;443;383;572;1444;658;2258;8;49;89;344;337;361;736;334;2518;156;330;2580;94
681540106;68;68701;68154;680101;6815401;H;1871;339;267;277;333;416;238;438;946;487;1532;5;39;86;240;192;162;567;241;1756;115;251;1842;29
681540107;68;68701;68154;680101;6815401;H;1934;361;347;347;414;329;136;481;1153;300;1572;0;48;112;299;276;213;405;220;1838;96;206;1909;25
681550000;68;68501;68155;ZZZZZZ;6815500;Z;4678;788;785;856;986;767;496;1064;2626;988;3980;20;140;220;640;760;555;1120;525;4342;336;477;4490;188
681560000;68;68401;68156;ZZZZZZ;6815600;Z;3416;574;497;578;740;596;430;760;1861;795;2869;0;80;210;385;445;420;956;373;3220;196;318;3239;177
681570000;68;68000;68157;ZZZZZZ;6815700;Z;1403;293;242;307;280;179;102;394;817;191;1147;26;46;88;181;269;170;228;139;1350;53;70;1399;4
681580000;68;68000;68158;ZZZZZZ;6815800;Z;502;79;59;95;129;99;41;107;296;99;409;0;0;51;56;66;45;136;56;471;31;39;502;0
681590000;68;68000;68159;ZZZZZZ;6815900;Z;898;155;112;186;213;159;73;203;528;167;743;0;15;70;153;143;98;196;69;869;29;42;898;0
681600000;68;68000;68160;ZZZZZZ;6816000;Z;587;103;87;115;148;96;37;139;358;91;460;0;5;51;71;67;81;119;66;559;28;44;587;0
681610000;68;68000;68161;ZZZZZZ;6816100;Z;528;81;61;87;137;107;55;118;289;121;445;25;25;55;55;55;50;135;45;515;13;14;528;0
681620000;68;68203;68162;ZZZZZZ;6816200;Z;4523;683;697;767;999;815;562;918;2558;1047;3794;56;163;316;587;581;495;1212;384;4393;130;189;4430;93
681630000;68;68205;68163;ZZZZZZ;6816300;Z;5257;932;883;1145;1290;699;308;1209;3387;661;4258;5;161;378;782;796;766;831;540;4686;571;723;5175;82
681650000;68;68000;68165;ZZZZZZ;6816500;Z;249;30;28;37;88;47;18;44;158;47;216;0;5;30;25;40;55;25;35;193;56;65;249;0
681660101;68;68701;68166;680111;6816601;H;136;27;26;12;29;41;3;36;78;23;110;0;10;0;10;15;5;41;28;124;13;20;126;10
681660102;68;68701;68166;680111;6816601;H;2703;494;407;509;588;466;240;611;1547;545;2209;5;45;95;323;403;397;604;338;2492;211;340;2696;7
681660103;68;68701;68166;680111;6816601;H;2390;409;346;393;445;462;334;535;1257;598;1981;0;61;92;279;283;309;691;266;2247;143;242;2297;93
681660104;68;68701;68166;680121;6816601;H;1933;314;346;260;407;413;194;408;1074;451;1620;2;32;75;225;255;268;495;267;1818;115;259;1933;0
681660105;68;68701;68166;680121;6816601;H;3163;588;530;611;749;508;177;796;1896;472;2574;0;70;166;399;496;453;630;360;3024;138;328;3163;0
681660106;68;68701;68166;680121;6816601;H;2730;449;499;508;499;510;265;606;1570;554;2281;0;78;125;343;399;342;681;313;2608;122;258;2730;0
681670000;68;68114;68167;ZZZZZZ;6816700;Z;762;105;126;99;196;155;81;157;426;179;651;5;21;31;56;113;154;210;62;748;14;21;762;0
681680000;68;68000;68168;ZZZZZZ;6816800;Z;381;61;52;90;99;55;24;81;244;56;299;10;5;34;56;56;36;88;15;338;43;52;381;0
681690000;68;68000;68169;ZZZZZZ;6816900;Z;506;103;72;111;123;60;37;120;312;74;370;0;0;10;80;75;90;75;40;476;30;35;506;0
681700000;68;68000;68170;ZZZZZZ;6817000;Z;600;107;78;113;156;103;43;134;355;111;515;15;35;25;85;110;75;130;40;580;20;29;600;0
681710000;68;68000;68171;ZZZZZZ;6817100;Z;941;124;120;152;221;217;107;178;529;234;830;0;40;5;65;125;180;320;95;923;18;32;941;0
681720000;68;68000;68172;ZZZZZZ;6817200;Z;1763;300;216;296;399;324;228;409;914;440;1425;10;29;64;196;240;265;498;123;1597;166;216;1653;110
681730000;68;68102;68173;ZZZZZZ;6817300;Z;2165;384;252;391;524;442;173;505;1236;423;1792;5;91;203;299;309;197;471;218;2128;37;61;2165;0
681740000;68;68119;68174;ZZZZZZ;6817400;Z;1601;270;190;306;366;344;125;348;897;356;1314;10;36;111;290;187;214;339;127;1553;48;109;1591;10
681750000;68;68000;68175;ZZZZZZ;6817500;Z;1908;287;272;285;478;338;248;391;1074;443;1675;15;60;90;190;235;335;540;210;1860;48;75;1845;63
681760000;68;68000;68176;ZZZZZZ;6817600;Z;314;56;45;71;72;58;11;81;188;45;267;20;5;20;25;20;76;65;35;304;10;11;314;0
681770000;68;68401;68177;ZZZZZZ;6817700;Z;1511;251;208;251;389;266;145;343;857;311;1292;0;50;66;212;202;187;409;167;1488;23;45;1510;1
681780000;68;68401;68178;ZZZZZZ;6817800;Z;955;130;138;139;259;182;108;192;533;230;839;5;15;45;161;171;80;256;106;931;24;27;955;0
681790000;68;68000;68179;ZZZZZZ;6817900;Z;915;136;135;153;201;204;86;206;492;217;770;0;20;70;140;95;90;285;70;907;8;21;915;0
681800000;68;68402;68180;ZZZZZZ;6818000;Z;888;150;109;162;194;168;104;198;488;201;747;0;34;68;176;98;73;249;49;876;12;17;888;0
681810000;68;68000;68181;ZZZZZZ;6818100;Z;240;55;23;50;46;51;15;68;123;49;190;15;0;5;15;45;35;35;40;225;15;17;240;0
681820000;68;68000;68182;ZZZZZZ;6818200;Z;1208;195;120;227;324;228;114;256;697;255;1030;5;35;135;185;130;125;275;140;787;421;453;1208;0
681830000;68;68000;68183;ZZZZZZ;6818300;Z;194;22;27;30;51;53;11;31;120;43;176;5;0;21;26;36;31;36;21;144;50;53;194;0
681840000;68;68000;68184;ZZZZZZ;6818400;Z;307;56;57;53;82;44;16;77;189;41;261;5;10;5;34;40;99;15;54;297;10;14;307;0
681850000;68;68106;68185;ZZZZZZ;6818500;Z;1724;298;255;305;419;247;200;391;997;336;1423;5;30;59;144;261;351;452;121;1688;36;57;1724;0
681860000;68;68000;68186;ZZZZZZ;6818600;Z;311;54;39;54;67;78;19;69;191;51;256;0;5;5;40;45;60;81;20;291;20;29;311;0
681870000;68;68000;68187;ZZZZZZ;6818700;Z;321;48;42;55;96;52;28;65;199;57;255;5;15;5;35;50;60;50;35;298;23;32;321;0
681880000;68;68401;68188;ZZZZZZ;6818800;Z;599;110;69;116;151;104;48;140;348;111;481;0;29;49;69;60;88;146;39;585;14;28;599;0
681890000;68;68000;68189;ZZZZZZ;6818900;Z;818;157;128;182;218;95;37;202;524;92;648;11;35;92;144;98;81;149;39;798;20;42;818;0
681900000;68;68000;68190;ZZZZZZ;6819000;Z;34;5;2;12;3;9;3;6;17;11;30;5;15;0;0;10;0;0;0;29;5;5;34;0
681910000;68;68117;68191;ZZZZZZ;6819100;Z;777;129;98;130;195;158;67;167;456;154;646;0;15;30;85;101;87;268;60;766;11;18;777;0
681920000;68;68000;68192;ZZZZZZ;6819200;Z;421;77;55;81;97;69;42;96;261;65;363;0;27;26;37;79;84;77;32;406;15;13;420;1
681930000;68;68302;68193;ZZZZZZ;6819300;Z;742;124;119;124;176;138;61;182;428;132;593;10;35;25;44;119;133;133;94;727;15;25;742;0
681940000;68;68000;68194;ZZZZZZ;6819400;Z;279;36;43;44;79;46;30;56;171;52;237;5;0;25;49;44;54;39;20;239;40;42;279;0
681950101;68;68701;68195;ZZZZZZ;6819501;H;3549;607;535;633;717;685;372;812;1947;790;2909;5;121;202;414;424;424;861;460;3394;155;338;3470;78
681950102;68;68701;68195;ZZZZZZ;6819501;H;2761;386;438;484;585;579;289;510;1597;654;2323;0;40;177;383;324;262;759;378;2596;165;261;2585;177
681960000;68;68000;68196;ZZZZZZ;6819600;Z;308;71;54;72;72;32;8;97;186;25;229;0;0;15;45;30;65;40;35;304;4;6;308;0
681970000;68;68000;68197;ZZZZZZ;6819700;Z;475;103;68;102;96;74;32;125;279;71;375;0;5;15;86;75;40;87;66;443;32;36;475;0
681980000;68;68000;68198;ZZZZZZ;6819800;Z;283;51;46;61;77;37;11;68;183;32;220;0;5;10;35;50;50;50;20;267;16;19;283;0
681990000;68;68301;68199;ZZZZZZ;6819900;Z;504;81;64;95;121;103;40;102;307;95;435;0;5;5;50;80;95;110;90;494;10;14;466;38
682000000;68;68201;68200;ZZZZZZ;6820000;Z;560;85;82;92;148;99;54;120;313;127;489;0;5;32;79;116;110;126;21;547;13;15;560;0
682010000;68;68112;68201;ZZZZZZ;6820100;Z;3797;616;614;676;805;611;476;837;2124;836;3156;15;125;165;433;474;658;923;364;3668;129;189;3678;119
682020000;68;68201;68202;ZZZZZZ;6820200;Z;209;32;32;36;56;38;14;44;126;38;166;0;5;0;21;21;41;57;21;205;4;5;209;0
682030000;68;68000;68203;ZZZZZZ;6820300;Z;1261;205;199;204;339;210;106;276;754;231;1038;5;35;76;181;181;151;277;131;1247;14;30;1261;0
682040000;68;68000;68204;ZZZZZZ;6820400;Z;1060;154;141;177;258;214;116;210;600;250;925;5;20;30;121;187;157;268;136;1047;13;18;1060;0
682050000;68;68000;68205;ZZZZZZ;6820500;Z;1480;186;541;261;241;151;100;259;1026;196;1258;10;10;66;189;528;149;224;81;1466;14;39;1025;455
682070000;68;68000;68207;ZZZZZZ;6820700;Z;697;74;102;86;195;192;49;107;420;170;639;5;35;90;95;70;98;162;84;638;59;82;697;0
682080000;68;68000;68208;ZZZZZZ;6820800;Z;597;108;58;150;131;99;51;128;360;109;490;0;5;60;50;60;85;155;75;556;41;52;597;0
682090000;68;68122;68209;ZZZZZZ;6820900;Z;832;135;135;155;207;129;71;172;515;145;700;35;25;50;100;145;125;165;55;806;26;44;832;0
682100000;68;68000;68210;ZZZZZZ;6821000;Z;335;62;49;65;82;49;27;78;205;52;263;10;5;5;30;40;69;70;34;331;4;6;335;0
682110000;68;68301;68211;ZZZZZZ;6821100;Z;390;54;63;56;106;70;41;81;227;82;355;10;20;5;40;30;75;130;45;378;12;13;390;0
682120000;68;68000;68212;ZZZZZZ;6821200;Z;529;96;76;111;113;99;34;127;310;92;410;5;10;15;70;105;65;95;45;513;16;21;529;0
682130000;68;68301;68213;ZZZZZZ;6821300;Z;349;40;39;42;95;82;52;57;192;100;315;10;15;10;25;46;41;148;20;339;10;17;349;0
682140000;68;68000;68214;ZZZZZZ;6821400;Z;370;82;44;70;77;54;43;107;182;81;294;0;10;25;35;50;46;87;40;360;10;16;370;0
682150000;68;68000;68215;ZZZZZZ;6821500;Z;899;175;148;144;186;165;81;226;485;188;713;0;30;69;69;94;109;243;99;878;21;32;899;0
682160000;68;68000;68216;ZZZZZZ;6821600;Z;417;84;76;102;78;55;22;112;251;54;340;0;15;20;35;70;100;65;35;395;22;30;417;0
682170000;68;68301;68217;ZZZZZZ;6821700;Z;1677;239;219;266;381;362;210;321;926;430;1434;5;30;59;124;312;268;509;127;1634;43;81;1613;64
682180000;68;68701;68218;ZZZZZZ;6821800;Z;3766;762;560;708;853;550;333;979;2106;681;3008;0;103;297;498;468;345;838;460;3639;127;269;3764;2
682190000;68;68000;68219;ZZZZZZ;6821900;Z;914;154;114;182;225;175;64;203;533;177;783;10;21;67;171;140;104;192;78;901;13;25;914;0
682210000;68;68000;68221;ZZZZZZ;6822100;Z;899;162;104;167;221;169;76;206;505;188;724;20;15;71;101;116;96;215;91;828;71;84;899;0
682220000;68;68000;68222;ZZZZZZ;6822200;Z;1065;197;152;223;266;168;59;257;655;153;880;0;40;55;145;165;200;165;110;989;76;99;1065;0
682230000;68;68302;68223;ZZZZZZ;6822300;Z;767;103;105;124;189;163;84;141;440;186;642;0;40;25;130;75;85;221;65;762;5;15;767;0
682240101;68;68701;68224;680171;6822401;H;2732;430;856;561;470;237;180;628;1795;310;2304;0;79;240;366;465;261;336;557;2238;494;564;2728;4
682240102;68;68701;68224;680171;6822401;H;2600;391;528;549;469;344;319;499;1538;563;2204;0;89;287;320;293;232;599;383;2226;374;459;2509;91
682240201;68;68701;68224;680161;6822402;H;2522;500;673;498;475;251;124;757;1515;250;2021;0;64;141;223;302;283;285;722;1843;679;830;2522;0
682240202;68;68701;68224;680161;6822402;H;2890;501;800;612;480;335;163;708;1791;392;2390;0;30;125;281;512;367;384;691;2243;648;770;2890;0
682240301;68;68701;68224;680171;6822403;H;1935;369;469;378;292;184;243;519;1080;336;1567;0;25;67;134;231;249;368;493;1381;555;635;1781;154
682240302;68;68701;68224;680171;6822403;H;2823;752;619;558;509;300;85;964;1594;265;2071;0;68;75;170;339;425;240;754;1756;1067;1178;2823;0
682240401;68;68701;68224;680191;6822404;H;2362;433;432;495;449;371;182;544;1417;402;1929;0;45;115;208;267;376;447;470;1870;492;650;2188;174
682240402;68;68701;68224;680191;6822404;H;3286;541;626;667;610;463;378;696;1961;629;2745;0;55;170;286;419;455;679;681;2724;561;654;2926;360
682240403;68;68701;68224;680191;6822404;H;2377;442;522;453;418;311;232;593;1351;433;1935;0;69;177;258;314;225;445;448;1846;531;600;2207;170
682240501;68;68701;68224;680201;6822405;H;2764;634;534;595;495;359;148;820;1569;375;2126;0;29;39;140;381;487;404;646;2298;467;785;2635;129
682240502;68;68701;68224;680201;6822405;H;2939;709;630;678;520;267;134;910;1730;300;2228;0;40;107;325;476;480;335;464;2638;301;632;2938;1
682240601;68;68701;68224;680181;6822406;H;2584;621;533;588;440;304;98;744;1539;301;1966;0;38;82;249;413;413;371;400;2262;322;498;2522;62
682240602;68;68701;68224;680181;6822406;H;1680;213;308;404;308;268;178;286;1046;348;1467;0;28;184;271;216;172;375;221;1540;140;197;1680;0
682240603;68;68701;68224;680181;6822406;H;2370;428;573;569;345;255;201;527;1491;352;1941;0;28;201;306;351;321;385;348;2066;303;437;2282;88
682240701;68;68701;68224;680151;6822407;H;3058;552;441;612;550;555;348;691;1695;673;2505;0;77;565;382;223;202;731;325;2857;201;276;2930;128
682240703;68;68701;68224;680151;6822407;H;2105;216;251;271;328;535;504;299;934;872;1891;0;69;377;207;96;38;879;226;1925;180;261;1597;508
682240704;68;68701;68224;680151;6822407;H;2504;393;474;498;504;389;246;537;1505;462;2112;0;52;317;306;383;236;518;300;2279;225;335;2395;109
682240801;68;68701;68224;680141;6822408;H;3160;542;551;543;627;581;317;731;1701;728;2618;0;50;250;359;309;345;800;505;2737;423;507;3160;0
682240802;68;68701;68224;680141;6822408;H;1757;331;312;355;284;256;219;443;940;374;1426;3;34;61;149;233;260;417;269;1482;275;372;1757;0
682240901;68;68701;68224;680131;6822409;H;1929;406;379;374;324;273;173;510;1076;344;1523;0;15;26;118;273;339;360;393;1577;352;512;1929;0
682240902;68;68701;68224;680131;6822409;H;2154;625;458;363;370;200;139;840;1071;244;1530;0;38;6;57;260;342;227;599;1506;648;734;2154;0
682240903;68;68701;68224;680131;6822409;H;3115;951;652;589;479;279;166;1191;1612;312;2167;0;23;13;110;292;555;324;850;2228;887;884;2830;285
682240904;68;68701;68224;680131;6822409;H;1586;509;305;286;252;194;40;652;786;148;1077;0;17;6;33;154;266;177;424;950;636;570;1586;0
682241001;68;68701;68224;680141;6822410;H;2997;553;412;575;558;497;401;703;1590;704;2442;0;130;214;286;326;354;739;395;2683;314;401;2815;182
682241002;68;68701;68224;680141;6822410;H;2704;553;484;582;507;365;213;704;1560;440;2159;0;52;200;381;334;321;516;355;2390;314;391;2633;71
682241101;68;68701;68224;680161;6822411;H;3576;762;896;719;568;439;192;1103;1982;491;2803;6;50;138;315;456;488;496;855;2739;837;896;3381;195
682241102;68;68701;68224;680161;6822411;H;2082;401;343;358;405;343;232;509;1111;463;1681;0;53;82;177;268;289;487;325;1700;383;542;2082;0
682241201;68;68701;68224;680241;6822412;H;3638;865;691;737;623;481;241;1141;1952;546;2773;0;42;61;170;445;658;615;781;2736;902;978;3638;0
682241203;68;68701;68224;680241;6822412;H;2683;708;516;621;435;308;96;858;1545;279;1969;0;46;26;99;332;484;303;678;1711;972;1059;2658;25
682241301;68;68701;68224;680241;6822413;H;2860;677;577;621;486;330;168;818;1673;369;2179;0;39;21;116;333;443;380;848;1637;1222;1242;2554;306
682241302;68;68701;68224;680241;6822413;H;2292;462;511;381;399;401;139;585;1302;404;1830;0;52;19;83;227;375;405;669;1423;868;932;2292;0
682241401;68;68701;68224;680211;6822414;H;3559;1145;694;840;522;280;77;1362;1978;218;2415;1;77;80;207;417;528;302;804;2753;805;967;3448;111
682241402;68;68701;68224;680211;6822414;H;1721;419;250;370;331;261;91;498;963;261;1302;0;13;22;74;251;288;256;397;1247;475;572;1721;0
682241403;68;68701;68224;680211;6822414;H;3094;904;733;660;488;219;89;1204;1679;210;2188;0;43;71;116;399;540;224;797;1964;1130;1178;2963;131
682241501;68;68701;68224;680221;6822415;H;2794;612;537;498;515;374;258;837;1489;469;2182;0;55;53;119;303;484;521;648;2092;703;834;2794;0
682241502;68;68701;68224;680221;6822415;H;819;209;156;208;130;86;30;274;465;80;610;0;10;8;41;121;179;67;184;631;188;220;819;0
682241601;68;68701;68224;680251;6822416;H;2600;638;525;524;400;371;142;809;1426;365;1962;0;51;55;197;336;364;417;541;1922;678;837;2600;0
682241602;68;68701;68224;680251;6822416;H;2438;543;483;359;424;325;305;721;1221;497;1904;0;40;46;180;267;367;582;422;2051;388;530;2378;60
682241701;68;68701;68224;680231;6822417;H;2894;670;559;604;498;359;204;881;1584;429;2213;0;41;69;274;388;408;455;579;2458;436;654;2782;112
682241702;68;68701;68224;680231;6822417;H;3204;790;625;583;578;427;200;1026;1688;490;2414;0;62;45;153;418;494;485;757;2554;650;922;3204;0
682241703;68;68701;68224;680231;6822417;H;2036;305;319;397;374;367;274;388;1124;524;1730;0;51;80;174;248;274;541;361;1734;302;434;1804;232
682241801;68;68701;68224;680251;6822418;H;2153;574;404;439;393;236;106;704;1198;251;1579;0;39;30;116;221;424;285;463;1558;595;607;2153;0
682241802;68;68701;68224;680251;6822418;H;2063;487;383;417;306;313;156;631;1082;350;1577;0;19;23;118;289;294;422;412;1668;394;548;2059;4
682250000;68;68000;68225;ZZZZZZ;6822500;Z;1519;248;228;259;424;252;108;355;894;270;1290;15;70;75;220;195;205;340;170;1466;53;75;1519;0
682260000;68;68302;68226;ZZZZZZ;6822600;Z;4606;640;709;680;892;905;780;907;2344;1355;3947;10;127;196;421;655;578;1460;500;4377;229;287;4352;254
682270000;68;68000;68227;ZZZZZZ;6822700;Z;1257;261;210;253;265;200;68;337;731;190;1046;10;31;46;184;214;184;259;117;1222;35;70;1257;0
682280000;68;68000;68228;ZZZZZZ;6822800;Z;475;71;77;90;146;65;26;104;311;60;411;5;10;30;72;75;69;88;63;472;3;11;475;0
682290000;68;68000;68229;ZZZZZZ;6822900;Z;159;31;13;36;41;30;9;40;93;27;112;5;5;25;25;5;0;46;0;157;2;3;159;0
682300000;68;68000;68230;ZZZZZZ;6823000;Z;586;121;83;123;145;84;30;155;354;77;457;0;0;15;75;80;95;131;60;536;50;62;586;0
682310000;68;68202;68231;ZZZZZZ;6823100;Z;1931;292;320;330;388;328;273;400;1057;474;1653;0;29;15;152;211;423;587;236;1682;249;338;1819;112
682320000;68;68000;68232;ZZZZZZ;6823200;Z;463;41;44;56;143;107;73;55;273;135;418;4;5;9;73;100;42;140;45;338;125;149;463;0
682340000;68;68000;68234;ZZZZZZ;6823400;Z;715;205;82;224;96;81;28;238;394;83;528;0;5;55;149;100;75;90;55;705;10;18;715;0
682350000;68;68000;68235;ZZZZZZ;6823500;Z;1129;212;152;249;241;206;70;266;664;199;960;10;30;69;256;143;123;212;118;1117;12;20;1129;0
682370000;68;68000;68237;ZZZZZZ;6823700;Z;539;55;66;63;143;142;71;77;302;160;495;10;34;53;67;39;63;196;34;526;13;14;538;1
682380000;68;68000;68238;ZZZZZZ;6823800;Z;946;173;122;184;243;175;49;235;537;173;760;0;30;91;146;101;91;216;86;875;71;95;946;0
682390000;68;68114;68239;ZZZZZZ;6823900;Z;393;67;53;54;78;93;48;81;201;112;322;0;10;15;55;45;35;121;40;386;7;9;393;0
682400000;68;68113;68240;ZZZZZZ;6824000;Z;1420;267;214;263;370;207;99;351;855;214;1141;10;26;51;133;241;205;328;148;1359;61;83;1420;0
682410000;68;68000;68241;ZZZZZZ;6824100;Z;637;129;90;146;127;102;43;157;375;105;530;5;5;15;105;75;115;155;55;633;4;12;637;0
682420000;68;68000;68242;ZZZZZZ;6824200;Z;1202;214;166;268;270;200;84;279;728;195;974;10;25;54;181;154;170;250;130;1190;12;24;1202;0
682430000;68;68000;68243;ZZZZZZ;6824300;Z;138;15;16;22;44;27;15;21;87;31;123;0;5;5;15;20;39;35;5;131;7;9;138;0
682440000;68;68000;68244;ZZZZZZ;6824400;Z;359;58;49;60;78;65;49;83;184;92;305;15;10;25;50;20;20;115;50;349;10;11;359;0
682450000;68;68000;68245;ZZZZZZ;6824500;Z;407;61;63;70;106;79;28;86;254;67;325;25;5;20;55;35;40;120;25;390;17;14;407;0
682460000;68;68000;68246;ZZZZZZ;6824600;Z;1033;191;145;205;269;157;66;252;627;154;831;0;10;50;150;145;162;234;80;889;144;161;1033;0
682470000;68;68301;68247;ZZZZZZ;6824700;Z;1268;169;156;167;263;262;251;229;626;413;1055;10;25;30;150;105;145;495;95;1243;25;34;1140;128
682480000;68;68000;68248;ZZZZZZ;6824800;Z;686;97;105;116;171;117;80;125;406;155;569;5;26;31;113;118;82;149;46;640;46;53;686;0
682490000;68;68116;68249;ZZZZZZ;6824900;Z;3552;573;556;588;792;560;483;801;1945;806;3025;35;186;115;325;385;572;972;435;3486;66;116;3368;184
682500000;68;68000;68250;ZZZZZZ;6825000;Z;1043;171;149;204;245;164;110;214;626;203;850;55;40;75;160;110;120;220;70;1030;13;21;1043;0
682510000;68;68000;68251;ZZZZZZ;6825100;Z;890;128;120;142;240;181;79;183;517;190;760;19;35;35;115;115;74;263;103;884;6;17;890;0
682520000;68;68000;68252;ZZZZZZ;6825200;Z;1612;304;271;302;329;289;117;380;933;299;1325;15;50;110;200;230;295;325;100;1564;48;82;1612;0
682530000;68;68000;68253;ZZZZZZ;6825300;Z;1885;289;328;378;481;275;135;381;1206;298;1625;10;34;88;299;243;329;273;349;1743;142;192;1779;106
682540000;68;68000;68254;ZZZZZZ;6825400;Z;828;170;78;204;167;155;54;203;479;147;621;5;20;51;92;77;139;181;57;784;44;59;828;0
682550000;68;68000;68255;ZZZZZZ;6825500;Z;1457;280;236;318;295;221;106;376;835;247;1169;20;46;92;224;180;170;341;98;1441;16;33;1454;3
682560101;68;68701;68256;ZZZZZZ;6825601;H;2393;350;291;331;503;551;368;458;1203;732;1960;0;69;154;322;193;174;840;208;2275;118;213;2315;78
682560102;68;68701;68256;ZZZZZZ;6825601;H;2650;607;409;524;524;342;245;765;1441;445;2064;15;55;79;273;397;327;507;412;2425;225;368;2626;24
682560103;68;68701;68256;ZZZZZZ;6825601;H;4536;822;732;948;801;790;442;1030;2575;931;3842;0;149;248;541;704;669;878;653;4184;351;537;4418;118
682570000;68;68000;68257;ZZZZZZ;6825700;Z;980;159;137;172;246;173;93;205;575;200;800;15;31;15;92;102;199;255;92;933;47;81;978;2
682580000;68;68701;68258;ZZZZZZ;6825800;Z;2960;528;511;567;661;425;268;743;1697;520;2440;0;95;140;375;445;365;625;395;2891;69;143;2932;28
682590000;68;68000;68259;ZZZZZZ;6825900;Z;513;86;86;101;114;94;32;119;313;81;419;10;15;25;56;50;101;91;71;467;46;45;513;0
682600000;68;68000;68260;ZZZZZZ;6826000;Z;1108;179;169;195;301;209;55;245;706;157;886;15;50;65;169;179;110;209;90;1085;23;39;1108;0
682610000;68;68000;68261;ZZZZZZ;6826100;Z;223;43;15;39;56;54;17;51;125;48;175;0;5;5;44;29;19;68;5;218;5;7;223;0
682620000;68;68301;68262;ZZZZZZ;6826200;Z;819;141;98;142;171;176;91;184;437;198;691;0;15;15;81;107;157;213;102;799;20;28;815;4
682630000;68;68000;68263;ZZZZZZ;6826300;Z;646;95;99;118;143;135;56;128;376;142;544;0;20;40;64;95;120;152;54;605;41;41;646;0
682640000;68;68000;68264;ZZZZZZ;6826400;Z;628;123;82;127;182;81;32;154;386;87;507;5;15;35;55;90;110;95;100;558;70;77;628;0
682650000;68;68000;68265;ZZZZZZ;6826500;Z;795;146;106;145;239;123;36;196;498;101;655;10;35;65;150;100;105;125;65;757;38;45;795;0
682660000;68;68000;68266;ZZZZZZ;6826600;Z;1895;368;262;418;398;292;157;463;1090;342;1514;19;33;90;343;271;286;319;152;1855;40;72;1895;0
682670000;68;68701;68267;ZZZZZZ;6826700;Z;1981;317;291;345;448;371;209;434;1135;412;1610;10;60;160;305;220;205;455;195;1948;33;70;1965;16
682680000;68;68201;68268;ZZZZZZ;6826800;Z;709;150;133;144;148;84;51;193;415;101;569;0;5;35;80;110;100;154;85;675;34;49;709;0
682690000;68;68124;68269;ZZZZZZ;6826900;Z;4729;707;714;820;925;884;679;951;2536;1242;4052;51;162;218;511;644;560;1504;402;4489;240;322;4412;317
682700000;68;68701;68270;ZZZZZZ;6827000;Z;3689;597;522;626;803;724;417;773;2043;872;3013;0;90;290;505;470;405;904;350;3557;132;278;3604;85
682710101;68;68701;68271;ZZZZZZ;6827101;H;2544;343;309;414;541;572;364;491;1354;699;2201;3;57;357;313;249;142;811;270;2447;97;189;2544;0
682710102;68;68701;68271;ZZZZZZ;6827101;H;2404;416;249;395;456;476;412;517;1189;698;1984;0;65;272;269;265;128;759;226;2331;73;156;2340;64
682710103;68;68701;68271;ZZZZZZ;6827101;H;2722;417;434;521;618;428;304;551;1580;591;2305;0;72;337;380;357;217;631;311;2581;141;209;2722;0
682710104;68;68701;68271;ZZZZZZ;6827101;H;2846;514;453;600;577;446;255;630;1732;484;2332;3;96;194;412;444;282;623;279;2634;213;311;2846;0
682710105;68;68701;68271;ZZZZZZ;6827101;H;2129;402;315;399;349;435;228;508;1098;523;1720;0;30;134;255;259;231;591;219;1965;164;308;2059;69
682730000;68;68000;68273;ZZZZZZ;6827300;Z;643;88;105;116;177;114;43;122;415;106;535;15;20;25;80;65;90;125;115;629;14;16;562;81
682740000;68;68000;68274;ZZZZZZ;6827400;Z;187;66;32;23;29;21;17;88;71;28;119;0;0;0;10;25;25;40;20;181;6;9;123;64
682750000;68;68114;68275;ZZZZZZ;6827500;Z;464;72;50;84;116;93;50;94;278;92;375;0;11;16;59;63;79;124;24;460;4;6;464;0
682760000;68;68000;68276;ZZZZZZ;6827600;Z;198;27;37;30;58;27;19;41;119;38;160;0;15;10;25;10;30;50;20;188;10;11;198;0
682770000;68;68122;68277;ZZZZZZ;6827700;Z;1077;175;178;221;239;169;95;241;650;186;875;70;45;60;65;164;134;253;85;1014;63;73;1076;1
682780101;68;68701;68278;680261;6827801;H;2913;383;450;544;644;644;247;552;1726;635;2530;0;87;335;442;422;229;769;247;2826;87;167;2913;0
682780102;68;68701;68278;680271;6827801;H;3384;742;519;836;615;483;189;932;1977;475;2637;3;59;214;497;540;397;619;307;3212;172;339;3373;11
682780103;68;68701;68278;680261;6827801;H;2823;382;409;477;617;523;415;529;1596;698;2439;0;51;188;410;400;291;761;338;2688;135;254;2651;172
682780104;68;68701;68278;680261;6827801;H;2144;364;339;464;459;348;171;451;1288;405;1781;0;49;141;381;337;262;466;145;2036;108;150;2144;0
682780105;68;68701;68278;680271;6827801;H;561;104;109;139;100;85;24;125;375;61;457;0;23;41;90;79;80;79;64;541;20;49;521;40
682780106;68;68701;68278;680271;6827801;H;2076;511;349;441;364;308;103;617;1152;307;1565;0;41;37;169;303;360;359;296;1880;196;338;2076;0
682790000;68;68000;68279;ZZZZZZ;6827900;Z;887;165;120;161;215;152;74;209;512;166;768;0;24;95;110;84;104;243;108;884;3;13;887;0
682800000;68;68000;68280;ZZZZZZ;6828000;Z;362;74;45;67;78;60;38;93;201;68;288;10;0;0;44;49;39;112;34;354;8;10;362;0
682810000;68;68000;68281;ZZZZZZ;6828100;Z;469;81;78;93;112;75;30;111;291;67;393;0;5;32;69;69;49;125;44;455;14;25;469;0
682820000;68;68000;68282;ZZZZZZ;6828200;Z;263;57;32;67;63;28;16;69;167;27;225;0;10;20;30;35;35;60;35;258;5;8;263;0
682830000;68;68106;68283;ZZZZZZ;6828300;Z;780;122;110;127;197;112;112;154;456;171;668;5;25;25;94;128;108;244;40;767;13;25;780;0
682840000;68;68000;68284;ZZZZZZ;6828400;Z;698;124;76;156;156;130;57;149;423;126;589;0;20;15;75;110;155;135;80;652;46;64;698;0
682850000;68;68000;68285;ZZZZZZ;6828500;Z;372;71;52;59;88;74;28;85;225;62;309;5;0;25;66;46;46;101;20;371;1;2;372;0
682860000;68;68000;68286;ZZZZZZ;6828600;Z;2374;417;279;489;582;462;145;527;1401;446;1965;0;70;185;270;350;335;525;230;2069;305;382;2374;0
682870000;68;68123;68287;ZZZZZZ;6828700;Z;4518;702;816;819;984;707;490;980;2653;885;3794;20;86;277;476;562;551;1052;770;4361;157;270;3908;610
682880000;68;68000;68288;ZZZZZZ;6828800;Z;399;89;61;83;96;38;32;117;225;57;325;0;15;20;60;50;80;60;40;390;9;15;399;0
682890000;68;68000;68289;ZZZZZZ;6828900;Z;2297;328;317;377;531;550;195;450;1305;542;1942;25;60;124;289;353;294;568;229;2251;46;125;2297;0
682900000;68;68000;68290;ZZZZZZ;6829000;Z;859;156;135;186;191;126;66;212;509;138;701;10;24;29;116;102;150;164;106;843;16;23;859;0
682910000;68;68000;68291;ZZZZZZ;6829100;Z;1079;161;154;184;307;183;90;219;662;198;897;0;56;51;117;138;239;209;87;985;94;111;1079;0
682920000;68;68301;68292;ZZZZZZ;6829200;Z;2262;343;337;387;495;450;251;479;1247;535;1928;0;35;70;208;357;446;576;237;2159;103;155;2262;0
682930000;68;68000;68293;ZZZZZZ;6829300;Z;91;12;13;11;26;25;3;20;57;14;88;0;5;0;22;5;27;22;5;90;1;2;91;0
682940000;68;68204;68294;ZZZZZZ;6829400;Z;1922;341;277;322;433;296;253;451;1067;405;1503;15;65;85;180;225;244;476;214;1844;78;98;1861;61
682950000;68;68105;68295;ZZZZZZ;6829500;Z;2978;526;495;579;687;448;243;714;1723;542;2482;15;88;226;496;447;388;595;226;2890;88;139;2978;0
682960000;68;68000;68296;ZZZZZZ;6829600;Z;966;134;143;161;209;194;125;170;549;247;785;25;35;40;110;110;135;285;45;952;14;23;957;9
682970101;68;68403;68297;680281;6829701;H;4218;769;803;739;859;634;414;1052;2369;798;3458;0;94;181;339;576;659;841;768;3208;1010;1344;4017;201
682970102;68;68403;68297;680291;6829701;H;1513;213;174;279;432;345;70;254;1008;251;1300;0;27;91;227;218;208;346;183;1181;332;436;1513;0
682970103;68;68403;68297;680291;6829701;H;2289;394;406;454;442;407;187;545;1308;436;1895;0;47;115;216;321;387;506;303;1832;457;578;2269;20
682970104;68;68403;68297;680281;6829701;H;3979;761;751;976;830;461;199;933;2565;480;3220;0;71;462;408;610;582;540;548;2857;1122;1296;3979;0
682970105;68;68403;68297;680291;6829701;H;2766;633;521;592;533;330;155;806;1562;399;2122;0;26;119;166;391;531;418;471;1927;839;1079;2687;79
682970106;68;68403;68297;680281;6829701;H;2105;410;321;392;469;347;166;560;1167;378;1696;0;39;115;186;283;340;386;346;1654;451;573;2105;0
682970107;68;68403;68297;680281;6829701;H;2360;369;461;584;432;350;162;463;1522;375;1990;0;42;242;207;407;308;421;362;1750;609;773;2360;0
682970108;68;68403;68297;680291;6829701;H;1946;441;343;389;317;329;128;554;1039;354;1505;9;13;57;97;237;355;377;360;1495;452;538;1946;0
682980101;68;68204;68298;ZZZZZZ;6829801;H;2382;416;369;399;465;417;314;546;1280;555;1993;10;35;86;217;288;339;695;323;2186;195;225;2250;131
682980102;68;68204;68298;ZZZZZZ;6829801;H;2713;451;472;443;652;455;241;631;1583;499;2270;56;76;76;258;313;379;586;526;2480;233;257;2506;207
682990000;68;68201;68299;ZZZZZZ;6829900;Z;308;49;36;46;79;62;36;58;183;67;250;0;0;20;60;40;30;85;15;301;7;12;308;0
683000101;68;68701;68300;ZZZZZZ;6830001;H;3120;448;392;535;777;583;386;625;1769;727;2744;0;60;231;421;451;331;852;399;3028;92;193;3050;70
683000102;68;68701;68300;ZZZZZZ;6830001;H;2381;430;382;432;495;458;182;555;1349;476;1915;0;60;90;281;306;266;622;291;2251;129;225;2331;50
683010000;68;68119;68301;ZZZZZZ;6830100;Z;1227;223;169;234;290;226;85;300;708;219;1050;15;50;120;225;95;110;300;135;1165;62;77;1227;0
683020000;68;68000;68302;ZZZZZZ;6830200;Z;767;125;128;139;184;116;75;178;448;141;641;14;15;34;83;88;129;200;77;758;9;22;767;0
683030000;68;68000;68303;ZZZZZZ;6830300;Z;228;26;39;24;84;37;19;42;148;38;209;0;20;10;40;15;65;30;30;224;4;7;228;0
683040000;68;68000;68304;ZZZZZZ;6830400;Z;1577;256;249;247;384;251;189;357;891;329;1300;5;14;75;201;148;241;482;134;1551;26;62;1471;106
683050000;68;68000;68305;ZZZZZZ;6830500;Z;1378;320;210;271;260;157;160;410;701;267;1080;0;10;35;125;210;245;330;125;1299;79;106;1246;132
683060000;68;68000;68306;ZZZZZZ;6830600;Z;511;94;113;94;112;80;18;130;316;65;435;0;15;10;80;105;80;95;50;480;31;43;511;0
683070000;68;68000;68307;ZZZZZZ;6830700;Z;501;89;67;84;127;94;39;106;302;93;427;0;29;10;15;69;137;143;25;498;3;5;501;0
683080000;68;68114;68308;ZZZZZZ;6830800;Z;327;51;43;48;77;69;39;64;185;78;263;0;30;25;30;10;40;107;20;324;3;5;327;0
683090000;68;68115;68309;ZZZZZZ;6830900;Z;3696;638;707;837;704;437;373;823;2250;623;3028;10;60;411;567;623;477;579;300;3426;270;341;3533;163
683110000;68;68000;68311;ZZZZZZ;6831100;Z;615;89;76;106;175;110;59;122;371;122;515;15;55;40;65;80;70;145;45;603;12;20;615;0
683120000;68;68000;68312;ZZZZZZ;6831200;Z;335;52;41;52;81;78;32;70;195;71;269;0;16;16;21;47;42;84;42;314;21;32;335;0
683130000;68;68000;68313;ZZZZZZ;6831300;Z;763;145;116;176;188;110;28;184;483;95;615;5;25;49;74;123;138;118;84;756;7;13;763;0
683150101;68;68401;68315;ZZZZZZ;6831501;H;2228;363;352;370;510;350;283;508;1224;496;1820;5;50;105;270;295;265;525;305;2032;196;268;2118;110
683150102;68;68401;68315;ZZZZZZ;6831501;H;2357;421;350;446;548;392;200;554;1384;419;1930;0;55;165;350;345;255;515;245;2237;120;176;2357;0
683150103;68;68401;68315;ZZZZZZ;6831501;H;2456;424;492;500;530;335;175;576;1516;364;1985;0;45;155;355;345;435;400;250;2289;167;224;2456;0
683150104;68;68401;68315;ZZZZZZ;6831501;D;31;5;5;3;13;5;0;6;23;2;20;0;5;0;5;5;5;0;0;31;0;0;31;0
683160000;68;68000;68316;ZZZZZZ;6831600;Z;735;133;93;121;165;166;57;176;403;156;574;0;35;45;96;86;60;196;55;721;14;29;735;0
683170000;68;68302;68317;ZZZZZZ;6831700;Z;1121;166;176;197;289;188;105;220;689;212;950;25;15;55;165;150;215;255;70;1099;22;32;1121;0
683180000;68;68111;68318;ZZZZZZ;6831800;Z;2411;432;323;440;553;408;255;555;1366;490;1968;35;65;150;401;241;276;624;176;2358;53;98;2340;71
683200000;68;68000;68320;ZZZZZZ;6832000;Z;1334;216;201;211;370;243;93;294;805;235;1101;0;68;117;214;175;146;263;117;1318;16;47;1334;0
683210000;68;68701;68321;ZZZZZZ;6832100;Z;3959;779;676;764;867;529;344;1006;2312;641;3286;0;70;155;540;531;655;862;473;3857;102;219;3957;2
683220000;68;68402;68322;ZZZZZZ;6832200;Z;1360;225;174;234;262;298;166;296;714;350;1104;0;30;96;181;126;116;423;131;1330;30;46;1360;0
683230000;68;68000;68323;ZZZZZZ;6832300;Z;757;149;89;160;166;137;56;181;437;139;622;5;10;67;167;77;53;177;67;734;23;30;757;0
683240000;68;68000;68324;ZZZZZZ;6832400;Z;583;81;85;97;153;103;64;114;339;129;503;0;30;81;126;71;50;113;30;560;23;29;583;0
683250000;68;68113;68325;ZZZZZZ;6832500;Z;769;134;111;142;180;149;54;180;456;133;622;15;20;25;106;106;121;157;71;730;39;57;769;0
683260000;68;68000;68326;ZZZZZZ;6832600;Z;155;28;23;20;46;21;16;41;90;24;111;0;10;5;30;10;10;20;25;153;2;4;155;0
683270000;68;68000;68327;ZZZZZZ;6832700;Z;351;65;48;77;68;64;29;88;198;65;306;5;10;26;20;46;62;107;31;328;23;32;351;0
683280000;68;68000;68328;ZZZZZZ;6832800;Z;207;28;21;33;51;50;25;41;119;46;173;0;20;10;30;15;44;39;15;206;1;3;207;0
683290000;68;68302;68329;ZZZZZZ;6832900;Z;1352;219;169;245;310;280;128;286;777;289;1142;20;70;60;130;140;204;414;105;1330;22;38;1352;0
683300000;68;68201;68330;ZZZZZZ;6833000;Z;331;56;46;56;84;67;22;72;197;62;275;0;15;5;45;55;70;60;25;317;14;20;331;0
683310000;68;68121;68331;ZZZZZZ;6833100;Z;1938;269;258;325;452;440;194;355;1105;478;1657;0;126;171;271;201;156;608;126;1896;42;69;1938;0
683320000;68;68117;68332;ZZZZZZ;6833200;Z;928;201;124;234;164;134;70;252;515;160;719;0;20;93;181;122;88;127;88;906;22;44;928;0
683330000;68;68000;68333;ZZZZZZ;6833300;Z;294;53;49;38;83;42;29;72;169;53;235;5;5;10;65;35;40;50;25;287;7;9;294;0
683340101;68;68402;68334;ZZZZZZ;6833401;H;2108;381;344;388;445;347;204;524;1162;423;1699;0;35;81;227;277;307;485;287;1933;175;248;2041;67
683340102;68;68402;68334;ZZZZZZ;6833401;H;2246;380;363;352;470;392;291;523;1167;557;1849;0;55;202;282;202;267;504;338;2077;169;217;2170;76
683340103;68;68402;68334;ZZZZZZ;6833401;H;1713;262;243;295;353;343;218;348;934;431;1411;0;35;121;237;176;232;378;232;1599;114;160;1713;0
683340104;68;68402;68334;ZZZZZZ;6833401;H;1713;271;347;342;404;212;137;368;1091;254;1425;0;30;126;166;272;267;257;306;1574;139;162;1618;95
683350000;68;68000;68335;ZZZZZZ;6833500;Z;463;60;67;76;112;104;44;90;275;98;385;5;15;45;55;40;15;185;25;449;14;22;463;0
683360000;68;68000;68336;ZZZZZZ;6833600;Z;478;89;76;73;122;69;48;111;278;89;406;5;0;15;72;46;98;113;57;473;5;12;478;0
683370000;68;68000;68337;ZZZZZZ;6833700;Z;604;128;91;134;135;77;39;172;349;83;467;10;5;10;55;95;106;126;60;597;7;19;604;0
683380000;68;68501;68338;ZZZZZZ;6833800;Z;3776;540;512;646;813;745;520;707;2083;986;3180;20;145;300;435;490;375;1165;250;3637;139;205;3670;106
683400000;68;68000;68340;ZZZZZZ;6834000;Z;375;79;53;70;77;69;27;98;218;59;285;15;10;15;35;40;65;70;35;366;9;15;375;0
683410000;68;68115;68341;ZZZZZZ;6834100;Z;885;137;126;144;216;207;55;183;516;186;750;5;25;100;95;80;90;215;140;824;61;66;885;0
683420000;68;68402;68342;ZZZZZZ;6834200;Z;1795;328;285;366;386;271;159;426;1062;307;1455;0;37;174;211;232;237;415;148;1728;67;87;1795;0
683430000;68;68207;68343;ZZZZZZ;6834300;Z;2341;462;388;479;560;322;130;603;1414;324;1830;5;80;120;370;335;370;360;190;2283;58;86;2341;0
683440000;68;68000;68344;ZZZZZZ;6834400;Z;435;65;57;69;106;87;52;91;235;108;387;0;5;10;50;65;114;104;40;423;12;16;435;0
683450000;68;68000;68345;ZZZZZZ;6834500;Z;735;134;92;144;185;144;35;186;412;138;585;10;15;39;103;108;128;108;74;714;21;36;735;0
683470000;68;68000;68347;ZZZZZZ;6834700;Z;688;150;85;149;155;97;52;188;395;105;510;0;26;51;77;71;122;92;71;627;61;71;688;0
683480000;68;68402;68348;ZZZZZZ;6834800;Z;2843;508;445;492;653;445;300;664;1634;545;2358;5;74;105;319;363;513;638;342;2659;184;264;2834;9
683490000;68;68403;68349;ZZZZZZ;6834900;Z;4284;755;532;918;936;707;436;953;2478;853;3542;26;89;432;579;491;486;1045;395;3811;473;663;4198;86
683500000;68;68000;68350;ZZZZZZ;6835000;Z;489;70;57;87;112;113;50;97;279;113;420;40;10;55;55;60;25;120;55;477;12;16;489;0
683510000;68;68000;68351;ZZZZZZ;6835100;Z;649;129;64;126;159;106;65;155;367;127;493;5;20;51;71;66;96;137;46;515;134;163;648;1
683520000;68;68202;68352;ZZZZZZ;6835200;Z;2668;508;450;566;541;425;177;674;1571;423;2129;5;35;86;278;399;444;478;402;2227;441;564;2574;94
683530000;68;68000;68353;ZZZZZZ;6835300;Z;497;103;80;110;120;63;21;130;313;54;392;5;5;55;80;55;70;70;50;477;20;26;497;0
683540000;68;68000;68354;ZZZZZZ;6835400;Z;904;117;101;124;238;239;83;153;532;219;810;5;35;65;154;139;70;253;89;886;18;27;904;0
683550000;68;68113;68355;ZZZZZZ;6835500;Z;1540;258;258;262;310;256;196;336;849;355;1306;0;30;70;256;246;241;358;105;1440;100;133;1475;65
683560000;68;68000;68356;ZZZZZZ;6835600;Z;896;129;136;148;220;170;94;184;530;182;756;0;19;40;184;109;110;184;110;881;15;38;896;0
683570000;68;68000;68357;ZZZZZZ;6835700;Z;532;99;74;90;138;112;19;128;329;74;434;0;5;29;49;109;80;102;59;496;36;47;532;0
683580000;68;68000;68358;ZZZZZZ;6835800;Z;463;82;52;95;114;88;31;105;276;82;416;15;0;20;45;45;70;172;50;461;2;4;463;0
683590000;68;68402;68359;ZZZZZZ;6835900;Z;1634;243;249;259;437;272;174;339;973;323;1418;0;24;138;298;154;138;438;229;1615;19;48;1634;0
683600000;68;68000;68360;ZZZZZZ;6836000;Z;665;145;98;151;167;84;20;190;412;63;520;0;10;40;110;80;115;90;75;577;88;94;665;0
683610000;68;68114;68361;ZZZZZZ;6836100;Z;322;62;33;63;70;62;32;78;174;70;253;0;5;15;25;25;54;100;30;317;5;10;322;0
683620000;68;68000;68362;ZZZZZZ;6836200;Z;756;131;97;139;203;117;69;165;444;147;625;0;15;49;113;108;69;172;98;668;88;104;756;0
683630000;68;68000;68363;ZZZZZZ;6836300;Z;544;68;79;99;159;87;53;104;344;96;478;5;10;28;88;108;121;63;55;506;38;58;544;0
683640000;68;68111;68364;ZZZZZZ;6836400;Z;988;187;159;215;189;151;87;245;574;169;775;50;10;56;142;96;121;219;81;980;8;22;988;0
683650000;68;68501;68365;ZZZZZZ;6836500;Z;1733;263;195;281;392;359;243;327;956;450;1455;40;60;169;199;174;119;596;99;1687;46;73;1732;1
683660000;68;68108;68366;ZZZZZZ;6836600;Z;732;101;90;120;215;143;63;142;442;148;614;5;15;61;81;102;96;168;86;714;18;30;732;0
683670000;68;68000;68367;ZZZZZZ;6836700;Z;1177;188;212;193;305;213;66;274;720;183;1020;5;35;60;190;175;210;210;135;1121;56;86;1177;0
683680000;68;68000;68368;ZZZZZZ;6836800;Z;1263;215;140;224;315;244;126;271;721;271;1047;10;64;89;189;134;114;343;103;1250;13;30;1263;0
683700000;68;68000;68370;ZZZZZZ;6837000;Z;180;33;32;31;42;32;11;48;101;31;149;0;0;5;15;20;30;50;30;170;10;10;180;0
683710000;68;68000;68371;ZZZZZZ;6837100;Z;308;42;54;44;80;64;24;62;180;66;250;5;0;10;35;35;60;75;30;294;14;15;308;0
683720000;68;68402;68372;ZZZZZZ;6837200;Z;1825;262;272;271;445;371;204;355;1029;441;1523;5;51;72;174;174;308;564;174;1748;77;105;1823;2
683730000;68;68000;68373;ZZZZZZ;6837300;Z;304;43;37;42;83;64;35;56;177;71;269;10;10;10;41;30;46;91;30;276;28;28;304;0
683740101;68;68501;68374;ZZZZZZ;6837401;H;2635;392;430;419;535;489;369;567;1384;683;2185;10;55;166;348;338;257;754;256;2530;105;175;2514;121
683740102;68;68501;68374;ZZZZZZ;6837401;H;2321;348;366;413;478;466;249;459;1339;523;1954;15;55;116;368;287;242;639;231;2226;95;146;2321;0
683740103;68;68501;68374;ZZZZZZ;6837401;H;2638;475;438;503;555;432;235;639;1507;493;2125;0;71;166;272;424;262;628;302;2496;142;225;2535;103
683750101;68;68701;68375;ZZZZZZ;6837501;H;2239;406;320;374;592;316;230;498;1325;416;1833;3;44;129;308;322;318;458;252;2191;48;124;2239;0
683750102;68;68701;68375;ZZZZZZ;6837501;H;2779;486;474;589;576;410;244;678;1601;501;2293;0;47;118;361;364;463;598;342;2692;87;199;2779;0
683750103;68;68701;68375;ZZZZZZ;6837501;H;925;190;168;196;82;186;102;260;435;229;735;0;19;30;65;79;135;213;192;774;151;236;925;0
683750104;68;68701;68375;ZZZZZZ;6837501;H;2276;415;391;432;505;308;226;598;1266;413;1859;0;32;94;203;373;371;450;335;2152;124;228;2276;0
683750105;68;68701;68375;ZZZZZZ;6837501;H;2136;329;292;418;461;402;235;434;1196;507;1807;11;43;68;281;314;286;552;253;2069;67;158;2136;0
683760101;68;68701;68376;680301;6837601;H;2687;492;470;528;629;400;167;684;1600;404;2196;9;43;48;224;382;413;525;552;2477;210;332;2574;113
683760102;68;68701;68376;680301;6837601;H;2142;294;398;368;435;399;248;450;1209;484;1847;0;54;55;214;254;271;576;423;1942;201;263;2076;66
683760103;68;68701;68376;680311;6837601;H;2414;336;337;457;548;449;288;460;1397;557;2078;0;86;113;263;331;291;672;323;2229;185;297;2414;0
683760104;68;68701;68376;680311;6837601;H;2337;652;407;434;390;320;134;824;1186;327;1685;3;33;21;116;265;353;345;550;1941;396;597;2337;0
683760105;68;68701;68376;680301;6837601;H;2096;289;212;309;468;586;231;366;1123;607;1807;3;41;49;188;244;283;736;263;2000;95;181;2096;0
683760106;68;68701;68376;680311;6837601;H;2640;507;408;488;593;365;278;668;1501;471;2133;3;58;101;315;351;345;555;405;2553;87;186;2640;0
683770000;68;68000;68377;ZZZZZZ;6837700;Z;806;137;116;135;208;141;69;186;465;155;645;0;10;65;95;95;115;200;65;790;16;34;806;0
683780000;68;68201;68378;ZZZZZZ;6837800;Z;372;56;70;60;94;64;28;84;223;65;284;0;10;15;51;51;56;91;10;355;17;19;368;4
683790000;68;68000;68379;ZZZZZZ;6837900;Z;1048;157;149;191;259;214;78;215;617;217;893;10;15;50;160;105;145;281;125;963;85;112;1048;0
683800000;68;68000;68380;ZZZZZZ;6838000;Z;453;64;58;84;122;90;35;83;278;92;372;5;10;15;71;46;76;97;51;390;63;76;453;0
683810000;68;68401;68381;ZZZZZZ;6838100;Z;799;122;104;119;180;189;85;157;460;183;665;5;35;30;65;90;95;270;75;783;16;22;799;0
683820000;68;68000;68382;ZZZZZZ;6838200;Z;378;66;68;92;77;44;31;98;222;58;320;15;10;30;65;25;50;75;50;354;24;29;378;0
683830000;68;68000;68383;ZZZZZZ;6838300;Z;322;43;41;47;85;60;46;52;186;84;277;14;15;35;42;49;27;79;15;315;7;11;322;0
683840000;68;68120;68384;ZZZZZZ;6838400;Z;2572;368;332;393;674;542;262;516;1470;586;2188;0;71;202;314;369;317;697;218;2501;71;150;2569;3
683850000;68;68000;68385;ZZZZZZ;6838500;Z;843;122;99;129;213;201;77;171;454;218;700;10;20;94;139;90;74;213;59;838;5;14;843;0
683860000;68;68104;68386;ZZZZZZ;6838600;Z;1016;107;143;162;234;264;106;153;591;272;886;0;35;120;151;122;64;285;109;988;28;48;1016;0
