CODGEO;REG;DEP;PMUN19;PMUN18;PMUN17;PMUN16;PMUN15;PMUN14;PMUN13;PMUN12;PMUN11;PMUN10;PMUN09;PMUN08;PMUN07;PMUN06;PSDC99;PSDC90;PSDC82;PSDC75;PSDC68;PSDC62;PTOT54;PTOT36;PTOT1931;PTOT1926;PTOT1921;PTOT1911;PTOT1906;PTOT1901;PTOT1896;PTOT1891;PTOT1886;PTOT1881;PTOT1876
52001;44;52;312;310;309;309;308;307;307;309;310;312;307;306;305;303;292;297;310;240;234;241;274.0;250.0;265.0;280.0;287.0;339.0;363.0;351.0;380.0;413.0;429.0;428.0;461.0
52002;44;52;23;21;20;18;19;19;20;22;23;23;23;22;22;21;18;19;23;31;44;42;51.0;68.0;70.0;79.0;84.0;95.0;110.0;119.0;129.0;149.0;165.0;164.0;180.0
52003;44;52;150;157;165;172;170;170;169;167;166;164;162;163;164;166;185;194;203;229;295;293;277.0;325.0;330.0;290.0;317.0;356.0;401.0;407.0;428.0;461.0;451.0;469.0;491.0
52004;44;52;13;13;13;13;13;14;14;14;13;13;13;13;12;12;10;17;17;18;20;25;21.0;19.0;29.0;36.0;30.0;38.0;56.0;53.0;56.0;72.0;67.0;74.0;57.0
52005;44;52;34;34;34;33;32;30;31;32;31;29;28;27;25;25;25;35;37;39;55;52;63.0;62.0;73.0;74.0;60.0;100.0;112.0;116.0;119.0;123.0;141.0;131.0;123.0
52006;44;52;355;351;347;343;351;360;373;385;398;402;401;393;384;376;371;382;453;409;417;421;329.0;350.0;303.0;304.0;316.0;402.0;442.0;453.0;468.0;401.0;441.0;456.0;446.0
52007;44;52;87;85;82;79;76;77;76;75;74;73;72;70;71;72;78;81;91;110;130;146;169.0;174.0;198.0;232.0;228.0;292.0;304.0;316.0;338.0;358.0;413.0;394.0;391.0
52008;44;52;867;865;870;874;879;879;882;891;899;908;919;926;935;944;1004;1024;1044;916;971;959;881.0;819.0;897.0;907.0;882.0;987.0;1027.0;1086.0;1105.0;1178.0;1106.0;1167.0;1184.0
52009;44;52;105;106;108;109;110;111;115;116;115;113;112;109;108;108;104;112;128;128;182;217;230.0;241.0;239.0;285.0;256.0;297.0;317.0;308.0;318.0;340.0;351.0;349.0;328.0
52011;44;52;91;88;86;82;77;73;67;67;67;68;68;70;70;72;84;85;92;82;84;75;95.0;91.0;86.0;76.0;86.0;100.0;105.0;104.0;115.0;106.0;121.0;123.0;127.0
52012;44;52;30;31;32;33;33;32;31;30;30;30;31;31;32;31;34;46;29;42;50;57;65.0;53.0;50.0;49.0;72.0;75.0;91.0;107.0;115.0;132.0;124.0;124.0;119.0
52013;44;52;124;122;121;123;126;133;139;146;147;153;158;163;169;166;141;153;164;173;254;253;293.0;306.0;308.0;342.0;349.0;445.0;455.0;485.0;476.0;502.0;529.0;528.0;508.0
52014;44;52;187;185;187;190;192;187;187;187;188;188;191;190;190;190;188;171;199;185;205;212;240.0;266.0;280.0;250.0;249.0;328.0;350.0;364.0;391.0;414.0;437.0;523.0;463.0
52015;44;52;86;87;89;92;94;94;93;89;84;80;84;84;86;87;99;121;122;126;153;187;231.0;269.0;286.0;337.0;317.0;431.0;435.0;448.0;506.0;505.0;517.0;570.0;570.0
52016;44;52;68;69;70;72;73;71;69;69;69;69;70;71;72;73;82;94;109;123;133;140;149.0;138.0;171.0;153.0;137.0;156.0;162.0;185.0;213.0;243.0;263.0;269.0;281.0
52017;44;52;729;736;743;766;789;813;806;790;779;769;758;768;773;789;898;874;835;808;801;824;932.0;803.0;690.0;719.0;730.0;864.0;933.0;970.0;1055.0;1082.0;1124.0;1193.0;1282.0
52019;44;52;90;91;91;91;91;94;95;99;104;108;109;111;113;114;128;133;127;143;174;172;199.0;161.0;173.0;187.0;187.0;219.0;299.0;292.0;309.0;361.0;409.0;410.0;415.0
52021;44;52;267;266;260;254;249;245;248;244;240;236;238;242;242;242;241;278;307;195;208;210;204.0;185.0;224.0;248.0;226.0;245.0;266.0;235.0;234.0;248.0;282.0;308.0;324.0
52022;44;52;185;186;188;189;189;187;187;187;188;188;190;196;202;208;215;195;198;225;296;346;376.0;438.0;463.0;471.0;497.0;483.0;476.0;517.0;527.0;581.0;590.0;623.0;641.0
52023;44;52;155;157;169;181;193;193;189;191;194;196;195;192;194;195;205;233;219;270;302;341;408.0;476.0;443.0;405.0;672.0;743.0;708.0;654.0;417.0;709.0;723.0;789.0;1048.0
52025;44;52;87;87;87;87;88;88;89;89;92;95;98;98;100;100;98;114;129;150;164;169;196.0;187.0;203.0;256.0;242.0;291.0;309.0;325.0;348.0;392.0;411.0;453.0;444.0
52027;44;52;73;78;83;88;88;87;83;79;75;77;79;88;97;106;56;94;108;107;99;101;140.0;146.0;147.0;159.0;158.0;177.0;193.0;187.0;206.0;254.0;268.0;343.0;264.0
52028;44;52;54;53;51;50;50;51;52;54;55;56;56;59;62;65;47;49;57;47;40;62;81.0;67.0;66.0;79.0;93.0;94.0;94.0;110.0;114.0;117.0;116.0;126.0;121.0
52029;44;52;138;143;149;150;152;154;156;159;158;160;163;167;170;175;210;220;230;242;297;282;252.0;221.0;216.0;211.0;208.0;197.0;195.0;200.0;223.0;315.0;224.0;221.0;242.0
52030;44;52;56;60;63;62;60;57;55;52;53;54;53;53;52;53;56;75;60;60;80;97;84.0;74.0;75.0;106.0;81.0;86.0;87.0;115.0;113.0;176.0;137.0;133.0;147.0
52031;44;52;371;375;382;389;396;396;393;393;394;394;396;397;395;394;388;416;395;348;364;393;492.0;411.0;459.0;448.0;438.0;549.0;650.0;691.0;725.0;846.0;864.0;918.0;919.0
52033;44;52;108;111;114;121;127;134;138;137;137;136;136;138;138;139;129;125;126;148;180;203;207.0;245.0;246.0;232.0;238.0;228.0;238.0;270.0;270.0;268.0;258.0;270.0;257.0
52034;44;52;143;143;143;140;136;133;133;133;133;132;132;130;131;130;126;124;121;133;131;160;191.0;228.0;222.0;244.0;221.0;265.0;256.0;269.0;275.0;284.0;286.0;288.0;305.0
52035;44;52;186;188;193;193;193;193;201;199;201;203;205;206;204;204;200;227;224;213;212;237;242.0;245.0;244.0;258.0;278.0;351.0;375.0;402.0;470.0;459.0;462.0;504.0;526.0
52037;44;52;370;372;374;376;384;391;399;401;395;398;401;404;402;395;392;393;365;312;265;292;265.0;252.0;253.0;253.0;263.0;327.0;498.0;336.0;310.0;373.0;350.0;381.0;397.0
52038;44;52;64;65;67;68;70;68;67;67;66;66;67;69;69;70;73;77;101;114;119;121;135.0;138.0;164.0;157.0;168.0;194.0;211.0;210.0;213.0;258.0;268.0;269.0;268.0
52039;44;52;89;90;92;94;97;99;103;105;111;118;124;124;124;122;105;114;116;134;161;160;162.0;152.0;158.0;171.0;183.0;207.0;227.0;231.0;246.0;253.0;274.0;284.0;323.0
52040;44;52;54;54;52;51;50;48;47;49;52;53;55;56;56;56;54;55;66;72;119;117;124.0;106.0;104.0;120.0;112.0;127.0;133.0;132.0;132.0;132.0;138.0;149.0;164.0
52042;44;52;107;105;104;103;102;101;100;101;102;105;107;110;106;108;109;86;118;95;103;121;123.0;134.0;154.0;160.0;156.0;190.0;192.0;178.0;182.0;203.0;219.0;213.0;228.0
52043;44;52;58;57;57;57;54;51;48;47;46;50;54;58;55;54;47;59;59;83;95;95;120.0;151.0;155.0;170.0;195.0;202.0;213.0;213.0;220.0;229.0;242.0;257.0;270.0
52044;44;52;553;561;570;575;579;600;621;642;634;629;626;624;622;618;598;636;750;694;768;819;867.0;942.0;1006.0;1041.0;1057.0;1093.0;1122.0;1199.0;1162.0;1173.0;1245.0;1276.0;1334.0
52045;44;52;1792;1787;1697;1698;1705;1712;1722;1739;1763;1794;1825;1853;1862;1886;2041;2286;2295;1843;1113;729;296.0;295.0;296.0;333.0;325.0;310.0;299.0;315.0;337.0;386.0;450.0;425.0;427.0
52047;44;52;103;104;104;104;104;104;103;103;101;102;102;103;106;109;111;138;150;175;182;216;207.0;220.0;232.0;297.0;284.0;269.0;316.0;347.0;384.0;410.0;393.0;422.0;438.0
52050;44;52;1340;1347;1352;1356;1361;1375;1373;1383;1394;1404;1414;1421;1422;1422;1426;1396;1300;1287;1262;1174;1164.0;1127.0;1227.0;1285.0;1317.0;1512.0;1480.0;1552.0;1633.0;1599.0;1608.0;1633.0;1608.0
52051;44;52;85;89;92;91;90;89;87;87;86;84;83;81;79;79;71;44;56;54;59;74;97.0;128.0;139.0;169.0;161.0;151.0;163.0;168.0;171.0;188.0;203.0;211.0;212.0
52053;44;52;73;74;75;76;74;75;76;78;79;76;76;79;81;84;64;73;63;53;46;53;57.0;62.0;66.0;62.0;56.0;71.0;70.0;83.0;90.0;93.0;96.0;95.0;102.0
52055;44;52;115;113;112;111;111;110;111;112;111;110;109;109;109;110;118;105;130;136;136;137;136.0;109.0;113.0;114.0;119.0;162.0;154.0;174.0;182.0;189.0;212.0;219.0;207.0
52056;44;52;187;191;196;200;208;217;225;225;224;223;222;221;223;216;190;186;167;168;205;224;247.0;200.0;210.0;196.0;186.0;217.0;228.0;240.0;265.0;287.0;307.0;307.0;314.0
52057;44;52;104;107;109;109;109;108;107;106;107;106;103;100;97;99;108;93;103;114;142;166;159.0;161.0;168.0;184.0;171.0;200.0;192.0;188.0;230.0;233.0;246.0;279.0;297.0
52058;44;52;1851;1874;1899;1909;1897;1888;1880;1870;1879;1877;1871;1866;1860;1849;1943;2041;2131;2231;2151;1955;1578.0;1590.0;1631.0;1549.0;1480.0;1488.0;1584.0;1676.0;1745.0;1699.0;1798.0;1715.0;1361.0
52059;44;52;141;140;135;130;124;128;127;128;128;129;129;129;128;127;121;152;145;179;220;250;278.0;263.0;256.0;269.0;285.0;313.0;328.0;345.0;402.0;422.0;419.0;417.0;451.0
52060;44;52;1977;2025;2073;2133;2118;2106;2139;2172;2197;2230;2255;2267;2279;2275;2495;2764;3022;3095;3179;2930;3050.0;3264.0;3233.0;3350.0;3674.0;4292.0;4589.0;4620.0;4779.0;4851.0;5041.0;5129.0;4805.0
52061;44;52;291;288;285;279;274;268;261;260;267;274;281;288;295;295;294;306;338;365;413;430;484.0;449.0;542.0;573.0;558.0;711.0;731.0;742.0;725.0;782.0;784.0;824.0;834.0
52062;44;52;160;158;156;153;151;151;153;151;149;148;146;148;148;149;151;165;139;112;115;114;105.0;116.0;126.0;139.0;238.0;150.0;156.0;173.0;184.0;219.0;224.0;224.0;230.0
52063;44;52;99;100;101;102;100;99;97;99;100;97;94;91;90;92;110;117;125;147;147;125;87.0;120.0;127.0;149.0;137.0;158.0;187.0;194.0;231.0;251.0;264.0;256.0;295.0
52064;44;52;781;792;803;814;827;844;860;873;864;883;903;921;928;929;917;978;973;1135;1226;1265;1217.0;1222.0;1303.0;1448.0;1390.0;1590.0;1774.0;1795.0;1768.0;1819.0;1777.0;1770.0;1845.0
52065;44;52;65;65;65;65;69;73;74;72;68;65;62;59;62;61;71;69;55;81;100;114;130.0;103.0;128.0;148.0;157.0;208.0;247.0;246.0;270.0;324.0;340.0;367.0;371.0
52066;44;52;63;63;61;58;56;55;55;57;58;60;59;59;60;60;62;74;77;130;152;129;157.0;136.0;138.0;110.0;119.0;141.0;164.0;314.0;329.0;359.0;265.0;281.0;316.0
52067;44;52;75;76;78;81;83;84;85;84;83;82;82;81;81;81;81;108;125;147;165;150;198.0;205.0;211.0;204.0;201.0;253.0;260.0;322.0;275.0;264.0;285.0;278.0;273.0
52069;44;52;144;145;145;144;142;140;138;140;140;141;142;143;141;146;129;121;132;163;161;187;232.0;168.0;189.0;206.0;208.0;256.0;274.0;312.0;346.0;360.0;347.0;348.0;381.0
52070;44;52;123;126;133;140;147;144;136;132;127;123;123;122;125;128;149;137;131;145;119;135;169.0;167.0;142.0;159.0;176.0;219.0;209.0;227.0;242.0;264.0;294.0;354.0;317.0
52072;44;52;379;375;368;361;354;358;356;366;376;385;386;390;388;386;372;378;344;164;159;140;186.0;166.0;158.0;157.0;137.0;169.0;184.0;193.0;208.0;201.0;190.0;175.0;183.0
52074;44;52;673;673;678;682;687;684;690;697;703;710;716;718;722;726;750;727;805;896;879;958;1031.0;1117.0;1079.0;1186.0;1225.0;1481.0;1515.0;1569.0;1675.0;1751.0;1798.0;1817.0;1873.0
52075;44;52;177;179;181;185;189;193;192;193;194;195;196;195;196;197;201;207;157;119;139;127;162.0;129.0;144.0;145.0;167.0;158.0;168.0;176.0;181.0;204.0;212.0;209.0;214.0
52076;44;52;448;445;449;452;461;470;479;474;469;459;449;440;432;435;455;423;355;381;421;426;503.0;462.0;548.0;475.0;421.0;390.0;412.0;468.0;477.0;498.0;494.0;492.0;479.0
52079;44;52;659;677;694;684;694;713;733;752;732;734;717;700;683;732;832;923;1095;1193;1269;1216;1229.0;1144.0;1240.0;1281.0;1235.0;1202.0;922.0;910.0;886.0;882.0;780.0;717.0;684.0
52082;44;52;155;154;153;152;154;154;152;151;149;151;146;149;152;155;110;123;126;129;136;153;176.0;186.0;164.0;193.0;173.0;203.0;245.0;260.0;285.0;277.0;293.0;317.0;326.0
52083;44;52;737;736;734;733;737;754;770;787;797;806;827;847;868;876;902;953;1004;1007;1042;1147;1138.0;1280.0;1329.0;1387.0;1386.0;1632.0;1689.0;1776.0;1791.0;1829.0;1805.0;1844.0;1988.0
52084;44;52;42;41;39;38;38;39;40;40;41;40;39;40;41;42;36;42;45;54;72;60;65.0;70.0;79.0;83.0;101.0;122.0;113.0;125.0;135.0;165.0;173.0;168.0;195.0
52085;44;52;26;26;26;26;26;26;25;23;22;23;23;23;23;23;18;16;25;23;37;46;51.0;54.0;72.0;92.0;97.0;111.0;129.0;134.0;150.0;153.0;162.0;189.0;191.0
52087;44;52;197;193;195;190;184;197;202;207;217;228;229;231;228;226;196;162;127;108;100;66;83.0;81.0;77.0;79.0;92.0;82.0;86.0;89.0;102.0;113.0;119.0;118.0;124.0
52088;44;52;645;640;635;638;632;639;646;654;641;636;622;608;593;576;586;608;619;618;661;713;712.0;682.0;758.0;782.0;735.0;857.0;894.0;897.0;939.0;977.0;1004.0;1052.0;1087.0
52089;44;52;76;79;83;82;79;79;79;79;75;73;74;75;76;77;81;84;83;91;108;114;124.0;136.0;166.0;165.0;170.0;217.0;235.0;246.0;265.0;282.0;283.0;305.0;357.0
52090;44;52;102;104;105;108;111;114;113;112;110;108;106;106;105;104;94;90;72;91;110;138;128.0;157.0;157.0;174.0;196.0;216.0;209.0;229.0;244.0;256.0;268.0;291.0;300.0
52091;44;52;85;84;83;81;81;83;88;93;98;95;96;97;97;98;92;106;107;97;113;110;114.0;108.0;115.0;116.0;132.0;167.0;178.0;191.0;218.0;228.0;249.0;261.0;272.0
52092;44;52;105;106;105;105;104;104;105;106;114;121;129;129;128;129;132;124;133;159;172;183;196.0;224.0;238.0;211.0;212.0;226.0;218.0;233.0;240.0;290.0;302.0;308.0;337.0
52093;44;52;2429;2432;2407;2436;2437;2437;2435;2503;2533;2587;2642;2696;2706;2704;2699;2824;3149;3383;3495;3294;2775.0;2184.0;2214.0;2067.0;2084.0;2035.0;2043.0;1836.0;1988.0;1736.0;1289.0;1123.0;1146.0
52094;44;52;178;172;167;161;160;158;163;168;172;165;165;162;159;155;162;162;177;202;253;283;311.0;290.0;320.0;319.0;362.0;384.0;386.0;372.0;407.0;454.0;496.0;665.0;529.0
52095;44;52;190;189;187;186;188;192;196;200;204;205;198;190;181;173;228;258;282;291;314;329;309.0;393.0;391.0;415.0;442.0;462.0;512.0;563.0;592.0;635.0;696.0;724.0;721.0
52097;44;52;49;49;49;49;50;48;47;44;42;39;40;39;39;39;41;42;45;48;62;82;80.0;91.0;95.0;91.0;99.0;139.0;138.0;140.0;164.0;168.0;169.0;172.0;170.0
52099;44;52;798;803;806;807;817;827;835;846;847;848;850;837;848;855;883;943;992;1022;1092;910;883.0;735.0;821.0;966.0;923.0;1189.0;1160.0;932.0;914.0;785.0;703.0;867.0;1024.0
52101;44;52;41;43;44;46;46;47;50;53;57;56;55;54;53;51;58;76;77;93;100;94;98.0;107.0;96.0;113.0;122.0;147.0;157.0;159.0;155.0;150.0;147.0;157.0;188.0
52102;44;52;422;424;426;426;420;413;407;409;407;414;422;429;431;435;443;418;445;398;420;407;439.0;400.0;390.0;424.0;382.0;375.0;380.0;327.0;341.0;324.0;332.0;287.0;257.0
52103;44;52;113;115;115;117;123;128;134;131;128;125;122;119;119;117;103;131;120;130;138;156;134.0;180.0;171.0;191.0;190.0;220.0;261.0;270.0;280.0;305.0;314.0;307.0;337.0
52104;44;52;1045;1066;1087;1094;1088;1071;1055;1038;1043;1058;1042;1026;1010;1019;1144;1183;976;694;563;444;475.0;439.0;469.0;405.0;398.0;357.0;362.0;388.0;407.0;417.0;431.0;447.0;462.0
52105;44;52;300;301;304;302;300;299;297;295;293;283;274;264;263;258;218;201;122;98;116;128;159.0;152.0;170.0;169.0;173.0;189.0;404.0;215.0;243.0;232.0;243.0;212.0;241.0
52106;44;52;122;124;127;135;142;150;149;149;149;150;150;140;140;136;107;147;152;153;84;88;86.0;72.0;70.0;69.0;61.0;78.0;86.0;83.0;89.0;97.0;95.0;108.0;90.0
52107;44;52;226;224;222;218;218;218;218;219;220;224;228;232;227;226;178;191;201;203;228;244;238.0;218.0;205.0;213.0;215.0;237.0;258.0;269.0;289.0;280.0;301.0;294.0;312.0
52108;44;52;146;146;146;146;149;152;152;153;153;152;153;141;129;118;124;110;98;84;98;118;135.0;119.0;125.0;138.0;151.0;191.0;418.0;180.0;188.0;193.0;243.0;218.0;206.0
52109;44;52;7;9;10;10;10;9;8;6;7;7;8;9;10;9;6;9;11;12;14;11;13.0;22.0;24.0;40.0;35.0;77.0;59.0;57.0;71.0;82.0;89.0;99.0;124.0
52110;44;52;153;155;156;157;159;160;162;162;161;163;165;167;167;168;172;150;150;165;221;217;239.0;271.0;270.0;287.0;299.0;347.0;372.0;363.0;348.0;393.0;395.0;413.0;432.0
52113;44;52;261;256;253;248;241;234;227;224;231;241;250;260;257;261;267;254;272;313;329;320;313.0;299.0;329.0;356.0;364.0;431.0;443.0;506.0;512.0;539.0;580.0;592.0;597.0
52114;44;52;1579;1580;1584;1596;1607;1619;1625;1641;1653;1665;1677;1650;1646;1654;1710;1760;1707;1596;1611;1598;1835.0;1551.0;1496.0;1598.0;1601.0;1743.0;1876.0;1942.0;2016.0;2187.0;2316.0;2373.0;2464.0
52115;44;52;99;101;105;109;113;113;111;111;112;112;114;110;111;112;119;135;133;116;120;130;126.0;138.0;141.0;152.0;155.0;160.0;153.0;185.0;173.0;174.0;181.0;246.0;206.0
52116;44;52;49;50;52;53;54;55;57;60;62;62;62;59;57;54;58;42;47;63;79;80;77.0;82.0;86.0;94.0;104.0;113.0;121.0;123.0;135.0;145.0;151.0;141.0;164.0
52118;44;52;279;288;298;306;308;312;319;327;334;331;327;317;308;298;321;312;298;320;343;370;340.0;357.0;364.0;384.0;401.0;391.0;434.0;444.0;437.0;773.0;540.0;567.0;676.0
52119;44;52;345;345;345;340;339;330;320;311;304;303;304;304;305;305;299;310;321;278;264;245;263.0;224.0;239.0;250.0;238.0;281.0;265.0;248.0;256.0;291.0;280.0;278.0;280.0
52120;44;52;189;197;204;204;205;204;203;201;211;210;210;210;211;212;205;229;234;223;248;248;259.0;289.0;321.0;338.0;371.0;406.0;391.0;419.0;391.0;426.0;480.0;490.0;512.0
52121;44;52;21847;21990;21945;22367;22333;22674;22560;22678;22705;23011;23411;24039;24321;24357;25996;27041;27554;27226;26067;23025;20779.0;18992.0;16259.0;15438.0;16457.0;15116.0;15128.0;14887.0;13732.0;13583.0;13147.0;12462.0;9533.0
52122;44;52;116;116;116;115;115;115;116;119;122;125;125;125;124;122;112;132;143;157;159;185;204.0;241.0;235.0;246.0;261.0;304.0;311.0;304.0;333.0;353.0;356.0;384.0;409.0
52123;44;52;1297;1292;1313;1334;1353;1372;1385;1392;1399;1406;1385;1388;1395;1403;1455;1556;1607;1532;1508;1487;1306.0;1194.0;1249.0;1366.0;1415.0;1403.0;1487.0;1596.0;1616.0;1849.0;1637.0;1714.0;1721.0
52124;44;52;76;74;72;70;71;72;72;72;72;74;76;76;76;72;102;98;109;123;162;162;190.0;218.0;232.0;253.0;266.0;333.0;373.0;404.0;410.0;450.0;494.0;529.0;551.0
52125;44;52;1042;1043;1034;1035;1037;1042;1040;1047;1050;1054;1047;1067;1011;1021;1021;947;829;718;524;479;504.0;579.0;981.0;832.0;732.0;654.0;626.0;550.0;530.0;937.0;457.0;410.0;377.0
52126;44;52;159;161;162;163;164;167;169;170;170;173;167;163;161;158;139;132;147;164;189;231;212.0;224.0;249.0;274.0;269.0;274.0;430.0;276.0;291.0;298.0;319.0;318.0;316.0
52127;44;52;78;78;78;78;80;82;87;92;96;95;94;90;86;81;81;101;123;138;155;167;173.0;171.0;195.0;167.0;198.0;220.0;230.0;233.0;243.0;252.0;259.0;247.0;252.0
52128;44;52;145;144;140;136;131;129;125;126;127;128;126;124;122;119;101;109;107;120;135;167;183.0;160.0;173.0;173.0;187.0;255.0;201.0;188.0;191.0;211.0;245.0;253.0;246.0
52129;44;52;121;119;119;117;112;108;103;103;100;107;114;120;120;110;108;100;126;155;171;207;234.0;234.0;225.0;244.0;240.0;291.0;300.0;316.0;369.0;409.0;446.0;476.0;534.0
52130;44;52;189;187;186;189;193;196;200;200;201;202;202;207;206;204;190;208;262;238;265;266;255.0;246.0;263.0;304.0;347.0;366.0;424.0;456.0;450.0;471.0;495.0;522.0;536.0
52131;44;52;74;75;77;76;75;74;73;73;74;78;82;85;86;82;81;96;111;98;122;133;144.0;154.0;169.0;165.0;171.0;175.0;203.0;217.0;244.0;312.0;287.0;306.0;312.0
52132;44;52;168;172;176;179;180;192;204;216;216;212;211;209;208;209;219;225;229;235;237;258;226.0;256.0;329.0;264.0;266.0;356.0;357.0;344.0;361.0;395.0;431.0;441.0;454.0
52133;44;52;71;73;77;78;80;85;90;92;94;95;99;102;106;106;118;117;116;143;177;183;216.0;218.0;217.0;249.0;262.0;337.0;357.0;376.0;417.0;434.0;452.0;455.0;491.0
52134;44;52;223;228;233;238;242;248;255;261;264;265;263;261;259;258;247;233;253;249;254;233;256.0;257.0;264.0;289.0;333.0;363.0;388.0;436.0;439.0;480.0;511.0;521.0;519.0
52135;44;52;88;89;92;92;94;97;99;99;98;100;102;103;104;104;131;137;131;120;153;185;203.0;272.0;280.0;337.0;360.0;428.0;502.0;556.0;576.0;636.0;663.0;677.0;692.0
52136;44;52;111;113;116;120;123;121;120;120;120;120;119;118;119;121;132;144;151;160;193;190;228.0;312.0;340.0;401.0;439.0;544.0;646.0;668.0;730.0;773.0;909.0;917.0;960.0
52137;44;52;22;22;22;22;23;23;23;23;22;21;20;20;22;23;31;35;49;22;38;76;82.0;62.0;57.0;64.0;64.0;74.0;70.0;73.0;82.0;111.0;115.0;161.0;97.0
52138;44;52;63;62;59;55;52;53;56;60;64;68;68;69;69;69;67;67;75;90;114;139;137.0;139.0;137.0;152.0;143.0;144.0;160.0;168.0;189.0;194.0;193.0;203.0;209.0
52140;44;52;706;711;714;723;729;736;738;734;742;750;757;762;738;753;715;741;780;796;851;902;906.0;879.0;1016.0;1010.0;1123.0;1320.0;1446.0;1517.0;1573.0;1719.0;1825.0;1903.0;1960.0
52141;44;52;298;301;304;307;309;312;312;311;301;291;281;283;269;271;284;325;293;244;237;212;163.0;170.0;155.0;156.0;143.0;156.0;165.0;199.0;199.0;167.0;179.0;143.0;143.0
52142;44;52;72;70;69;68;66;65;66;67;67;67;67;70;71;72;76;71;86;90;116;125;152.0;136.0;154.0;182.0;195.0;247.0;246.0;239.0;261.0;295.0;294.0;306.0;299.0
52145;44;52;118;118;117;116;116;115;117;120;125;129;134;135;132;131;125;130;128;130;155;178;186.0;242.0;233.0;272.0;259.0;290.0;315.0;329.0;360.0;379.0;401.0;421.0;420.0
52146;44;52;155;151;146;148;151;155;159;163;167;172;174;176;178;181;160;131;140;121;124;138;138.0;134.0;158.0;175.0;198.0;227.0;265.0;260.0;279.0;291.0;328.0;351.0;338.0
52147;44;52;89;89;90;91;91;91;91;90;90;88;86;85;83;83;77;73;79;71;93;127;127.0;164.0;168.0;165.0;171.0;200.0;208.0;219.0;254.0;282.0;296.0;298.0;305.0
52149;44;52;93;96;98;101;103;109;114;120;120;120;120;120;121;121;119;117;127;136;154;164;183.0;128.0;147.0;167.0;152.0;142.0;184.0;172.0;191.0;211.0;232.0;274.0;253.0
52151;44;52;148;149;159;168;178;178;179;180;181;182;185;187;190;192;211;210;216;171;113;123;134.0;137.0;154.0;144.0;139.0;172.0;181.0;190.0;207.0;224.0;232.0;261.0;270.0
52155;44;52;513;526;539;552;554;553;557;562;566;570;574;578;582;586;558;626;658;623;642;692;677.0;659.0;649.0;618.0;571.0;549.0;431.0;432.0;431.0;435.0;424.0;420.0;401.0
52156;44;52;407;408;412;415;424;433;443;441;439;428;418;407;406;414;424;485;505;508;543;538;511.0;414.0;428.0;416.0;402.0;447.0;453.0;465.0;485.0;670.0;569.0;547.0;571.0
52157;44;52;12;12;12;12;12;12;13;14;15;16;16;16;16;15;11;13;17;18;17;30;21.0;17.0;27.0;12.0;15.0;22.0;25.0;32.0;35.0;39.0;49.0;51.0;54.0
52158;44;52;282;282;282;281;281;281;277;269;261;252;240;247;245;244;233;268;254;279;320;353;372.0;356.0;375.0;391.0;408.0;490.0;536.0;506.0;548.0;590.0;612.0;613.0;620.0
52159;44;52;26;25;25;24;23;22;23;23;23;24;24;24;23;23;19;25;25;27;37;45;42.0;71.0;72.0;86.0;65.0;109.0;98.0;137.0;156.0;152.0;144.0;150.0;150.0
52160;44;52;64;65;67;69;76;83;90;88;84;80;75;71;74;75;85;67;59;62;61;80;76.0;109.0;129.0;140.0;138.0;168.0;194.0;201.0;203.0;229.0;255.0;283.0;295.0
52161;44;52;72;73;74;75;78;81;85;84;83;82;80;79;79;76;90;107;131;112;139;156;164.0;150.0;165.0;166.0;153.0;208.0;208.0;212.0;218.0;234.0;255.0;231.0;250.0
52162;44;52;197;196;198;200;201;203;209;215;220;226;226;224;221;218;195;186;207;229;239;266;353.0;545.0;492.0;511.0;439.0;512.0;456.0;519.0;538.0;471.0;530.0;578.0;648.0
52163;44;52;384;384;387;389;392;388;390;381;371;362;358;360;361;362;371;339;340;333;334;320;342.0;453.0;482.0;514.0;515.0;639.0;637.0;683.0;1015.0;873.0;803.0;764.0;1125.0
52164;44;52;197;197;197;208;218;229;226;222;220;217;215;213;211;208;187;200;215;248;319;337;356.0;419.0;461.0;498.0;516.0;625.0;632.0;630.0;655.0;691.0;692.0;751.0;803.0
52165;44;52;194;191;189;192;194;205;216;227;226;229;235;240;246;251;234;238;226;240;275;325;418.0;379.0;411.0;424.0;416.0;483.0;497.0;511.0;528.0;540.0;601.0;606.0;646.0
52167;44;52;262;261;260;257;253;250;252;250;256;262;268;263;255;243;162;165;181;137;149;140;171.0;162.0;171.0;186.0;176.0;184.0;200.0;210.0;201.0;229.0;255.0;261.0;292.0
52168;44;52;60;58;56;54;54;54;53;52;52;53;55;59;63;67;64;76;80;78;95;98;134.0;128.0;136.0;161.0;131.0;157.0;188.0;198.0;230.0;264.0;295.0;298.0;290.0
52169;44;52;78;79;80;82;84;86;88;92;93;95;96;94;92;92;92;89;92;105;117;115;126.0;126.0;126.0;132.0;131.0;155.0;150.0;176.0;182.0;178.0;188.0;179.0;191.0
52170;44;52;166;164;161;159;161;161;160;160;159;159;159;157;155;153;113;129;150;164;169;181;241.0;223.0;252.0;261.0;247.0;300.0;518.0;321.0;333.0;341.0;340.0;363.0;373.0
52171;44;52;243;246;248;246;242;234;227;219;219;218;218;217;217;222;258;273;312;333;319;327;350.0;310.0;354.0;358.0;372.0;425.0;420.0;451.0;479.0;468.0;575.0;585.0;574.0
52172;44;52;280;277;276;276;275;275;276;280;284;288;291;281;280;279;275;298;337;381;427;473;461.0;425.0;451.0;441.0;445.0;475.0;517.0;520.0;520.0;558.0;604.0;633.0;648.0
52173;44;52;77;78;78;79;80;84;88;92;90;89;87;86;84;84;80;99;130;152;146;151;164.0;219.0;201.0;213.0;223.0;270.0;290.0;308.0;301.0;317.0;328.0;324.0;335.0
52174;44;52;37;38;39;41;43;46;47;48;50;52;54;54;52;51;44;45;50;68;90;114;135.0;101.0;99.0;107.0;120.0;154.0;159.0;169.0;196.0;170.0;182.0;200.0;183.0
52175;44;52;390;388;386;383;380;346;352;359;368;376;398;397;401;403;405;452;483;449;438;460;424.0;419.0;392.0;424.0;478.0;545.0;597.0;573.0;584.0;508.0;631.0;531.0;638.0
52177;44;52;790;796;816;836;861;861;871;895;919;943;950;955;961;968;1003;1135;1218;1242;1187;1152;1039.0;1195.0;1167.0;1244.0;1341.0;1472.0;1443.0;1425.0;1380.0;1234.0;1407.0;1218.0;1232.0
52178;44;52;362;364;363;367;372;388;404;420;417;419;428;436;445;444;448;455;442;461;512;485;494.0;566.0;578.0;570.0;525.0;629.0;666.0;658.0;697.0;736.0;803.0;851.0;843.0
52179;44;52;20;23;26;29;30;34;40;45;51;49;48;46;44;42;36;28;24;19;32;25;31.0;28.0;29.0;29.0;64.0;36.0;38.0;38.0;43.0;48.0;50.0;58.0;67.0
52181;44;52;91;91;92;94;95;96;97;94;90;87;89;89;91;92;101;93;87;91;92;110;114.0;111.0;128.0;127.0;142.0;172.0;189.0;193.0;198.0;216.0;202.0;215.0;204.0
52182;44;52;2017;2027;2019;2040;2062;2083;2072;2066;2041;2015;1991;1984;1969;1953;1844;1827;1940;2006;1831;1580;1408.0;1260.0;1154.0;1131.0;1214.0;1406.0;1180.0;1256.0;1242.0;1310.0;1379.0;1577.0;1462.0
52183;44;52;39;38;37;36;35;36;39;42;45;48;46;44;42;40;25;26;32;38;58;117;75.0;29.0;63.0;120.0;82.0;106.0;121.0;155.0;135.0;158.0;187.0;197.0;196.0
52184;44;52;59;60;61;62;64;65;68;71;74;73;75;75;75;75;89;98;103;102;105;119;127.0;112.0;132.0;111.0;99.0;111.0;134.0;152.0;191.0;201.0;207.0;227.0;244.0
52185;44;52;61;64;68;70;72;74;76;75;75;78;81;84;84;85;104;119;134;139;175;191;210.0;269.0;281.0;279.0;304.0;353.0;374.0;386.0;413.0;439.0;462.0;503.0;501.0
52187;44;52;159;159;168;178;187;189;184;159;159;165;164;164;162;161;141;175;199;241;276;312;310.0;331.0;340.0;375.0;372.0;440.0;476.0;472.0;570.0;614.0;613.0;659.0;684.0
52189;44;52;400;397;389;382;375;367;368;371;373;374;376;373;372;365;315;310;315;353;413;436;518.0;590.0;612.0;646.0;687.0;818.0;868.0;901.0;972.0;1043.0;1061.0;1098.0;1119.0
52190;44;52;286;289;296;298;309;319;330;328;332;334;336;338;328;333;337;305;279;305;335;356;359.0;340.0;376.0;376.0;368.0;426.0;431.0;442.0;488.0;502.0;540.0;540.0;557.0
52193;44;52;302;305;302;305;308;311;311;309;301;294;286;281;270;274;298;302;311;230;164;161;154.0;101.0;110.0;116.0;109.0;130.0;131.0;140.0;180.0;171.0;201.0;196.0;211.0
52194;44;52;2033;2035;2065;2094;2124;2134;2142;2104;2067;2029;2047;2048;2052;2056;2083;2086;2327;2275;2217;2279;2192.0;2218.0;2160.0;2450.0;2478.0;2837.0;2728.0;2618.0;2335.0;2272.0;2373.0;2458.0;2377.0
52195;44;52;37;38;39;39;41;42;45;48;51;51;51;52;53;55;51;68;89;111;151;182;220.0;201.0;220.0;233.0;257.0;233.0;214.0;207.0;228.0;246.0;253.0;258.0;278.0
52196;44;52;96;98;101;103;104;107;111;115;120;118;120;119;119;118;119;106;98;101;108;117;169.0;210.0;196.0;211.0;226.0;256.0;281.0;270.0;285.0;304.0;308.0;323.0;356.0
52197;44;52;1298;1311;1323;1326;1330;1356;1383;1430;1434;1436;1439;1443;1445;1460;1419;1511;1592;1741;1709;1710;1790.0;2058.0;2164.0;2335.0;2375.0;2639.0;2659.0;2704.0;2759.0;2774.0;2779.0;2788.0;2861.0
52198;44;52;70;72;73;75;77;79;81;81;81;79;77;75;75;75;80;69;71;86;80;90;92.0;78.0;79.0;79.0;72.0;88.0;101.0;105.0;105.0;147.0;129.0;141.0;156.0
52199;44;52;50;49;50;51;52;52;52;50;47;45;46;43;44;44;48;55;51;62;66;74;80.0;96.0;103.0;94.0;128.0;132.0;149.0;154.0;177.0;194.0;213.0;217.0;235.0
52200;44;52;77;80;83;82;82;84;86;89;88;86;86;85;86;83;64;60;79;69;96;120;139.0;159.0;146.0;150.0;150.0;183.0;162.0;178.0;183.0;201.0;210.0;230.0;199.0
52201;44;52;69;69;69;68;68;69;71;72;71;67;66;66;74;72;62;64;70;73;83;88;72.0;90.0;112.0;104.0;107.0;158.0;162.0;178.0;188.0;202.0;215.0;227.0;226.0
52203;44;52;146;147;148;149;151;154;156;157;159;159;159;161;163;164;126;122;133;156;200;212;235.0;211.0;206.0;276.0;266.0;390.0;357.0;361.0;386.0;352.0;339.0;355.0;362.0
52204;44;52;63;64;64;66;68;70;72;74;81;87;94;89;90;88;71;67;87;97;144;139;159.0;126.0;134.0;156.0;152.0;177.0;201.0;199.0;227.0;246.0;233.0;245.0;247.0
52205;44;52;687;693;697;701;705;707;712;724;736;748;755;747;746;745;737;728;717;583;629;614;623.0;554.0;624.0;662.0;616.0;559.0;596.0;594.0;607.0;748.0;637.0;760.0;599.0
52206;44;52;154;157;161;163;164;166;167;166;166;162;158;153;150;147;152;120;121;149;138;127;167.0;180.0;145.0;151.0;164.0;190.0;187.0;197.0;218.0;226.0;226.0;240.0;230.0
52207;44;52;99;97;96;94;94;94;94;95;96;96;95;95;98;98;87;115;125;135;173;156;151.0;190.0;176.0;182.0;179.0;206.0;215.0;224.0;237.0;253.0;252.0;267.0;304.0
52208;44;52;146;148;148;151;158;166;173;172;170;165;159;154;155;157;170;217;243;244;300;343;369.0;403.0;443.0;490.0;513.0;631.0;746.0;765.0;823.0;892.0;930.0;996.0;1055.0
52211;44;52;1449;1485;1521;1558;1571;1590;1590;1591;1592;1597;1603;1618;1633;1645;1760;2026;2183;2212;1968;1971;1930.0;1936.0;1818.0;1376.0;1394.0;1058.0;989.0;1081.0;1165.0;1146.0;1133.0;1217.0;1099.0
52212;44;52;308;310;323;335;348;344;338;336;334;332;336;333;327;322;287;280;300;268;238;236;243.0;233.0;230.0;231.0;241.0;257.0;275.0;313.0;327.0;331.0;373.0;360.0;474.0
52213;44;52;131;132;132;133;135;137;138;139;142;146;151;155;156;158;169;182;209;218;271;269;287.0;317.0;307.0;322.0;310.0;390.0;374.0;424.0;442.0;438.0;457.0;520.0;512.0
52214;44;52;31;32;32;31;30;30;30;28;27;27;26;27;27;27;23;24;19;22;23;19;14.0;17.0;13.0;13.0;15.0;18.0;19.0;21.0;24.0;19.0;19.0;18.0;24.0
52216;44;52;47;45;41;36;32;34;31;31;31;31;31;29;29;30;34;45;57;75;84;68;99.0;69.0;87.0;69.0;84.0;79.0;81.0;102.0;101.0;101.0;133.0;123.0;123.0
52217;44;52;87;88;89;91;93;95;96;97;98;99;100;99;99;98;88;101;107;107;124;124;130.0;132.0;146.0;159.0;177.0;231.0;241.0;273.0;276.0;290.0;282.0;267.0;283.0
52218;44;52;48;47;45;46;45;46;48;49;46;47;46;46;45;46;61;67;81;72;77;80;97.0;113.0;100.0;107.0;121.0;129.0;130.0;144.0;156.0;182.0;188.0;197.0;207.0
52219;44;52;18;18;18;19;20;21;21;20;20;21;21;22;22;23;27;25;29;26;38;40;58.0;47.0;51.0;59.0;78.0;92.0;99.0;113.0;116.0;120.0;118.0;125.0;144.0
52220;44;52;142;136;130;123;127;131;138;145;152;157;158;157;155;154;145;136;154;150;177;236;245.0;224.0;238.0;254.0;251.0;322.0;343.0;350.0;379.0;371.0;332.0;333.0;374.0
52221;44;52;118;120;120;118;116;115;113;115;116;120;124;128;128;130;118;115;130;133;130;153;169.0;185.0;167.0;155.0;148.0;205.0;215.0;221.0;233.0;232.0;243.0;255.0;271.0
52222;44;52;35;36;37;38;42;46;50;45;44;38;33;27;28;28;26;34;41;39;38;39;40.0;60.0;55.0;46.0;51.0;61.0;63.0;69.0;77.0;78.0;71.0;77.0;72.0
52223;44;52;65;67;67;68;69;71;72;69;68;71;73;76;75;73;65;84;105;129;124;132;133.0;176.0;181.0;189.0;177.0;224.0;232.0;245.0;265.0;265.0;287.0;319.0;312.0
52227;44;52;215;223;232;231;229;222;215;208;209;211;221;230;240;235;212;273;319;329;370;394;433.0;417.0;440.0;468.0;505.0;591.0;645.0;688.0;712.0;696.0;734.0;741.0;704.0
52228;44;52;78;79;74;70;67;69;69;74;79;84;83;82;80;78;64;70;89;104;117;131;136.0;117.0;115.0;153.0;137.0;158.0;160.0;165.0;193.0;191.0;201.0;207.0;227.0
52229;44;52;151;150;148;149;149;150;150;150;150;150;150;152;153;153;149;174;190;189;221;229;257.0;309.0;332.0;346.0;337.0;376.0;413.0;418.0;413.0;444.0;468.0;505.0;517.0
52230;44;52;281;284;291;297;300;305;313;326;340;353;350;352;352;353;355;338;399;389;435;445;488.0;465.0;391.0;437.0;436.0;558.0;557.0;630.0;629.0;617.0;624.0;641.0;574.0
52231;44;52;91;92;93;95;97;98;98;97;90;84;77;82;84;85;94;88;79;90;100;119;147.0;144.0;156.0;147.0;153.0;193.0;181.0;193.0;199.0;226.0;238.0;288.0;297.0
52232;44;52;62;61;59;54;49;45;45;45;45;44;44;45;44;42;31;32;40;55;67;56;62.0;74.0;73.0;97.0;92.0;120.0;128.0;138.0;162.0;162.0;169.0;185.0;189.0
52233;44;52;104;106;107;107;106;104;104;105;110;115;120;120;121;121;120;146;177;189;225;227;215.0;204.0;194.0;181.0;180.0;197.0;222.0;222.0;219.0;251.0;289.0;289.0;318.0
52234;44;52;41;40;39;38;37;36;34;35;35;35;35;35;36;35;33;33;34;49;47;42;56.0;67.0;55.0;63.0;70.0;82.0;88.0;93.0;100.0;108.0;116.0;106.0;109.0
52235;44;52;260;273;285;284;282;283;285;290;292;294;290;287;279;287;286;335;363;441;320;299;274.0;248.0;227.0;234.0;205.0;244.0;248.0;265.0;269.0;293.0;324.0;321.0;316.0
52237;44;52;278;285;292;299;296;293;289;284;280;279;275;273;272;270;303;286;333;289;339;345;329.0;318.0;362.0;434.0;416.0;470.0;518.0;523.0;520.0;510.0;508.0;511.0;516.0
52240;44;52;193;201;209;217;216;213;208;203;198;197;197;196;195;194;190;195;200;211;242;250;246.0;290.0;274.0;290.0;301.0;348.0;364.0;407.0;404.0;401.0;428.0;445.0;451.0
52242;44;52;962;962;956;950;944;935;950;963;976;990;994;997;999;1001;1018;1062;1190;1106;1161;1302;1451.0;1569.0;1526.0;1507.0;1614.0;1790.0;1871.0;1978.0;2056.0;2228.0;2384.0;2384.0;2458.0
52243;44;52;120;118;118;118;118;119;120;122;124;127;129;132;133;134;143;147;158;164;176;195;172.0;171.0;207.0;220.0;245.0;320.0;324.0;318.0;364.0;371.0;406.0;407.0;413.0
52244;44;52;761;766;780;794;808;806;817;803;788;774;736;740;731;722;661;643;610;434;417;395;415.0;360.0;366.0;363.0;336.0;402.0;403.0;456.0;440.0;448.0;458.0;497.0;502.0
52245;44;52;62;63;67;70;74;73;73;70;67;64;63;60;61;61;65;75;84;77;82;103;97.0;103.0;122.0;135.0;176.0;193.0;172.0;177.0;195.0;209.0;220.0;228.0;219.0
52246;44;52;579;574;570;567;570;575;579;585;580;578;579;580;580;587;601;598;591;472;504;551;562.0;599.0;592.0;564.0;560.0;626.0;644.0;634.0;654.0;714.0;728.0;1068.0;708.0
52247;44;52;207;214;220;227;229;232;239;246;252;255;258;275;292;309;322;354;382;313;200;170;151.0;150.0;143.0;147.0;175.0;210.0;236.0;252.0;258.0;273.0;263.0;293.0;327.0
52248;44;52;545;544;542;550;547;557;568;578;585;585;579;572;566;573;601;592;585;586;567;554;518.0;502.0;504.0;540.0;588.0;595.0;657.0;715.0;805.0;806.0;803.0;828.0;854.0
52249;44;52;147;148;150;152;156;159;163;159;149;147;146;144;140;131;103;125;148;156;156;155;182.0;156.0;162.0;168.0;157.0;169.0;210.0;215.0;227.0;224.0;231.0;251.0;249.0
52250;44;52;3015;3037;3069;3177;3286;3407;3443;3486;3560;3635;3712;3762;3809;3886;4380;4755;4804;4774;4565;4015;3543.0;3698.0;3662.0;3808.0;3692.0;3825.0;3680.0;3942.0;3814.0;4478.0;4129.0;3909.0;3904.0
52251;44;52;995;1005;1014;1022;1031;1033;1028;1026;1023;1021;995;969;949;929;787;727;780;611;460;485;573.0;522.0;536.0;503.0;645.0;596.0;677.0;650.0;668.0;676.0;689.0;702.0;756.0
52253;44;52;212;215;213;210;208;205;209;214;211;207;204;203;209;205;177;148;135;154;193;181;252.0;207.0;219.0;215.0;212.0;245.0;268.0;265.0;282.0;303.0;329.0;301.0;306.0
52254;44;52;85;84;81;78;74;76;77;77;77;76;78;78;79;80;87;78;75;66;102;136;132.0;146.0;168.0;149.0;184.0;220.0;225.0;247.0;281.0;292.0;305.0;342.0;348.0
52256;44;52;75;77;77;77;81;84;88;86;87;87;87;87;89;90;109;98;89;87;104;112;80.0;75.0;102.0;113.0;90.0;118.0;111.0;137.0;140.0;127.0;145.0;170.0;177.0
52257;44;52;105;107;107;108;108;109;109;109;110;111;112;114;113;118;150;171;194;223;257;298;283.0;318.0;330.0;335.0;342.0;407.0;457.0;476.0;474.0;514.0;580.0;587.0;635.0
52258;44;52;311;321;331;341;341;342;352;361;371;367;364;363;361;360;375;428;410;480;537;498;500.0;570.0;574.0;628.0;599.0;657.0;698.0;778.0;847.0;921.0;994.0;976.0;1059.0
52260;44;52;123;123;124;124;125;128;131;133;130;126;120;115;109;109;106;125;126;122;133;134;94.0;89.0;101.0;97.0;96.0;95.0;98.0;105.0;87.0;105.0;138.0;125.0;128.0
52264;44;52;61;62;65;69;72;69;70;68;66;64;66;67;71;75;101;103;112;119;142;178;191.0;210.0;225.0;248.0;283.0;323.0;364.0;391.0;422.0;475.0;480.0;497.0;505.0
52265;44;52;1298;1310;1322;1341;1359;1378;1393;1401;1427;1453;1480;1491;1508;1509;1518;1622;1497;1640;1788;1413;1361.0;1150.0;1238.0;1214.0;984.0;937.0;948.0;941.0;943.0;918.0;868.0;917.0;871.0
52266;44;52;66;66;66;65;65;60;62;62;62;64;63;59;58;57;51;56;89;96;105;101;121.0;115.0;74.0;76.0;71.0;80.0;91.0;97.0;106.0;112.0;119.0;127.0;134.0
52267;44;52;216;213;209;206;200;197;190;182;175;179;183;182;182;181;192;207;194;112;84;86;77.0;64.0;68.0;72.0;67.0;78.0;85.0;105.0;105.0;105.0;99.0;105.0;111.0
52269;44;52;7668;7699;7731;7761;7786;7850;7877;7905;7968;8082;8066;8240;8414;8524;9586;9987;10468;11437;11001;9731;8449.0;8180.0;7726.0;8019.0;9768.0;9602.0;9987.0;10115.0;10520.0;10897.0;11415.0;12288.0;10601.0
52271;44;52;197;191;186;188;191;198;205;212;216;219;216;213;209;211;189;205;230;248;254;314;305.0;287.0;364.0;396.0;371.0;427.0;415.0;427.0;428.0;465.0;459.0;464.0;476.0
52272;44;52;114;118;121;125;127;128;130;128;128;132;135;139;138;139;146;146;153;156;163;185;193.0;182.0;205.0;191.0;215.0;239.0;273.0;255.0;292.0;329.0;355.0;385.0;394.0
52273;44;52;121;119;117;114;112;117;123;137;151;165;161;145;147;148;158;151;154;167;195;224;280.0;397.0;371.0;415.0;489.0;606.0;681.0;734.0;804.0;885.0;949.0;1071.0;1043.0
52274;44;52;291;293;295;290;284;279;283;286;303;320;337;339;335;336;339;371;392;436;497;533;590.0;597.0;578.0;595.0;584.0;654.0;714.0;793.0;823.0;922.0;924.0;988.0;979.0
52275;44;52;69;72;76;76;80;84;90;89;90;87;84;78;78;80;78;101;114;131;132;146;151.0;166.0;158.0;164.0;177.0;179.0;183.0;190.0;182.0;205.0;223.0;235.0;237.0
52276;44;52;223;214;205;205;208;211;213;216;218;219;222;225;228;227;198;223;250;154;134;118;139.0;131.0;164.0;166.0;154.0;202.0;212.0;211.0;220.0;216.0;250.0;248.0;260.0
52277;44;52;59;59;60;62;64;66;66;66;67;69;70;72;73;75;87;86;84;97;106;117;136.0;150.0;154.0;156.0;153.0;179.0;200.0;210.0;219.0;220.0;225.0;210.0;211.0
52278;44;52;71;74;78;81;85;86;87;89;91;92;93;93;93;92;85;90;83;98;93;124;123.0;104.0;116.0;113.0;111.0;139.0;165.0;175.0;184.0;214.0;219.0;232.0;233.0
52280;44;52;199;204;210;215;213;213;216;219;222;220;219;218;217;216;204;238;232;172;164;190;191.0;208.0;201.0;193.0;195.0;246.0;268.0;271.0;291.0;296.0;280.0;317.0;325.0
52282;44;52;340;344;349;345;343;337;331;326;322;321;321;321;322;312;285;271;303;301;324;318;347.0;363.0;383.0;406.0;382.0;421.0;465.0;485.0;569.0;585.0;639.0;656.0;638.0
52284;44;52;94;97;101;101;101;99;97;95;97;96;98;99;106;107;94;78;87;103;100;103;142.0;168.0;180.0;175.0;196.0;251.0;241.0;276.0;310.0;327.0;352.0;354.0;385.0
52285;44;52;78;82;85;85;87;88;90;91;80;75;69;63;57;57;47;53;51;65;83;100;99.0;111.0;107.0;112.0;118.0;158.0;169.0;181.0;189.0;205.0;210.0;211.0;212.0
52286;44;52;77;80;84;87;91;92;93;93;93;93;94;89;91;92;101;88;103;112;163;170;128.0;151.0;138.0;159.0;163.0;196.0;206.0;212.0;225.0;235.0;250.0;259.0;273.0
52287;44;52;88;88;87;87;91;95;99;99;98;97;95;94;94;95;107;130;131;155;177;186;196.0;210.0;206.0;233.0;252.0;289.0;286.0;289.0;319.0;302.0;311.0;298.0;342.0
52288;44;52;121;122;125;121;117;113;109;109;107;110;113;117;118;115;107;127;162;194;210;201;224.0;260.0;274.0;300.0;308.0;380.0;388.0;385.0;415.0;445.0;424.0;479.0;521.0
52289;44;52;315;318;320;323;324;324;316;317;325;335;345;350;351;354;355;347;358;340;357;335;339.0;324.0;332.0;442.0;370.0;462.0;330.0;328.0;352.0;353.0;361.0;377.0;428.0
52290;44;52;132;134;137;137;136;134;132;130;131;131;134;136;139;138;126;132;149;154;184;196;222.0;206.0;189.0;217.0;195.0;196.0;214.0;219.0;238.0;272.0;290.0;331.0;344.0
52291;44;52;62;66;71;75;75;75;74;74;73;74;75;78;81;84;65;59;73;83;106;96;97.0;108.0;130.0;116.0;120.0;130.0;128.0;143.0;163.0;177.0;191.0;182.0;181.0
52292;44;52;722;730;743;742;741;740;739;738;727;720;714;707;705;695;669;638;549;536;410;383;373.0;392.0;400.0;377.0;410.0;411.0;473.0;513.0;498.0;502.0;548.0;564.0;577.0
52294;44;52;696;699;701;705;710;715;719;724;732;739;755;771;786;779;742;737;670;555;616;662;701.0;566.0;579.0;570.0;620.0;715.0;778.0;724.0;801.0;842.0;858.0;1038.0;978.0
52295;44;52;94;95;97;99;101;102;101;101;102;102;103;106;108;110;125;138;142;143;166;183;164.0;152.0;168.0;183.0;177.0;187.0;195.0;194.0;207.0;202.0;247.0;266.0;256.0
52297;44;52;273;262;258;258;259;259;260;261;265;265;266;269;273;277;320;288;248;217;248;268;385.0;322.0;375.0;363.0;370.0;442.0;447.0;413.0;390.0;582.0;321.0;302.0;287.0
52298;44;52;73;75;75;76;79;82;85;84;84;83;82;81;81;82;93;107;132;130;145;142;150.0;147.0;152.0;163.0;184.0;194.0;183.0;197.0;220.0;226.0;234.0;258.0;272.0
52300;44;52;163;165;167;172;178;183;182;170;164;157;151;152;148;150;163;178;171;129;139;158;152.0;162.0;179.0;193.0;169.0;188.0;192.0;180.0;189.0;221.0;222.0;230.0;239.0
52301;44;52;61;60;58;56;53;54;55;55;54;54;56;59;60;60;62;64;81;85;87;102;105.0;105.0;121.0;125.0;142.0;136.0;156.0;165.0;171.0;169.0;161.0;163.0;157.0
52302;44;52;189;193;198;196;192;184;176;168;171;170;169;169;168;168;168;169;161;145;168;187;200.0;175.0;200.0;203.0;234.0;245.0;269.0;295.0;286.0;382.0;303.0;309.0;313.0
52303;44;52;95;97;98;100;101;102;103;105;106;107;106;110;114;118;123;142;150;131;136;165;226.0;272.0;271.0;255.0;288.0;317.0;338.0;357.0;372.0;409.0;454.0;458.0;478.0
52304;44;52;52;54;57;59;59;57;56;56;55;58;59;59;59;59;52;74;81;74;75;85;95.0;77.0;78.0;88.0;94.0;112.0;134.0;143.0;152.0;174.0;173.0;166.0;186.0
52305;44;52;553;549;538;526;515;521;522;529;535;542;529;525;513;501;418;392;402;420;472;498;462.0;440.0;486.0;480.0;486.0;562.0;555.0;541.0;555.0;571.0;590.0;594.0;611.0
52306;44;52;444;447;451;453;460;467;475;476;479;473;467;461;461;468;501;590;697;768;794;716;567.0;414.0;390.0;416.0;743.0;650.0;733.0;797.0;756.0;800.0;795.0;800.0;859.0
52307;44;52;214;215;214;213;215;216;218;221;225;226;227;229;226;221;193;162;174;181;201;216;240.0;238.0;222.0;238.0;231.0;285.0;283.0;303.0;332.0;344.0;364.0;390.0;400.0
52308;44;52;403;404;410;416;422;429;431;440;448;457;459;459;464;469;490;479;487;480;449;449;400.0;420.0;411.0;381.0;330.0;366.0;414.0;417.0;431.0;434.0;458.0;457.0;460.0
52310;44;52;99;98;98;97;99;101;105;109;113;113;113;110;107;104;101;94;120;126;136;191;167.0;168.0;156.0;146.0;126.0;158.0;180.0;185.0;218.0;220.0;215.0;225.0;242.0
52311;44;52;224;223;218;212;207;210;215;218;221;224;226;228;229;229;234;277;273;272;308;348;387.0;436.0;430.0;443.0;503.0;548.0;567.0;586.0;573.0;588.0;626.0;625.0;635.0
52312;44;52;53;50;47;49;50;56;62;67;70;67;65;63;62;59;54;57;38;43;46;51;53.0;75.0;75.0;78.0;89.0;106.0;104.0;99.0;116.0;124.0;136.0;121.0;128.0
52313;44;52;143;149;155;162;160;156;151;145;140;142;141;140;139;138;116;123;127;109;127;154;164.0;155.0;149.0;227.0;181.0;200.0;221.0;234.0;244.0;238.0;264.0;297.0;308.0
52315;44;52;336;333;325;317;307;306;304;302;299;300;291;289;287;284;263;245;187;171;188;179;209.0;175.0;203.0;245.0;246.0;290.0;319.0;317.0;374.0;441.0;422.0;433.0;409.0
52316;44;52;69;66;65;68;70;73;70;68;64;60;56;57;57;56;52;51;55;68;75;92;103.0;99.0;112.0;110.0;142.0;154.0;157.0;151.0;165.0;180.0;195.0;214.0;263.0
52318;44;52;245;251;258;264;266;268;276;283;292;291;293;295;298;299;282;299;322;424;558;567;616.0;689.0;718.0;903.0;877.0;1120.0;1246.0;1300.0;1297.0;1364.0;1405.0;1413.0;1374.0
52319;44;52;71;71;70;70;70;69;69;69;70;69;69;68;69;69;71;73;66;64;99;124;128.0;103.0;113.0;115.0;124.0;145.0;164.0;178.0;174.0;172.0;179.0;187.0;189.0
52320;44;52;94;96;100;105;109;111;114;122;130;138;135;133;134;134;137;137;135;167;166;187;180.0;256.0;222.0;244.0;294.0;259.0;237.0;222.0;234.0;275.0;258.0;270.0;220.0
52321;44;52;179;177;177;176;176;178;181;190;199;207;203;203;201;199;183;207;210;199;254;281;256.0;254.0;275.0;306.0;325.0;402.0;429.0;449.0;481.0;493.0;531.0;569.0;615.0
52322;44;52;132;132;131;136;134;133;128;123;114;112;111;109;107;104;112;114;122;110;124;126;143.0;135.0;118.0;120.0;118.0;165.0;180.0;203.0;197.0;219.0;228.0;257.0;278.0
52325;44;52;117;116;114;112;110;109;110;116;121;127;126;127;127;127;125;112;111;118;161;191;195.0;223.0;293.0;256.0;283.0;333.0;357.0;381.0;400.0;425.0;431.0;439.0;435.0
52326;44;52;43;43;42;42;42;42;43;44;46;50;53;57;54;53;47;47;68;77;90;86;78.0;69.0;75.0;78.0;77.0;96.0;98.0;108.0;98.0;102.0;105.0;116.0;110.0
52327;44;52;444;434;425;430;432;431;429;428;435;440;453;466;479;486;530;606;540;468;252;241;202.0;156.0;147.0;161.0;158.0;161.0;121.0;138.0;174.0;158.0;177.0;204.0;182.0
52328;44;52;32;33;33;34;35;37;37;37;37;37;38;38;38;38;36;33;30;30;34;42;56.0;103.0;98.0;118.0;124.0;133.0;147.0;136.0;148.0;173.0;212.0;217.0;218.0
52330;44;52;68;68;65;62;59;59;60;64;68;72;72;72;72;71;67;73;76;78;80;117;132.0;138.0;103.0;159.0;242.0;154.0;158.0;169.0;172.0;190.0;212.0;233.0;248.0
52331;44;52;2282;2290;2278;2285;2311;2335;2358;2352;2352;2337;2332;2314;2319;2312;2201;2194;2304;2321;2346;2061;1844.0;1802.0;1937.0;1927.0;1871.0;1904.0;1902.0;1961.0;1957.0;1866.0;1917.0;1876.0;1942.0
52332;44;52;1832;1846;1861;1875;1888;1909;1933;1941;1929;1918;1908;1919;1911;1915;1948;1907;1883;1925;1943;2071;2107.0;2414.0;2357.0;2467.0;2379.0;2932.0;2893.0;2887.0;3013.0;3178.0;3268.0;3374.0;3412.0
52335;44;52;120;125;131;128;125;120;115;109;111;113;114;115;116;114;115;115;128;133;146;147;150.0;137.0;134.0;175.0;173.0;245.0;226.0;218.0;190.0;205.0;206.0;154.0;212.0
52336;44;52;147;156;165;163;161;155;150;144;150;154;156;158;160;157;165;129;145;192;232;164;191.0;188.0;244.0;253.0;254.0;287.0;315.0;308.0;329.0;271.0;272.0;267.0;173.0
52337;44;52;59;60;62;63;64;64;65;64;66;68;69;68;69;71;82;97;90;87;104;121;139.0;118.0;117.0;140.0;156.0;167.0;196.0;202.0;219.0;240.0;283.0;292.0;354.0
52341;44;52;131;133;134;136;135;134;137;140;142;142;140;135;129;124;99;110;128;153;171;176;191.0;201.0;207.0;200.0;194.0;230.0;239.0;227.0;252.0;275.0;300.0;326.0;359.0
52342;44;52;27;28;29;29;29;29;28;28;28;29;29;28;28;28;24;34;44;53;44;41;38.0;50.0;52.0;51.0;52.0;71.0;69.0;72.0;93.0;91.0;98.0;102.0;109.0
52344;44;52;31;33;35;38;37;37;35;34;32;33;33;34;35;36;25;23;30;37;36;30;40.0;49.0;41.0;36.0;33.0;44.0;49.0;49.0;54.0;69.0;63.0;55.0;62.0
52346;44;52;381;378;372;367;361;360;359;352;345;338;333;334;334;335;339;339;341;351;398;380;346.0;268.0;308.0;329.0;344.0;326.0;324.0;353.0;375.0;406.0;421.0;429.0;542.0
52347;44;52;237;243;247;251;255;260;253;251;247;244;240;240;236;238;249;296;258;254;244;247;279.0;241.0;274.0;321.0;341.0;385.0;388.0;383.0;405.0;402.0;423.0;414.0;419.0
52348;44;52;580;587;591;602;612;623;634;634;636;639;641;644;644;643;636;587;621;595;694;687;637.0;745.0;741.0;733.0;794.0;911.0;1025.0;924.0;1018.0;1098.0;1087.0;1127.0;1153.0
52349;44;52;307;308;311;314;315;316;317;323;325;332;339;348;351;354;367;347;390;241;166;194;227.0;168.0;174.0;156.0;161.0;152.0;168.0;164.0;187.0;170.0;202.0;196.0;204.0
52350;44;52;68;70;72;74;77;79;82;84;87;90;92;93;94;97;119;115;144;161;154;157;185.0;211.0;200.0;210.0;238.0;264.0;302.0;306.0;316.0;342.0;360.0;357.0;413.0
52352;44;52;68;74;79;85;83;82;82;82;82;85;86;81;77;72;81;114;121;128;138;145;151.0;182.0;183.0;173.0;200.0;211.0;234.0;253.0;254.0;262.0;280.0;263.0;277.0
52353;44;52;3591;3672;3752;3834;3865;3865;3895;3926;3953;3985;3989;4018;4046;4075;4343;4754;5318;5265;5142;4640;4172.0;3843.0;4178.0;4107.0;3958.0;4187.0;4109.0;4022.0;4131.0;4126.0;4185.0;4138.0;4472.0
52354;44;52;84;83;82;82;83;84;86;88;91;90;90;90;91;91;102;98;107;90;117;118;133.0;131.0;133.0;146.0;141.0;180.0;188.0;281.0;194.0;182.0;241.0;649.0;239.0
52355;44;52;151;152;160;161;162;164;169;174;190;206;223;218;215;212;194;156;146;180;184;193;191.0;221.0;234.0;243.0;270.0;302.0;296.0;331.0;332.0;395.0;379.0;407.0;437.0
52356;44;52;108;109;110;109;109;105;100;95;96;97;99;100;102;102;91;92;92;105;119;134;141.0;150.0;162.0;165.0;162.0;190.0;216.0;234.0;217.0;246.0;265.0;284.0;311.0
52357;44;52;177;176;176;175;178;179;175;171;167;170;169;173;177;180;194;215;256;258;281;259;292.0;314.0;319.0;342.0;311.0;285.0;291.0;327.0;363.0;411.0;364.0;410.0;454.0
52358;44;52;90;86;83;81;80;76;71;67;69;72;76;80;84;84;96;82;90;96;133;176;148.0;148.0;173.0;176.0;176.0;217.0;231.0;250.0;285.0;277.0;298.0;295.0;301.0
52359;44;52;150;156;161;159;161;165;169;173;175;177;176;175;174;180;222;224;264;265;286;297;291.0;318.0;327.0;344.0;335.0;386.0;436.0;447.0;474.0;514.0;538.0;533.0;523.0
52360;44;52;165;161;157;153;154;153;152;151;149;148;143;143;144;144;146;139;163;181;167;223;210.0;192.0;206.0;237.0;233.0;263.0;270.0;270.0;291.0;321.0;357.0;359.0;348.0
52362;44;52;136;134;133;135;137;140;143;145;148;155;157;159;161;159;162;168;159;112;154;162;168.0;172.0;171.0;188.0;190.0;241.0;250.0;260.0;276.0;272.0;283.0;286.0;333.0
52363;44;52;98;96;96;96;97;97;96;96;96;96;96;96;96;96;97;124;107;106;117;126;141.0;137.0;147.0;147.0;164.0;162.0;166.0;186.0;190.0;198.0;211.0;215.0;219.0
52364;44;52;102;101;99;98;97;99;107;115;124;120;115;111;107;103;98;83;81;77;92;98;105.0;104.0;98.0;110.0;109.0;133.0;149.0;155.0;160.0;155.0;169.0;147.0;148.0
52365;44;52;345;347;354;361;366;368;373;384;396;407;399;398;396;395;383;357;382;380;461;492;519.0;479.0;508.0;514.0;564.0;624.0;665.0;657.0;747.0;810.0;844.0;854.0;847.0
52366;44;52;77;79;79;80;81;82;83;81;81;81;82;82;78;78;78;79;92;88;97;112;102.0;121.0;124.0;132.0;143.0;181.0;192.0;195.0;195.0;212.0;215.0;248.0;234.0
52367;44;52;41;42;43;45;47;49;48;47;44;42;39;41;42;43;50;53;56;78;93;65;64.0;40.0;49.0;52.0;64.0;75.0;84.0;86.0;106.0;114.0;133.0;133.0;147.0
52369;44;52;70;75;80;86;85;84;82;80;77;79;82;84;86;88;92;75;93;106;135;140;137.0;145.0;164.0;153.0;152.0;186.0;227.0;214.0;254.0;246.0;243.0;257.0;240.0
52370;44;52;255;258;257;258;260;263;265;269;275;277;278;280;282;280;303;359;465;560;617;669;653.0;570.0;638.0;714.0;628.0;762.0;820.0;890.0;860.0;945.0;1175.0;1335.0;1503.0
52371;44;52;139;141;143;145;146;148;153;157;162;163;164;163;161;160;148;159;162;160;181;191;206.0;157.0;160.0;177.0;187.0;213.0;255.0;262.0;317.0;312.0;334.0;339.0;340.0
52372;44;52;84;85;90;95;100;100;99;95;92;88;87;89;91;92;102;113;124;124;131;138;144.0;170.0;175.0;179.0;180.0;231.0;230.0;241.0;258.0;258.0;247.0;260.0;293.0
52373;44;52;33;36;39;42;45;45;45;49;54;58;58;58;58;57;53;52;58;64;87;86;104.0;105.0;112.0;116.0;106.0;136.0;133.0;142.0;155.0;158.0;164.0;152.0;158.0
52374;44;52;276;280;284;285;286;294;303;311;305;306;297;287;278;278;269;321;319;336;306;308;289.0;231.0;229.0;245.0;241.0;271.0;286.0;306.0;299.0;312.0;308.0;339.0;366.0
52375;44;52;55;57;59;61;58;58;58;59;59;60;56;56;55;55;60;68;52;51;69;76;71.0;78.0;70.0;86.0;85.0;100.0;101.0;94.0;102.0;105.0;117.0;120.0;126.0
52376;44;52;106;101;97;93;89;86;86;87;86;85;83;78;74;73;67;96;117;112;93;105;102.0;100.0;102.0;118.0;83.0;101.0;114.0;134.0;163.0;146.0;164.0;195.0;258.0
52377;44;52;288;293;299;299;302;305;302;299;296;298;294;301;308;315;310;338;352;388;464;541;576.0;691.0;714.0;778.0;825.0;901.0;980.0;1017.0;1072.0;1153.0;1218.0;1197.0;1290.0
52378;44;52;46;46;47;47;47;47;47;46;46;45;44;44;44;45;44;49;47;45;40;47;55.0;84.0;83.0;87.0;72.0;92.0;105.0;108.0;124.0;124.0;106.0;190.0;178.0
52380;44;52;382;379;376;372;369;370;370;360;351;341;342;347;347;347;347;377;336;205;204;199;222.0;190.0;203.0;181.0;184.0;206.0;202.0;212.0;206.0;383.0;232.0;300.0;217.0
52383;44;52;292;293;293;292;291;290;284;290;287;284;280;276;275;276;262;287;255;268;259;220;258.0;230.0;222.0;241.0;266.0;304.0;366.0;377.0;405.0;454.0;510.0;492.0;501.0
52384;44;52;112;111;114;118;121;123;117;114;110;107;107;112;113;114;121;129;130;125;157;172;208.0;229.0;203.0;222.0;206.0;252.0;257.0;268.0;250.0;246.0;263.0;294.0;326.0
52385;44;52;30;31;31;31;34;36;39;40;40;43;46;49;49;49;46;61;56;54;66;88;102.0;116.0;115.0;126.0;112.0;151.0;161.0;164.0;176.0;202.0;219.0;236.0;247.0
52386;44;52;515;522;526;530;554;552;552;561;569;558;555;557;556;555;617;587;630;700;735;667;597.0;492.0;457.0;431.0;417.0;444.0;483.0;501.0;540.0;612.0;680.0;660.0;703.0
52388;44;52;149;146;143;145;147;156;165;173;171;168;169;170;172;172;180;201;206;241;337;341;374.0;413.0;444.0;476.0;469.0;529.0;525.0;560.0;570.0;616.0;654.0;688.0;733.0
52390;44;52;56;54;51;50;49;47;46;44;43;44;47;49;52;51;54;66;72;81;81;109;122.0;122.0;127.0;155.0;182.0;183.0;191.0;172.0;183.0;205.0;209.0;226.0;230.0
52391;44;52;306;305;304;306;305;312;319;327;322;315;306;298;289;286;244;232;178;169;185;197;210.0;204.0;214.0;219.0;251.0;290.0;317.0;327.0;339.0;362.0;384.0;387.0;397.0
52392;44;52;115;114;115;112;109;106;107;108;107;105;104;104;104;104;100;112;127;133;172;231;264.0;260.0;243.0;261.0;308.0;476.0;342.0;346.0;513.0;608.0;752.0;434.0;370.0
52393;44;52;55;55;52;49;46;47;47;49;51;53;53;51;49;48;38;42;56;64;56;64;82.0;69.0;86.0;89.0;72.0;82.0;95.0;102.0;100.0;112.0;133.0;285.0;133.0
52394;44;52;213;218;222;227;227;228;229;230;232;227;221;213;206;198;161;187;239;255;257;260;301.0;298.0;320.0;333.0;352.0;409.0;411.0;406.0;430.0;433.0;470.0;436.0;458.0
52395;44;52;55;50;45;41;43;45;50;54;59;60;61;61;60;60;62;85;71;72;71;87;125.0;115.0;133.0;154.0;137.0;158.0;155.0;160.0;154.0;164.0;183.0;283.0;142.0
52396;44;52;140;142;143;147;150;154;155;154;153;151;150;150;147;147;145;152;161;164;192;199;189.0;205.0;219.0;210.0;223.0;250.0;276.0;284.0;298.0;312.0;319.0;341.0;314.0
52397;44;52;71;72;71;73;75;77;79;78;76;75;73;74;75;76;79;77;87;100;121;112;114.0;131.0;142.0;140.0;144.0;159.0;166.0;166.0;172.0;165.0;199.0;193.0;201.0
52398;44;52;632;650;667;685;694;693;706;719;734;736;736;734;732;728;747;732;747;720;732;742;710.0;740.0;771.0;809.0;898.0;844.0;907.0;1032.0;1054.0;1304.0;1186.0;1201.0;1279.0
52399;44;52;105;108;120;132;144;146;147;148;148;149;148;149;148;147;140;168;185;177;215;198;186.0;168.0;188.0;205.0;205.0;249.0;255.0;298.0;297.0;313.0;348.0;356.0;377.0
52400;44;52;155;153;150;154;159;163;161;161;158;155;153;153;155;159;188;155;162;214;244;284;314.0;380.0;396.0;418.0;439.0;546.0;617.0;664.0;670.0;706.0;727.0;759.0;802.0
52401;44;52;367;373;386;400;413;408;401;396;390;385;391;397;400;402;418;412;427;459;468;494;476.0;452.0;514.0;492.0;502.0;519.0;553.0;584.0;658.0;804.0;737.0;940.0;739.0
52403;44;52;78;76;74;72;71;70;69;68;67;68;68;67;65;64;58;63;97;135;152;142;124.0;158.0;147.0;152.0;175.0;188.0;223.0;201.0;216.0;249.0;311.0;274.0;275.0
52405;44;52;1188;1227;1265;1277;1264;1258;1259;1263;1264;1267;1261;1250;1239;1240;1297;1285;1149;1027;1057;1092;1026.0;1122.0;1168.0;1194.0;1128.0;1379.0;1411.0;1411.0;1510.0;1599.0;1673.0;1680.0;1949.0
52406;44;52;198;199;200;201;200;205;202;199;196;201;208;222;235;249;233;262;294;320;369;401;423.0;471.0;472.0;536.0;518.0;616.0;606.0;658.0;697.0;724.0;746.0;738.0;766.0
52407;44;52;281;286;296;305;315;317;321;330;339;347;349;346;345;344;337;348;409;383;368;390;387.0;344.0;364.0;416.0;409.0;460.0;441.0;483.0;496.0;525.0;526.0;546.0;568.0
52411;44;52;1329;1350;1371;1385;1381;1386;1398;1416;1421;1408;1394;1371;1342;1325;1231;1218;1244;1303;1493;1567;1604.0;1643.0;1724.0;1706.0;1792.0;2148.0;2296.0;2445.0;2575.0;2572.0;2771.0;2772.0;2948.0
52413;44;52;106;105;105;104;106;107;108;110;111;111;108;108;108;107;93;95;125;160;143;172;184.0;159.0;189.0;195.0;191.0;192.0;192.0;202.0;207.0;197.0;170.0;193.0;184.0
52414;44;52;770;774;779;782;791;799;808;812;820;824;827;831;838;798;760;838;911;887;833;728;754.0;685.0;742.0;1004.0;1032.0;876.0;929.0;920.0;896.0;1010.0;808.0;788.0;679.0
52415;44;52;115;110;106;108;111;111;112;112;111;113;113;114;114;113;109;130;144;168;191;203;208.0;195.0;214.0;208.0;214.0;251.0;260.0;246.0;262.0;310.0;297.0;284.0;316.0
52416;44;52;63;63;64;64;65;65;68;71;75;78;78;77;77;77;78;74;70;93;121;132;131.0;143.0;144.0;157.0;164.0;171.0;181.0;200.0;211.0;232.0;262.0;258.0;255.0
52419;44;52;131;133;136;138;143;148;153;156;158;165;173;180;180;179;190;184;197;186;185;175;151.0;222.0;191.0;188.0;193.0;199.0;226.0;214.0;223.0;237.0;235.0;251.0;285.0
52420;44;52;126;122;119;120;119;119;120;120;124;126;128;130;131;134;162;165;179;233;275;274;258.0;208.0;249.0;276.0;281.0;330.0;334.0;356.0;411.0;435.0;507.0;530.0;517.0
52421;44;52;477;475;473;471;459;447;435;438;445;456;467;478;483;478;446;445;408;513;320;343;299.0;260.0;237.0;225.0;222.0;238.0;229.0;259.0;290.0;304.0;340.0;380.0;391.0
52422;44;52;262;267;274;281;288;281;280;277;274;270;273;275;276;277;284;249;246;257;271;293;331.0;268.0;311.0;284.0;318.0;345.0;367.0;392.0;377.0;404.0;431.0;497.0;514.0
52423;44;52;671;671;671;671;678;686;693;704;708;728;747;767;767;768;753;801;770;828;888;827;724.0;704.0;791.0;845.0;922.0;1100.0;1091.0;1116.0;1127.0;1154.0;1011.0;1170.0;1046.0
52424;44;52;69;71;73;75;74;73;74;76;77;70;69;66;63;60;74;82;92;110;116;132;144.0;142.0;155.0;158.0;156.0;203.0;193.0;202.0;216.0;247.0;275.0;258.0;274.0
52425;44;52;196;197;199;200;207;213;220;220;218;221;224;227;223;228;214;203;225;220;246;261;279.0;304.0;324.0;383.0;408.0;451.0;460.0;472.0;518.0;550.0;590.0;618.0;646.0
52426;44;52;128;127;125;124;122;121;119;118;120;118;118;118;118;127;132;125;126;107;126;143;167.0;170.0;193.0;205.0;209.0;250.0;272.0;295.0;314.0;335.0;343.0;369.0;410.0
52428;44;52;64;65;64;61;58;55;55;61;63;65;67;67;65;65;61;75;68;56;69;93;126.0;101.0;84.0;98.0;121.0;129.0;145.0;146.0;163.0;177.0;195.0;196.0;208.0
52429;44;52;556;557;557;554;559;564;570;571;572;580;589;597;604;606;624;673;558;503;449;423;416.0;350.0;365.0;420.0;455.0;469.0;439.0;451.0;458.0;441.0;471.0;516.0;507.0
52431;44;52;168;166;167;165;163;161;159;157;154;151;148;147;149;149;147;154;171;172;196;225;259.0;327.0;313.0;372.0;325.0;395.0;413.0;421.0;475.0;491.0;511.0;578.0;571.0
52432;44;52;1413;1445;1478;1512;1522;1522;1546;1570;1593;1604;1610;1613;1616;1618;1508;1517;1626;1617;1710;1673;1704.0;1613.0;1648.0;1691.0;1615.0;2109.0;2179.0;1989.0;2249.0;2205.0;2216.0;2372.0;2696.0
52433;44;52;91;93;104;114;125;125;125;124;124;124;126;126;129;131;147;180;201;214;255;275;280.0;306.0;303.0;306.0;340.0;442.0;438.0;470.0;470.0;491.0;518.0;522.0;540.0
52436;44;52;49;48;47;48;48;50;52;54;56;58;57;56;55;55;58;56;68;81;77;90;93.0;93.0;92.0;104.0;106.0;123.0;144.0;160.0;152.0;173.0;191.0;211.0;222.0
52437;44;52;25;25;25;26;27;32;37;42;40;37;37;36;36;33;27;23;20;29;37;50;47.0;56.0;60.0;70.0;71.0;95.0;87.0;93.0;92.0;86.0;106.0;109.0;125.0
52438;44;52;104;107;110;113;114;115;116;119;120;126;132;138;137;137;141;131;128;147;171;172;181.0;206.0;221.0;271.0;273.0;290.0;311.0;309.0;343.0;370.0;381.0;387.0;405.0
52439;44;52;76;86;96;106;106;102;103;103;104;100;103;103;102;102;102;106;131;163;218;205;211.0;235.0;241.0;256.0;349.0;296.0;323.0;338.0;370.0;375.0;382.0;388.0;386.0
52440;44;52;375;379;384;387;390;388;383;378;371;366;368;361;353;346;348;315;345;257;304;288;200.0;175.0;240.0;258.0;298.0;286.0;310.0;280.0;305.0;277.0;337.0;351.0;342.0
52442;44;52;343;340;338;333;331;333;335;337;331;331;320;309;298;302;307;315;338;301;252;216;228.0;242.0;253.0;239.0;242.0;240.0;269.0;282.0;276.0;321.0;286.0;321.0;345.0
52443;44;52;33;33;33;33;35;37;37;36;40;42;45;47;49;48;45;58;60;61;68;98;88.0;93.0;98.0;101.0;107.0;144.0;152.0;174.0;196.0;275.0;243.0;246.0;253.0
52444;44;52;352;366;381;395;392;392;391;389;388;396;353;362;371;380;388;388;389;353;369;347;352.0;370.0;339.0;373.0;395.0;534.0;446.0;459.0;502.0;557.0;615.0;595.0;596.0
52445;44;52;69;70;71;83;95;75;75;73;78;84;87;84;85;82;55;75;101;112;130;121;123.0;135.0;136.0;137.0;126.0;168.0;183.0;172.0;206.0;215.0;235.0;216.0;229.0
52446;44;52;233;232;232;230;229;227;226;226;223;221;219;217;191;188;152;131;134;148;147;170;176.0;190.0;212.0;218.0;240.0;300.0;305.0;324.0;338.0;361.0;390.0;402.0;415.0
52447;44;52;183;186;189;189;187;187;183;179;175;178;181;177;173;170;158;178;196;164;167;183;203.0;212.0;231.0;245.0;259.0;282.0;390.0;287.0;299.0;436.0;752.0;496.0;329.0
52448;44;52;22928;23382;24012;24932;25182;25505;25626;25280;24825;25526;26112;26404;26962;26972;30900;33552;35189;37266;36616;34407;25515.0;19469.0;18577.0;19293.0;17831.0;16275.0;14910.0;14867.0;14224.0;13704.0;13769.0;13134.0;13109.0
52449;44;52;1116;1123;1129;1137;1141;1145;1155;1181;1212;1227;1233;1228;1222;1187;1111;1122;810;704;592;577;577.0;570.0;608.0;594.0;744.0;879.0;952.0;950.0;1048.0;1112.0;1102.0;1625.0;840.0
52450;44;52;129;136;142;149;147;147;154;162;169;167;170;166;162;158;144;180;196;178;166;197;371.0;299.0;276.0;311.0;320.0;280.0;304.0;532.0;522.0;502.0;526.0;522.0;587.0
52452;44;52;109;110;111;109;107;106;104;103;94;95;87;79;71;69;53;66;65;54;63;80;112.0;102.0;160.0;120.0;136.0;104.0;133.0;115.0;117.0;134.0;148.0;143.0;149.0
52453;44;52;132;134;135;137;138;131;126;122;117;123;124;129;135;140;143;170;146;45;59;48;60.0;65.0;55.0;56.0;62.0;84.0;80.0;82.0;76.0;99.0;97.0;102.0;97.0
52455;44;52;236;237;238;238;237;237;242;250;264;278;292;293;292;291;279;295;331;400;316;212;180.0;207.0;214.0;225.0;215.0;207.0;254.0;254.0;255.0;257.0;268.0;273.0;279.0
52456;44;52;638;642;643;649;648;648;647;652;647;648;649;651;647;644;659;707;727;754;745;685;630.0;499.0;502.0;488.0;471.0;560.0;641.0;764.0;853.0;903.0;951.0;970.0;1180.0
52457;44;52;172;173;176;177;176;176;175;179;178;181;184;187;184;180;138;141;149;125;128;121;112.0;123.0;121.0;121.0;134.0;160.0;162.0;176.0;174.0;177.0;189.0;212.0;180.0
52459;44;52;113;113;113;113;113;113;114;111;113;113;113;113;109;109;94;82;94;108;118;115;112.0;120.0;117.0;122.0;127.0;137.0;152.0;170.0;181.0;164.0;176.0;164.0;163.0
52461;44;52;380;378;376;378;381;383;380;378;380;383;385;385;373;369;337;331;353;396;399;384;409.0;408.0;412.0;443.0;448.0;506.0;517.0;505.0;545.0;550.0;536.0;550.0;595.0
52463;44;52;45;45;46;47;45;42;38;35;35;35;36;37;39;35;39;38;46;55;65;83;86.0;99.0;104.0;127.0;131.0;138.0;139.0;159.0;141.0;163.0;164.0;167.0;175.0
52464;44;52;48;47;46;45;46;46;49;52;56;56;52;52;53;53;48;75;88;94;110;123;179.0;205.0;230.0;249.0;241.0;291.0;303.0;335.0;337.0;373.0;404.0;432.0;453.0
52465;44;52;130;128;128;128;129;129;129;127;127;126;124;124;124;125;134;135;139;127;157;181;177.0;192.0;196.0;197.0;206.0;235.0;254.0;287.0;288.0;298.0;301.0;329.0;360.0
52467;44;52;59;59;59;60;61;64;63;62;59;56;54;54;55;56;59;70;96;111;137;139;135.0;142.0;125.0;141.0;147.0;164.0;184.0;185.0;211.0;226.0;225.0;224.0;235.0
52468;44;52;110;109;108;106;104;102;101;100;97;94;91;94;96;98;109;112;126;147;172;181;159.0;167.0;166.0;171.0;164.0;211.0;219.0;238.0;238.0;258.0;288.0;296.0;278.0
52469;44;52;741;755;769;783;793;826;855;884;913;911;897;886;875;864;558;572;413;286;396;257;454.0;304.0;297.0;290.0;264.0;320.0;317.0;325.0;343.0;376.0;391.0;420.0;385.0
52470;44;52;369;391;413;435;436;435;443;451;462;466;463;466;468;468;463;515;535;531;587;653;604.0;697.0;752.0;807.0;822.0;1041.0;1116.0;1145.0;1174.0;1278.0;1352.0;1440.0;1401.0
52472;44;52;141;137;133;130;127;125;125;125;125;125;125;116;107;98;95;107;92;86;125;143;214.0;138.0;167.0;174.0;198.0;351.0;277.0;290.0;314.0;333.0;354.0;368.0;394.0
52473;44;52;90;90;89;93;96;100;102;98;99;100;101;102;101;99;86;83;108;103;107;105;115.0;91.0;114.0;98.0;100.0;127.0;147.0;150.0;162.0;160.0;197.0;194.0;188.0
52474;44;52;36;37;39;38;38;40;43;45;47;47;47;47;47;49;54;61;69;56;104;113;128.0;126.0;139.0;147.0;146.0;146.0;200.0;177.0;194.0;203.0;238.0;272.0;271.0
52475;44;52;60;64;68;67;66;65;63;62;60;62;59;56;53;51;54;58;64;71;86;85;119.0;116.0;101.0;105.0;96.0;105.0;102.0;122.0;118.0;162.0;144.0;158.0;158.0
52476;44;52;81;80;78;81;81;80;79;78;80;81;82;84;85;83;76;91;99;108;119;126;136.0;145.0;154.0;168.0;157.0;151.0;174.0;172.0;195.0;189.0;186.0;210.0;229.0
52479;44;52;664;678;693;707;712;716;728;741;753;752;743;742;741;741;776;792;804;850;908;1004;975.0;1007.0;1030.0;1062.0;1036.0;1284.0;1330.0;1389.0;1480.0;1452.0;1376.0;1474.0;1569.0
52480;44;52;362;366;371;373;383;394;404;406;408;411;413;416;411;407;339;331;336;331;366;373;383.0;391.0;427.0;403.0;379.0;403.0;375.0;404.0;383.0;369.0;413.0;404.0;405.0
52482;44;52;97;97;98;98;99;100;100;102;104;106;102;102;101;100;92;122;138;162;158;150;195.0;217.0;224.0;221.0;227.0;299.0;322.0;348.0;356.0;377.0;376.0;390.0;414.0
52483;44;52;68;65;62;59;62;62;67;71;76;76;78;79;79;80;90;74;74;82;104;127;145.0;176.0;211.0;211.0;238.0;274.0;292.0;310.0;314.0;367.0;420.0;410.0;427.0
52484;44;52;360;365;370;375;374;370;358;347;335;340;341;349;358;366;339;293;310;287;311;326;346.0;356.0;320.0;381.0;349.0;342.0;300.0;290.0;288.0;361.0;327.0;338.0;374.0
52486;44;52;64;63;63;62;60;57;55;57;57;56;55;54;53;52;46;40;43;55;71;92;83.0;66.0;56.0;59.0;65.0;78.0;99.0;97.0;107.0;104.0;110.0;132.0;146.0
52487;44;52;70;72;76;79;83;84;83;84;86;87;87;87;88;88;90;85;77;79;86;93;95.0;95.0;100.0;110.0;95.0;117.0;119.0;126.0;120.0;133.0;135.0;140.0;152.0
52488;44;52;271;272;272;273;268;263;258;264;271;278;285;292;297;301;321;295;228;187;215;223;233.0;205.0;208.0;260.0;252.0;292.0;295.0;316.0;328.0;349.0;363.0;406.0;383.0
52489;44;52;35;34;34;35;36;36;36;36;37;38;39;42;39;39;37;42;47;59;60;86;73.0;90.0;87.0;89.0;86.0;115.0;127.0;111.0;120.0;144.0;161.0;168.0;177.0
52490;44;52;682;697;717;748;778;809;799;807;809;810;812;810;827;831;858;922;865;862;949;1004;1019.0;1010.0;1096.0;1185.0;1096.0;1200.0;1202.0;1200.0;1120.0;1235.0;1241.0;1179.0;1288.0
52491;44;52;116;116;114;114;114;115;114;116;117;119;120;119;121;119;107;114;142;165;175;189;221.0;259.0;302.0;325.0;305.0;329.0;364.0;366.0;409.0;736.0;482.0;480.0;472.0
52492;44;52;554;551;551;550;553;556;559;555;548;536;524;512;516;510;546;590;548;540;507;468;415.0;397.0;395.0;386.0;390.0;424.0;416.0;412.0;414.0;434.0;426.0;386.0;399.0
52493;44;52;30;31;32;33;33;33;34;34;36;37;40;44;47;46;51;44;68;71;87;112;117.0;137.0;129.0;135.0;135.0;131.0;151.0;155.0;162.0;164.0;180.0;175.0;184.0
52494;44;52;221;226;230;233;236;241;247;252;252;248;246;243;241;248;226;231;209;113;101;95;110.0;118.0;111.0;100.0;96.0;126.0;136.0;129.0;132.0;151.0;152.0;169.0;163.0
52495;44;52;85;85;86;80;83;82;82;81;91;88;88;88;89;90;81;76;111;105;133;119;114.0;119.0;131.0;109.0;118.0;134.0;157.0;172.0;223.0;189.0;210.0;215.0;192.0
52497;44;52;433;434;429;435;440;446;442;437;424;411;398;391;381;382;388;453;447;395;411;433;431.0;458.0;429.0;454.0;495.0;584.0;618.0;668.0;712.0;761.0;784.0;832.0;884.0
52499;44;52;43;43;42;44;46;56;66;75;72;71;66;62;58;58;59;60;69;91;92;114;123.0;123.0;153.0;150.0;143.0;139.0;149.0;161.0;150.0;162.0;195.0;289.0;190.0
52500;44;52;622;625;621;617;617;615;620;616;612;604;615;623;635;647;745;784;588;605;516;527;374.0;233.0;247.0;269.0;290.0;188.0;206.0;231.0;237.0;225.0;257.0;258.0;258.0
52502;44;52;65;64;61;57;54;54;53;52;51;50;49;50;51;52;67;69;66;64;83;90;95.0;97.0;112.0;112.0;117.0;137.0;105.0;115.0;112.0;156.0;113.0;122.0;133.0
52503;44;52;25;24;23;22;23;24;28;32;36;35;32;31;30;29;29;33;53;44;39;39;51.0;48.0;56.0;62.0;65.0;86.0;91.0;98.0;108.0;114.0;118.0;122.0;130.0
52504;44;52;261;265;269;273;276;277;283;290;296;300;307;306;305;308;341;346;354;375;436;444;522.0;475.0;504.0;552.0;579.0;724.0;814.0;880.0;894.0;979.0;1076.0;1152.0;1202.0
52505;44;52;35;35;35;36;36;37;36;35;34;33;34;36;37;39;44;45;53;61;71;82;80.0;66.0;60.0;63.0;71.0;92.0;95.0;88.0;96.0;90.0;86.0;100.0;105.0
52506;44;52;96;100;102;104;110;117;123;121;118;116;114;112;111;110;96;82;104;118;99;109;108.0;111.0;100.0;110.0;121.0;151.0;175.0;192.0;219.0;247.0;254.0;250.0;280.0
52507;44;52;56;58;60;62;59;60;59;59;58;60;60;60;61;61;47;50;50;47;65;72;77.0;63.0;62.0;76.0;84.0;89.0;113.0;117.0;118.0;148.0;155.0;164.0;163.0
52510;44;52;372;374;376;375;374;373;380;385;393;400;408;410;402;407;440;441;440;476;430;515;505.0;522.0;574.0;579.0;603.0;649.0;662.0;650.0;656.0;645.0;628.0;578.0;576.0
52511;44;52;56;57;57;57;57;58;60;63;65;68;66;54;53;52;43;55;67;89;83;90;96.0;73.0;83.0;83.0;108.0;129.0;171.0;195.0;235.0;242.0;269.0;261.0;254.0
52512;44;52;512;520;529;541;564;587;610;616;618;610;603;599;616;626;701;746;766;721;809;763;736.0;708.0;788.0;706.0;598.0;710.0;721.0;717.0;618.0;724.0;708.0;652.0;642.0
52513;44;52;62;63;66;69;72;73;75;77;80;82;84;84;85;86;94;95;109;117;127;117;134.0;145.0;157.0;163.0;161.0;188.0;213.0;227.0;238.0;252.0;268.0;275.0;288.0
52514;44;52;342;337;332;324;317;309;306;305;298;291;284;284;288;292;318;328;281;169;152;157;156.0;150.0;141.0;146.0;151.0;153.0;175.0;172.0;181.0;249.0;207.0;206.0;197.0
52515;44;52;103;102;102;103;102;102;101;101;101;102;103;105;104;103;104;100;97;68;68;66;53.0;69.0;62.0;72.0;68.0;72.0;67.0;79.0;91.0;113.0;115.0;114.0;113.0
52516;44;52;49;49;48;47;47;48;49;50;50;45;47;48;50;43;13;11;13;19;22;20;22.0;29.0;32.0;44.0;39.0;51.0;43.0;42.0;52.0;57.0;79.0;75.0;78.0
52517;44;52;134;131;128;126;125;123;125;129;128;128;127;128;130;132;146;138;152;149;166;173;184.0;214.0;214.0;207.0;201.0;225.0;265.0;255.0;253.0;314.0;306.0;293.0;358.0
52518;44;52;101;103;104;106;107;107;108;112;115;118;121;125;130;130;137;139;174;164;183;168;217.0;157.0;168.0;176.0;174.0;182.0;197.0;194.0;210.0;233.0;237.0;301.0;253.0
52519;44;52;46;46;47;47;48;45;48;50;52;55;55;55;55;55;53;60;82;77;118;117;120.0;110.0;118.0;111.0;94.0;135.0;150.0;142.0;153.0;135.0;144.0;142.0;151.0
52520;44;52;149;149;151;152;155;158;161;161;162;165;168;171;173;176;195;191;195;231;294;345;345.0;434.0;443.0;464.0;494.0;627.0;767.0;813.0;840.0;959.0;930.0;937.0;958.0
52522;44;52;339;339;338;336;336;340;341;342;340;338;331;323;315;307;257;190;213;209;250;292;331.0;314.0;321.0;278.0;280.0;257.0;309.0;316.0;325.0;348.0;343.0;314.0;327.0
52523;44;52;67;65;64;62;73;72;70;67;63;51;51;52;53;54;58;67;71;72;84;106;88.0;82.0;77.0;105.0;100.0;119.0;121.0;119.0;112.0;109.0;106.0;98.0;117.0
52524;44;52;233;236;243;248;253;259;265;267;268;278;288;297;301;298;307;335;385;437;445;480;461.0;488.0;515.0;404.0;434.0;452.0;461.0;482.0;519.0;547.0;586.0;576.0;591.0
52525;44;52;69;67;66;68;69;71;72;74;74;75;75;75;75;75;76;107;105;135;145;137;129.0;126.0;127.0;161.0;142.0;190.0;228.0;222.0;266.0;293.0;317.0;353.0;361.0
52526;44;52;79;80;84;89;93;93;94;95;96;97;98;99;101;103;115;104;131;115;133;166;226.0;232.0;257.0;260.0;233.0;204.0;241.0;236.0;257.0;255.0;276.0;564.0;258.0
52528;44;52;146;148;151;155;159;163;164;165;169;172;176;176;177;174;155;168;188;211;227;230;231.0;224.0;243.0;236.0;240.0;248.0;259.0;255.0;250.0;274.0;330.0;345.0;388.0
52529;44;52;983;996;1002;1001;1001;1000;996;999;999;998;998;992;989;984;939;947;942;898;926;1081;1093.0;1164.0;1163.0;1217.0;1268.0;1368.0;1560.0;2087.0;1648.0;1728.0;1823.0;2231.0;1890.0
52534;44;52;1498;1513;1529;1537;1541;1548;1555;1562;1569;1580;1582;1584;1586;1581;1481;1648;1783;1322;1017;925;903.0;725.0;735.0;719.0;545.0;504.0;540.0;548.0;580.0;606.0;664.0;696.0;728.0
52535;44;52;714;713;711;710;711;716;716;715;715;705;684;642;600;558;559;573;517;419;413;447;498.0;414.0;408.0;379.0;380.0;393.0;427.0;457.0;455.0;481.0;480.0;493.0;485.0
52536;44;52;45;45;45;46;47;48;47;44;41;38;35;35;35;35;38;48;45;46;47;59;65.0;92.0;94.0;97.0;86.0;104.0;99.0;101.0;117.0;127.0;130.0;159.0;136.0
52538;44;52;263;263;263;268;273;278;278;274;262;251;239;239;235;236;242;261;225;213;236;231;249.0;241.0;240.0;274.0;270.0;339.0;370.0;348.0;358.0;410.0;428.0;431.0;428.0
52539;44;52;67;67;67;71;73;76;80;83;83;84;83;82;81;83;94;95;102;113;118;125;141.0;153.0;155.0;156.0;158.0;185.0;195.0;212.0;220.0;218.0;249.0;269.0;298.0
52540;44;52;22;22;23;24;25;26;27;29;32;35;39;39;39;39;41;48;44;56;66;68;95.0;91.0;85.0;112.0;82.0;80.0;95.0;109.0;128.0;132.0;133.0;135.0;128.0
52541;44;52;204;195;186;176;174;174;178;183;187;184;179;174;169;165;122;124;131;134;171;199;187.0;203.0;196.0;213.0;235.0;264.0;277.0;276.0;303.0;328.0;351.0;359.0;406.0
52542;44;52;52;53;55;55;56;58;60;62;62;62;61;59;58;59;54;46;58;52;72;102;100.0;113.0;117.0;137.0;123.0;129.0;115.0;125.0;152.0;129.0;138.0;181.0;137.0
52543;44;52;516;524;532;540;527;525;512;500;487;470;467;468;468;469;470;479;396;347;430;433;456.0;441.0;485.0;494.0;504.0;574.0;697.0;751.0;714.0;795.0;747.0;783.0;834.0
52544;44;52;277;282;288;293;297;299;310;321;332;337;345;355;365;375;389;439;507;590;690;713;696.0;721.0;781.0;858.0;898.0;1197.0;1340.0;1366.0;1423.0;1527.0;1610.0;1690.0;1706.0
52545;44;52;107;107;101;95;88;88;89;89;89;90;91;92;92;92;93;86;93;80;90;126;118.0;127.0;122.0;130.0;149.0;162.0;183.0;183.0;184.0;211.0;225.0;231.0;269.0
52546;44;52;15;15;16;17;18;18;18;18;18;18;19;19;20;21;28;29;32;54;68;83;100.0;96.0;132.0;103.0;115.0;80.0;94.0;109.0;97.0;110.0;123.0;116.0;129.0
52547;44;52;202;205;207;209;210;211;212;216;216;220;224;228;228;228;205;209;178;235;251;282;322.0;266.0;309.0;275.0;256.0;302.0;307.0;272.0;288.0;305.0;289.0;354.0;331.0
52548;44;52;92;92;92;90;88;85;87;88;91;94;97;96;95;95;92;108;103;84;68;82;109.0;136.0;150.0;143.0;153.0;127.0;123.0;118.0;129.0;135.0;126.0;128.0;133.0
52549;44;52;27;26;25;24;23;23;23;22;21;20;22;22;23;23;25;37;38;34;59;52;49.0;64.0;88.0;86.0;92.0;111.0;117.0;122.0;118.0;130.0;143.0;138.0;139.0
52550;44;52;2819;2858;2905;2891;2894;2893;2891;2909;2952;2980;3013;3046;3074;3097;3294;3291;3316;3228;3286;3152;3165.0;2983.0;3242.0;3347.0;3353.0;3609.0;3674.0;3668.0;3697.0;3986.0;3720.0;3584.0;3284.0
